filename,caption
test_1,A red and white bus is driving down the street. There is a large white building behind the bus.  There are trees in front of the building.
test_2,A man is standing on top of a snowboard. He is wearing a black jacket and black pants. There is snow on the ground behind him. 
test_3,There is a bed in a room. The bed is made of wood. There are two pillows on the bed. One is white and the other one is black and has a white bedspread on it. 
test_4,This is an image of a train. The train is red and white. There is a yellow line on the side of the train and a blue line in the middle of it. On the left side there are a lot of trees and bushes.
test_5,A red and white bus is driving down the street. There is a white building behind the bus. 
test_6,There is a wooden bench in the middle of a grassy area. The bench is made of wood. There are trees behind the bench. 
test_7,A man is sitting on a bench. The bench is made out of wood. There is a white wall behind the man. 
test_8,A man is riding his motorcycle down a street. He is wearing a black helmet and black pants. There is a red stop sign on the side of the road. 
test_9,A man is sitting on a bench. The bench is made of wood. There is a black and white picture hanging on the wall behind the man. 
test_10,A wooden bench is sitting on top of a bench. There is a black and white picture hanging on the wall. The bench has a white face and black writing on it. 
test_11,There is a train on the tracks. The train is red and white. There are trees behind the train. 
test_12,A man is standing on a bench. The bench is made of wood. There is a black and white picture hanging on the wall behind the man. 
test_13,A plate of food is sitting on a table. There is a white plate on top of the plate. The plate has a red and white sandwich on it. 
test_14,There are two giraffes in a field. There is a fence behind them. The grass is green and there are trees behind the fence. 
test_15,A man is standing on top of a skateboard. He is wearing a black jacket and black pants. There is a white building behind him. 
test_16,This is an image of a train. The train is red and white. There is a yellow line on the side of the train that is yellow and black and has a blue line next to it. 
test_17,A bathroom with white walls. There is a mirror on the wall above the sink. The sink is white. On the other side of the bathroom there are two white towels on a white towel rack. 
test_18,There is a large body of water in the middle of the ocean. The water is very calm and calm. There are small waves all around the water. 
test_19,A white plate is sitting on top of a white table. There is a silver fork on the table next to the plate. 
test_20,There is a red and white train on the tracks. The train is white and blue. There are trees behind the train. 
test_21,"The image is of a large body of water. The water appears to be calm and calm. There are small waves in the water, but none of them are large enough to cause any serious damage. It is a sunny day and the sky is"
test_22,There is a large airplane in the sky. The plane is white and has a red tail. There are many windows on the plane. 
test_23,A young boy is sitting on a bench. He is wearing a blue shirt and blue shorts. The bench is made of wood. There is a white wall behind the boy. 
test_24,A man is standing on a skateboard. He is wearing a white shirt and blue shorts. There is a black and white fence behind the man. 
test_25,A woman is playing tennis on a tennis court. She is wearing a white tank top and white shorts. There is a green tennis ball in front of her. 
test_26,The image is of a brown horse. The horse is standing on the grass. There is a tree behind the horse with a green leaf on it. 
test_27,A large black and white airplane is flying in the air. The plane is white and has a black tail. There is a large white building behind the plane. 
test_28,A white plate is sitting on top of a white table. There is a silver fork on the table next to the plate. 
test_29,This is an image of a street. The street is painted red and white. There is a red stop sign on the side of the street with a white arrow pointing to the left. On the right side there are two signs with white arrows pointing
test_30,A man is standing on a tennis court playing tennis. He is wearing a white shirt and blue shorts. There is a green tennis ball in front of him. 
test_31,There are two boats in the water. One boat is white and the other is blue. The water is calm. There is a large body of water behind the boats. 
test_32,A man is standing on the side of a building. He is wearing a black jacket and black pants. There is a white building behind him. 
test_33,"The image is of a large body of water. The water appears to be calm and calm. There are several small waves in the water, but none of them are as big as the one that is crashing down on the shore. In the distance"
test_34,A black and white motorcycle is parked on a paved road. There is a white and red stop sign on the side of the motorcycle. The motorcycle has a red and black handle bar. 
test_35,This is an image of a street. The street is made up of brick. There is a clock on the side of the building. It is black and white and has a white face and black numbers on it. On the clock face there is
test_36,There is a wooden table in front of a white wall. There are two glasses on top of the table. The table is made of wood. 
test_37,There is a red and white bus on the street. The bus is white and blue. There are trees behind the bus. 
test_38,A large brown and white cow is standing in a field. There is a fence behind the cow.  The fence is made of metal bars. The cow has a white face and a black nose. It is looking towards the camera.
test_39,"The image is of a large body of water. The water appears to be calm and calm. There are small waves in the water, but none of them are large enough to cause any serious damage. It is a sunny day and the sky is"
test_40,A large white and blue truck is driving down a road. There is a red and white stop sign on the side of the truck. The road is paved and there are trees on both sides of it. 
test_41,A man is sitting at a table. The table is made of wood. There is a white table cloth on top of the table with a black handle. 
test_42,A man is standing on a beach. He is wearing a blue shirt and blue shorts. There is a white surfboard in front of him. 
test_43,A young boy is standing on a soccer field. He is wearing a white shirt and blue shorts. There is a red and white soccer ball in front of him. 
test_44,The image is of a train on the tracks. The train is red and white. There is a large white building behind the train. 
test_45,A man is skateboarding outside on a sunny day. He is wearing a black helmet and black pants. The skateboard he is on is black and white. There is a white fence behind the man. 
test_46,There are two boats in the water. One boat is white and the other is blue. The boat on the left is red and has a white flag on it. On the right side of the boat there is a black and white boat with a
test_47,This is an image of a train station. The train is red and white. There is a yellow line on the side of the train. On the left side there are two signs. One sign is white and the other is black and red.
test_48,A red and white bus is driving down the street. There is a red stop sign on the side of the bus. The sky is very clear and blue.
test_49,A man is standing on a grassy field. He is wearing a black jacket and black pants. There is a white fence behind the man. 
test_50,"This is an image of a road. The road is painted red and white. There is a red stop sign on the side of the road that says ""Stop"". The sign is white with black writing on it. On the left side there is"
test_51,A black and white truck is driving down a road. There is a red and black stop sign on the side of the truck. The road is paved and there are trees on both sides of it. 
test_52,A man is standing on a tennis court. He is wearing a white shirt and blue shorts. There is a black and white net in front of him. 
test_53,There is a white plate on the table. There are two glasses on top of the plate. The table is made of wood. 
test_54,A man is standing on a skateboard. He is wearing a white shirt and blue jeans. There is a red and white sign on the side of the man. 
test_55,A man in a white shirt and blue jeans is standing in front of a brick building. There is a silver chain link fence behind the man. 
test_56,A white plate is sitting on top of a white table. There is a glass on the table behind the plate. The table is made of wood. 
test_57,There are two motorcycles parked on the street. The motorcycles are red and black. There is a white building behind the motorcycles. 
test_58,A man is standing on top of a white surfboard. The man has on a blue shirt and blue shorts. There is a large wave in the water behind the man. 
test_59,A black and white photo of a man riding a motorcycle. The man is wearing a black helmet and black pants. There is a white building behind the man. 
test_60,There are two horses in the field. One of the horses is black and the other one is brown and white. There is a fence behind them. 
test_61,There is a plane in the sky. The plane is white in color. There are trees behind the plane. 
test_62,A man is standing in front of a brick building. He is wearing a white shirt and black pants. There is a silver clock on the building behind him. 
test_63,A plate of food sits on top of a white table. There is a glass on the table behind the plate. The plate is sitting on a brown tablecloth. 
test_64,There is a wooden table in front of a white wall. There are books and papers on top of the table.  There is also a black and white picture hanging on the wall above the books. The table is made of wood.
test_65,The image is of a man and a woman. The man is wearing a white shirt and blue jeans. He is holding a black and white frisbee in his hand. There is a red and black umbrella behind the man. 
test_66,There is a clock on the side of the building. The clock is black and white. There are two clocks on each side. One is white and the other one is red and black. 
test_67,A man is standing on a snowboard. He is wearing a black jacket and black pants. There is snow all over the ground. The man has a white helmet on his head. 
test_68,A woman is standing on a tennis court playing tennis. She is wearing a white tank top and white shorts. There is a green tennis ball in front of her. 
test_69,This is an image of a bathroom. The bathroom is white. There is a mirror on the wall above the toilet. It is made of glass. On top of the mirror there is another mirror with a white frame. Next to the other mirror
test_70,A cat is sitting on a bench. The bench is made of wood. There is a black and white picture hanging on the wall. 
test_71,A woman is playing tennis on a tennis court. She is wearing a white tank top and white shorts. There is a green tennis ball in front of her. 
test_72,A man is sitting on a bench. The bench is made of wood. There is a white wall behind the man. 
test_73,A man is standing on top of a building. He is wearing a black jacket and black pants. There is a white building behind him. 
test_74,A bathroom with white walls. There is a mirror on the wall above the toilet. The toilet is white and has a black handle. On the other side of the bathroom there are white tiles. 
test_75,A man is walking on a sidewalk. He is wearing a black jacket and black pants. There is a red and white sign on the sidewalk next to the man. 
test_76,There is a train on the tracks. The train is red and white. There are trees behind the train. 
test_77,There is a toilet in the bathroom. The toilet is white. There is also a mirror on the wall behind the toilet. 
test_78,A man is standing on top of a wooden bench. The bench is made of wood. There is a black and white picture hanging on the wall behind the man. 
test_79,A little girl is sitting on a bed. She is wearing a white t-shirt and blue jeans. There is a blue blanket on top of her head. 
test_80,This is an image of a bathroom. The bathroom is white. There is a mirror on the wall above the toilet. It is made of glass. On top of the mirror there are two white towels. One is on top and the other is
test_81,A man is standing on a snowboard. He is wearing a black jacket and black pants. There is snow on the ground behind him. 
test_82,"The image is of a large body of water. The water appears to be calm and calm. There are small waves in the water, but none of them are large enough to cause any serious damage."
test_83,A black laptop is sitting on a desk. There is a black mouse on top of the laptop. The desk is made of wood. 
test_84,A man is walking on a sidewalk. He is wearing a black jacket and black pants. There is a red light on the street behind him. 
test_85,Two giraffes are standing next to each other.  The giraffe is facing the left and is looking directly at the camera. It has a long neck and a black and white stripe down its back. The ground is covered with dirt and
test_86,A man is standing on a sidewalk. He is wearing a white shirt and blue jeans. There is a red and white sign on the sidewalk next to the man. 
test_87,This is an image of a train. The train is red and white. There is a blue line on the side of the train with a yellow line next to it. 
test_88,This is an image of a bathroom. The bathroom is white. There is a mirror on the wall above the toilet. It is made of glass. On top of the mirror there is another mirror with a white frame. Next to the other mirror
test_89,A man is surfing in the water. He is wearing a white surfboard. The water is very calm. There is a large wave in front of him.
test_90,A man is standing on top of a surfboard. He is wearing a black wet suit. There is a large wave in the water. The man has on a white helmet. 
test_91,A man is standing on top of a skateboard. He is wearing a blue shirt and blue shorts. There is a white building behind the man. 
test_92,A man is riding a skateboard on a paved road. He is wearing a black helmet and black pants. There is a red stop sign in front of the man. 
test_93,There is a red and white bus on the street. There are trees on both sides of the road. The bus is white and has a blue stripe down the side of it. 
test_94,This is an image of a toilet. The toilet is white. There is a black handle on the side of the toilet that has a white handle. On the other side there is another handle with a red handle and white handles. 
test_95,There are two boats in the water. One boat is white and the other is blue. The water is calm and calm. There is a large body of water behind the boats.
test_96,This is an image of a train station. The train is red and white. There is a yellow line on the train. It is surrounded by a metal fence. On the left side of the fence there are two metal poles. Behind the pole
test_97,A man in a blue shirt and blue shorts is standing on a beach. The man is holding a surfboard in his hand. There are waves in the water behind the man. 
test_98,There are two motorcycles parked on the side of the road. The motorcycles are red and white. There is a white building behind the motorcycles. 
test_99,A white plate is sitting on top of a white table. There is a silver fork on the table next to the plate. 
test_100,A little girl is laying on a bed. She is wearing a white t-shirt and blue jeans. There is a blue blanket on top of her head. 
test_101,This is an image of a train. The train is red and white. There is a large window on the side of the train with a white curtain on it. Behind the window there is another window with white curtains. On the left side there
test_102,A man is sitting on a bench. The bench is made of wood. There is a black and white picture hanging on the wall behind the man. 
test_103,A woman is playing tennis on a tennis court. She is wearing a white tank top and white shorts. There is a green tennis ball in front of her. 
test_104,There are two boats in the water. One boat is white and the other is blue. The water is calm and calm. There is a large body of water behind the boats. 
test_105,This is an image of a train. The train is red and white. There is a yellow line on the side of the train with yellow lines on it. On the left side there are lines with red lines. Behind the lines there is another
test_106,A white bowl is sitting on top of a white table. There is a silver fork on the table next to the bowl. 
test_107,A woman is standing on a tennis court playing tennis. She is wearing a white tank top and white shorts. There is a green tennis ball in front of her. 
test_108,A white plate sits on a table. There is a white bowl on top of the plate. The plate is sitting in front of a blue table cloth. 
test_109,There is a train on the tracks. The train is red and white. There are trees behind the train. 
test_110,A man is sitting on a bench. The bench is made of wood. There is a white building behind the man. 
test_111,A man is standing in front of a white wall. He is wearing a black jacket and black pants. There is a red and white sign on the wall behind him. 
test_112,There is a train on the tracks. The train is red and white. There are trees behind the train. 
test_113,A tall brick building with a clock on top of it. The clock is white and has a black face. There is a white building behind the building. 
test_114,A baseball player is standing on a baseball field. He is wearing a blue and white uniform and a black helmet. There is a catcher and umpire standing behind him. 
test_115,"The image is of a large body of water. The water appears to be calm and calm. There are small waves in the water, but none of them are large enough to cause any serious damage."
test_116,A woman is standing on a tennis court playing tennis. She is wearing a white tank top and white shorts. There is a green tennis ball in front of her. 
test_117,A woman is standing on a tennis court playing tennis. She is wearing a white and blue tank top and white shorts. There is a green tennis ball in front of her that is soaring in the air towards her. 
test_118,A woman is sitting on a bed. She is wearing a white t-shirt and blue jeans. There is a black and white bedspread on top of her head. 
test_119,A large white boat is in the water. There is a small white building behind the boat. 
test_120,A man is standing on top of a skateboard. He is wearing a black jacket and black pants. There is a white building behind the man. 
test_121,A man is standing on a sidewalk. He is wearing a black jacket and black pants. There is a white building behind him. 
test_122,There is a wooden bench in the middle of a field. There are trees in front of the bench. The bench is made of wood. 
test_123,A man is sitting on a bench. The bench is made of wood. There is a black and white picture hanging on the wall. 
test_124,A black and white photo of a man riding a skateboard. The man is wearing a black helmet and black pants. He is also wearing black shoes. There is a white building behind the man. 
test_125,There are two boats in the water. One boat is white and the other is blue. The water is calm and calm. There is a large body of water behind the boats. 
test_126,The image is of a train on the tracks. The train is red and white. There is a large white building behind the train. 
test_127,A white plate is sitting on top of a white table. There is a silver fork on the table next to the plate. 
test_128,A man is standing on the beach. He is wearing a blue shirt and blue shorts. There is a white surfboard in front of him. 
test_129,There are two giraffes standing in a field. There is a fence behind the giraffe.  There are trees in front of the fence.
test_130,A man is sitting on a wooden bench. The bench is made of wood. There is a white wall behind the man. 
test_131,A person is standing on top of a snowboard. The person has on a black jacket and black pants. There is snow all around them. 
test_132,There is a train on the tracks. The train is red and white. There are trees behind the train. 
test_133,This is an image of a desk. The desk is made of wood. There is a laptop on top of the desk and a mouse and keyboard in front of it.  The laptop is black and silver. It has a black keyboard and mouse
test_134,A black and white cat is laying on a bed. The bed is made of wood. There is a white blanket on top of the bed and a black headboard. 
test_135,The image is of a lake. The lake is surrounded by trees and rocks. There is a small boat in the water. It is white and blue and has a red and green flag on the side of it.
test_136,There is a motorcycle parked on the street. The motorcycle is red and black. There are trees behind the motorcycle. 
test_137,A man and woman are sitting at a table in a room. The man is wearing a white shirt and blue jeans. He is holding a silver phone to his ear. There is a large white table with white chairs in it. 
test_138,A white plate is sitting on top of a white table. There is a silver fork on the table next to the plate. 
test_139,A woman is standing on a tennis court playing tennis. She is wearing a white tank top and white shorts. There is a green tennis ball in front of her. 
test_140,A kitchen with a white counter top and white cabinets. There is a silver microwave on top of the counter. The cabinets are made of wood. 
test_141,A young boy is standing on a tennis court playing tennis. He is wearing a white shirt and blue shorts. There is a blue and white net in front of him. 
test_142,Two men are standing on a grassy field. One of the men is wearing a blue shirt and blue shorts. He is holding a white frisbee in his hand. The other man is standing in front of him with his back to the
test_143,This is a bathroom. The bathroom is white. There are two sinks on the wall. One of the sinks has a white soap dispenser on top of it. On the other side there is an empty white sink with a black handle on it
test_144,"This is an image of a cake. The cake has a white frosting on top of it. There is a blue ribbon around the cake that says ""Cake of the Month"" on the side. "
test_145,The image is of a wooden table. The table is made of wood. There is a clock on top of the table with numbers on it.  The numbers are black and white. On the left side there are two clocks with white numbers.
test_146,A baseball player is standing on a baseball field. He is wearing a blue and white uniform and a black helmet. There is a catcher's helmet on his head. 
test_147,A man is sitting on a bed. The bed has a white blanket on it. There is a black and white picture hanging on the wall. 
test_148,There is a stop sign on the side of the road. The sign is red and white. There are trees behind the sign. 
test_149,Two giraffes are standing next to each other.  The giraffe is facing the left and has a long neck and a black and white stripe down the side of his head. He is standing in front of a large rock wall with a
test_150,This is an image of a cat. The cat is black and white. There is a white cat sitting on top of the cat's head. It has a black collar around its neck. 
test_151,A man is sitting on a bench. The bench is made of wood. There is a white wall behind the man. 
test_152,A man is standing in front of a building. He is wearing a black jacket and black pants. There is a white building behind him. 
test_153,"A red and white stop sign sits on top of a pole. The pole is made of metal. There is a green sign on the pole that says ""Stop"". There are trees behind the sign. "
test_154,There is a clock on the side of the building. The clock is black and white. There are many buildings in the background. 
test_155,There are two pizzas on the table. There is a white plate on top of the pizza. The pizza has cheese on it. 
test_156,A man is sitting on a bench. The bench is made of wood. There is a silver chain link fence behind the man. 
test_157,A black and white striped zebra is standing on a grassy field.  The field is surrounded by tall grass and weeds. There is a black fence surrounding the field and there are tall trees behind the fence. The grass on the ground is
test_158,A baseball player is standing on a baseball field. He is wearing a blue and white uniform and a black helmet. There is a catcher's mask on his head. 
test_159,There is a red and white bus on the street. There are people sitting on top of the bus. The bus is white and has a blue stripe down the side. 
test_160,A white desk sits against a wall. There is a laptop on top of the desk. The desk is made of wood and has a black keyboard and mouse. 
test_161,A black and white cat is sitting on top of a white toilet. The toilet seat is white and the lid is closed. There is a black handle on the side of the toilet that is open. 
test_162,Two giraffes are standing next to each other.  The giraffe is facing the left and is looking directly at the camera. It has a long neck and a black and white stripe down its back. The two girafes have long
test_163,There is a clock on the top of a building. The clock is black and white. There are two clocks on each side of the clock. One is white and the other one is red and black.
test_164,A man is skateboarding on a skateboard. He is wearing a black helmet and black pants. There is a white line painted on the ground in front of him. 
test_165,A man is sitting on a bench. He is wearing a white shirt and black pants. There is a black and white dog in front of him. 
test_166,A man is walking on a sidewalk. He is wearing a black jacket and black pants. There is a red stop sign on the sidewalk next to the man. 
test_167,There is a plane in the sky. The plane is white and has a blue tail. There is an engine on the back of the plane. 
test_168,There is a clock on the side of the building. The clock is black and white. There are two clocks on each side. One is white and the other one is red and black. 
test_169,There is a clock on the side of the building. The clock is black and white. There are two signs on top of it. One sign is white and the other is red and black.
test_170,A red and white train is on the tracks. There is a white and blue sign above the front of the train. The train has a yellow stripe down the side of it. 
test_171,A large brown bear is standing on top of a rock wall. The bear has a black nose and black eyes. There is a small brown building behind the bear. 
test_172,A man is surfing in the ocean. He is wearing a white surfboard. There is a large wave in front of him. The water is very calm.
test_173,This is an image of a building. The building is made of brick. There is a clock on the top of the building that is black and white. It has a white face and black numbers on it. On the bottom of it there is
test_174,A wooden table is sitting on top of a white table. There is a silver fork on the table next to it. 
test_175,A man is sitting on a bench. The bench is made of wood. There is a red and white sign on the side of the building. 
test_176,A man is sitting at a table. The table is made of wood. There is a white table cloth on top of the table with a black handle. 
test_177,This is an image of a building. The building is made of brick. There is a clock on the top of the building with a white face and black numbers on it.  The clock has black hands and a black face. It has a
test_178,A group of people are standing in front of a building. There is a man in a blue shirt and blue shorts standing next to a woman in an orange shirt. 
test_179,A man is sitting on a bench. The bench is made of wood. There is a black and white picture hanging on the wall behind him. 
test_180,There are two boats in the water. One boat is white and the other is blue. The water is calm and calm. There is a man in a blue shirt and blue shorts standing in front of the boats. 
test_181,A man is sitting on a bench. The bench is made of wood. There is a white wall behind the man. 
test_182,There is a red and white train on the tracks. There are trees in front of the train. The train has a yellow stripe down the side of it. 
test_183,This is a bathroom. The bathroom is white. There are two sinks on the wall. One of the sinks is black and the other sink is silver. Both sinks are made of stainless steel. 
test_184,A man is sitting at a desk. The desk is made of wood. There is a laptop on top of the desk with a black keyboard and mouse on it.  The laptop is black and silver.
test_185,A red and white bus is driving down the road. There is a red stop sign on the side of the bus. The bus has a white and blue sign. 
test_186,A black and white photo of a man riding a motorcycle. The man is wearing a black helmet and black pants. There is a white building behind the man. 
test_187,This is an image of a building. The building has a clock on the side of it. There is a white building behind the clock. 
test_188,A woman is playing tennis on a tennis court. She is wearing a white tank top and white shorts. There is a green tennis ball in front of her. 
test_189,A black and white dog is laying on the ground. The dog has a white collar around its neck. There is a black dog next to the dog. 
test_190,A red and white stop sign sits on top of a pole. The sign is red with white writing on it. There is a white building behind the sign. 
test_191,There is a clock on the wall. The clock is black and white. There is an umbrella over the top of the clock. 
test_192,A bathroom with white walls. There is a mirror on the wall above the sink. The sink is white. On the right side of the bathroom there are two white towels on top of a white towel rack. 
test_193,A man is standing on a snowboard. He is wearing a black jacket and black pants. There is snow on the ground behind him. 
test_194,This is a bathroom. The bathroom is white. There are two sinks on the wall. One of the sinks is black and the other sink is silver. 
test_195,A man is walking on a sidewalk. He is wearing a black jacket and black pants. There is a red stop sign on the sidewalk next to the man. 
test_196,There are two boats in the water. One boat is white and the other is blue. The boat on the left is red and has a blue sign on it. On the right side of the boat there is a white sign with black writing.
test_197,This is an image of a man. The man is wearing a white shirt and blue jeans. He is holding a black and white frisbee in his hand. There is a large white building in the background.
test_198,A large white and blue airplane is flying in the sky. There is a large black and white building behind the airplane. 
test_199,This is an image of a bathroom. The bathroom is white. There is a mirror on the wall above the toilet. It is made of glass. On top of the mirror there are two white tiles. Behind the tiles there is another tile.
test_200,This is an image of a cat. The cat is black and white. It is sitting on a bed. There is a white pillow on the bed with a black headboard on top of it. 
test_201,A man is standing in front of a wooden bench. The bench is made of wood. There is a silver chain link fence behind the man. 
test_202,There are two horses in the field. One of the horses is white and the other one is brown. There are trees behind them. 
test_203,A man is riding his motorcycle down a street. He is wearing a black helmet and black pants. There is a red fire hydrant in front of the man. 
test_204,A man is standing on a tennis court. He is wearing a white shirt and blue shorts. There is a green tennis ball in front of him. 
test_205,"A woman is sitting on a bench. The bench is made of wood. She is wearing a white shirt and black pants. There is a red and white sign on the bench that says ""Cars for sale"" on it. "
test_206,A man is sitting at a table. The table is made of wood. There is a white table cloth on top of the table with a black handle.  The man has dark brown hair. He is wearing a blue shirt and blue jeans.
test_207,A bathroom with white walls. There is a mirror on the wall above the sink. The sink is white. On the other side of the toilet there are two white towels on a white towel rack. 
test_208,A man is standing on top of a wooden bench. The bench is made of wood. There is a black and white picture hanging on the wall behind the man. 
test_209,There are two horses in the field. One of the horses is white and the other one is brown and black. There are trees behind them. 
test_210,There is a train on the tracks. The train is red and white. There are trees behind the train. 
test_211,This is an image of a cat. The cat is black and white. It is sitting on a bed. There is a white pillow on the bed with a black headboard on it. 
test_212,There is a white and blue train on the tracks. There are trees behind the train. 
test_213,This is an image of a building. The building is made of brick. There is a clock on the top of the building with a black face and white numbers on it. It has black hands and a white face. On the bottom there is
test_214,This is an image of a person. The person is wearing a black jacket and black pants. They are holding a red and white frisbee in their hand. There is a tree behind the person that has green leaves on it. 
test_215,A baseball player is standing on a baseball field. He is wearing a blue and white uniform and a black helmet. There is a catcher's helmet on his head. 
test_216,There is a toilet in the bathroom. The toilet is white. There is also a mirror on the wall behind the toilet. 
test_217,There is a train on the tracks. The train is red and white. There are trees behind the train. 
test_218,A group of people are sitting at a table. There is a white table cloth on top of the table with a black handle on it. The table is made of wood and there are a lot of chairs behind the tables. 
test_219,A woman is standing on a beach. She is holding a surfboard in her hand. There is a large body of water behind the woman. The water is calm and clear.
test_220,"This is an image of a bus. The bus is red and white. There is a white sign on the side of the bus that says ""Blue Line"". The sign is black and has white writing on it. "
test_221,A man in a blue shirt and blue jeans is standing on a bench. There is a black laptop on the bench next to the man. The bench is made of wood. 
test_222,A man is standing outside on a sunny day. He is wearing a black jacket and black pants. There is a white building behind the man. The building is made of brick and has a clock on the top of it. 
test_223,A man is surfing in the ocean. He is wearing a black wet suit and white surfboard. There is a small wave in front of him. 
test_224,There is a table with a white table cloth on it. There are two glasses on top of the table. The table is made of wood. 
test_225,This is an image of a cat. The cat is black and white. There is a small window on the wall behind the cat that has a white curtain on it. On the other side of the window there is another window with a black curtain
test_226,There is a bed in a room. The bed has a white bedspread on it. There are two pillows on the bed. One is white and the other one is black and white. 
test_227,There is a plane in the sky. The plane is white and has a blue tail. There is an engine on the back of the plane. 
test_228,There are two boats in the water. One boat is white and the other is blue. The water is calm and calm. There is a large body of water behind the boats.
test_229,A baseball player is standing on a baseball field. He is wearing a red and white uniform and a black helmet. There is a white and blue catcher's mask on his head. 
test_230,A cat is laying on a bed. The bed is made of wood. There is a white blanket on the bed and a blue scarf around the neck of the cat. 
test_231,A large elephant is standing on top of a large rock wall. The elephant has a long trunk and is looking down at the ground. There is a white building behind the elephant. 
test_232,There is a man sitting on a bench. The bench is made of wood. There are a lot of people standing on the bench watching the man.
test_233,Two giraffes are standing next to each other. The giraffe is brown and white. There are trees behind them. 
test_234,A large brown and white polar bear is standing on top of a rock wall. The bear has a black nose and black eyes. There is a large boulder in front of the bear. 
test_235,There is a toilet in the bathroom. The toilet is white. There is also a mirror on the wall behind the toilet. 
test_236,A man is standing on a skateboard. He is wearing a white shirt and blue shorts. There is a black and white fence behind the man. 
test_237,A man is standing on a skateboard. He is wearing a blue shirt and blue shorts. There is a white fence behind the man. 
test_238,Two men are standing on a tennis court playing tennis. One of the men is wearing a white shirt and blue shorts. He is holding a black and white racket in his hand. The other man is standing in front of him with his back to
test_239,There are two elephants standing in a field. There are trees behind the elephants. The elephants are standing on the grass. 
test_240,There are many boats in the water. There is a man in a blue shirt and blue shorts standing in front of the boats. He is holding a white frisbee in his hand. 
test_241,This is an image of a street. The street is very busy with traffic. There are many cars on the road. Some of the cars are red and some of them are blue. A lot of people are walking down the street and there are
test_242,A black and white cat is sitting on top of a wooden bench. The bench is made of wood. There is a silver chain link fence behind the cat. 
test_243,A woman is sitting at a table. She is wearing a white t-shirt and blue jeans. There is a glass of water in front of her. The table is made of wood. 
test_244,There are two elephants standing in a field. There are trees behind the elephants. The elephants are standing on the grass. 
test_245,This is an image of a pizza. The pizza has cheese on top of it. There is a black and white pizza cutter on the table. 
test_246,A black and white cat is sitting on top of a wooden bench. The bench is made of wood. There is a white wall behind the cat. 
test_247,A black and white cat is laying on a bed. The bed is made of wood. There is a white blanket on top of the bed and a blue blanket next to it. 
test_248,A man is skiing down a hill. He is wearing a black jacket and black pants. There is snow all around him. 
test_249,A man is standing on top of a snowboard. He is wearing a black jacket and black pants. There is snow on the ground behind him. 
test_250,There are two giraffes standing in a field. There are trees in the distance behind them. 
test_251,This is an image of a clock. The clock has a white face and black hands. There is a black clock on the side of the clock with white numbers on it. 
test_252,There is a bed in a room. The bed has a white blanket on it. There are two pillows on top of the bed. 
test_253,A man is skateboarding on a skateboard. He is wearing a black helmet and black pants. There is a white line painted on the ground behind him. 
test_254,A man is standing on a snowboard. He is wearing a black jacket and black pants. There is snow on the ground behind him. 
test_255,This is an image of a man. The man is wearing a white shirt and blue jeans. He is holding a black and white frisbee in his hand. There is a large white building behind the man with many windows on it.
test_256,There is a train on the tracks. The train is red and white. There are trees behind the train. 
test_257,This is a bathroom. The bathroom is white. There are two sinks on the wall. One of the sinks is black and the other sink is silver. Both sinks are made of metal. 
test_258,A black and white truck is parked on a dirt road. The truck has a black seat with a white stripe down the side of the seat. There is a green fence behind the truck. 
test_259,There are two motorcycles parked on the street. The motorcycles are red and white. There is a black motorcycle next to the red motorcycle. 
test_260,There are two tables in the room. There is a white table cloth on top of the table. The table is made of wood and the wood is light brown in color. 
test_261,A man is walking on a sidewalk. He is wearing a black jacket and black pants. There is a red stop sign in front of the man. 
test_262,This is an image of a street. The street is very busy. There are many cars on the road. Some of the cars are red and some of them are blue. One car is white and the other one is black and white. A
test_263,A man is surfing in the ocean. He is wearing a white surfboard. There is a large wave behind him. 
test_264,A man is standing on a baseball field. He is wearing a blue and white uniform and a black helmet. There is a man in a white shirt and black pants standing in front of him. 
test_265,This is an image of a kitchen. The kitchen has a white counter top. There is a silver microwave on top of the counter.  The microwave is white and black. It is sitting on a metal rack. A white refrigerator is next to
test_266,A man is standing on top of a snowboard. He is wearing a black jacket and black pants. There is snow on the ground behind him. 
test_267,This is an image of a bathroom. The bathroom is white. There is a mirror on the wall behind the toilet. It is made of glass. On top of the mirror there are two white towels on a white towel rack. Next to the
test_268,There is a plane in the sky. The plane is white in color. There are people standing on the ground behind the plane. 
test_269,The image is of a plane flying in the sky. The plane is white and has a blue tail. There is a large body of water behind the plane. 
test_270,There are two boats in the water. One boat is white and the other is blue. The water is calm. There is a large white building behind the boats. 
test_271,A man is standing on top of a snowboard. He is wearing a black jacket and black pants. There is snow on the ground behind him. 
test_272,This is an image of a train. The train is red and white. There is a yellow line on the side of the train and a blue line in the middle of it. On the left side there are two yellow lines. Behind the trains
test_273,A woman is standing on a tennis court playing tennis. She is wearing a white tank top and white shorts. There is a green tennis ball in front of her. 
test_274,This is an image of a bathroom. The bathroom is white. There is a mirror on the wall above the toilet. It is made of glass. On top of the mirror there are two white towels on a white towel rack. Next to the
test_275,A woman is standing on a tennis court playing tennis. She is wearing a white tank top and white shorts. There is a green tennis ball in front of her. 
test_276,The image is of a large brown and white bird. The bird is standing on the ground. There is a white building behind the bird and there are trees behind it. 
test_277,A motorcycle is parked on the side of a road. The motorcycle has a black seat and the front wheel is down. There is a red and white sign with black writing on it. 
test_278,A black motorcycle is parked on the street. There is a white building behind the motorcycle. 
test_279,A wooden bench is sitting on top of a hill. There is a white building behind the bench.  There are trees in front of the building.
test_280,A wooden bench is sitting on top of a hill. There is a white building behind the bench.  The bench has a red and white sign on the side of the building.
test_281,There is a train on the tracks. The train is red and white. There are trees behind the train. 
test_282,A baseball player is standing on a baseball field. He is wearing a blue and white uniform and a black helmet. There is a white fence behind the player. 
test_283,There is a red and white sign on the side of the building. The sign is white and has a black arrow on it. There are a lot of trees behind the sign. 
test_284,A man is standing on top of a skateboard. He is wearing a black jacket and black pants. There is a white building behind him. 
test_285,"This is an image of a street. The street is made of concrete. There is a red and white sign on the side of the street that says ""Road to the Sun"". The sign is white and black. It says that the sky is"
test_286,A man is sitting on a bench. The bench is made of wood. There is a black and white picture hanging on the wall behind the man. 
test_287,A man is standing on a baseball field. He is wearing a blue and white uniform and a black helmet. There is a white fence behind the man. 
test_288,There is a plane in the sky. The plane is white and has a blue tail. There are trees behind the plane. 
test_289,A man is standing in front of a building. He is wearing a black jacket and black pants. There is a white building behind him. 
test_290,There is a large white boat in the water. The boat is blue and white. There are two people on the boat. One of the people is wearing a blue shirt and blue shorts. 
test_291,This is an image of a bathroom. The bathroom is white. There is a mirror on the wall above the bathroom wall. It is made of glass and has a black and white picture frame. On top of the mirror there is another mirror.
test_292,A young boy is playing tennis on a tennis court. He is wearing a blue and white shirt and blue shorts. There is a white net in front of the boy. 
test_293,This is an image of a cat. The cat is sitting on a bed. There is a black and white bedspread on the bed with a white blanket on top of it.  The bed is made of wood and has white sheets on it
test_294,A man is standing on top of a horse. The horse is wearing a black helmet. There is a man in a blue shirt and blue pants standing behind the man. 
test_295,A man is standing on top of a skateboard. He is wearing a blue shirt and blue shorts. There is a white building behind him. 
test_296,This is a picture of a kitchen. The kitchen is made of wood. There are pots and pans on top of the wooden counter top. They are all white in color. On the left side there is an oven with a white oven door.
test_297,A woman is sitting at a table. She is wearing a white t-shirt and blue jeans. There is a glass of water in front of her. The table is made of wood. 
test_298,A black and white photo of a man riding a motorcycle. The man is wearing a black helmet. There is a white building behind the man. 
test_299,A man is skateboarding outside on a sunny day. He is wearing a black helmet and black pants. The skateboard is black and white. There is a white fence behind the man. 
test_300,There is a large airplane in the sky. The plane is white and has a blue tail. There are two large windows on the side of the plane. 
test_301,A man is sitting on a bench. The bench is made of wood. There is a white wall behind the man. 
test_302,A young boy is standing on a grassy field. He is wearing a blue shirt and blue jeans. There is a white fence behind the boy. 
test_303,A man is sitting on a bench. The bench is made of wood. There is a black and white picture hanging on the wall. 
test_304,A man is skateboarding outside on a sunny day. He is wearing a black helmet and black pants. His skateboard is black with a red stripe down the side of it. There is a white fence behind the man. 
test_305,There are two boats in the water. The boats are white and blue. There is a large body of water behind the boats. 
test_306,A man is sitting on a bench. The bench is made of wood. There is a black and white picture hanging on the wall behind the man.
test_307,There is a plane in the sky. The plane is white and blue. There are people on the ground behind the plane. 
test_308,There are two motorcycles parked on the street. The motorcycles are red and white. There is a man riding the motorcycle. He is wearing a black helmet. 
test_309,There are two boats in the water. The boats are white and blue. There is a large body of water behind the boats. 
test_310,A large brown bear is standing on top of a rock wall. The wall is made of stone. There is a small brown building behind the bear. 
test_311,A black and white dog is sitting on a bench. The bench is made of wood. There is a white fence behind the dog. 
test_312,There is a table with white plates on it. There are two glasses on top of the plates. The table is made of wood and has a white table cloth. 
test_313,A man is riding a motorcycle. The motorcycle is red and black. There is a large white building behind the man. 
test_314,A man is riding a motorcycle down a street. The motorcycle is red and black. There is a red stop sign on the side of the motorcycle. 
test_315,A plane is flying in the sky. The plane has a red and white logo on the side of the plane. There is a large white building behind the planes. 
test_316,A man is standing in front of a brick building. He is wearing a white shirt and blue jeans. There is a black and white sign on the building behind the man. 
test_317,A black and white photo of a man riding a skateboard. The man is wearing a black helmet and black pants. There is a white building behind the man. 
test_318,A white desk sits against a white wall. There is a laptop on top of the desk. The desk is made of wood and has a black keyboard and mouse on it. 
test_319,There are two horses in the field. One of the horses is white and the other one is brown. There is a fence behind them. 
test_320,There is a red and white sign on the side of the building. The sign is on top of a metal pole. There are trees behind the sign. 
test_321,A black and white dog is sitting on top of a white bench. The bench is made of wood. There is a black fence behind the dog. 
test_322,There are two giraffes standing in a field. The field is green and brown. There are trees in the distance behind them. 
test_323,There is a bed in a room. The bed has a white blanket on it. There are two pillows on top of the bed. 
test_324,This is an image of a train station. The train is red and white. There is a yellow line on the side of the train. It is dark blue and has a white stripe down the middle of it. On the left side there is
test_325,A black and white dog is sitting on a bench. The bench is made of wood. There is a white fence behind the dog. 
test_326,A woman is sitting at a table. She is wearing a white t-shirt and blue jeans. There is a pizza on top of the woman's plate. 
test_327,A woman is sitting at a table. She is wearing a white t-shirt and blue jeans. There is a pizza on top of the woman's plate. 
test_328,A wooden bench is sitting on the ground. There is a black and white clock on top of the bench. The clock is black with white numbers on it. 
test_329,This is an image of a bathroom. The bathroom is white. There is a mirror on the wall above the toilet. It is made of glass. On top of the mirror there are two white towels on a white towel rack. Next to the
test_330,A man is skateboarding outside on a sunny day. He is wearing a black helmet and black pants. The skateboard is black and white. There is a white fence behind the man. 
test_331,A large brown bear is standing on top of a rock wall. The wall is made of stone. There is a large boulder in front of the bear. 
test_332,There are two horses in the field. One of the horses is black and the other one is white. There is a fence behind the horse. 
test_333,A boy is standing on a skateboard. He is wearing a blue shirt and blue shorts. There is a white fence behind the boy. 
test_334,A woman is sitting at a table. She is wearing a white t-shirt and white pants. There is a silver laptop on the table in front of her. 
test_335,A wooden bench sits in the middle of a grassy area. The bench is made of wood. There is a black and white picture hanging on the wall above the bench. 
test_336,There is a stop sign on the side of the road. The sign is red and white. There are trees behind the sign. 
test_337,This is an image of a bathroom. The bathroom is white. There is a mirror on the wall above the toilet. It is made of glass. On top of the mirror there is another mirror with a white frame. Next to the other mirror
test_338,A man is standing on a snowboard. He is wearing a black jacket and black pants. There is snow on the ground behind him. 
test_339,A large airplane is flying in the sky. The plane is white and has a blue tail. There is a large white building behind the plane. 
test_340,A black and white cat is sitting on top of a white couch. The cat has a black nose and black eyes. There is a red and green light above the cat. 
test_341,There are two boats in the water. The boats are white and blue. There is a large white building behind the boats. 
test_342,A large brown bear is standing on top of a rock wall. The wall is made of stone. There is a large boulder in front of the bear. 
test_343,There is a toilet in the bathroom. The toilet is white. There is also a mirror on the wall behind the toilet. 
test_344,A man is sitting on a bench. The bench is made of wood. There is a black and white picture hanging on the wall behind him. 
test_345,This is an image of a pizza. The pizza is on a white plate. There is cheese on top of the pizza and there is pepperoni on the top. 
test_346,This is an image of a bathroom. The bathroom is white. There is a mirror on the wall above the toilet. It is made of glass. On top of the mirror there are two white tiles. Behind the tiles there is another tile.
test_347,A man is riding on a motorcycle. He is wearing a black helmet. The motorcycle is red and black. There are trees behind the man. 
test_348,A man is skateboarding on a skateboard. He is wearing a black helmet and black pants. There is a white line painted on the ground behind him. 
test_349,A black and white photo of a man riding a horse. The man is wearing a black helmet and black pants. There is a large white building behind the man. 
test_350,A black motorcycle is parked on the street. There is a red fire hydrant in front of the motorcycle. The motorcycle has a black handle bar. 
test_351,A man is sitting on a bench. The bench is made of wood. There is a silver chain link fence behind the man. 
test_352,There is a train on the tracks. The train is red and white. There are people sitting on top of the train. 
test_353,There are two giraffes standing in a field. There is a fence behind them. The grass is very green. 
test_354,There is a clock on the side of the building. The clock is black and white. There are two clocks on each side. One is white and the other one is red and black. 
test_355,A man is standing on a snowboard. He is wearing a black jacket and black pants. There is snow all around him. 
test_356,A man is sitting on a bench. The bench is made of wood. There is a silver chain link fence behind the man. 
test_357,A man is skiing down a hill. He is wearing a black jacket and black pants. There are mountains in the distance behind him. 
test_358,A white plate sits on top of a white table. There is a silver fork on the table next to the plate. 
test_359,"This is an image of a city street. The street is made up of many different types of buildings. There is a red and white sign on the side of the street that says ""Easton Street"". The sign is white and the letters are"
test_360,There is a red and white bus on the street. There are trees on both sides of the road. The bus is white and has a blue stripe down the side of it. 
test_361,This is an image of a kitchen. The kitchen is made of wood. There is a microwave on top of the stove. It is white and black. On the counter there are a bunch of pots and pans. 
test_362,There is a black and white dog laying on the ground. The dog has a white collar around its neck. There are trees behind the dog. 
test_363,There is a train on the tracks. The train is red and white. There are trees behind the train. 
test_364,A man is standing on the side of the road. He is wearing a black jacket and black pants. There is a red and white bus on front the man. 
test_365,This is an image of a bathroom. The bathroom is white. There is a mirror on the wall above the toilet. It is made of glass. On top of the mirror there is another mirror with a white frame. Next to the bathroom there
test_366,A man is standing on top of a skateboard. He is wearing a black jacket and black pants. There is a white building behind him. 
test_367,A man is standing in front of a white wall. There is a silver clock on the wall behind the man. The man has short brown hair and is wearing a black and white striped shirt. 
test_368,There is a clock on the side of the building. The clock is black and white. There are two clocks on each side. One is white and the other one is red and black. 
test_369,This is an image of a building. The building is made up of brick. There is a clock on the top of the building that is black and white. It has a white face and black numbers on it. On the left side there is
test_370,A bathroom with white walls. There is a white toilet in the middle of the bathroom. The wall behind the toilet is made of tiles. 
test_371,There is a white bowl on the table. The bowl is sitting on top of a blue table cloth. There is also a silver fork and spoon. 
test_372,There is a train on the tracks. The train is red and white. There are trees behind the train. 
test_373,The image is of a man and a dog. The man is wearing a white shirt and blue jeans. He is holding a red and white frisbee in his hand. There is a large white building behind the man. 
test_374,A black and white photo of a man and a dog. The man is wearing a blue shirt and blue jeans. He is holding a white surfboard in his hand. There is a black fence behind the man. 
test_375,A black and white photo of a man riding a skateboard. The man is wearing a black jacket and black pants. There is a white building behind the man. 
test_376,This is an image of a desk. The desk is white. There is a laptop on top of the desk with a black keyboard and mouse on it.  The laptop has a white keyboard with black keys and black mouse pad. On the left
test_377,The image is of a train on the tracks. The train is red and white. There is a large white building behind the train. 
test_378,A large brown bear is standing on top of a rock wall. The wall is made of wood. There is a large boulder in front of the bear. 
test_379,There is a pizza on a white plate. The pizza has cheese and pepperoni on top of it. There are slices of meat on the pizza. 
test_380,A man is walking on a sidewalk. He is wearing a black jacket and black pants. There is a red and white sign on the sidewalk next to the man. 
test_381,A man is sitting on a bench. The bench is made of wood. There is a white wall behind the man. 
test_382,There is a train on the tracks. The train is red and white. There are trees behind the train. 
test_383,This is a bathroom. The bathroom is white. There are two sinks on the wall. One of the sinks has a white soap dispenser on top of it. On the other wall there are white tiles. 
test_384,A black and white cat is laying on a bed. The bed has a white blanket on it. There is a black dog sitting on the bed next to the cat. 
test_385,A man in a blue shirt and blue shorts is standing on a beach. He is holding a surfboard in his hand. There is a large wave in the water behind him. 
test_386,"This is an image of a street. The street is made up of many different types of buildings. There is a red and white sign on the side of the street that says ""Roadside Tourists Only"". The sign is white and has a"
test_387,A woman is standing on a tennis court playing tennis. She is wearing a white tank top and white shorts. There is a green tennis ball in front of her. 
test_388,This is an image of a bathroom. The bathroom is white. There is a mirror on the wall above the toilet. It is made of glass. On top of the mirror there are two white towels on a white towel rack. Next to the
test_389,A man is sitting on a bench. The bench is made of wood. There is a black and white picture hanging on the wall behind him. 
test_390,A white plate is sitting on top of a white table. There is a glass on the table behind the plate. The table is made of wood. 
test_391,A woman is standing on a tennis court playing tennis. She is wearing a white tank top and white shorts. There is a green tennis ball in front of her. 
test_392,There is a train on the tracks. The train is red and white. There are trees behind the train. 
test_393,This is an image of a pizza. The pizza is on a white plate. There is cheese and pepperoni on top of the crust.  The plate is sitting on the table.
test_394,A black and white striped cat is sitting on a wooden bench. The bench is made of wood. There is a white fence behind the cat. 
test_395,There is a large airplane in the sky. The plane is white and has a blue tail. There are two large windows on the plane. 
test_396,A man is sitting on a bench. The bench is made of wood. There is a silver chain link fence behind the man. 
test_397,A man is standing on top of a skateboard. He is wearing a black jacket and black pants. There is a white building behind him. 
test_398,This is an image of a building. The building has a clock on the side of it. There is a white building behind the clock. 
test_399,This is an image of a pizza. The pizza is on a white plate. There is cheese and pepperoni on top of the crust.  The plate is sitting on the table.
test_400,A black and white striped zebra is standing on a grassy field.  The field is surrounded by tall trees and is covered in a thick layer of green grass and weeds. There is a white fence behind the zebie and there is
test_401,There is a bus on the road. The bus is red and white. There are trees behind the bus. 
test_402,There are two boats in the water. The boats are white and blue. There is a man in a blue shirt standing in front of the boats. He is holding a white surfboard. 
test_403,There is a toilet in the bathroom. The toilet is white. There is also a mirror on the wall behind the toilet. 
test_404,A woman is sitting at a table. She is wearing a white t-shirt and white pants. There is a glass of water in front of her. 
test_405,A white plate is sitting on top of a white table. There is a silver fork on the table next to the plate. 
test_406,This is an image of a bathroom. The bathroom is white. There is a mirror on the wall above the toilet. It is made of glass. On top of the mirror there are two white towels on a white towel rack. Next to the
test_407,There is a train on the tracks. The train is red and white. There are trees behind the train. 
test_408,A man is flying a kite in the air. He is wearing a black jacket and black pants. There is a large white building behind him. 
test_409,This is a bathroom stall. The stall is made of metal. It has a white toilet lid. There are white tiles on the wall behind the toilet. 
test_410,This is an image of a train station. The train is red and white. There is a yellow line on the platform. It is surrounded by a blue line. On the left side of the train there is another train with a red stripe.
test_411,A man is standing on a skateboard. He is wearing a white shirt and black pants. There is a red and white sign on the ground behind him. 
test_412,A black and white photo of a man riding a motorcycle. The man is wearing a black helmet. There is a white building behind the man. 
test_413,A bathroom with white walls. There is a mirror on the wall above the sink. The sink is white. On the other side of the toilet there are two white towels on a white towel rack. 
test_414,There is a yellow bus on the street. There is an orange pole next to the bus. The bus has a red stripe down the side of it. 
test_415,A laptop is sitting on top of a desk. The desk is made of wood. There is a black keyboard on the desk with white keys on it. 
test_416,There are two giraffes standing in front of a fence. There are trees behind them. 
test_417,A man is standing in front of a white wall. He is wearing a black shirt and black pants. There is a silver chain link fence behind the man. 
test_418,A man is skateboarding on a skateboard. He is wearing a black helmet and black pants. There is a white line painted on the ground in front of him. 
test_419,A wooden bench is sitting on the ground. There is a black and white clock on top of the bench. The clock is black with white numbers on it. 
test_420,A man is riding a motorcycle down a street. He is wearing a black helmet and black pants. There is a red stop sign on the side of the motorcycle. 
test_421,A man is surfing in the ocean. He is wearing a white surfboard. The man has on a blue shirt and blue shorts. There is a large wave behind him. 
test_422,A woman is standing on a tennis court playing tennis. She is wearing a white tank top and white shorts. There is a green tennis ball in front of her. 
test_423,This is an image of a man. The man is wearing a white shirt and black pants. He is holding a black phone. There is a red and white cat sitting on top of the man's lap. 
test_424,This is an image of a train station. The train is red and white. There is a yellow line on the platform. It is dark outside and there are no trains on either side of the train.
test_425,A man in a blue shirt and black pants is standing in front of a white wall. The man is holding a black and white frisbee in his hand. There is a large white building behind the man. 
test_426,There is a boat in the water. The boat is white and blue. There are two people on the boat. One of the people is wearing a blue shirt and black pants. 
test_427,"A man is skateboarding outside on a sunny day. He is wearing a black helmet, black pants, and black sneakers. The skateboard he is riding is white. There are trees behind the man. "
test_428,A man is standing on a sidewalk. He is wearing a black jacket and black pants. There is a red and white sign on the sidewalk next to the man. 
test_429,A man is standing on a tennis court. He is wearing a white shirt and blue shorts. There is a black and white net in front of him. 
test_430,A man is skateboarding on a skateboard. He is wearing a black helmet and black pants. There is a white fence behind the man. 
test_431,A man is standing on a tennis court playing tennis. He is wearing a white shirt and blue shorts. There is a green tennis ball in front of him. 
test_432,A motorcycle is parked on the street. The motorcycle has a red and white stripe down the side of it. There is a black motorcycle next to the motorcycle. 
test_433,This is an image of a train. The train is red and white. There is a yellow line on the side of the train and a blue line in the middle of it. On the left side there are a lot of trees and bushes.
test_434,There is a toilet in the corner of the room. The toilet is white. There is also a white toilet seat on the wall behind the toilet. 
test_435,A man is standing on the beach. He is wearing a blue shirt and blue shorts. There is a white surfboard in front of him. 
test_436,A man is sitting on a bench. The bench is made of wood. There is a white wall behind the man. 
test_437,A group of people are sitting at a table in a restaurant. There is a white table cloth on top of the table. The table is made of wood and the chairs are white. 
test_438,A red bus is driving down the street. There is a red stop sign on the side of the bus. The sky is very clear and has no clouds.
test_439,There is a red and white bus on the street. The bus is white. There are trees behind the bus. 
test_440,This is an image of a desk. The desk is white. There is a laptop on top of the desk with a black keyboard and mouse on it.  The laptop has a white keyboard with black keys and a silver mouse pad on the top
test_441,A baseball player is standing on a baseball field. He is wearing a blue and white uniform and a black helmet. There is a catcher's mask on his head. 
test_442,There is a toilet in the bathroom. The toilet is white. There are two white towels hanging from the wall above the toilet.  There is also a white towel next to the towel rack.
test_443,This is an image of a toilet. The toilet is white. There is a black handle on the side of the toilet that has a white handle.  The handle is black and the handles are silver. On the right side there is the handle
test_444,There is a white bowl on a table. The bowl is sitting on top of a blue table cloth. There are two glasses on the table next to the bowl. 
test_445,A cat is laying on a bed. The bed is made of wood. There is a white blanket on top of the cat. 
test_446,A man is standing on a skateboard. He is wearing a black jacket and black pants. There is a white building behind him. 
test_447,There are two horses in the field. One of the horses is black and the other one is white. There are trees behind them. 
test_448,There are two boats in the water. The boats are white and blue. There is a white building behind the boats. 
test_449,A person is standing on top of a snowboard. The person has on a black jacket and black pants. There is snow on the ground and there are mountains behind the person.
test_450,A man is standing on top of a snowboard. He is wearing a black jacket and black pants. There is snow on the ground behind him. 
test_451,A large crowd of people are gathered around a large white building. There is a man in a blue shirt and blue jeans standing in front of the building and holding a white umbrella. 
test_452,A man is sitting on a bench. The bench is made of wood. There is a white wall behind the man. 
test_453,A man is standing on top of a skateboard. He is wearing a black jacket and black pants. There is a white building behind him. 
test_454,This is an image of a train. The train is red and white. There is a blue line on the side of the train with a yellow line next to it. On the left side there are two yellow lines. Behind the trains there is
test_455,A black and white striped zebra is standing on a grassy field.  The field is surrounded by tall grass and weeds. There is a fence surrounding the field and there are two zebras standing in front of the fence. Behind the
test_456,A red and white bus is driving down the street. There is a white building behind the bus. 
test_457,There is a clock on the side of the building. The clock is black and white. There are a lot of buildings in the background.
test_458,A black and white striped zebra is standing on a grassy field.  The field is surrounded by tall grass and weeds and there is a fence surrounding the field with a yellow and black line. There are trees in the distance behind the fence
test_459,A man is sitting on a bench. The bench is made of wood. There is a black and white picture hanging on the wall behind the man. 
test_460,A man is skiing down a hill. He is wearing a black jacket and black pants. There is snow all around him. 
test_461,A man is standing on a skateboard. He is wearing a white shirt and black pants. There is a black fence behind the man. 
test_462,This is an image of a cat. The cat is laying on a bed. There is a white bedspread on the bed with a blue blanket on top of it.  The bed is made of wood and has a black and white striped bed
test_463,A black and white truck is driving down a road. The truck has a white windshield and black tires. There is a red and blue sign on the side of the truck. 
test_464,There is a clock on the side of the building. The clock is black and white. There are two clocks on each side. One is white and the other one is red and black. 
test_465,A white plate is sitting on top of a white table. There is a glass on the table next to the plate. The plate has a red and white sandwich on it. 
test_466,The image is of a black and white cow. The cow is standing on the grass. There is a tree in front of the cow with a green leaf on it. 
test_467,A man is sitting on a bench. The bench is made of wood. There is a silver chain link fence behind the man. 
test_468,A baseball player is standing on a baseball field. He is wearing a red and white uniform and a black helmet. There is a catcher and umpire standing behind him. 
test_469,A woman is standing on a tennis court playing tennis. She is wearing a white tank top and white shorts. There is a green tennis ball in front of her. 
test_470,There are two giraffes in a field. There is a fence behind them. The grass is very green. 
test_471,A man is sitting at a table. The table is made of wood. There is a white table cloth on top of the table with a black handle.  The man has short brown hair. He is wearing a blue shirt and blue jeans.
test_472,This is an image of a train station. The train is red and white. There is a yellow line on the side of the train. On the left side there are two yellow lines. In the middle there is another red line. Behind the
test_473,The image is of a train on the tracks. The train is red and white. There is a large white building behind the train. 
test_474,There are two motorcycles parked on the side of a road. There is a red and white sign on one of the motorcycles. The road is made of gravel and there are trees in the distance. 
test_475,There are two giraffes in a field. The field is green and brown. There are trees in the background. 
test_476,There are two giraffes standing in a field. There is a fence behind the giraffe.  There are trees in front of the fence.
test_477,This is an image of a train. The train is red and white. There is a blue train on the train tracks. It has a yellow stripe down the side of it. 
test_478,A red and white bus is driving down the street. There is a red stop sign on the side of the bus. The sky is very clear and there are no clouds.
test_479,There are two boats in the water. The boats are white and blue. There is a man in a blue shirt standing in front of the boats. 
test_480,There is a toilet in the bathroom. The toilet is white. There is also a mirror on the wall behind the toilet. 
test_481,This is an image of a cat. The cat is black and white. There is a white cat sitting on top of the cat's head. It has a black collar around its neck. 
test_482,There is a large body of water in the middle of the ocean. The water is very calm and calm. There are two people on the beach. One of them is wearing a blue shirt and blue shorts. He is holding a surfboard.
test_483,A white plate is sitting on top of a white table. There is a silver fork on the table next to the plate. 
test_484,A man is sitting on a bench. The bench is made of wood. There is a white wall behind the man. 
test_485,A large airplane is flying in the sky. The plane is white and has a blue tail. There is a large white building behind the plane. 
test_486,There is a bed in a room. The bed has a white blanket on it. There are two pillows on top of the bed. 
test_487,A baby elephant is standing on top of a wooden bench. The bench is made of wood. There is a small wooden fence behind the baby. 
test_488,A man is standing on a beach. He is wearing a blue shirt and blue shorts. There is a white surfboard in front of him. 
test_489,This is an image of a train station. The train is red and white. There is a large window on the side of the train. On the window there is white writing on it. In the distance there are trees with green leaves on them
test_490,A man is standing in front of a mirror. He is wearing a white shirt and black pants. There is a black and white picture hanging on the wall behind him. 
test_491,The image is of a clock. The clock is white and has a black face. There is a silver face on the top of the clock and silver hands. On the bottom there is an orange face with black numbers on it. 
test_492,A large brown bear is standing on top of a rock wall. The wall is made of stone. There is a black fence behind the bear. 
test_493,A man is standing on a skateboard. He is wearing a black jacket and black pants. There is a white building behind him. 
test_494,A man is standing on the side of the road. He is wearing a black jacket and black pants. There is a white truck behind him. 
test_495,There are two giraffes standing in a field. There is a fence behind them. The grass is very green. 
test_496,There is a clock on the side of the building. The clock is black and white. There are two clocks on each side. One is white and the other one is red and black. 
test_497,A man is standing on top of a snowboard. He is wearing a black jacket and black pants. There is snow on the ground behind him. 
test_498,A man is standing on a snowboard. He is wearing a black jacket and black pants. There is snow on the ground behind him. 
test_499,A man is standing on top of a mountain. He is wearing a black jacket and black pants. There is a large rock wall behind the man. 
test_500,A man is standing on top of a snowboard. He is wearing a black jacket and black pants. There is snow on the ground behind him. 
test_501,This is an image of a bathroom. The bathroom is white. There is a mirror on the wall above the toilet. It is made of glass. On top of the mirror there are two white towels. One is on top and the other is
test_502,A man is sitting at a desk. The desk is made of wood. There is a laptop on top of the desk with a black keyboard and mouse on it.  The laptop is black and silver.
test_503,There are two horses in the field. One of the horses is black and the other one is white. There is a fence behind the horse. 
test_504,A man is sitting on a bench. The bench is made of wood. There is a white wall behind the man. 
test_505,A woman is sitting at a table. She is wearing a white t-shirt and blue jeans. There is a silver laptop sitting on top of the woman's lap. 
test_506,This is a bathroom. The bathroom has white walls. There are two sinks on the wall. One sink is white and the other is black and silver. 
test_507,A large brown bear is standing on top of a rock wall. The wall is made of stone. There is a large boulder in front of the bear. 
test_508,A man is standing on a skateboard. He is wearing a black jacket and black pants. There is a white building behind him. 
test_509,A man is standing on a baseball field. He is wearing a blue and white uniform. There is a black helmet on his head. 
test_510,Two giraffes are standing next to each other.  The giraffe is looking down at the camera and is wearing a black and white striped shirt and black pants. There is a tree behind them and a large rock wall behind it.
test_511,A man is standing on top of a snowboard. He is wearing a black jacket and black pants. There is snow on the ground behind him. 
test_512,There is a clock on the wall. The clock is black and white. There is an umbrella over the top of the clock. 
test_513,A baseball player is standing on a baseball field. He is wearing a blue and white uniform and a black helmet. There is a catcher's helmet on his head. 
test_514,There is a train on the tracks. The train is red and white. There are trees behind the train. 
test_515,A man is standing on top of a skateboard. He is wearing a black jacket and black pants. There is a white building behind him. 
test_516,A man is sitting at a table. The table is made of wood. There is a white table cloth on top of the table with a black handle.  The man has dark brown hair. He is wearing a blue shirt and blue jeans.
test_517,A man is sitting on a bench. The bench is made of wood. There is a black and white picture hanging on the wall. 
test_518,A man is flying a kite. He is wearing a black jacket and black pants. There is a blue sky above the man. 
test_519,A man is riding a motorcycle. He is wearing a black helmet. The motorcycle is red and black. There is a white building behind the man. 
test_520,There is a large wave in the water. The water is very calm. There are two people on the beach. One of the people is wearing a blue shirt and blue shorts. He is holding a surfboard. 
test_521,A man is wearing a black suit. He is holding a white remote control in his right hand. The man has short dark brown hair. His eyes are closed and he is looking down at the camera.
test_522,The image is of a young boy. The boy is wearing a white shirt and blue jeans. He is standing on a wooden bench. There is a black and white toilet in front of him. 
test_523,A man is standing on the sidewalk. He is wearing a black jacket and black pants. There is a red fire hydrant in front of the man. 
test_524,A man is sitting on a bed. The bed has a white blanket on it. There is a black and white picture hanging on the wall. 
test_525,A black and white striped zebra is standing on a grassy field.  The field is surrounded by tall grass and weeds. There is a black fence surrounding the field and there are tall trees behind the fence. The grass on the ground is
test_526,A baseball player is standing on a baseball field. He is wearing a blue and white uniform and a black helmet. There is a catcher's mask on his head. 
test_527,This is a bathroom. The bathroom has white walls. There are white tiles on the wall above the toilet. On the right side of the bathroom there is white toilet paper and a white towel on top of it. 
test_528,A man is sitting at a table. He is wearing a white shirt and blue jeans. There is a silver laptop on the table behind him. 
test_529,A black and white train is on the tracks. The train has a red stripe down the side of the train. There is a white and blue sign above the track. 
test_530,A white and blue motorcycle is parked on the side of a road. There is a white building behind the motorcycle.  The motorcycle has a black seat and the front wheel is black. The road is paved and there are trees on both sides of
test_531,A black and white dog is sitting on a bench. The bench is made of wood. There is a white fence behind the dog. 
test_532,This is an image of a plane. The plane is white and has a blue tail. There is a large black and white plane in the distance. 
test_533,A man is sitting on a bench. The bench is made of wood. There is a silver chain link fence behind the man. 
test_534,This is a bathroom. The bathroom is white. There are two sinks on the wall. One of the sinks has a white soap dispenser on it. On the other sink there are white towels on top of a blue towel rack. 
test_535,A man is standing on a skateboard. He is wearing a white shirt and blue jeans. There is a red and white line painted on the ground behind him. 
test_536,A man is surfing in the ocean. He is wearing a white surfboard. The man has a blue shirt and blue shorts. There is a small wave behind the man. 
test_537,A large elephant is standing on the ground. The elephant has a long trunk. There is a tree behind the elephant. 
test_538,There is a bus on the road. The bus is red and white. There are trees behind the bus. 
test_539,This is an image of a cat. The cat is black and white. It is sitting on a bed. There is a white pillow on the bed with a black headboard on top of it. 
test_540,There are two giraffes standing in a field. There is a fence behind the giraffe.  There are trees in front of the fence.
test_541,There is a toilet in the bathroom. The toilet is white. There is also a mirror on the wall behind the toilet. 
test_542,There are two elephants standing in the water. The water is calm and clear. There is a large body of water behind the elephants. 
test_543,A group of people are standing on a beach. There is a large body of water behind them. The sky is blue and has a lot of clouds.
test_544,A large airplane is flying in the sky. The plane is white and has a blue tail. There is a white building behind the plane. 
test_545,A white plate is sitting on top of a white table. There is a silver fork on the table next to the plate. 
test_546,A room with a bed in it. The bed is made of wood. There is a lamp next to the bed. 
test_547,A laptop is sitting on top of a desk. The laptop has a black keyboard and mouse. There is a white wall behind the laptop. 
test_548,There is a wooden table in a room. There are books on top of the table. The table is made of wood and the books are black and white. 
test_549,A wooden bench is sitting on top of a concrete platform. The platform is made of metal. There is a clock on the side of the bench. 
test_550,A man is standing on a tennis court playing tennis. He is wearing a white shirt and blue shorts. There is a black and white net in front of him. 
test_551,A baseball player is standing on a baseball field. He is wearing a blue and white uniform and a black helmet. There is a white and black umpire in the stands behind him. 
test_552,"The image is of a large body of water. The water appears to be calm and calm. There are small waves in the water, but none of the waves are large enough to cause any serious damage."
test_553,A man is standing on a wooden bench. The bench is made of wood. There is a white wall behind the man. 
test_554,A man is standing on a skateboard. He is wearing a black jacket and black pants. There is a white building behind him. 
test_555,This is an image of a bathroom. The bathroom is white. There is a mirror on the wall behind the toilet. It is made of glass. On top of the mirror there is another mirror with a blue and white design on it. 
test_556,A group of people are standing on a grassy field. There is a large black and white cow in front of the people. The cow has a white head and a black collar around its neck. 
test_557,A man and woman are standing in front of a building. The man is wearing a white shirt and blue jeans. He is holding a black and white frisbee in his hand. There is a large white building behind the man. 
test_558,A man is standing on a snowboard. He is wearing a black jacket and black pants. There is snow on the ground behind him. 
test_559,A little girl is laying on a bed. She is wearing a white t-shirt and blue jeans. There is a pink blanket on her head. The bed is made of wood. 
test_560,There is a white building with a clock on top of it. The clock has a black face and black hands. There are two windows on the building. One of the windows is white and the other one is black.
test_561,A white desk sits against a white wall. There is a laptop on top of the desk. The desk is made of wood and has a black keyboard and mouse on it. A black and white computer monitor is sitting on the wall next to the
test_562,A man is riding a motorcycle down a road. The motorcycle is red and black. There is a red stop sign on the side of the motorcycle. 
test_563,There is a white and blue train on the tracks. There are trees behind the train. 
test_564,A man is standing on a surfboard. He is wearing a black wet suit. There is a large wave in the water behind him. 
test_565,A man is standing on a sidewalk. He is wearing a black jacket and black pants. There is a red and white sign on the sidewalk next to the man. 
test_566,A man is riding his motorcycle down a street. He is wearing a black helmet. There is a red stop sign on the side of the road. The street is lined with tall buildings. 
test_567,There is a red and white bus on the road. There are trees behind the bus. The bus is white and has a blue stripe down the side of it. 
test_568,A man is standing on a sidewalk. He is wearing a black jacket and black pants. There is a red stop sign on the side of the street. 
test_569,A little girl is sitting on a bed. She is wearing a pink shirt and blue jeans. The bed has a white blanket on it. There is a black and white stuffed animal on the bed next to her. 
test_570,There are two giraffes standing in a field. There is a fence behind the giraffe. The fence is made of metal bars. Behind the fence there are trees. 
test_571,A man is standing on a snowboard. He is wearing a black jacket and black pants. There is snow on the ground behind him. 
test_572,A man is surfing in the water. He is wearing a black wet suit. The water is calm and calm. There is a small wave in front of the man. 
test_573,There are two motorcycles parked on the side of the road. The motorcycles are red and white. There are trees behind the motorcycles. 
test_574,Two giraffes are standing next to each other. The giraffe is brown and white. There are trees behind them. 
test_575,A man is standing on a tennis court. He is wearing a white shirt and blue shorts. There is a green tennis ball in front of him. 
test_576,The image is of a man and a woman. The man is wearing a blue shirt and blue pants. He is holding a white frisbee in his hand. There is a black and white picture hanging on the wall behind the man.
test_577,There is a large white airplane in the sky. The plane is white and has a black tail. There are trees behind the plane. 
test_578,A man is standing on a skateboard. He is wearing a black jacket and black pants. There is a white fence behind the man. 
test_579,A man is standing on a sidewalk. He is wearing a black jacket and black pants. There is a red stop sign on the sidewalk next to the man. 
test_580,A black and white striped zebra is standing on a grassy field.  The field is surrounded by tall grass and weeds. There is a fence surrounding the field and there are two zebras standing in front of the fence. Behind the
test_581,This is an image of a kitchen. The kitchen has a white counter top. There is a silver microwave on top of the counter. A white refrigerator is on the wall behind the microwave. 
test_582,There are three giraffes in a field. The field is covered with grass and weeds. There are trees in the distance. 
test_583,A man is sitting on a bench. The bench is made of wood. There is a white wall behind the man. 
test_584,A black and white photo of a man riding a skateboard. The man is wearing a black helmet and black pants. There is a white building behind the man. 
test_585,There is a large body of water in the middle of the ocean. The water is calm and calm. There are two small boats on the water. One boat is white and the other one is blue and white.
test_586,A red and white stop sign is on a pole. The sign has a black arrow on it. There is a green sign on the pole with a white arrow. 
test_587,There are two boats in the water. The boats are white and blue. There is a large body of water behind the boats. 
test_588,There are two elephants standing in a field. There is a fence behind the elephants. The elephants are standing on the grass. 
test_589,There are two giraffes standing in a field. There is a fence behind the giraffe.  The fence is made of wood. The grass is green and brown. Behind the fence there are trees and bushes.
test_590,A large airplane is flying in the sky. The plane is white and has a blue tail. There is a white building behind the plane. 
test_591,A little girl is sitting on a bed. She is wearing a white t-shirt and blue jeans. There is a blue blanket on top of her head. 
test_592,A bathroom with white walls. There is a mirror on the wall above the sink. The sink is white. On the other side of the bathroom there are two white towels on a white towel rack. 
test_593,A man is sitting on a bench. The bench is made of wood. There is a black and white picture hanging on the wall behind the man.
test_594,A man is skateboarding on a skateboard. He is wearing a black helmet and black pants. There is a white building behind him. 
test_595,A man is standing on a snowboard. He is wearing a black jacket and black pants. There is snow on the ground behind him. The man has a white helmet on his head. 
test_596,There is a train on the tracks. The train is red and white. There are trees behind the train. 
test_597,A man is sitting on a bench. The bench is made of wood. There is a white wall behind the man. 
test_598,There is a clock on the side of the building. The clock is black and white. There are two clocks on each side. One is white and the other one is red and black. 
test_599,There are two giraffes standing in a field. There is a fence behind the giraffe.  There are trees in front of the fence.
test_600,A wooden bench is sitting on the ground. There is a black and white picture hanging from the wall above the bench. The picture is of a man and a dog. 
test_601,A little girl is sitting on a wooden bench. The bench is made of wood. There is a black and white picture hanging on the wall behind her. 
test_602,This is an image of a kitchen. The kitchen is white. There is a white microwave on top of the kitchen counter. A white refrigerator is on the counter next to the microwave. 
test_603,This is an image of a train. The train is red and white. There is a blue line on the side of the train with a yellow line next to it. On the left side there are two yellow lines. Behind the trains there is
test_604,There is a white table in a room. There are two chairs in front of the table. The chairs are made of wood. 
test_605,A red and white motorcycle is parked on a paved road. There is a large white building behind the motorcycle. The motorcycle has a black seat and the front wheel is black. 
test_606,This is an image of a kitchen. The kitchen has a white counter top. There is a silver microwave on top of the counter. A white refrigerator is next to the microwave. 
test_607,A man is walking on a sidewalk. He is wearing a black jacket and black pants. There is a red stop sign in front of the man. 
test_608,A white bowl is sitting on top of a white table. There is a silver fork on the table next to the bowl. The table is made of wood. 
test_609,A baseball player is standing on a baseball field. He is wearing a blue and white uniform and a black helmet. There is a catcher and umpire standing behind him. 
test_610,A black and white picture of a dog. The dog is wearing a black collar. There is a red and black umbrella over the dog's head. 
test_611,A man is sitting at a table. The table is made of wood. There is a white table cloth on top of the table with a black handle.  The man has short brown hair. He is wearing a blue shirt and blue jeans.
test_612,A man is sitting on a bench. The bench is made of wood. There is a black and white picture hanging on the wall. 
test_613,A black and white dog is sitting on a wooden bench. The bench is made of wood. There is a white fence behind the dog. 
test_614,A man is sitting on a bench. The bench is made of wood. There is a black and white picture hanging on the wall. 
test_615,This is an image of a kitchen. The kitchen has a white counter top. There is a silver microwave on top of the counter. 
test_616,A man is riding a skateboard down a street. He is wearing a black jacket and black pants. There is a white building behind the man. 
test_617,There is a train on the tracks. The train is red and white. There are trees behind the train. 
test_618,A woman is standing on a tennis court playing tennis. She is wearing a white tank top and white shorts. There is a green tennis ball in front of her. 
test_619,A large elephant is standing on top of a large rock wall. The elephant has a long trunk and is looking down at the ground. There are many trees behind the elephant. 
test_620,A wooden bench is sitting on top of a hill. There is a white building behind the bench.  There are trees in front of the building.
test_621,A man is sitting at a table. The table is made of wood. There is a white table cloth on top of the table and a black and silver laptop on it. 
test_622,A large brown bear is standing on top of a rock wall. The wall is made of wood. There is a large boulder on the ground next to the bear. 
test_623,This is an image of a city street. The street is lined with tall buildings. There is a red and white bus on the road. It is parked in front of the building and has a yellow and green sign on it. 
test_624,A man is riding a skateboard on a paved road. He is wearing a black helmet and black pants. There is a red stop sign on the side of the road with a white arrow pointing to the left. 
test_625,This is an image of a kitchen. The kitchen has a white counter top. There is a silver microwave on top of the counter.  The microwave is white and black. It is sitting on a wooden table. A white refrigerator is next to
test_626,A man is standing on a baseball field. He is wearing a blue and white uniform. There is a black helmet on his head. 
test_627,A man is standing on a skateboard. He is wearing a black jacket and black pants. There is a white fence behind the man. 
test_628,There is a clock on the side of the building. The clock is black and white. There are two clocks on each side. One is white and the other one is red and black. 
test_629,A man is sitting on a bench. The bench is made of wood. There is a silver chain link fence behind the man. 
test_630,A man is standing on top of a skateboard. He is wearing a blue shirt and blue shorts. There is a white building behind the man. 
test_631,There are two boats in the water. One boat is white and the other is blue. The water is calm and calm. There is a large body of water behind the boats. 
test_632,A white plate is sitting on top of a white table. There is a silver fork on the table next to the plate. 
test_633,There are two giraffes standing in front of a fence. There are trees behind them. 
test_634,A man is standing on top of a skateboard. He is wearing a black jacket and black pants. There is a white building behind him. 
test_635,A man is sitting on a bench. The bench is made of wood. There is a black and white picture hanging on the wall. 
test_636,A black and white picture of a dog. The dog is wearing a white collar. There is a black dog sitting on top of the dog's head. 
test_637,A man is sitting on a bench. The bench is made of wood. There is a black and white picture hanging on the wall. 
test_638,A baseball player is standing on a baseball field. He is wearing a blue and white uniform and a black helmet. There is a catcher and umpire standing behind him. 
test_639,A large brown horse is standing in a field. The field is covered with grass and weeds. There are trees in the distance behind the horse. 
test_640,There is a red and white train on the tracks. There are trees behind the train. 
test_641,A man is riding on a motorcycle. He is wearing a black helmet. The motorcycle is red and black. There is a white building behind the man. 
test_642,A white plate sits on a table. There is a white bowl on top of the plate. The table is made of wood. 
test_643,A large brown bear is standing on top of a rock wall. The wall is made of stone. There is a large boulder in front of the bear. 
test_644,There is a plane in the sky. The plane is white and has a blue tail. There is an engine on the back of the plane. 
test_645,A black and white dog is walking on the sidewalk. The dog has a black collar around its neck. There is a green fence behind the dog. 
test_646,A man is sitting on a bench. The bench is made of wood. There is a white wall behind the man. 
test_647,A black and white cat is sitting on a wooden bench. The bench is made of wood. There is a silver chain link fence behind the cat. 
test_648,A red and white bus is driving down the street. There is a red stop sign on the side of the bus. The street is very busy and there are many buildings in the distance.
test_649,The image is of a black and white cow. The cow is standing on a metal fence. There is a silver chain link fence behind the cows. 
test_650,The image is of a brown horse. The horse is standing on a dirt road. There is a large rock wall behind the horses head. 
test_651,There are two sheep in a field. There is a fence behind the sheep. The sheep on the left is looking at the camera. 
test_652,A man is standing on the beach. He is wearing a blue shirt and blue shorts. There is a white surfboard in front of him. 
test_653,A man is standing on a sidewalk. He is wearing a black jacket and black pants. There is a white building behind him. 
test_654,A woman is sitting at a table. She is wearing a white t-shirt and blue jeans. There is a glass of wine in front of her. The table is made of wood. 
test_655,A woman is sitting on a bench. The bench is made of wood. She is wearing a white shirt and blue shorts. There is a black and white striped umbrella in front of her. 
test_656,A man is standing on top of a snowboard. He is wearing a black jacket and black pants. There is snow on the ground behind him. 
test_657,There are two horses standing in front of a building. The building is made of brick. There is a white building behind the horses. 
test_658,This is an image of a kitchen. The kitchen is made of wood. There is a microwave on the wall behind the cabinets.  The microwave is white and black. It is on a white wall. On the other side of the kitchen there
test_659,A train is pulling into the station. The train has a red and white stripe down the side of the train. There is a yellow and green sign on the platform.
test_660,There is a clock on top of a building. The clock is white and has a black face and black hands. There are many windows on the building behind the clock. 
test_661,A large black and white airplane is flying in the air. The plane is white and has a black tail. There is a large white building behind the plane. 
test_662,"The image is of a large body of water. The water appears to be calm and calm. There are small waves in the water, but none of them are large enough to cause any serious damage."
test_663,A little boy is sitting on a bench. The bench is made of wood. There is a black and white picture hanging on the wall. 
test_664,A wooden bench sits in the middle of a wooded area. The bench is made of wood. There is a wooden fence behind the bench. 
test_665,A man is standing on top of a skateboard. He is wearing a black helmet and black goggles. There is a white line on the ground behind him. 
test_666,A large elephant is standing on top of a large rock wall. The elephant has a long trunk and is looking down at the ground. There are trees behind the elephant. 
test_667,There is a white bowl on the table. There are bananas on top of the bowl. The bananas are yellow and green. 
test_668,There is a wooden table in the middle of a room. There are a lot of books on top of the table. The table is made of wood and has a white table cloth on it.
test_669,This is an image of a kitchen. The kitchen has a white counter top. There is a silver microwave on top of the counter. A white refrigerator is on the wall next to the microwave. 
test_670,A man is standing on a skateboard. He is wearing a black jacket and black pants. There is a white building behind him. 
test_671,A cat is laying on a bed. The bed has a white blanket on it. There is a black and white picture hanging on the wall behind the cat. 
test_672,A man is standing on a baseball field. He is wearing a blue and white uniform and a black helmet. There is a white fence behind the man. 
test_673,This is an image of a building. The building is made of brick. There is a clock on the top of the building with a white face and black numbers on it.  The clock has a black face with black hands and white hands.
test_674,A man is standing in front of a white building. There is a black and white picture hanging on the wall behind the man. The man has short brown hair and is wearing a blue shirt and blue jeans. 
test_675,A man is standing on top of a skateboard. He is wearing a black jacket and black pants. There is a white fence behind the man. 
test_676,A man is riding on a motorcycle. He is wearing a black helmet. The motorcycle is red and black. There is a yellow line on the road. 
test_677,A group of people are standing outside on a sunny day. They are all holding umbrellas. There is a man in a blue shirt standing in front of the group. He is holding a red and white frisbee. 
test_678,This is an image of a bathroom. The bathroom is white. There is a white toilet in the middle of the room. A white sink is next to the toilet. Two white towels are sitting on top of one another. On the other side
test_679,A large brown bear is standing on top of a rock wall. The wall is made of stone. There is a large boulder in front of the bear. 
test_680,This is an image of a cat. The cat is black and white. There is a white cat sitting on top of the cat's head. It has a black nose and black eyes. 
test_681,"The image is of a large body of water. The water appears to be calm and calm. There are small waves in the water, but none of them are large enough to cause any serious damage."
test_682,This is an image of a kitchen. The kitchen is white. There is a white microwave on top of the kitchen counter. A white refrigerator is on the counter next to the microwave. 
test_683,There is a white table in the middle of a room. There are two chairs in front of the table. The chairs are made of wood and the wood is light brown in color. 
test_684,There are two boats in the water. The boats are white and blue. There is a large body of water behind the boats. 
test_685,A man is sitting on a bench. The bench is made of wood. There is a black and white picture hanging on the wall behind the man. 
test_686,There is a stop sign on the side of the street. The sign is red and white. There are a lot of people walking down the sidewalk. Some of them are holding umbrellas.
test_687,A baseball player is standing on a baseball field. He is wearing a blue and white uniform and a black helmet. There is a catcher and umpire standing behind him. 
test_688,A man is surfing in the water. He is wearing a white surfboard. The water is calm and clear. There is a large body of water behind the man.
test_689,A man is riding his skateboard down a street. He is wearing a black helmet and black pants. There is a white building behind him. 
test_690,A black and white truck is driving down a road. There is a red and black stop sign on the side of the truck. The road is paved and there are trees on both sides of it. 
test_691,There is a large white boat in the water. The boat is white and blue. There are two people on the boat. One of the people is wearing a blue shirt and black pants. 
test_692,Two giraffes are standing next to each other.  The giraffe is facing the left and is looking directly at the camera. It has a long neck and a black and white stripe down its back. The ground is covered with dirt and
test_693,A man is standing on top of a skateboard. He is wearing a black jacket and black pants. There is a white building behind him. 
test_694,There is a white toilet in the middle of the room. The wall behind the toilet is made of wood. There is also a black toilet next to the wall. 
test_695,There are two motorcycles parked on the street. The motorcycles are red and white. There are trees behind the motorcycles. 
test_696,A man is sitting at a table. He is wearing a white shirt and blue jeans. There is a silver laptop on his lap. The table is made of wood. 
test_697,A man is standing on top of a skateboard. He is wearing a black jacket and black pants. There is a white building behind him. 
test_698,A man is sitting on a bench. The bench is made of wood. There is a white wall behind the man. 
test_699,A man is standing on top of a horse. The horse is brown and white. There is a man standing next to the horse wearing a white shirt and black pants. 
test_700,There is a clock on the side of the building. The clock is black and white. There are trees behind the clock. 
test_701,A man is standing on top of a building. He is wearing a black jacket and black pants. There is a white building behind him. 
test_702,This is an image of a desk. The desk is made of wood. There is a laptop on top of the desk that is black and white.  The laptop has a black keyboard and mouse. It is sitting on a white desk with a
test_703,There is a plane in the sky. The plane is white and has a blue tail. There are trees behind the plane. 
test_704,There is a train on the tracks. The train is red and white. There are wires above the train. 
test_705,This is an image of a cat. The cat is brown and white. There is a white bowl on top of the cat's head. It is sitting on a wooden table. 
test_706,There are two elephants standing next to each other. The elephants are standing on top of rocks. There are trees behind the elephants. 
test_707,There is a black and white striped zebra standing on a grassy field.  The field is surrounded by tall grass and weeds. There are trees in the distance behind the field and a few trees are in front of the fence. The z
test_708,A large white airplane is flying in the sky. The plane is white and has a black tail. There is a white building behind the plane. 
test_709,A woman is playing tennis on a tennis court. She is wearing a white tank top and white shorts. There is a green tennis ball in front of her. 
test_710,A baseball player is standing on a baseball field. He is wearing a blue and white uniform and a black helmet. There is a white and black umpire in the stands behind him. 
test_711,A man is sitting on a bench. The bench is made of wood. There is a silver chain link fence behind the man. 
test_712,There is a train on the tracks. The train is red and white. There are trees behind the train. 
test_713,A man is sitting on a bed. The bed has a white blanket on it. There is a black and white picture hanging on the wall. 
test_714,A man is standing on a dirt road. He is wearing a black jacket and black pants. There are trees behind the man. 
test_715,A man is riding a motorcycle down a street. The motorcycle is red and black. There is a red stop sign on the side of the motorcycle. 
test_716,A large white truck is driving down a road. There is a red and white stop sign on the side of the truck. The road is paved and has a white line painted on it. 
test_717,A man is sitting on a bench. The bench is made of wood. There is a white wall behind the man. 
test_718,A pizza is sitting on top of a white plate. The pizza has cheese and onions on it. There is a glass of water behind the pizza. 
test_719,Two giraffes are standing next to each other.  The giraffe is facing the left and is looking directly at the camera. It has a long neck and a black and white stripe down its back. The ground is covered with dirt and
test_720,A man is standing on top of a skateboard. He is wearing a black jacket and black pants. There is a white building behind him. 
test_721,A man is sitting on a bench. The bench is made of wood. There is a silver chain link fence behind the man. 
test_722,There are two boats in the water. The boats are red and white. There is a large white building behind the boats. 
test_723,A red and white bus is driving down the street. There is a white building behind the bus. 
test_724,A black and white cat is laying on a bed. The bed is made of wood. There is a white blanket on top of the bed and a blue blanket next to it. 
test_725,A man is sitting on a bench. The bench is made of wood. There is a silver chain link fence behind the man. 
test_726,There is a white toilet in the bathroom. There are white towels hanging from the wall above the toilet. The wall is made of wood. 
test_727,A white plate is sitting on top of a white table. There is a silver fork on the table next to the plate. 
test_728,A man is skiing down a hill. He is wearing a black jacket and black pants. There are mountains in the distance behind him. 
test_729,There are two giraffes standing in a field. There is a fence behind them. The grass is very green. 
test_730,A man is standing on a snowboard. He is wearing a black jacket and black pants. There is snow on the ground behind him. 
test_731,There is a red and white bus on the street. There are trees behind the bus. The bus has a white sign on it. 
test_732,A cat is laying on a bed. The bed is made of wood. There is a white blanket on top of the cat. 
test_733,"The image is of a large body of water. The water appears to be calm and calm. There are small waves in the water, but none of them are large enough to cause any serious damage."
test_734,A man is standing on top of a skateboard. He is wearing a blue shirt and blue shorts. There is a white building behind him. 
test_735,A man is riding a motorcycle. He is wearing a black helmet. The motorcycle is red and black. There is a white building behind the man. 
test_736,A white plate is sitting on top of a white table. There is a silver fork on the table next to the plate. 
test_737,A little girl is sitting on a bed. The bed is made of wood. There is a white blanket on top of the girl. 
test_738,There is a train on the tracks. The train is red and white. There are trees behind the train. 
test_739,This is an image of a kitchen. The kitchen has a white counter top. There is a silver microwave on top of the counter. 
test_740,There is a laptop on a desk. The laptop is black and has a white keyboard. There is also a black mouse on top of the laptop. 
test_741,A man is sitting on a bench. The bench is made of wood. He is wearing a white shirt and blue jeans. There is a black phone on the bench next to him. 
test_742,A man is surfing in the ocean. He is wearing a white surfboard. There is a small wave in front of him. The water is calm and clear.
test_743,A black and white photo of a man and a dog. The man is wearing a blue shirt and blue jeans. He is holding a white surfboard in his hand. There is a black fence behind the man. 
test_744,A white plate sits on top of a white table. There is a glass on the table behind the plate. The plate is sitting on a brown tablecloth. 
test_745,A baseball player is standing on a baseball field. He is wearing a blue and white uniform and a black helmet. There is a catcher's mask on his head. 
test_746,There are two giraffes standing next to each other. There is a tree behind them. 
test_747,There is a red and white sign on the side of the building. The sign is on top of a white pole. There are a lot of trees behind the sign. 
test_748,A man is standing on a sidewalk. He is wearing a black jacket and black pants. There is a white building behind him. 
test_749,A woman is sitting at a table. She is wearing a white t-shirt and white pants. The table is made of wood. There is a glass table in front of the woman. 
test_750,There are two boats in the water. The boats are white and blue. There is a man in a blue shirt standing in front of the boats. 
test_751,There is a red and white bus on the street. The bus is white and blue. There are trees behind the bus. 
test_752,A white plate sits on top of a white table. There is a glass vase on the table next to the plate. 
test_753,There is a plane in the sky. The plane is white and has a blue tail. There is an engine on the back of the plane. 
test_754,There are two giraffes standing in a field. There is a fence behind the giraffe.  The fence is made of wood and has metal bars on it. Behind the fence there are trees and bushes.
test_755,A woman is playing tennis on a tennis court. She is wearing a white tank top and white shorts. There is a green tennis ball in front of her. 
test_756,A black and white cat is laying on a bed. The bed is made of wood. There is a white blanket on the bed as well. 
test_757,There is a train on the tracks. The train is red and white. There are trees behind the train. 
test_758,A black and white cat is laying on a bed. The bed is made of wood. There is a white blanket on top of the bed and a blue blanket next to it. 
test_759,A plate of food is sitting on top of a white table. There is a glass of water behind the plate.  The plate is on a wooden table with a silver handle. The table is made of wood.
test_760,This is an image of a street. The street is very busy. There are many cars on the road. Some of the cars are red and some of them are blue. One car is white and the other one is black and white. A
test_761,A man is surfing in the water. The water is calm and calm. He is wearing a blue shirt and blue shorts. There is a white surfboard behind him. 
test_762,There is a boat in the water. The boat is white and blue. There are trees on the side of the boat. 
test_763,There are two boats in the water. The boats are white and blue. There is a large white building behind the boats. 
test_764,A large white and blue truck is driving down a road. There is a red and white stop sign on the side of the truck. The road is paved and there are trees on both sides of it. 
test_765,A man is standing on a skateboard. He is wearing a white shirt and blue jeans. There is a black and white fence behind the man. 
test_766,There are two boats in the water. The boats are white and blue. There is a white building behind the boats. 
test_767,A man is standing on a sidewalk. He is wearing a black jacket and black pants. There is a white building behind him. 
test_768,A man is standing on a skateboard. He is wearing a black jacket and black pants. There is a white building behind him. 
test_769,A black and white dog is sitting on a bench. The bench is made of wood. There is a white fence behind the dog. 
test_770,There are two horses standing on the grass. There are trees behind the horses. The horses are brown and white. One horse is black and the other one is brown. 
test_771,A man is standing on a snowboard. He is wearing a black jacket and black pants. There is snow all over the ground. The man has a white helmet on his head. 
test_772,A bathroom with white walls. There is a mirror on the wall above the sink. The sink is white. On the other side of the bathroom there are white towels on a white towel rack. 
test_773,A brown and white dog is sitting on a bench. The bench is made of wood. There is a black fence behind the dog. 
test_774,A baseball player is standing on a baseball field. He is wearing a blue and white uniform and a black helmet. There is a catcher's helmet on his head. 
test_775,A black and white polar bear is standing on top of a rock wall. The bear has a black nose and black eyes. There is a white and brown building behind the bear. 
test_776,A man is sitting on a bench. The bench is made of wood. There is a white wall behind the man. 
test_777,A man is standing in front of a building. He is wearing a white shirt and black pants. There is a black clock on the wall behind him. 
test_778,A kitchen with a white counter top and white cabinets. There is a silver microwave on top of the counter. The cabinets are made of wood. 
test_779,This is an image of a street. The street is very busy. There are many cars on the road. Some of the cars are red and some of them are blue. One car is white and the other one is black and white. A
test_780,There are two boats in the water. One boat is white and the other is blue. The water is calm and calm. There are trees on both sides of the boats. 
test_781,"This is an image of a street. The street is made up of concrete. There is a red and white sign on the side of the street that says, ""In the distance you can see a building with a clock on top of it."
test_782,There is a plane in the sky. The plane is white and has a blue tail. There is an engine on the back of the plane. 
test_783,A large airplane is sitting on a runway. The plane is white and blue. There is a large white building behind the plane. 
test_784,A man is surfing on a wave. He is wearing a black wet suit. The wave is white in color. There is a large body of water behind the man.
test_785,A man is sitting on a bench. The bench is made of wood. There is a white wall behind the man. 
test_786,Two giraffes are standing next to each other.  The giraffe is facing the left and is looking directly at the camera. It has a long neck and a black and white stripe down its back. The ground is covered with dirt and
test_787,A man is standing on the beach. He is wearing a blue shirt and blue shorts. There is a white surfboard in front of him. 
test_788,A herd of sheep are grazing in a field.  The field is surrounded by tall grass and weeds. The sheep have long necks and long ears. There is a fence in front of the sheep that is made of metal bars. Behind the fence
test_789,A large elephant is standing on the ground. The elephant has a long trunk. There is a tree behind the elephant. 
test_790,A black and white photo of a man and a dog. The man is wearing a blue shirt and blue jeans. There is a white building behind the man. 
test_791,There is a clock on the side of the building. The clock is black and white. There are two clocks on each side. One is white and the other one is red and black. 
test_792,A woman is standing on a tennis court playing tennis. She is wearing a white tank top and white shorts. There is a green tennis ball in front of her. 
test_793,A man is sitting at a table. He is wearing a white shirt and blue jeans. There is a silver laptop on the table behind him. 
test_794,A black and white truck is driving down a road. There is a red and blue sign on the side of the truck. The sign is on a metal pole. 
test_795,There is a toilet in the bathroom. The toilet is white in color. There is also a mirror on the wall behind the toilet. 
test_796,A man is skateboarding on a skateboard. He is wearing a black helmet and black pants. There is a white line painted on the ground in front of him. 
test_797,A man is sitting on a bench. The bench is made of wood. There is a black and white picture hanging on the wall behind him. 
test_798,A man is sitting on a bench. The bench is made of wood. There is a black and white picture hanging on the wall behind the man. 
test_799,There is a train on the tracks. The train is red and white. There are trees behind the train. 
test_800,There is a toilet in the bathroom. The toilet is white. There is also a mirror on the wall behind the toilet. 
test_801,"A man is riding a skateboard on a paved road. He is wearing a black helmet and black pants. There is a red and white sign on the side of the road that says ""Motorcyclists Only"" on it. "
test_802,A white plate is sitting on top of a white table. There is a silver fork on the table next to the plate. 
test_803,There are two boats in the water. The boats are white and blue. There is a white building behind the boats. 
test_804,There is a wooden table in the middle of a room. There are books on top of the table. The book on the left has a picture of an owl on it. 
test_805,A man is sitting on a bench. The bench is made of wood. There is a silver chain link fence behind the man. 
test_806,A man is sitting at a table. He is wearing a white shirt and blue jeans. There is a pizza on top of the man's plate. 
test_807,There is a toilet in the bathroom. The toilet is white. There is also a mirror on the wall behind the toilet. 
test_808,A man is standing on a skateboard. He is wearing a black jacket and black pants. There is a red and white sign on the side of the man. 
test_809,There is a clock on the side of the building. The clock is black and white. There are two clocks on each side. One is white and the other one is red and black. 
test_810,A man is standing on a motorcycle. He is wearing a black helmet. There is a red and black motorcycle in front of him. 
test_811,There are two giraffes standing in a field. There is a fence behind them. The grass is very green. 
test_812,A man is riding a motorcycle down a street. He is wearing a black helmet and black pants. There is a red stop sign on the side of the motorcycle. 
test_813,A man is standing on a snowboard. He is wearing a black jacket and black pants. There is snow on the ground. The man has a white helmet on his head. 
test_814,A wooden bench is sitting on top of a hill. There is a white building behind the bench.  The building is made of brick and has a clock on the side of the building. The clock is black with white numbers on it.
test_815,A man is sitting on a bench. The bench is made of wood. There is a silver chain link fence behind the man. 
test_816,A man is sitting on a bench. The bench is made of wood. There is a silver chain link fence behind the man. 
test_817,A man is sitting on a bench. The bench is made out of wood. There is a white wall behind the man. 
test_818,There is a white table in the middle of a room. There are two chairs in front of the table. The table is made of wood and the chairs are white. 
test_819,A man is sitting on a bench. The bench is made of wood. There is a silver chain link fence behind the man. 
test_820,There is a bed in a room with a white bedspread on it. The bed is made of wood. There are two pillows on the bed. One is white and the other one is black and white. 
test_821,Two giraffes are standing next to each other.  The giraffe is facing the left and is looking down at the ground. The ground is made of dirt and rocks. There is a tree in the distance.
test_822,This is a bathroom. The bathroom is white. There are two sinks on the wall. One of the sinks has a white soap dispenser on it. On the other sink there are white towels on top of a towel rack. 
test_823,This is an image of a cat. The cat is black and white. It is sitting on a white desk. There is a laptop on the desk with a black keyboard and mouse on top of it. 
test_824,A large elephant is standing on top of a large rock wall. The elephant has a long trunk and is looking down at the ground. There are trees behind the elephant. 
test_825,A man is sitting on a bench. He is wearing a white shirt and blue jeans. There is a black and white picture hanging on the wall behind him. 
test_826,This is an image of a street. The street is very busy. There are many cars on the road. Some of the cars are red and some of them are blue. One car is white and the other one is black and white. A
test_827,A woman is standing on a tennis court playing tennis. She is wearing a white tank top and white shorts. There is a green tennis ball in front of her. 
test_828,There is a white table in a room. There are two chairs in front of the table. One chair is white and the other is black. The table is made of wood. 
test_829,There is a red bus on the street. The bus is red and white. There are trees behind the bus. 
test_830,A man is sitting at a table. The table is made of wood. There is a laptop on top of the table with a black keyboard on it. 
test_831,A man is sitting on a bench. The bench is made out of wood. There is a white wall behind the man. 
test_832,There are two giraffes standing in a field. There is a fence behind the giraffe.  The fence is made of metal. The grass is green and brown. Behind the fence there are trees with green leaves.
test_833,A woman is sitting at a table. She is wearing a white t-shirt and blue jeans. There is a silver laptop on top of the woman's head. 
test_834,This is an image of a bathroom. The bathroom is white. There is a mirror on the wall above the toilet. It is made of glass. On top of the mirror there are two white towels on a white towel rack. Next to the
test_835,A man is sitting at a desk. The desk is made of wood. There is a laptop on top of the desk with a black keyboard on it.  The laptop is turned on and the screen is on.
test_836,A bus is driving down the street. There is a red and white sign on the side of the bus. The bus has a white and blue sign. 
test_837,A man is sitting at a table. He is wearing a white shirt and blue jeans. There is a pizza on top of the man's plate. 
test_838,A man is surfing in the water. He is wearing a white surfboard. The water is calm and calm. There is a large body of water behind the man.
test_839,There are two giraffes in a field. The field is green and brown. There are trees in the background. 
test_840,A man is skateboarding on a skateboard. He is wearing a black helmet and black pants. There is a white building behind him. 
test_841,A large elephant is standing on top of a large rock wall. The elephant has a long trunk and is looking down at the ground. There are many trees behind the elephant. 
test_842,A man is sitting on a bench. The bench is made of wood. There is a white wall behind the man. 
test_843,A man is standing on a snowboard. He is wearing a black jacket and black pants. There is snow on the ground behind him. 
test_844,A man is sitting on a bench. The bench is made of wood. There is a white wall behind the man. 
test_845,This is an image of a street. The street is very busy. There are many cars on the road. Some of the cars are red and some of them are blue. One car is white and the other one is black and white. A
test_846,A man is standing on a skateboard. He is wearing a white shirt and black pants. There is a black and white fence behind the man. 
test_847,A man is sitting at a table. The table is made of wood. There is a white table cloth on top of the table with a black handle.  The man has dark brown hair. He is wearing a blue shirt and blue jeans.
test_848,A black and white photo of a man riding a skateboard. The man is wearing a black helmet and black pants. He is also wearing black shoes. There is a white building behind the man. 
test_849,There is a toilet in the bathroom. The toilet is white. There is also a mirror on the wall behind the toilet. 
test_850,A white bowl is sitting on top of a white table. There is a silver fork on the table next to the bowl. 
test_851,There are two boats in the water. One boat is white and the other is blue. The water is calm and calm. There is a white building behind the boats. 
test_852,A red and white bus is driving down the street. There is a white building behind the bus. 
test_853,This is an image of a train station. The train is red and white. There is a yellow line on the side of the train. On the left side there are two yellow lines. Behind the lines there is another train with a blue line
test_854,This is an image of a building. The building is made of brick. There is a clock on the top of the building with a white face and black numbers on it.  The clock has black hands and a black face. It has a
test_855,There is a train on the tracks. The train is red and white. There are trees behind the train. 
test_856,A man is sitting on a bench. He is wearing a black jacket and black pants. There is a red and white picture hanging on the wall behind him. 
test_857,A man is sitting on a bench. The bench is made of wood. There is a silver chain link fence behind the man. 
test_858,A man is sitting on a bench. The bench is made of wood. There is a white wall behind the man. 
test_859,There are two boats in the water. One boat is white and the other is blue. The water is calm and calm. There is a large body of water behind the boats. 
test_860,There is a white boat in the water. The boat is white. There are trees on the other side of the boat. 
test_861,A man is surfing in the water. He is wearing a black wet suit. The water is calm and calm. There is a white surfboard behind him. 
test_862,A little girl is laying on a bed. She is wearing a pink shirt and blue jeans. There is a white blanket on the bed and a blue scarf around her neck. 
test_863,A man is sitting on a bench. The bench is made of wood. There is a black door on the front of the bench and a white door behind it. 
test_864,"The image is of a large body of water. The water appears to be calm and calm. There are small waves in the water, but none of them are large enough to cause any serious damage. It is a sunny day and the sky is"
test_865,"The image is of a large body of water. The water appears to be calm and calm. There are small waves in the water, but none of them are large enough to cause any serious damage."
test_866,A man is riding on a motorcycle. He is wearing a black helmet. The motorcycle is red and black. There is a white building behind the man. 
test_867,This is an image of a bathroom. The bathroom is made up of tiles. There is a toilet in the middle of the tiles and the wall behind the toilet is white. 
test_868,There is a train on the tracks. The train is red and white. There are trees behind the train. 
test_869,There is a white couch in a room. There are books on top of the couch. The books are on a black shelf. 
test_870,A man is standing on a beach. He is wearing a blue shirt and blue shorts. There is a white surfboard in front of him. 
test_871,This is an image of a man. The man is wearing a white shirt and blue jeans. He is holding a black and white frisbee in his hand. There is a building behind the man that has a clock on top of it.
test_872,There is a toilet in the bathroom. The toilet is white. There is also a mirror on the wall behind the toilet. 
test_873,A young girl is standing on a grassy field. She is wearing a blue shirt and blue shorts. There is a white fence behind her. 
test_874,There is a stop sign on a pole. The sign is red and white. There are people standing on the sidewalk. They are holding umbrellas. 
test_875,There is a bus on the road. The bus is red and white. There are trees behind the bus. 
test_876,A young boy is sitting on a bench. He is wearing a blue shirt and blue jeans. The bench is made of wood. There is a white wall behind the boy. 
test_877,A black and white photo of a man riding a skateboard. The man is wearing a black helmet and black pants. There is a white building behind the man. 
test_878,This is an image of a kitchen. The kitchen has a white counter top. There is a silver microwave on top of the counter. 
test_879,A man is standing in front of a building. He is wearing a black jacket and black pants. There is a white building behind him. 
test_880,A man is standing on top of a mountain. He is wearing a black jacket and black pants. There is a large rock wall behind the man. 
test_881,A woman is standing on a tennis court playing tennis. She is wearing a white tank top and white shorts. There is a green tennis ball in front of her. 
test_882,A man is walking on a sidewalk. He is wearing a black jacket and black pants. There is a red and white sign on the side of the street. 
test_883,A little girl is sitting on a bed. She is wearing a white t-shirt and blue jeans. The bed is made of wood. There is a black and white bedspread on the bed with a blue blanket. 
test_884,A man is sitting on a bench. The bench is made of wood. There is a black and white picture hanging on the wall. 
test_885,There is a bed in the room. The bed has a white blanket on it. There are two pillows on the bed. 
test_886,There is a white toilet in the middle of the room. There is also a black and white mirror on the wall behind the toilet. 
test_887,A large white and red train is on the tracks. There is a large black and white building behind the train. 
test_888,A baseball player is standing on a baseball field. He is wearing a blue and white uniform and a black helmet. There is a catcher and umpire standing behind him. 
test_889,This is an image of a train station. The train is red and white. There is a yellow line on the side of the train. On the left side there are two yellow lines. In the middle there is another red line. Behind the
test_890,A man is standing on the side of a building. He is wearing a black jacket and black pants. There is a white building behind him. 
test_891,A man is sitting on a bench. The bench is made of wood. There is a white wall behind the man. 
test_892,A kitchen with a white counter top and white cabinets. There is a silver microwave on top of the counter. The cabinets are made of wood. 
test_893,There is a plane in the sky. The plane is white and has a blue tail. There is an engine on the back of the plane. 
test_894,There is a tall brick building with a clock on top of it. The clock is white and has a black face. There are two windows on the building. One of the windows is red and the other is blue. 
test_895,This is an image of a bathroom. The bathroom is white. There is a mirror on the wall above the bathroom sink. It is made of glass and has a black handle. On the other side of the mirror there is another mirror with a
test_896,This is an image of a man. The man is wearing a white t-shirt and blue jeans. He is holding a black phone to his ear. There is a red and white cat sitting on the man's lap. 
test_897,A woman is sitting on a bed. She is wearing a white t-shirt and blue jeans. There is a black and white bedspread on top of her head. 
test_898,This is an image of a man. The man is wearing a white t-shirt and blue jeans. He is holding a black and white frisbee in his hand. There is a silver chain link fence behind him. 
test_899,A black and white truck is driving down a road. There is a white building behind the truck. 
test_900,This is an image of a bathroom. The bathroom is white. There is a mirror on the wall above the toilet. It is made of glass. On top of the mirror there are two white tiles. Behind the tiles there is another wall.
test_901,A red bus is driving down the street. There is a red stop sign on the side of the bus. The sky is very clear and blue.
test_902,A man is standing on a snowboard. He is wearing a black jacket and black pants. There is snow on the ground behind him. 
test_903,A man is walking on a sidewalk. He is wearing a black jacket and black pants. There is a red light on the sidewalk next to the man. 
test_904,A man in a blue shirt and black pants is standing on top of a white bench. The bench is made of wood. There is a black and white clock on the bench next to the man. 
test_905,A man is standing on a skateboard. He is wearing a blue shirt and blue shorts. There is a black and white surfboard in front of him. 
test_906,A man is standing on a skateboard. He is wearing a black jacket and black pants. There is a white fence behind the man. 
test_907,There are two horses in the field. One of the horses is black and the other one is brown and white. There is a fence behind them. 
test_908,"The image is of a large body of water. The water appears to be calm and calm. There are small waves in the water, but none of them are large enough to cause any serious damage. It is a sunny day and the sky is"
test_909,There is a black and white striped zebra standing on a grassy field. There are two zebras in front of the fence. The fence is made of metal bars. 
test_910,A baseball player is standing on a baseball field. He is wearing a blue and white uniform and a black helmet. There is a catcher's mask on his head. 
test_911,There is a clock on the side of the building. The clock is black and white. There are two clocks on each side. One is white and the other one is red and black. 
test_912,A red and white bus is driving down the street. There is a red stop sign on the side of the bus. The street is very busy with traffic.
test_913,A man is sitting at a desk. The desk is made of wood. There is a laptop on top of the desk with a black keyboard and mouse on it.  The laptop is black and silver.
test_914,A man and woman are sitting at a table in a room. The man is wearing a white shirt and blue jeans. He is holding a cell phone to his ear. There is a black and white television in front of him. 
test_915,A man is sitting on a bench. The bench is made of wood. There is a black and white picture hanging on the wall. 
test_916,This is an image of a desk. The desk is made of wood. There is a laptop on top of the desk with a black keyboard and mouse on it.  The laptop is black and silver. It has a white keyboard with black keys
test_917,Two giraffes are standing in a grassy field.  The giraffe has a long neck and a black and white stripe down its back. The grass is green and brown and there is a small patch of dirt in front of the gir
test_918,A man is standing on top of a skateboard. He is wearing a black jacket and black pants. There is a white building behind him. 
test_919,There are two boats in the water. One boat is white and the other is blue. The water is calm and calm. There is a large body of water behind the boats. 
test_920,A red and white bus is driving down the street. There is a white sign on the side of the bus. The street is very busy with traffic.
test_921,This is an image of a kitchen. The kitchen has a white counter top. There is a silver microwave on top of the counter. 
test_922,A baseball player is standing on a baseball field. He is wearing a red and white uniform and a black helmet. There is a white and blue catcher's mask on his head. 
test_923,There are two elephants standing in a field. There are trees behind the elephants. The elephants are brown and white. They are standing on dirt. 
test_924,A man is standing on top of a rock wall. He is wearing a black jacket and black pants. There is a large boulder in front of the man. 
test_925,A large airplane is flying in the sky. The plane is white and has a blue tail. There is a white building behind the plane. 
test_926,This is an image of a train station. The train is red and white. There is a large white building behind the train. It has a clock on the side of the building. On the left side there are two large windows. Behind the
test_927,There are two sheep in a field. There is a fence behind the sheep. The sheep on the left is looking at the camera. 
test_928,A man is standing on a beach. He is wearing a blue shirt and blue shorts. There is a white surfboard in front of him. 
