Index,Hypothesis,Reference,Sentence BLEU,ROUGE-L F1,BERTScore F1,METEOR
1,"A large modern building with a flat roof and a lot of glass windows is in the background. There is a street in front of the building with a white car, a black car, and a motorcycle parked. There are several people walking on the sidewalk in front of the building. There is a street light in front of the building.",A large building with bars on the windows in front of it. There is people walking in front of the building. There is a street in front of the building with many cars on it.,0.3006362675425098,0.6153846106508877,0.9261209964752197,0.7179111746401194
2,A skier in a yellow jacket is jumping over a snowy hill.,A person is skiing through the snow. There is loose snow all around them from him jumping. The person is wearing a yellow snow suit. The person is holding two ski poles in their hands.,9.6799580900065e-156,0.31578946957063714,0.8934329748153687,0.0764525993883792
3,Bedroom with sliding glass door.,There is a bed in a room against a wall. There is a brown blanket on top of the bed. There is a small brown book shelf next to the bed. There is a picture hanging on the wall above the shelf.,0.0,0.0,0.8304116129875183,0.0
4,A steam locomotive is pulling a passenger car through a train yard.,A black and red train is on the tracks and has steam coming out off of it. There is another train next to the first train that is orange. There is an overpass over the train tracks with cars on it.,1.235045654479849e-232,0.20512820107823804,0.8636514544487,0.06561679790026247
5,"A yellow and white bus with the number 1224 on the front. The bus is parked in front of a strip mall with a sign that says ""Preferred One"" on the back.","A white and yellow public transportation bus with ""122"" on front is stopped with it's doors open. There is a gray car on the street beside the bus. Behind the car there is a  building with an ""Urban Outfitters"" on the first floor.",4.960961753476153e-155,0.3214285664859694,0.8900241255760193,0.23659892147228115
6,A sheep house with sheep grazing in front of it.,A large white house with a brown door sits behind some grass. There are four sheep grazing on the grass in front of the house. The house ahs a gray roof.,6.867079359098295e-79,0.4571428533224491,0.8982340693473816,0.24302551903114183
7,Man holding white wii remote in his hands.,A man in a red and yellow t-shirt is holding a Wii remote in each of his hands. Behind him there is a fireplace which has been painted white. In front of him a light which is on and illuminating the room.,1.383163948906651e-156,0.2999999968,0.884319543838501,0.14830284445384367
8,"Two cyclists are riding on a bike lane next to a green fire hydrant. In the background, there are several cars driving on the street.",There are three men riding bicycles. Two of the men are wearing yellow and the third man has a blue shirt. The two men are way ahead of the third man. The men are bicycling in the bicycle lane. The cars are on the left side of the men.,1.998813747767939e-155,0.274509799077278,0.8802732825279236,0.11802575107296137
9,Three cell phones and a knife are on a table.,TWO CELL PHONES ON THE TABLE.THEY BOTH ARE DARK IN COLOR A ND ARE BLACBERRYS.THERE ARE THREE CUTTING KNIVES.ONE KNIFE IS BETWEEN THE TWO PHONES.THERE IS A THIRD PHONE WITH A KNIFE LYING OVER IT.,0.0,0.0,0.8553382754325867,0.16370192307692308
10,Black top hat on mannequin head next to a clock.,"A painted mannequin head sits on a table. It is a feminine head with arched eyebrows a small nose, big eyes and it is wearing a black top hat and a brown wig. To the right of the head is a metal sculpture clock with a white face.",2.0164519080007304e-156,0.2666666632098766,0.874826192855835,0.14281674208144793
11,A yellow and white train is at a train station.,A white and yellow train is on the tracks. There is a large yellow door on the front of the train. There is a platform next to the train.,1.1782205215018183e-155,0.370370365925926,0.9118892550468445,0.12915129151291513
12,A man is sitting on an elephant in a river.,A man is sitting on the back of an elephant. They are walking through a very high swamp area. They are being seen from in between the perspective of two logs of a tree.,0.04007844993381512,0.4736842066481995,0.9095871448516846,0.2222606803797468
13,"A plate of food with a fork and a glass of water. The plate has a tomato, broccoli, green beans, and mashed potatoes.",There is a black place mat on top of a wood table. There is a white plate on the mat with food on it. There is a fork on the mat next to the plate. There is an orange towel next to the plate.,2.1226448625520053e-155,0.24390243409875084,0.8679293394088745,0.11933174224343675
14,A white cow with black horns is standing in a green field.,A goat has its head turned back and it's looking at something. The goat is white but has a black nose and mouth and black ears. The horns of the goat are pointed upwards and has black tops. The goat is standing in green grass.,2.6680927706119294e-79,0.31818181421487607,0.8958969116210938,0.16505314267104837
15,A person is skateboarding down a sidewalk with a dog on a leash.,A woman is walking her dog. She is on a skateboard while she is holding the leash of her dog. She is wearing a gray hoodie and some black shorts.,1.706907607261843e-155,0.35294117209342557,0.8990073204040527,0.10600706713780918
16,Blue portable toilets are lined up in front of a railroad track. In the background are two trains and some trees.,There are some portable bathrooms sitting near a railroad track. There are some trains sitting on the track. The portable bathrooms are blue with a white roof and the trains are yellow.,1.618472401659712e-78,0.3999999950000001,0.9122948050498962,0.27597986335850416
17,A small bathroom with a frosted glass door.,A very white bathroom has a very white sink and toilet. The shower curtain that hangs from the ceiling is also white. There is one wall that is all mirrored. The door is made of glass and the faucet is silver. The floor is made of black tile.,1.0322346066768973e-233,0.19512194807852473,0.88202965259552,0.04545454545454545
18,Surfer riding a wave in the ocean.,A man is in a black wetsuit. The man is riding a white surfboard. There is a large wave in the water the man is surfing on.,3.626291584127698e-79,0.39999999596800007,0.8868406414985657,0.1488
19,A pizza sits on a pizza stone on top of a stove.,A pizza is on a brown wooden tray. The tray is placed on the stove top. The pizza has melted cheese and spinach on top of it. The stove is white with black burners.,7.705016436038578e-79,0.4242424202754822,0.8981195092201233,0.1985062893081761
20,A red fire hydrant in front of three closed storage units.,a flood is occuring. there is a lot of water on the road. the hydrant on the sidewalk is red. the garage doors are red in color . there are some pieces of grass growing.,1.5963332263636544e-232,0.17647058385813158,0.8794028162956238,0.07668711656441718
21,A group of six red planes fly across the sky.,there are four airplanes in the sky. There is a small hill under them. There is a field of grass under the airplanes. There are smoke trails coming out from behind the airplanes.,6.390202100582957e-156,0.18181817759412314,0.8882771730422974,0.06514657980456026
22,A large white and blue airplane is landing at an airport. The plane is in the foreground and the airport is in the background. The plane is landing on the runway and the airport is surrounded by a fence.,There is a large white airplane that is in the sky. There is a silver fence under the airplane. There are light poles on both sides of a fence under the plane.,1.9550112061335322e-78,0.45454544955578513,0.8903864622116089,0.2412102129815609
23,A blonde girl in blue jean shorts and green shirt is surfing on a blue inflatable wave.,"A young lady is having a very fun time by herself. This young lady has on very short jean shorts, a turquoise top and some shades on. She is surfing a fake wave on a plastic board and having so much fun.",1.6326520684369996e-155,0.30434782155009454,0.8954014778137207,0.15981012658227844
24,A man is jumping in the air to catch a frisbee.,A man is jumping in the air. The man is holding a green frisbee in his hand. There are trees behind the man.,0.16119635927749565,0.6206896504637337,0.9304262399673462,0.2199962553828871
25,Tennis player in blue shirt and shorts is hitting a tennis ball with racquet.,A tennis player has just forehand swung to hit a ball. The player has on a light blue shirt and headband. He has on brown nike shorts and white shoes.,1.1020934150654672e-78,0.31578946903047095,0.8877069354057312,0.1873349471830986
26,"A vase of flowers sits on a table outside. The flowers are orange, yellow, and red. There are also some berries and leaves. The background is a wooden fence and a house.","There is a vase on a table.  The vase has a white enamel base and three flower holders.  In the vase is an assortment of artificial fall colored leaves and berries.  The colors depicted are different shades of orange.  The table appears to be in the backyard of a house.  Behind the vase is a picket fence, a sidewalk, some monkey grass, and some pink flowers.  On the other side of the fence the eaves of the neighboring house are seen.",1.5794271027382643e-155,0.38461538025969755,0.8899412155151367,0.1567635376533443
27,"Long, thin kite with red and yellow colors flying in blue sky over sandy beach. Person in wetsuit is walking on beach.",A person is standing on the beach. They are flying a large yellow and red kite. There are small waves in the water. The person is wearing a black wet suit.,9.397432732501812e-232,0.21739129943289237,0.9010022878646851,0.14950166112956811
28,"A bowl of food that includes rice, broccoli, and ground beef.",A white plate of food. There is rice under a pile of broccoli. There are onions cut up on top of the broccoli.,3.996150654699218e-232,0.19999999535555565,0.9032570123672485,0.04587155963302752
29,"A stop sign is mounted on a post. The top of the sign is a standard stop sign. Below the standard stop sign is a sign that says ""STOP"" in Russian.","A stop sign is on a piece of wood and attached to a round sign that is white, with a red border around the outside. Below the stop sign there are two signs in Russian. The signs are attached to a rusty metal fence.",0.09433096075423486,0.5098039168935027,0.9113839864730835,0.30968046859649406
30,A tennis player is holding his racket and looks upset.,a man is playing tennis. he is wearing  a sweatband in his hair. his hair is brown in color. his hair is very long. his uniform is white. he is also wearing white shorts.,1.1052462903316595e-232,0.20689654720570758,0.8702018857002258,0.047468354430379736
31,Sailboats are docked in a harbor near a rocky shore.,Four sailboats with masts but no sails are lined up along the shore of a lake.  A hill rises beyond them in the sun.  Part of the hill is bare rock and dirt and part has low green bushes.  The sky is very blue beyond the hill.,3.33348921366872e-233,0.12765957137166148,0.865509569644928,0.057736720554272515
32,A man is flying a kite in a park.,"A man is standing outside flying a black and white kite. He is wearing a white hat on his head, a suit coat, and dark colored pants. A shadow of the man can be seen beside him on the ground. The sky is clear and blue. Tall trees are seen below the sky.",3.997874280655767e-80,0.25531914611136264,0.874838650226593,0.0617283950617284
33,Four sheep are standing on a grassy hilltop overlooking a lake.,Five off white sheep are standing on a rocky grassy hill. The stones are medium sized and are grey and white. Beyond the sheep is a bright blue body of water and a set of beautiful grass covered mountains and a blue sky.,0.020808649540047262,0.29268292314098754,0.8987636566162109,0.12050046149112913
34,"A Chevrolet pickup truck is parked in a parking lot. The truck is silver and has a black tonneau cover on the bed. The license plate is from Texas and says ""238N414"".",A large white truck sits in a parking space in a small parking lot. The trailer of the truck has a cover on it. On the other side of the parking lot are a few more cars. The other cars are parked next to a building that looks to be made of brick. There are a few bare plants in the front of the building.,1.2144504998047557e-78,0.36923076443076924,0.8680077195167542,0.12965964343598055
35,A yellow diamond shaped sign with the word bumps in black letters is in front of a street light. The street light is lit by four large round lights.,there is a big yellow sign. the sign is a warning sign. the sign is shaped like a diamond. there is a light above the sign.,1.3203264417106475e-231,0.2631578902354571,0.8958498239517212,0.19011406844106465
36,A close up of a banana peel with the stem of the banana in the foreground. In the background is a red double decker bus and a man walking.,An image of a peeled large banana dominates the picture. Three men are walking down the street.  The man in the front is by himself while two other men are in close proximity.  Two buses are parked along the side of the street.,4.2237619016261895e-155,0.21818181338181827,0.8813174366950989,0.16826923076923078
37,People waiting to get on a lift at a ski resort.,"the scene takes place outdoors in a winter snowy landscape, three persons and a child are interacting. A man is leading a child into the ski lift provider. they are standing by the entrance about to enter, a man in a green jacket seems to the entrance attendant. a building with woodside panelling is above the people. a man is standing in the foreground, wearing an orange jacket. the ground is filled with snow, the people are wearing winter clothes. there are signs above the man and child.",1.3640845186449337e-234,0.0983606529965064,0.8398619890213013,0.043586550435865505
38,A white cow is grazing in a field of dry grass.,A large white cow is grazing in the grass. The cow is in a field with weeds and grass. There are trees behind the cow.,0.13534780275317135,0.5999999953555556,0.9433374404907227,0.3248587570621469
39,A woman in a blue dress walks along a road in the mountains.,there is a big mountain. there are a lot of trees on the mountain. there are two girls walking along the trail. the trail is made of dirt. they are holding umbrellas in their hands.,2.641223143663149e-232,0.22857142426122457,0.8805112242698669,0.12999661246612468
40,A double decker bus is driving down a street.,"There is a large strip of grass along a road, with buildings, people, buses, trees and flags. The grass is very green and has something more overgrown like bushes that run along the road. The strip of road that is showing to the right of the picture is black. There are two large buses on the road. One bus is red with yellow words on it and the other is black. There are people in both buses, and along the grass and road. There are large trees running by the roads and buildings in the middle and back of the picture. There are two buildings showing. One building is on a street corner and is white with many stories. The other is to the left and is grey with many stories. There are two flag poles and one of them has a flag hanging on it.",1.650791757912684e-161,0.10526315580678675,0.8271096348762512,0.015117157974300832
41,"A sign on a wall that says ""Fish gives you brains, with brains you can make money, money can buy you more fish"" is on the wall.",A menu is see hanging on the wall. The menu is over the kitchen area. There is a range top that has a couple of things on it. On the counter is some fish and chicken.,1.5206595579902057e-78,0.2799999950720001,0.8529731631278992,0.15157585470085472
42,Three men are bathing an elephant in a river.,An elephant relaxes in the water. A man lays on the back of the elephant. A few other men stand around the elephant and look at it. The water is a brown color. The men are all wearing swim trunks. The sun is reflecting on the water.,1.1230362637323191e-156,0.2380952347278912,0.8842503428459167,0.09870113168724279
43,A young man is playing frisbee in the rain.,a boy is playing frisbee. the frisbee is white in color. the shorts are red in color. his shirt is black and red. he is wearing white shoes.,9.273372099242484e-156,0.28571428135204086,0.8950237035751343,0.11494252873563217
44,A plane flies above a forest.,A bunch of planes are in formation in the air. One plane is way farther away from the rest. The sky is a pretty blue color and a couple of clouds are seen.,1.7018671523809808e-233,0.18181817884297521,0.8782114386558533,0.04950495049504951
45,Skateboarder in mid air.,A person with a black shirt on is jumping on a skateboard. There is a boy in a red jacket standing in front of him. There is a black fence behind the people.,9.148677781785082e-235,0.07407407155006868,0.8621160387992859,0.016611295681063124
46,A seagull is flying over a body of water with several boats in the water.,There are many boats in the water. There are small waves in the water around the boats. There is a bird flying in the air above the water. There is a hill on the other side of the water.,0.040680969617365885,0.4571428523428571,0.8994759917259216,0.17363387978142072
47,A red and white tram is on the street in front of a building.,"In this image, a downtown business district in an English speaking country is depicted. The image shows a narrow street with sidewalks on both sides, with customers walking up and down the sidewalks and going in and out of stores. The narrow street does not have any cars driving down it, but instead there is a train or streetcar running on rails. The train is white on the top and red on the bottom with a large glass windshield in front and smaller glass windows on the sides. It is coming up to an intersection. At the intersection, there is a sign that indicates only bicycles are allowed on the cross street. All the people in the picture are wearing lightweight jackets, so it must be fall or spring, as there is no snow or rain. There is a store called Dreams, and a sign advertising beds, though it is difficult to tell if they are beds for sale or rooms for rent. If I had to guess, I'd say this is an English speaking country in Europe.",7.191349462899492e-160,0.14173228150288303,0.8401802182197571,0.04022277227722772
48,A bus is on the street in front of a building.,"A bus is on the street. It is currently getting ready to pick some people up and drop some off. The bus is white, purple, and red on the top. The building has a lot of moss on it.",0.029934303803783077,0.29268292290303394,0.8988949656486511,0.1324839327996392
49,A boy with a foal walking in a dirt field. The boy is wearing a brown sweater and a blue jacket. The foal is brown and white. The boy is walking in front of the foal. The foal is walking next to the boy. The boy is smiling. The foal is looking at the boy. The boy is happy. The foal is happy. The boy is walking in a dirt field. The boy is walking in front of the foal. The foal is walking next to the boy. The boy is smiling. The foal is looking at the boy. The boy is happy. The foal is happy.,A young boy is walking with a horse. The young boy has on a black sweater with a blue shirt tied around his waist. The horse is a dark brown color and looks very friendly.,1.0616799128719936e-78,0.4150943346244215,0.879368007183075,0.24687701129249312
50,"A green sign with the number 710 on it is above a street sign that says ""downtown"" in white letters.",a sign is on a pole. the pole is green in color. there is an arrow on the sign. the arrow is white in color. there is writing on the sign.,8.359135331089749e-232,0.3636363587511479,0.8724162578582764,0.15050167224080266
51,A vintage beige pickup truck is parked at a parking meter.,A vintage pick-up truck is parked at the sidewalk. The truck is beige with black roof. At the sidewalk is a black parking meter. The parking meter is attached to silver pole with blue painted letters on it.,0.028795402809534545,0.4736842064127424,0.9161524176597595,0.18002832861189802
52,Man and dog are running on beach.,A man wearing striped swim shorts is standing on sand. There is also a black and white dog standing on the sand. There is a white frisbee in the air above the sand.,3.592694898630992e-233,0.2068965480618312,0.8788757920265198,0.06578947368421054
53,A round wooden table with several plates of food on it. There are two forks and two knives on the table. One plate has a piece of pie on it. Another plate has a salad on it. There are several bowls of food on the table.,There are plates and bowls on top of a table. The table is wooden and there are small bowls in the middle. There is food on the plates. There are knives and forks on top of the plate.,2.1283849233103608e-78,0.5714285664806331,0.9210193157196045,0.3074666292633893
54,A skateboarder is doing a trick in front of a crowd.,A group of people have gather around the skateboarding ramp to watch other skateboarder's skate on it. There is one person in the ramp. It looks like that person fell down off of their board.,1.5963332263636544e-232,0.19512194753123147,0.8914496898651123,0.0920245398773006
55,A variety of donuts and pastries are displayed on a long shelf in a bakery.,a bunch of donuts are being displayed. the top row of donuts are all glazed types. there is a person waiting in a grey shirt.,3.744407004021086e-155,0.3529411716262976,0.8916580677032471,0.23852040816326525
56,A sandwich and a bag of potato chips on a plate.,A bag of potato chips is sitting on a couple of tan napkins on an oval plate. There are two half sandwiches on the plate with the chips. The sandwiches have black grill marks on the tops. There is a yellow mug on the table next to the plate.,0.009758022166248537,0.37209301968631703,0.8909599781036377,0.14059734513274333
57,A three wheeled motorcycle is parked in a parking lot.,there is a big motorcycle in the parking lot. it looks just like a race car. it is blue and gray in  color. the seats are very big. the wheels are very spaced apart. it doesn't look like a motorcycle.,3.773687690711593e-156,0.3243243203798393,0.8744934797286987,0.14379222972972974
58,A man is riding a wave on a surfboard.,A large splash is in front of a wave in the water. There is a large white and black surf board in the water. There is a black dog that is riding on top of the surf board.,3.9489148567744255e-156,0.3999999960888889,0.8896713852882385,0.1366358509215652
59,A parking meter is in front of a car.,A black parking meter with a white sign on it. There is a car parked in front of the parking meter. There is a shadow of a tree on top of the car.,4.3871802752249046e-79,0.5999999958,0.9043087959289551,0.1908335350601146
60,Four bears are on a grassy hill.,brown baby bears are walking in the grass. There is a large log above them next to two large rocks.,1.2039080317728252e-155,0.23076922683431958,0.925638735294342,0.13666072489601902
61,Four blue jets are flying in formation. The jets are leaving white smoke trails behind them.,There are four jets flying in the sky together. Each jet is leaving a trail of puffy white smoke behind the other one. The sky is a bright blue.,3.463963163615999e-155,0.46153845693622625,0.9224953055381775,0.30786201363818694
62,A black and white clock with the word Geneva on it.,The tall large building is in the city. On the front of the building are many windows. It also has a clocks telling the time of different countries. The sky is blue but mostly cloudy.,1.128778049395171e-232,0.05128204723208447,0.8532490134239197,0.06134969325153375
63,"A plate of food that includes a grilled chicken breast on a bun, sweet potato fries, and a side of cranberry sauce.",A plate with a colorful rim on it is sitting on a table. There is a piece of chicken on the plate with salad next to it. There is also a pile of french fries on the plate.,3.2024275685546023e-155,0.2857142807596373,0.8786426782608032,0.12362637362637362
64,"Three large teddy bears sit on benches around a table set with a pink tablecloth, a teapot, and a cake.",A display window is seen with women's underwear on white mannequins inside in a mall. Beside the window there is a toy table with chairs around it which three plastic bears are sitting. There is a toy teapot with slots for coins so children can ride with the bears.,3.398570807286779e-232,0.1454545411834712,0.8653932809829712,0.1193058568329718
65,A knife is on a cutting board with some spices and a bunch of cinnamon sticks.,A piece of wood is sitting on a counter. There is a knife with a black handle on top of the wood. There is a white plate of food behind the wood.,2.3447547273082534e-155,0.3428571379591837,0.8886238932609558,0.17501027960526314
66,Two clocks on a steeple with a red roof.,A tall brick tower has two clocks on separate sides of the tower walls.  The clocks on the tower have roman numerals and gold clock hands.  The center of the clock is burgundy and the outer part of the clock is blue.  The tower has a narrowing tiled and reddish steeple at the tower top. Black metal grills cover arched window openings under the clock.  Full view of the clock is obstructed by stray green leaves on thin brown branches.  The sky is white with clouds.,1.473842328697065e-158,0.1562499978125,0.8539820909500122,0.051085568326947633
67,A snowboarder is jumping over a rail in a ski resort.,A person is jumping in the air on a snowboard. There is a ski lift behind them. There are trees next to the ski lift. There is a lot of snow on the ground under them.,9.179586950925382e-156,0.3529411723183391,0.9008066654205322,0.1044776119402985
68,A tennis player is hitting a ball on a grass court.,a woman is playing some tennis. her hat is white in color. she is wearing a skirt. the skirt is white in color.,4.422467677954348e-232,0.23999999520000007,0.8772573471069336,0.06880733944954127
69,"Large, empty kitchen with stainless steel countertops and cabinets. There is a large window with white curtains. There is a large stove and oven. There is a trash can in the foreground. There is a chair in the background.",a kitchen that is empty isn't being used by anyone. the counters are clean and empty. the grill is black and has nothing on it.,1.2627076138080564e-231,0.17391303851606818,0.8773413896560669,0.20833333333333337
70,A stuffed animal is leaning against a window sill. The stuffed animal is tan and black and is holding a book in its paws. The book is green and has a woman's face on the cover.,A brown teddy bear is sitting in a window sill. There is a book on its lap. There is a white bar in front of the bear. There is a window behind the bear.,2.19875515541973e-78,0.4347826037334594,0.9036259055137634,0.2631578947368421
71,Tennis player in white shirt and red shorts is about to hit the ball.,A woman in a white shirt and red skirt is playing tennis. She is swinging a tennis racket a ball. There is a black fence behind the woman.,0.07777759279025256,0.4571428523428571,0.9114872217178345,0.28822055137844615
72,Three men are posing for a picture. The man on the left is holding a white Nintendo Wii remote. The man in the middle is holding a white Nintendo Wii remote. The man on the right is holding a white Wii remote.,"Three caucasian men are standing against a white wall. They are all wearing black shirts. The man on the far left is holding a white video game controller in his right hand. He has brown hair, and a brown beard and mustache. His shirt has long sleeves. The man in the middle has dark hair that is thinning around his temples. His arms are crossed across his chest, and his right hand is covering his mouth. The man on the far right is wearing a black sweatshirt with gray lettering. He also has a white video game controller in his right hand. He has brown hair, and brown facial hair.",0.06509124151041965,0.374999996128125,0.8705979585647583,0.24670482136663197
73,A man in a wetsuit is holding a surfboard on a rocky pier.,A man is wearing a black wet suit. He is carrying a large white surf board. There are large boulders next to the man.,2.7080309337617233e-155,0.25806451155046833,0.9122075438499451,0.13100436681222707
74,A bathroom with a curved shower and a large vanity with a marble top.,"The vanity in this fancy, large bathroom is very long and is made of medium stained wood. The lighting above the vanity are three hanging, glass covered globes. The counter of the vanity has a sink as well as a vase filled with purple flowers. The walls are white and the tiles are all made of stone. The shower is also tiled with stone like tiles and is very large and open.",2.5901024670272245e-233,0.21052631267466915,0.8775218725204468,0.06797583081570997
75,A woman is walking down a city street with an umbrella.,A woman is holding an umbrella. The woman is coming out of the train station. The picture is in black and white. There are tall buildings in the near distance.,7.617371027725628e-79,0.28571428140408167,0.9025273323059082,0.13238434163701066
76,A red and white bus is parked in front of a large green crane.,"An old fashioned bus is seen on the street. The bus is red on the bottom and beige on the top. A chain link fence is on the right side of the bus, and behind the fence is a large green metal crane. The sky above is gray and cloudy.",3.195552991819009e-79,0.38297871922136717,0.8934965133666992,0.1603448275862069
77,A toilet in a bathroom with a white seat and a white toilet bowl.,there is a toilet in a bathroom. the toilet is white. there are tiles on the floor. the tiles are white and green. there is a bucket next to the toilet.,1.0609510814901087e-78,0.4444444397805213,0.8959551453590393,0.18158063139931746
78,A person is feeding a pigeon on a sidewalk.,a bird is eating out of a hand. the hand is white in color. the bird is eating corn. the corn is yellow. the bird is a pigeon.,1.6764249032303656e-232,0.2727272680991736,0.8690686225891113,0.09578544061302682
79,A toddler is sleeping on a mattress on the floor in a room with green walls.,A baby is sleeping on a covered mattress. His shirt is black white and blue. The mattress cover has designs all over it. There is a doll with a blue and purple hoody nearby.,0.05910964618444839,0.2926829223319453,0.895452618598938,0.13975155279503104
80,A topiary of a bear sits in front of a house.,There is a bush that is shaped into a person. It is in front of a red building. There is houses behind the bush in the distance.,0.05792925638873587,0.2962962918518519,0.8930723667144775,0.20122484689413822
81,A young girl is standing on a snowy slope wearing a yellow life vest and a helmet.,"A young child is attempting to ski. However, no ski poles are being held by the blonde haired child. The child is wearing a yellow vest over a light blue jacket along with pink gloves. The bottom half of the outfit is black pants and grey and red skiis. There is a smooth surface of snow featured.",3.400807201189866e-79,0.26666666291666674,0.8825973868370056,0.12958053952908155
82,A field of green grass and a pond with a few cows standing in it.,"A green pasture is depicted in this image.  The pasture has a lake running through it with clear, calm water.  Grass on both sides of the water is tall and a fence can be seen at the front of the image.  The grass around the fence is really tall.  Cows are on the far side of the lake.",3.8610062495935184e-156,0.29629629245541844,0.8824306726455688,0.0931098696461825
83,A hand is resting on a mouse pad in front of a laptop.,A hand is reaching for a black and silver mouse. There is a laptop next to the mouse on the desk. There is a speaker next to the laptop.,1.1084612033718837e-78,0.39999999520000007,0.8974805474281311,0.14598540145985403
84,A yellow fire hydrant sits on a sidewalk in front of a brick building.,A yellow hydrant is near street. The hydrant has blue and red accents on it. There are a bunch of trees on a sidewalk overlooking some parked cars and a motorcycle.,1.1741353795716379e-78,0.30769230324786334,0.9058375358581543,0.21544368600682598
85,"Two giraffes stand next to each other in a zoo enclosure. The giraffe on the left has its head turned to the right, and the giraffe on the right has its head turned to the left. The giraffes are both tall and slender, with long necks and spotted coats. The background of the image is a green fence, and there are trees in the background.","Two giraffes are standing together but facing opposite directions. The both have brown patches laid out in different patterns. Some of the spots have smooth edges and some have irregular edges. There are small and large patches, with the smaller patches on their heads and upper part of their necks. Both animals have short furry manes running down the length of their necks. They also have short horns on the top of their heads. They are standing near the wooden fence of their pen surrounded by trees with many green leaves.",3.769215008952559e-155,0.2549019560169166,0.8759318590164185,0.1414027149321267
86,Large pile of oranges sits in front of a yellow truck.,a stand is selling fruit. most of the fruit is oranges. there are bags of oranges next to the pile. the truck is bright yellow.,1.8243182836596457e-155,0.285714281122449,0.9050647020339966,0.0847457627118644
87,A black and white photo of a train with the number 32670 on the front.,There is a train on the train tracks. The train is black with white numbers on the front of it. In the distance you can see trees with green leads and a black metal fence.,2.1843165772271813e-155,0.3999999954500001,0.8763061761856079,0.18181818181818182
88,Kitchen with red and white checkered tiles behind sink. There are lemons on the counter.,A kitchen sink and dishwasher is shown. The tiles on the wall are white and have some red ones. There is fruit sitting on the table and the area is pretty tidy.,2.121726867714178e-155,0.24999999531250006,0.8898956775665283,0.1485148514851485
89,Man surfing on a wave.,"A man wearing blue trunks is surfing. He is facing towards the wave. His face is not visible, and his body is turned to the side. He is using a white surfboard and only the front of which is visible.",1.3211798702253508e-234,0.16666666427469137,0.8671464920043945,0.05479452054794521
90,Surfer riding a wave with a surfboard.,A person is standing on top of a white surfboard. There are three small hooks on the bottom of the surfboard. There is a large white splash in the water from the man.,3.592694898630992e-233,0.13793103120095132,0.8793572783470154,0.049342105263157895
91,A man is flying a large orange balloon.,"There is a boy in the foreground of the picture. He has his back to the camera. He is wearing a blue short-sleeved shirt, blue shorts, blue socks, and white sneakers. He is standing in a green grassy field. The day is sunny and the sky is bright blue. The boy is getting a kite up into the air. The kite is black, white, red, orange, yellow, green, blue, and purple. In the distance there is a fence separating the grassy area from a hill. Behind the hill is an orange spherical hot air balloon. The hot air balloon's basket cannot be seen.",1.0666055816096102e-236,0.10958903914430478,0.8562948703765869,0.026737967914438502
92,Microwave on sidewalk next to chain link fence.,A dark street with a wire fence surrounding a building. There is a light in the distance. A sign on a pole is halfway on the sidewalk.There is a microwave and other debris on the walk.,3.2711852564939737e-233,0.1818181781450873,0.861050009727478,0.03012048192771084
93,"A blue car with a surfboard on the roof rack is parked in a parking lot. The car is parked in front of a building with a sign that says ""Quiznos Sub"".",A blue car is parked in a parking space. There is a blue and gray building behind the car. There is a white surfboard strapped to the top of the car.,0.20668664148839594,0.5333333283555556,0.9155324697494507,0.3421422829581993
94,A close up of a vintage typewriter with the letters WERTZUO on the front.,the keyboard is very old fashioned. the buttons stick up straight. the color of the typewriter is dark black. the letters are labeled in white. it's sitting on a wooden table.,2.028006208896108e-155,0.30769230324786334,0.8603378534317017,0.13651877133105805
95,An empty boat ramp is surrounded by trees.,There is sand and a little bit of water on the ground. There is a bunch of trees behind a building on the other side of the water. There is a blue building behind the water.,3.2711852564939737e-233,0.14814814397805223,0.8824219703674316,0.01506024096385542
96,A yellow and gray train engine is sitting on a track.,a train is sitting on some tracks. the train is yellow in color. the train has some black numbers on it. the train has black wheels.,1.0363414593476227e-78,0.2962962914677641,0.9085595607757568,0.12244897959183673
97,A man sits on the beach with a surfboard and beer.,A man is sitting on his surfboard. He is on the beach surrounded by other surfboards and some glass bottles of beer. The ocean is in the background and the horizon is very bright but cloudy.,4.802299253569838e-79,0.3999999960125001,0.9203593730926514,0.13432835820895522
98,A man is driving a tan car with a dog in the front seat.,A couple of people are sitting in a vehicle. The car looks very retro and vintage. There is a woman and man in the front. On the woman's lap is a small brown dog.,1.6368398022371681e-155,0.3902438981082689,0.9078211188316345,0.140625
99,A green plate with a slice of quiche on it. The quiche has black olives and red and orange peppers on it. The quiche is on top of a pile of purple cabbage.,"A square slice of pizza is on a round green plate. There are mushrooms, black olives, and tomatoes on the pizza. There is purple and white cabbage on the plate next to the slice of pizza.",5.5918463979972955e-155,0.38297871840651887,0.9167822003364563,0.2380952380952381
100,A pug dog wearing a red heart-patterned tie.,This photo is taken inside of a living room of a home. A brown and black dog is sitting on a red leather couch. A red and white tie is hanging around the dog's neck. There is a colorful area rug on the floor. Different objects can be seen on top of a brown cabinet behind the dog.,1.4886743136386515e-157,0.20833333055555558,0.8671450018882751,0.03773584905660377
101,A small white and red airplane sits on the edge of a lake.,"A plane sitting near a body of water. The plane is vintage and it is white, red, and black. There are a lot of clouds in the sky and there is a little box near the plane.",2.2645950747540455e-232,0.2051282006837608,0.904121994972229,0.08670520231213873
102,"A young woman is sitting on a stone bench with a small dog. The woman is wearing a black jacket and blue jeans. The dog is white and brown and is wearing a red collar. The woman is holding the dog's leash in her right hand and is petting the dog with her left hand. The dog is leaning against the woman's lap. The bench is made of stone and is located on a cobblestone street. In the background, there is a street light.",A woman in a black jacket and jeans is sitting on a cement bench. There is a white dog with a red harness on that is next to the woman. The woman has dark hair.,0.08130898966611173,0.4931506802702196,0.9061925411224365,0.41307268170426076
103,A tennis player is standing on a red court with a Wilson racquet in front of a large building.,a tennis racket is being held up. the logo is red in color. the rim of the racket is black in color. thee is a man in the background.,8.385295854380919e-232,0.2857142807183674,0.8765969276428223,0.14285714285714285
104,A person is flying a kite in the sky.,"There is a rectangular parachute in the top right of the image. The parachute is printed with what looks like a television channel 'stand-by' pattern. The sky behind the parachute is a deep blue color. There are some wispy clouds close to the ground. A person is looking into the distance from the ground with their hand shielding their eyes from the sun. This person is wearing a dark t-shirt and what looks to be denim shorts. It is difficult to ascertain the gender of this person, but they are probably male. The ground is sandy and covered in grey rocks and pebbles. Green grass and woodlands lie behind the sandy ground, and some low buildings or houses can be seen in the distance (lower right corner of the frame).",7.694821779359553e-84,0.13333333153333335,0.8444299101829529,0.025445292620865145
105,A man is riding a small train on a track next to a large yellow train.,a train is waiting on  track. the train is very bright and is yellow in color. there is a smaller train next to it. a man is riding on the smaller train. the small train is red and black. it has its own set of tracks.,6.60617342894082e-79,0.5238095195351474,0.8960791230201721,0.21074721343057656
106,Two blue plastic containers with food. One container has a clear plastic container with shredded coconut next to it. The other container has sushi with broccoli and corn.,Bowls sitting on a white and brown cloth. There is broccoli and rice in the front bowl and the back bowl has tomatoes and broccoli in it. There is a fruit cup next to the bowl.,4.135134481128206e-155,0.30434782109640834,0.8875684142112732,0.15114524147727273
107,A woman in a white tennis outfit is getting ready to hit the ball.,A woman is bent over on the tennis court. She is dressed in white. She has a tennis racket in her hands. The tennis court is green with white lines on it.,1.8882010981118283e-155,0.43243242772826884,0.898245096206665,0.17616928807947022
108,"A plate of pickled vegetables, including carrots and peppers.","On a small rectangular, white plate, chopped carrots and peppers are covered in a brown sauce. A shine is on all of the vegetables.The plate is on a black surface and a part of a silver spoon is behind it.",2.4444343460425474e-156,0.2926829234027365,0.8715000748634338,0.06775067750677508
109,Rusty bridge with a train going over it.,A bridge over the water. The water has small waves in it. There is a train on the bridge going over the water. The train is white and green. There is buildings and trees next to the water.,2.386801012090566e-156,0.3749999962500001,0.9060437083244324,0.12182539682539681
110,A man is sitting on a bench in front of a railroad track. He is wearing a hat and a vest. He is holding a small object in his hand. There is a suitcase on the bench next to him. There are trees in the background.,A person is sitting on a bench. There is a black bag sitting on the bench. The person is wearing a straw hat. There is a large tree in front of the person.,0.12640874819987347,0.5098039168012304,0.9320144057273865,0.4194680787767003
111,A man with his face painted white and red is holding an umbrella over his head and talking on a cell phone.,"A man with his face painted red and white has a red and white small umbrella attached to his head. He has a phone in his hand, which he is holding by his ear. He also has a red and white scarf around his neck and a red and white cape. His shirt and pants are black. Behind the man are people gathered on the street, standing around.",0.035171140087460015,0.4444444401108593,0.9106913208961487,0.16783320189274448
112,"A freight train is traveling through a rural area. The train is made up of a series of cars, each of which is loaded with a different type of cargo. The train is traveling on a track that is surrounded by trees and fields. The train is moving slowly, and the driver is looking out the window. The train is carrying a large amount of cargo, and it is moving slowly. The train is traveling through a rural area, and the countryside is visible in the background. The train is moving slowly, and the driver is looking out the window. The train is carrying a large amount of cargo, and it is moving slowly. The train is traveling through a rural area, and the countryside is visible in the background.",A grey train with many cars and a yellow front is riding down the tracks. The tracks are in an isolated location with a field on the right and bushes and trees on the left. The trees are bare of leaves. The sky above is blue with puffy white clouds scattered throughout it. The train is about to pass an exchange box.,9.196289246591993e-79,0.26086956022684316,0.8491663932800293,0.1816860465116279
113,A blue bench sits in a park at night.,A white station wagon is parked near a field at night.  There is a palm tree in the field in front of the tree. Across from the tree are three houses with windows in the front illuminated. In the field there is a patch of concrete with a bench sitting on it which is lit up by a park light.,3.42664438846238e-157,0.28571428271553523,0.8872156143188477,0.12793146630236796
114,A baseball player is swinging his bat at a baseball.,a baseball player is on a field which is brown in color and is about to take a swing for a white ball which is coming straight for him. the uniform is white and blue in color and the field also contains a grassy area which is green in color.,7.262690764392637e-80,0.21052631217451526,0.8624832630157471,0.09269323671497583
115,"A blue-jacketed snowboarder is jumping over a rail in the snow. In the background, there are snow-covered mountains and a blue sky.",there is a person doing a jump on a snowboard. the rider is wearing a blue jump suit. the snowboard is white in color.,4.940864024670724e-155,0.33333332839506175,0.8918964862823486,0.3356135842766858
116,Two women playing tennis on a blue court with a blue wall in the background.,A woman is wearing a dark colored shirt and skirt and is holding a tennis racket. There is another lady behind her swinging a tennis racket. They are standing on a blue tennis court.,8.466211279302239e-79,0.2631578902354571,0.8899871706962585,0.1494055566151694
117,Tennis court with people playing tennis.,A bunch of people are on a tennis court goofing off. There are two men and two ladies. The men both have on shorts and the ladies both have on pants.,2.1461875372029916e-233,0.14285713948979603,0.885713517665863,0.08966861598440545
118,"A messy bedroom with a bed, desk, and bookshelves.","There is someone standing at a desk in a small bedroom. There's a bed against the wall that is messy, not made. Above the desk is a window and a shelf with lots of things on it.There's a couple shelves above the bed with things on it too.",1.8167085284303287e-233,0.1904761871088436,0.8792452216148376,0.045351473922902494
119,Elephants are on a riverbank.,"A herd of elephants is walking along the banks of a river. A baby elephant is trailing the herd, while an adult emerges from the river.  There are buildings withe terraces nearby.  Several people are gathered on the terrace looking at the elephants.  Most are standing, while one man chooses to sit.  It is a partly sunny day.",3.995072159288336e-236,0.12244897775926697,0.8503876328468323,0.03795066413662238
120,Skateboarder jumps over ramp in front of palm trees.,A boy is in silhouette against a blue sky. He is doing a trick on a skateboard and is in the air with his knees bent. His long hair is wild and in the air. The boy is suspended in the air over the skateboard but is not touching it. There is a fence beside the boy and palm trees on either side of the fencing.  A couple of white clouds show low in the sky and the foreground is dark in shadow.,3.995737540710518e-235,0.13793103186087993,0.8508557677268982,0.033068783068783074
121,A woman is on the phone in a black jacket and blue shirt. She is walking on a cobblestone street.,A woman is walking on the sidewalk and on the phone. She is holding a black phone to her ears and has sunglasses on her head. There are a bunch of people in the background behind her.,2.1851265631200365e-78,0.49999999525826455,0.906105637550354,0.3411394397230091
122,A large orange lifeboat is being lifted out of the water by a large ship.,A large white bottom boat has an orange cover with small white framed windows. It is sitting in a very blue sea. There are black numbers on top of an orange cover. One person wearing a blue shirt is hanging out a window.,9.856185512025739e-156,0.24489795510204085,0.8684932589530945,0.08706467661691543
123,A man is holding a knife and fork in front of him. He is sitting at a table with plates of food on it.,"There is a bald white man with a goatee and beard. He is handing a styrofoam plate with something white on it to an unseen person with his left hand. In his right hand he is holding a large butcher knife. The blade is red and sticky looking.It has unidentified white chunks hanging from it. O the coffee table in front of the man are several more plates holding triangular shaped food - maybe pizza or cake. There is also a water bottle. There are more people sitting across from the man, but only there legs are visible.",1.952041929318687e-79,0.3617021241896786,0.8775666952133179,0.12055670720894256
124,A black and white photo of a parking meter on the sidewalk in front of a street.,A metal street meter with the road behind it. There is a white car parked on the road and many cars behind a fence in the background.,3.5328343528558906e-155,0.3243243195032871,0.8887989521026611,0.19230769230769232
125,A plane flies over a park with cherry blossoms.,There are lines of purple trees. There is a puddle of water in front of the trees. There are people on the grass in front of the trees.,1.2738074657895048e-232,0.07999999539200027,0.8579702973365784,0.019157088122605363
126,An aerial view of a city from the window of an airplane.,ARIAL VIEW FROM A PLANE OF A CITY BELOW. THE CITY IS  LINED WITH WATER AROUND IT. THERE ARE MANY WINDING ROADS AND MANMADE LAKES.,0.0,0.0,0.8657720685005188,0.12658227848101267
127,"A plate of food with a hot dog, baked beans, and a carton of juice.",There is a plate sitting on top of a green cloth. There is a carton of milk sitting next to the plate on the table. There is a hot dog on the plate.,1.0894238819667973e-78,0.3225806402913632,0.8839600682258606,0.17052283653846154
128,A group of people are standing on a beach with a camel.,"A crowd of people stand on a wet and sandy beach. There are men, women and children in the crowd. There are many buildings off in the distance. The sky above the beach is gray and blue.",1.0599382655374346e-155,0.3589743549243919,0.9026135206222534,0.18297101449275363
129,A tall giraffe stands in a grassy field. The giraffe is looking at the camera. The background is a blur of green trees and bushes. The giraffe is tan and brown with a long neck. The giraffe is standing in a tall green field. The grass is dry and yellow. The giraffe is standing in a tall green field. The giraffe is standing in a tall green field. The giraffe is standing in a tall green field. The giraffe is standing in a tall green field. The giraffe is standing in a tall green field. The giraffe is standing in a tall green field. The giraffe is standing in a tall green field. The giraffe is standing in a tall green field. The giraffe is standing in a tall green field. The giraffe is standing in a tall green field. The giraffe is standing in a tall green field. The giraffe is standing in a tall green field. The giraffe is standing in a tall green field. The giraffe is standing in a tall green field. The giraffe is standing,"A lone giraffe stands in a grassy overgrown field on a clear day.  The filed is dry and brown, with patches of green bushes throughout. Behind the giraffe there is a short thick bushy tree. And in front of the giraffe there are some branches of bushes.",0.03392111474586229,0.4545454495867769,0.8527472019195557,0.2447254468398747
130,"A small building with a sign that says ""No Parking"" is covered in umbrellas, signs, and other items.",a restaurant is sitting outside. there are umbrellas above the door. there is chinese writing on the signs. the doors are red in color.,8.34076112986429e-232,0.1621621571658146,0.8834100961685181,0.06410256410256411
131,A skier is jumping off a snowy hill.,"It is a bright, sunny winter day. We are standing at the bottom of a snow-covered mountain and looking up toward the top. There is a ski lift at the top left of the picture, and many skiers can be seen at different spots on the mountain. In the foreground, one large skiier jumps up and the picture is snapped as he is sailing through the air on his skiis. We are looking into the sun and as the picture is snapped, the sun makes a bright starburst in the middle of the picture.",2.762661307838104e-236,0.061538459379881734,0.8604196906089783,0.029274004683840747
132,A man is waiting at a train station with a bicycle. A train is stopped at the station.,The people are waiting at a train platform. The train is yellow and blue and has a white number 2 on it. There are dotted warning lines on the platform. There is a large metal pole next to the people. The man has a gray hat on and a tan heavy jacket. The other man has on a puffy black jacket. The man has a grey and black bicycle.,0.010943001756444179,0.3137254865974625,0.8749098777770996,0.10172143974960875
133,A person is using a computer mouse on a wooden desk.,A small infant has their hand on a mouse. The mouse is for a laptop. Just half of the keyboard of the laptop is being shown and it all is on top of a wooden table.,9.179586950925382e-156,0.33333332932098775,0.8991676568984985,0.14316174230886383
134,A ginger cat wearing a red and white Santa hat is sleeping on a blue pillow.,An orange cat is curled up on a blue blanket. There is a red and white hat on top of the cat. There is a blue pillow in front of the cat. The cat has one eye open.,0.06120645757611798,0.48780487340868534,0.9192163348197937,0.2676716376564015
135,A chicken standing on straw.,A bird is walking in the grass. The bird has no hair on its neck. The body of the bird is white with black and brown spots. The bird has a dark colored eye and white hair on its head.,1.3211798702253508e-234,0.12499999736328131,0.863481342792511,0.027397260273972605
136,A blue car with a surfboard on top of it is parked in a garden.,A blue car is sitting in a driveway. There is a pink surfboard on the roof. The driveway is surrounded by plants. There is a black shadow under the car. The car is very long.,1.09096737179223e-78,0.43243242772826884,0.9030951857566833,0.17695473251028807
137,A couple cutting a three tiered white cake decorated with purple roses.,A bride and a groom are cutting a cake. There is a tall white cake on a table. There are purple flowers behind the couple.,2.7722880675810885e-155,0.3870967694484912,0.9029507040977478,0.17991092358180966
138,"A plate of food that includes macaroni and cheese, broccoli, carrots, and peas.",a pile of vegetables are on the plate. the plate is blue in color. there are some shredded orange carrots. there is also some yellow pasta.,4.197449719395515e-232,0.062499995312500355,0.8670796155929565,0.060728744939271266
139,Man playing tennis in stadium with ferris wheel in background.,A tennis player stands on the court. The man has just hit the tennis ball. THe man holds a tennis racket. The man wears a colorful shirt. There are a few people watch the game. The sky is blue and sunny. There is a ferris wheel behind the stands. There is a tree by the ferris wheel. The court is blue. There are tall buildings in the background.,2.1925327763547583e-157,0.20408162965431073,0.8691664338111877,0.04823151125401929
140,The kitchen has wood cabinets and a wood countertop. There are several pots and pans on the stove. There is a bowl of vegetables on the countertop.,An island kitchen featuring wood cabinetry with black drawer handles is neatly organized.   Three stainless steel pots rest side by side on a gas range on the island area with silver handled cooking utensils in them.  A pink dish containing some green leafy vegetable and other items also rest on the counter of the island.   In the corner is a pot holder with several pots and pans hung from it.  To the right of the pot holders is a large gas oven with range hood.  Along  the far wall are wooden cabinets and bottles resting on the counter beneath them.,0.010323300025862422,0.2888888854320988,0.877158522605896,0.14376342832895558
141,A young girl with blonde hair is holding a tennis racket and smiling.,A little girls in a white dress and white stockings holding a yellow and white tennis racket stands on a green air grate in front of a white tarp. The wind from the grate blows her hair all around her face. She is smiling at the camera as she stands on the grate.,3.8916192971086277e-156,0.31372548639753944,0.8920294642448425,0.11917359536407156
142,Five people on beach holding surfboards.,"Five people at the beach are carrying surfboards. The people are wearing black wetsuits. Four of the surfboards are white, while the other one is yellow.",3.215574876610551e-156,0.3076923041420118,0.9058976173400879,0.08333333333333334
143,Empty room with large window and refrigerator.,A living room is empty excepts for a white refrigerator on wooden slats so it doesn't scratch the hardwood floors. the kitchen is closed off excepts for a counter which shows the dark room behind the walls. Windows on the wall opposite the kitchen fill the room with light.,1.7272313045467277e-157,0.14285714007936512,0.8614510893821716,0.07045200892857142
144,A group of chocolate and vanilla donuts are displayed on a pink surface.,"A pile of donuts are seen. There are six donuts total. All are chocolate of some sort. Three are chocolate cake and one of them has vanilla frosting, while the others have chocolate, and sprinkles. The other three are covered with milk chocolate. The one in the middle has white filling inside.",3.4180792701399633e-156,0.2745098001230296,0.8726468086242676,0.07276507276507276
145,A set of three containers with food and fruit.,"A flower container sits off to the right side. Two bags that are ink and denim blue are above the plates of food. The bowl in the middle contains a salad. The bottom bowl contains various cuts of vegetables, such as cucumbers and tomatoes and cheeses. To the left of the bowls are two oranges and one red apple. All items are sitting on a black table.",2.2000945677847818e-234,0.13333333078333337,0.8562654852867126,0.032679738562091505
146,Hughes 38 stands on the edge of the plate in a baseball uniform.,a man in a baseball uniform standing on the field putting gloves him with a bat under his arms with the blue baseball helmets is uniform has black and red  writing on but the number 38  he has black and white baseball cleats and brown hair... the field is light and dark green trimmed very well... there is a white base on the ground in the drawer with 2 white squares outlined on the both sides of the home plate.,2.607398049803422e-80,0.19047618739229027,0.8552363514900208,0.11302864938608459
147,A man is snowboarding on a brick wall.,"A snowboarder is shown in midair after making a jump in front of a white brick wall.  Snow has been pushed up to the wall by what looks like it was a bulldozer.  The snowboarder casts a shadow on the wall.  He is dressed mostly in black and gray, with some bright orange accents, the only color in the picture.  The entire image is white and gray.",5.3486135166260435e-158,0.20689654934601664,0.8815770745277405,0.05728314238952537
148,A stop sign is mounted on a yellow pole. The stop sign is red with white letters and a white circle with a red light in the middle. The sign is mounted on a yellow pole. There is a caution sign below the stop sign. The caution sign has a black border and a white background. There is a bicycle parked next to the pole. There are palm trees in the background.,"A red and white stop sign is mounted on a yellow pole on sidewalk.  Under the stop sign is a triangular ""caution"" traffic sign.  A bicycle is parked behind the yellow pole of the stop sign.  A white wall building with a red roof is directly behind the stop sign as well.  Three human silhouettes and the silhouette of a shopping cart are on the triangular caution sign.",0.1569330675304669,0.4788732344455466,0.9043446779251099,0.29970760233918126
149,"Three elephants, one of which is a baby elephant, are standing in a pen. The baby elephant is standing in front of the other two elephants and has its trunk raised in the air. The other two elephants are standing behind the baby elephant. The background of the image is a forest.","There are three elephants in front of a wooden fence. One elephant is large, the other is a baby and the third is slightly smaller than the large one. Al elephants are a light brownish-gray color. Behind the enclosure are trees with green leaves.",2.650251319691411e-78,0.37499999501953135,0.8811257481575012,0.29996357266865076
150,A black cat is laying on top of a laptop.,"A black cat lays on the keyboard of a laptop. the cat is yawnin as it lays down. The cat has a long tail. The laptop is turned on. The laptop is on the desk. There is a bookshelf on the wall, which is filled with many things. There are books on the floor. There are other items next to the wall.",3.889951392782337e-80,0.34042552856496155,0.8947110176086426,0.07922535211267605
151,Two women are sitting on a bench in a busy airport. One woman is wearing a white shirt with polka dots and the other is wearing a striped shirt with denim shorts. The woman in the polka dot shirt is holding a red suitcase and the woman in the striped shirt is holding a black suitcase. A little boy is standing in front of the red suitcase.,two girls are sitting on a bench. the bench is wood and brown. they are looking at a baby. the baby is blonde and little.,0.04447900944701866,0.32727272286942155,0.8725979924201965,0.2875139781940173
152,A man stands in front of a large building with a North Korean flag on top.,"A man in a black button down shirt, and a gray tie is seen standing in front of a tan building in a city. The building has a picture of a man on the front and Korean letters on either side of the image. A large concrete platform is in front of the building and two men are walking on the platform. A blue and white public transport bus is on the side of the building.",0.004982481599124261,0.3214285675063776,0.8801683783531189,0.13526785714285713
153,In the front of the picture there is a green grassy hill with a blue and white house on top of it. There is a fire hydrant on the side of the hill. In the background there are some trees and bushes.,A white and blue fire hydrant is sitting on the corner of a rural street. The house in the background is brick and has blue doors and window decorations. It appears to be fall according to the colors of the leaves on the trees.,6.60321953052081e-155,0.36065573273851115,0.8895555138587952,0.33691653982749875
154,A large stone building with two clocks on the top of it.,A large brown building has a clock tower. The clock tower contains two clocks. The clocks have a white face with black hands and numbers. The numbers are roman numerals. The clock tower also has a flag. The flag is blue on a white pole. The building is huge with many windows. The sky is overcast with clouds.,1.5488441827565607e-156,0.2978723366229063,0.888587236404419,0.0749063670411985
155,"A table full of food with a blue tablecloth. There are 3 trays of food on the table. One tray has carrots and celery, another tray has cheese and crackers, and the third tray has soup. There are also bowls of fruit and vegetables on the table.",the table is full of snack foods. there is a big black tray on the side. the tray is full of small plastic cups. the cups are full of shredded cheese and hot sauce. there is another tray of hot sauce next to it.,6.281820485449565e-155,0.3859649072945522,0.8962706923484802,0.2144469525959368
156,A man and a child blow out the candles on a birthday cake.,"The man is bending over the table. On the table is a birthday cake. The candles are lit. The man is trying to blow the candles out. The man seems to be holding his infant in his other arm while doing this. This is taking place inside a house, in the kitchen area.",1.936283228981176e-79,0.2916666629166667,0.8755195736885071,0.11917359536407156
157,Zebra standing in tall grass in front of a forest.,There is a zebra standing on a gravel type road. The zebra appears to be standing near a tree. There are a lot of trees ad bushes to the right of the zebra. It is very sunny outside which is evident by the shadows cast by the trees.,3.016265773146727e-233,0.1463414599881024,0.8744029402732849,0.045248868778280535
158,"A baseball game is underway. The batter is Ross, number 12. The pitcher is wearing a white uniform with a blue cap. The catcher is wearing a black uniform. The umpire is standing behind the batter. The pitcher is in mid-windup. The batter is in the batter's box. The catcher is standing behind the batter. The umpire is standing behind the catcher. The pitcher is looking at the batter. The batter is looking at the pitcher. The catcher is looking at the pitcher. The umpire is looking at the pitcher.",There is a man in a white uniform wearing a black cap pitching a baseball. There is a man standing behind him wearing a black shirt and gray pants. There is a player in a white uniform that is swinging a baseball bat about to hit the baseball. Behind that man is another man in a black shirt and gray pants who is crouched down wearing a helmet and face guard.,1.659052469129453e-78,0.36923076426035506,0.8538686633110046,0.20242722146014325
159,A line of fire trucks with the one in the front having a ladder on top.,"Modern fire engines park along a tree lined street.  The truck at the front of the procession is a ladder truck, with the long, white ladder and bucket on top of the rig.  The sky is deep blue, and it seems like a grassy park like area.  Two people can be seen in the distance, side by side.",6.904168596709481e-156,0.30508474197069807,0.8823009729385376,0.1466091814962275
160,A laptop computer is open to a website called Standards Next.,"An open laptop sits on a rustic wooden table. A lamp sits on the left of the laptop shining light on the table. A bunch of small glasses are on the table near a brown wall. In the distance a shelf with liquor is on a white wall. A table in front of the shelf is covered with empty, upturned glasses.",1.5879500106166933e-233,0.17391303983931955,0.8377565145492554,0.044642857142857144
161,A ceramic duck toothbrush holder holds four toothbrushes.,A picture of a tooth brush holder. The holder is red and in the shape of a bird. There are three toothbrushes inside of the holder. There are different colored bristles on each toothbrush. There is a keyboard beside the holder and a calendar is under the holder.,8.680023804553935e-234,0.15789473351800565,0.8940435647964478,0.03409090909090909
162,Man feeding giraffe at zoo.,There are two giraffes behind a fence. The fence is silver. There is man in a blue floral print shirt standing in front of the fence. The man is wearing a black cap.,0.0,0.0,0.8604068160057068,0.033112582781456956
163,A clock that says 'Orioles' on top of it.,The clock is lit up because it is night time. The sky is very dark. On top of the clock is a baseball team sign. The face of the clock is white. The letters and clock hands are black. Around the circle of the face is yellow.,9.88397396555445e-157,0.2051282015779093,0.8595452904701233,0.08611111111111112
164,A man is skateboarding in mid air.,"A man in a taupe tank top and black shorts is doing a trick with a skateboard. He is in the air, and holding the skateboard with one hand. In front of him is a black and white wall with a cartoon face painted on it. The sky above is mostly clear with one long wispy cloud.",6.5504547176477774e-158,0.1702127634223631,0.8736423850059509,0.048076923076923066
165,A girl sits on a brick wall in front of a tree.,A teenage girl sits on a low brick wall and texts.  She is dressed in a cool summer top and bluejeans.  She has slipped off her shoes to be more comfortable.  The wind is blowing her long hair.  She has put her purple backpack on the wall next to her.  She enjoys the shade of a nearby tree.,0.006711947443251257,0.37037036712620025,0.8786831498146057,0.14958058625065773
166,A man in an orange jacket is walking down the sidewalk next to a man in a blue shirt.,This photo is taken outside on a sunny day. Two men can be seen on a sidewalk near a brick building. A large black trash can is near one of the men. Large green trees line the sidewalk. A road is beside the sidewalk and across from it is a large building. Vehicles are lined up on the street in front of the building.,5.282603383749957e-156,0.20689654772889424,0.8695999979972839,0.05882352941176471
167,A United Express plane is on the runway.,A white airplane with a blue tail on it. There is a black and yellow sign on the ground in front of the plane. There is a orange and white flag hanging from the plane.,2.63873835879709e-156,0.24242423875114788,0.8594748973846436,0.06191950464396285
168,A tall clock tower stands in a town square.,There are three buildings in a line and a tall clock tower across the street from the houses. The photo is in black and white. There are large gray clouds covering the sky.,3.5247853121490964e-79,0.2285714247510205,0.8931113481521606,0.16702977487291212
169,Two signs hang outside a pub. One sign points to Sandridge JMI School and the other to HOSDB.,"This is a street corner. There are two street signs on a pole, with black text on a white background with a black rim. The one on top says ""Sandridge JMI School"" and the one on the bottom says ""HOSDB."" They are both pointing in the same direction, indicated with a black arrow on the sign. Behind the street corner is a building with a shingled overhang supported by dark green columns. There are three or four hanging baskets with flowers hanging from the underside of the overhang. The building is brick and two stories, with two windows flanking a dark sign with pale text reading ""GREEN MAN Good Food."" Behind the sign is a large amount of green climbing vine which obscures the sign for the next shop. There are the tops of two standing signs just visible in the foreground of the picture, and a couple of benches sitting on the sidewalk in front of the building.",2.212107509689538e-158,0.11650485161278165,0.8583415150642395,0.03450655624568669
170,"A bus station with a sign in the middle of the building that says ""Bus Stand Mukenian"" in both English and another language.","A commercial garage for buses is shown on a cloudy day. There are three buses in the parking lot, two of which are near the garage doors as if they were entering the garage. There are four garage bays that are empty with their doors open. There is a small cart in front of the door farthest right. On top of the building there is a blue sign with white writing.",3.5769958687872447e-79,0.19999999580000008,0.8507283329963684,0.12065866020823449
171,A close up of a black bear.,A large black bear is standing on a field. There is grass and dirt behind the bear. The bear has brown eyes and brown fur around its mouth.,7.886156033744403e-233,0.19999999642222227,0.8683002591133118,0.07722007722007723
172,A woman in a pink Ford shirt and shorts is running in the water carrying a surfboard.,A woman is wearing a pink shirt. She is standing in the water. There is a wave behind the woman. She is holding a white surfboard.,4.931173948650694e-155,0.6060606011019284,0.9247705936431885,0.17928286852589642
173,A little girl in a red hoodie walks down a narrow alleyway between two rows of school buses.,A young woman is walking between rows of buses.  The woman is wearing a red hoodie and black pants.  She is looking away from the camera.  The woman has dark hair.  The buses seem to be stopped at a red traffic light.,8.773187019868723e-79,0.31999999551200004,0.8943671584129333,0.16047979797979794
174,A cake decorated to look like a field with the year 2013 on top. The cake is surrounded by other cakes and cookies.,"A cake shaped like a high school track is half eaten and below it is written in blue frosting is ""Thank You Coaches"". On the table near the cake is a tray of cookies, cupcakes, a cobbler, and a dessert bar. beneath the cake there is a beige table runner with plums on it.",1.9123239669972454e-155,0.26229507735554963,0.874377429485321,0.14496016153678237
175,A market with a man in a blue and white striped shirt walking in front of it.,There are many people at a market. The middle aisle has fruit. There are green watermelons. There are also yellow bananas. The man on the left is wearing a striped shirt and blue jeans.,2.1979105710316045e-155,0.23255813499188757,0.8883812427520752,0.14848044480950273
176,A group of people are sitting at a table having breakfast.,There are several people sitting around a table. There is a lady standing in front of the table. There is a white sign behind the table. There is a picture in a frame on the wall next to the sign.,1.0713823161543933e-232,0.28571428140408167,0.8928155303001404,0.08086253369272237
177,A sign on a brick building that says Playhouse Yard EC4.,"A brick building has a window with white metal bars over it. There are two cameras on the building, one on one wall and another behind the corner. Under the camera there is a street sign that says Playhouse Yard. There is another building to the right of the brick building.",1.3077224781027465e-79,0.3673469352936277,0.8894891738891602,0.1464407670081429
178,Six men posing for a picture at an amusement park.,"A group of people is standing outside at an amusement park that looks like Six Flags as there are large roller coasters in the background. It looks like a nice day with a sunny sky and no clouds. The group consists of 6 men, most of whom appear to be on the spectrum from overweight to obese. Their ages appear to range from 45 - 70 years old. Three gentleman are standing in front and three others are standing in back. They are wearing laynards with colorful badges around their necks. Four guys are wearing glasses and one is wearing sunglasses. Most are in casual, vacation attire, except for one guy who is wearing a tie. There are a couple other people in the background who appear to be in in line for something.",1.8073685450044203e-83,0.11999999820000003,0.8453219532966614,0.04707639634801288
179,A woman is lying on her stomach on a red surface. She has a small brown bear sitting in front of her. The bear is holding a wooden sign with the apple logo on it. The woman is smiling and has her chin resting on her crossed arms.,A woman is smiling in the camera. In front of the woman is a small brown bear figurine with a laptop. The laptop has an Apple logo on it.,0.12245315088138854,0.5517241330796672,0.9058869481086731,0.5940560745376574
180,Crowds of people are gathered on beach with surfboards and other equipment.,There are a lot of people standing on the beach. There are waves in the water. There are a lot of surf boards surrounding the people.,1.9380582909615463e-155,0.357142852244898,0.9061374068260193,0.10162601626016261
181,A handsome young man stands on a blue and red oriental rug in front of a green couch. He is wearing a black suit with a blue vest and tie. The couch is covered in red pillows. There is a coffee table in front of the couch with a book and some other objects on it. There is a painting on the wall behind the couch depicting cherry blossoms.,A doll is dressed up in a black suit with a silver vest. There is a green couch with red throw pillows on it behind him. There is a gold table in front of the couch.,0.15392836452884984,0.571428566689796,0.9143315553665161,0.551816552990951
182,A red fire hydrant sits in a grassy field next to a wooden fence.,The fire hydrant is red orange. It has two silver chains. Behind the hydrant is a wooden fence. Inside the fence is the foggy area of the forest.,1.3537753240181714e-78,0.29411764233564014,0.9127252101898193,0.21520638330520175
183,The inside of a train car with two sinks and two toilet stalls.,Someone is taking a picture from inside the airplane bathroom. The bathroom is very small and close. The person has on an olive green top and a carrying bag.,3.96297377040712e-232,0.22222221777777784,0.8768047094345093,0.10948905109489052
184,"Office cubicle with a computer, keyboard, mouse, and other office supplies.",There is a white desk against a yellow wall. There is a computer on top of the desk. There is a black keyboard in front of the computer. There are bottles on the desk.,1.2362032240989255e-232,0.06666666202222254,0.8666161894798279,0.015772870662460567
185,A double decker bus with First on the front and a sign on the side that says Sorry Not In Service.,A large double deck bus is driving on the street. There are people standing next to the bus. There is a large red building behind the bus.,4.027636476591304e-155,0.30769230269559505,0.8771617412567139,0.13257575757575757
186,Large rocks with painted words and symbols on them. The word stop is painted in red and white on one of the rocks. The word kchemon is painted in red on another rock.,"Three rocks sit in a semi-circle on top of a rock ledge.  The rocks each have something painted on them.  The largest one in the middle has a stop sign.  On the right is a light blue circle rimmed in red, with a black line through the center.  On the left is some red lettering in Russian.  Lush trees are in the background.",8.833570281975385e-79,0.3235294073875433,0.8707647919654846,0.17363683127572016
187,A large building with a brick and checkered facade has a tall black clock with two faces on it.,There is a clock tower in front of the building. The clock tower is gray in color and it has a total of four facings. The hands are black and the face plate is white. The building behind it is brown in color. The building has long rows of windows on the second story. It has patches of checkered patterns in different spots along the face and at the end of the windows on the second floor. The sky is clear and blue. You can see a tree with no leaves on the right side of the picture.,9.647503585438473e-157,0.21917807861887786,0.8784459233283997,0.06659267480577136
188,Tennis player in white outfit playing tennis on blue court with IBM sign in the background.,A person wearing a white tennis outfit is wearing a white visor. They are swinging a tennis racket. There is a person in a yellow shirt.,6.895396983435736e-232,0.24999999501953132,0.8877267241477966,0.1
189,Two dogs are running on the beach. One dog is brown and the other is black. The brown dog is running away from the black dog. The black dog is running towards the water. The water is blue and white. The sand is tan.,"A small brown dog is running down the beach, very near the shore, looking at another dog. The other dog is black, and is running through the water right near the shore. You can see waves coming into the shore.",0.0889547148913715,0.30769230275887577,0.9078500866889954,0.3018636351169743
190,Two traffic lights hang on a wire between two houses.,There are two yellow lights hanging from a black wire. There are two green trees under it. There is a tan building next to the trees. There are several signs next to the building.,1.2231560863259333e-232,0.2499999957031251,0.8812211751937866,0.11772151898734177
191,A sandwich is on a table. The sandwich is wrapped in paper. There is a bottle of beer on the table. There is a man in the background.,This is a photo inside of a pub.  A sandwich on a roll wrapped in a napkind is sitting directly in front of the camera.  Bottles of beer line the counter top.  A man in a striped shirt stands behind the bar.,5.400852717582829e-155,0.42553191027614307,0.8935797810554504,0.3150656814449918
192,"Bathroom with black and white checkered floor, shower curtain, and window with curtain.",a bathroom is set up. the tub is white in color. the tub has legs on it. the light is turned on. the mirror is very small.,3.2682911333820065e-232,0.06666666202222254,0.8605369329452515,0.0390625
193,A man and a child are skiing down a snowy slope.,An adult and a kid is on the snow. The adult is teaching the kid how to ski. The kid is wearing an orange jacket and black leggings. He is also wearing a helmet. The adult is wearing a yellow green jacket and black pants. There are bare trees visible.,1.8796097853543988e-156,0.14634145972635346,0.8799731135368347,0.0650759219088937
194,"A kitchen with white cabinets and a white countertop. There is a toaster, a microwave, and a sink. There is a window above the sink.",White cabinets are in a kitchen. There is a window above the sink with white curtains. There is a white microwave on the counter.,0.28089241320678904,0.5882352891349482,0.9344549179077148,0.503747142010331
195,A crowd of people are holding umbrellas in the rain.,Many people are walking with raised umbrellas on a city street.  The umbrellas are a variety of colors.  The people are walking on a sidewalk lined with businesses in stone buildings.  The businesses and stores have awnings and several flag poles attached to the front of the businesses.  The flags are American flags.  To the right of the umbrellas is a city street lined with vehicles including one white van. On the sidewalk are also black traffic lights and street signs.  One street sign has a black and white arrow on it and the other sign is blue with white type.,8.463882304917958e-159,0.18181817924701563,0.8545283675193787,0.043525571273122954
196,A large black ship is docked in a harbor. The ship is named BRUNEL and is from Great Britain.,"A large ornate old cruise ship is seen docked at a port. In front of the ship there is a banner which reads ""Brunel's ss Great Britain"" to the left of the ship there is another ship, this one rusty which is flying lags of various countries. To the right there are some warehouses. The sky above is blue with a few fluffy clouds.",7.03362427717593e-156,0.21874999625000005,0.8745093941688538,0.10084033613445377
197,Several pieces of pottery sit on a white shelf in front of a white brick wall.,"Two red, blue, yellow, and cream candle holders sits on a white shelf next to a small plate. On the table below thee are plates shaped like flowers. The wall behind the shelf is cinder block painted white. On the left of the shelf there is an unpainted wooden bookcase.",0.02023621075016958,0.1851851815294925,0.8732443451881409,0.07510729613733906
198,A long line of people on horseback ride along the beach. The horses are all saddled and the riders are wearing casual clothes. The sun is setting and the sky is clear. The beach is sandy and there are footprints in the sand.,"A large sun hangs in the sky, with a long group of people riding horses below it. They are on a beach, and the reflection of the sun is prominent in the water. You can see footprints in the sand near the foreground of the picture, and tire tracks are imprinted there as well. The sea is rather choppy, and you can see waves forming and crashing down. There are probably 30 horses in the picture, and 10 or 15 riders.",1.0019361440686122e-78,0.3448275816197649,0.8930503129959106,0.21092311847445216
199,A copy of the Embroidery Stitches book is on top of a copy of the Complete Guide to Embroidery Stitches book.,There are books sitting on a bed. There are white blankets on the bed. There is a lamp next to the bed. The book on the bottom of the pile is white and green.,2.9838942314776438e-155,0.3428571380571429,0.8333356976509094,0.17857817042322652
200,A cat is sitting in a white sink.,A cat is inside of a sink. The cat is brown and striped with black and is looking at the camera. The cat has a collar on and the eyes are big and yellow.,1.9669540854732417e-79,0.31249999625,0.9088546633720398,0.07961783439490447
201,The interior of a cathedral is very tall and narrow. The walls are made of stone and the ceiling is made of wood. There are many windows and chandeliers. There are pews for people to sit in.,Its the inside of a very large cathedral. It is massive and beautiful. There are a large amount of rows of seats on both sides. The beams on the inside on both sides are white and large. There are gold candle items hanging from the ceiling.,5.014297412391212e-155,0.35087718799630657,0.8908873200416565,0.2198114148489707
202,A group of cows are standing in a green field. The cows are mostly black and white. There are a few cows that are brown. The cows are standing in a group. The cows are looking at the camera. The cows are standing in a field. The field is green. The cows are standing in a field. The cows are standing in a field. The cows are standing in a field. The cows are standing in a field. The cows are standing in a field. The cows are standing in a field. The cows are standing in a field. The cows are standing in a field. The cows are standing in a field. The cows are standing in a field. The cows are standing in a field. The cows are standing in a field. The cows are standing in a field. The cows are standing in a field. The cows are standing in a field. The cows are standing in a field. The cows are standing in a field. The cows are standing in a field,Lots of dark colored cows stand on top of a hill. There are trees behind them and long tall grass under them. They have green and yellow tags in their ears.,1.8936819225190526e-155,0.3076923027218935,0.8256804943084717,0.1098901098901099
203,A red stop sign with the word PARE on it.,A pole holds a red sign on it. There are cars lining the street. There is a black fence behind the sign. There are white clouds in the sky.,1.1336784345420644e-155,0.374999995703125,0.8789606094360352,0.15733907339073389
204,Man in white shirt and black shorts catching a frisbee.,The man is wearing a white shirt. He has brown hair. He is holding a frisbee. The frisbee is green. It has black graphics on it. He is also wearing black shorts.,7.588898180699358e-156,0.38709676982310093,0.9032925963401794,0.12483221476510067
205,Man holding umbrella with floral pattern.,The rain is coming down heavy outside on the street. There is a person crossing the street at the corner. Someone is holding an umbrella with big flowers on it. The sky is cloudy and grey.,5.6519694558963347e-157,0.17647058532871976,0.876339852809906,0.07744107744107744
206,A woman is sitting at a table in a restaurant. She is wearing glasses and a black jacket. She is holding a cell phone in her right hand. There is a cup of coffee on the table in front of her.,There is a woman sitting at the table. There is a black remote on the table. There is a white plate with a white cup on top of the plate. There is a spoon on the plate.,2.3654818572193524e-78,0.5217391256710776,0.9025858044624329,0.36805968178517195
207,"A bathroom with a window, a mirror, a toilet, and a bathtub.",A very detailed and neat bathroom. There are wooden accents in a majority white room. The bathroom is vintage and is black on the outside.,4.6853530478681746e-232,0.25806451200832464,0.8779821991920471,0.08438818565400844
208,A gold and black circular clock with Roman numerals sits on a dark surface.,A clock sits on the ground. There is a white face with golden hands. There is an ornate black and gold design around the face of the clock which more than doubles the side of the clock. The clock sits on a black surface that appears to be the street. People are standing around the clock and five pairs of shoes are visible.,1.1112464560909975e-79,0.327272723477686,0.8786048889160156,0.1280550774526678
209,Three cows are grazing in a green field.,There are brown and white cows in a field. There is tall grass and yellow flowers in the field. There are trees in the distance around the field.,6.693164597921839e-156,0.38461538035502957,0.9045194983482361,0.09615384615384615
210,A long gray train with red advertising for Ringling Bros. and Barnum & Bailey is parked on a track in front of a sign that says Moline.,"A gray train is riding on it's tracks. Three train cars with red stickers labeled ""Ringling Bros. and Barnum Bailey"". All around the train tracks there is tall over grown grass, and gavel beside the road near the train tracks. Behind the tracks are a number of trees.",1.2831946491507258e-78,0.3809523761048123,0.8999301195144653,0.17184257003261527
211,A dog is next to a laptop.,There is a silver laptop with black buttons on it sitting on a couch. There is a dog laying on the couch next to the laptop. The dog is white and has black spots on its ears.,1.5010430199514139e-156,0.38709677069719045,0.8836861848831177,0.1683673469387755
212,A yellow double decker bus with the word Trotters on the side.,there is a big yellow bus that is parked. the bus is two stories. there is an ad on the side of the bus. there are four black tires. there is a white bus next to the yellow one. the buses are parked on green grass.,3.8705278963617063e-156,0.2631578906232687,0.8666765689849854,0.07042253521126761
213,A black and white picture of a man holding a red umbrella.,"The cement side of this building has a silhouette of a man painted in black, to resemble a shadow next to the electrical box on the outside.  On the ground by his feet is a silhouette of a cat.  The man holds a red umbrella in his outstretched hand, to protect the cat from rain.  A bowler hat is on his head and he wears a calf length raincoat.  Graffiti is written over the black silhouette of the man, as well as a few places on the wall.  Some is spray painted onto the electrical box.",4.0896304160327275e-81,0.22535211005752828,0.8551206588745117,0.066661029370314
214,A tree with a bench under it.,The blue water is off to the side of the park. There are a lot of people standing by the water. Some people are sitting down on park benches underneath the trees. Each tree has leafs that are changing color due to the fall weather.,5.846456146241158e-234,0.09756097277810835,0.8849059343338013,0.03640776699029127
215,A baseball player is standing on the field with his batting stance. He is wearing a blue and white uniform with the number 11 on the front.,"A man wearing a blue baseball shirt, white pants and a blue hard hat is holding a black bat. He is wearing white gloves on his hands. He is standing on top of dirt.",3.2622864868536165e-78,0.5106382928927117,0.8903980851173401,0.25211435925721637
216,Bathroom with two sinks and a mirror.,"The counter top in a bathroom of a hotel room is made of marble and has two white inset sinks. there is a basket of toiletries on the left, and a box of Kleenex on the right. There is a glass shelf behind the counter with a small bottle in front of a card, and two glasses turned upside down. There is a mirror with a decorative frame on the wall behind the sink.",5.775057044541696e-159,0.19230768997781067,0.8694606423377991,0.037147102526002965
217,"A narrow street with a red triangle sign on the left. The sign has a picture of two people walking with a child in front of them. The sign is on a metal post. The street is lined with tall buildings. The buildings are made of red brick and have many windows. The street is made of red bricks. There is a car parked on the street. The car is black. There is a bicycle parked on the street. The bicycle is black. There is a sign on the building on the right. The sign is white with black letters. The sign says ""US 58 729"".","A sign is shown on a sidewalk. The sign is triangular, red and white, and has two people walking on it. There are a couple of cars parked on the street near the sidewalk.",1.8241460318903286e-78,0.4799999954702223,0.8903178572654724,0.3705436893203884
218,A market with a variety of produce and meat.,"There are tables that have vegetables on them. There is a pile of raddishes, a pile of carrots, a pile of peas and some potatoes. There is a lady standing there with an apron on.",8.276261240932024e-233,0.24242423845730032,0.8696240782737732,0.0771604938271605
219,Surfer sits on surfboard in ocean.,A person in a black suit is sitting on a surf board in the middle of the ocean.  The ocean has a lot of waves that are white.  The man is sitting waiting on a wave to roll by.  The water is very choppy.,2.7209408818404306e-234,0.16216215944485027,0.8786391019821167,0.06218905472636816
220,"A red truck is parked on a city street. The truck is parked on the side of the street. The truck is white and red. The truck has graffiti on the side. The graffiti is colorful. The graffiti says ""AIR"".",There is a white and red truck parked on the street. There is graffiti on the side of the van. There is a building behind it.,0.16925466459550803,0.68421052132964,0.924080491065979,0.4863821097114666
221,A group of people are sitting at a table playing video games.,Some people are gaming together in a room. They all have there own computers and are focused on the game they are playing. They all appear to have some snacks and drinks next to them.,8.519444726683142e-156,0.19999999580000008,0.8974912762641907,0.045871559633027525
222,A man in a yellow raincoat is walking down the street. He has a blue umbrella and is holding it on his head. He is wearing a yellow raincoat and has his hands in his pockets. He is walking in the rain. There are other people walking in the background.,A man in a yellow rain coat is walking on the sidewalk. There is a woman standing next to him carrying a blue and white umbrella. There is a lady and a little boy crossing the street.,0.1096161205825843,0.4827586156956005,0.9213284850120544,0.24804177545691908
223,Man holding up surfboard on beach.,"People are in the water at the beach.  A man is entering the water carrying a white surfboard with a red edge.  He is wearing a blue and white bathing suit.  A bit further down the beach, a couple is standing in the shallow water together looking down at something.  Low waives roll in towards the shore.",2.8165983056855464e-235,0.08888888657777784,0.8644140958786011,0.02890173410404624
224,Breakfast is served on a table with a red wall in the background.,A wooden table that has a silver trophy in the middle of it. In front of the trophy are several bowls and dishes containing food. There is a loaf of bread on a block of wood at the front of the table.,8.772276411878583e-156,0.2857142816326531,0.8708295226097107,0.08951406649616367
225,A black cat is sprawled out on a desk in front of a computer.,A cat is positioned in front of an apple computer and keyboard.  It's fur is blackish brown.  His eyes are green.  A white mouse is sitting on the black mouse pad.  A router is positioned against the wall on the computer desk.,5.3516388271604864e-79,0.409090904927686,0.8938605785369873,0.1897959183673469
226,"A living room with a couch, fireplace, and sliding glass door.",A brown sectional couch in a room with colorful pillows on it. There is a brown leather ottoman in front of the couch. There is a tan and brown rug under the ottoman. There is a fireplace on the wall. Behind the couch is a window and a door that has blue curtains on them.,1.2615039592246274e-156,0.27272726897727273,0.8737366199493408,0.07351778656126483
227,A silhouette of a military cargo plane is flying in the sky.,A lone dark grey plane is flying through a cloudy sky. The sky is completely overcast. The plane has four propellers. Two propellers on each wing. It has a top tail and two side tails.,5.547408908158486e-79,0.29999999580000003,0.8702393770217896,0.10703363914373089
228,A blue train is crossing a bridge over a river.,The sky is partly cloudy. The water is calm and clear. The train is in motion above the water on the bridge. The train is a royal blue color.,1.0243941049014538e-155,0.275862064684899,0.8948838710784912,0.11646678966789668
229,A baseball player wearing a white uniform with the word SPARTANS on the front is throwing the ball.,"There is a man in a white baseball uniform with green trim that plays for the Spartans and is #14. He is wearing white Nike cleats with green socks and a green hat as well. He has a brown leather baseball glove on his left hand, and has just thrown the baseball, which is in the air, from his right hand. The man is white and has medium length hair. He is standing on the dirt part of the baseball field with neatly trimmed green grass behind him.",1.7496346013910651e-156,0.24999999654320995,0.8568506240844727,0.09737745635181533
230,a book is on a bed.,There is a bed with purple blankets on it. There is one purple pillow and one pink pillow on the bed. There is a blanket on the wall behind the bed. There is a book on top of the bed.,3.450862463281037e-157,0.39999999680000003,0.8865883946418762,0.08196721311475409
231,Three elephants are walking through a river.,Three elephants are in the water. They are all walking in the same direction. They all have very long tusks showing that are not in the water.,3.098934550603622e-79,0.31999999596800005,0.8923676013946533,0.12625
232,A bottle of BREWERS Special Reserve sits on a table next to a glass of the same beverage.,"A bald man and a woman with short brown hair sit at a dark brown wood table. On the table there are 4 wine glasses, and a wine bottle. The man appears to be pouring something into one of the glasses. there is also a brown beer bottle on the table.",9.87633781404909e-156,0.3018867882378071,0.860272228717804,0.10482180293501048
233,Three zebras with striped patterns are standing in a tall grass field.,"This is an image of zebras in the wild. The zebras have black and white stripes. The long and beige grasses are visible. Beside the zebra is a small, bare tree.",2.841810275110082e-232,0.21052631146814413,0.8791393041610718,0.0859106529209622
234,Three zebras grazing in a grassy field with a mountain in the background.,a bunch of zebras are roaming in the grass. the grass is yellow in color. there are three zebras. they all have stripes.,2.9245623776458893e-155,0.2068965470154579,0.8904227614402771,0.13636363636363635
235,A pink bottle of hand soap sits on a white sink.,The room is an image of a bathroom. It has a white sink and a silver metal faucet. On the sink is a bottle of hand soap. The bottle is orange and white with orange pump lid on it. On the other side is an orange cup that is full of toothbrushes. The wall is made of tiles. On the wall is a mirror with wooden frame.,2.759254181838497e-80,0.31999999656800004,0.8843637704849243,0.057003257328990226
236,A group of people are playing frisbee in a park.,People are playing frisbee outside in the park. A man has his shirt off and he is reaching out to catch the frisbee. Others are running around to position themselves to be catching the frisbee later. The grass is green and there is shade from a nearby tree. There is a stone fence along the park and trees are behind it. There is also a stone pillar by the fence.,1.130493582308807e-80,0.24137930749108205,0.8920820951461792,0.06249999999999999
237,Four people are playing frisbee in a field.,The woman is reaching up to catch the frisbee. There is a man to the right that is catching a yellow frisbee as he bends down. The trees and the grass are green around and under the people's feet. Three of the people playing are wearing green shirts.,1.0914552102289738e-233,0.13953488069226613,0.8905349373817444,0.05681818181818182
238,A tennis court with a man in a blue shirt holding a tennis racket. There are people sitting in the stands watching.,there are people playing tennis. one of the players is wearing a blue shirt. his shorts are white in color. he is holding a black racket. the stands are filled with people.,5.259788827647957e-155,0.4999999951652893,0.9137551784515381,0.3054435483870967
239,"The image depicts a scene of an elephant-back safari tour, likely in a jungle or forest area. The primary focus of the image is on the elephants and the people riding them. The elephants are arranged in a line, with each one being ridden by a person. The riders are dressed in casual attire, suggesting a leisurely or adventurous outing.

The elephants are large, with thick, gray skin and long trunks. They are walking on a dirt path, surrounded by tall grass and shrubs. The background of the image shows a mountainous landscape with a few houses or buildings visible. The sky is clear, with a few clouds dotting the horizon.

The riders are positioned on the elephants' backs, holding onto the elephants' necks and reins. They appear to be enjoying the ride, as they are smiling and appear relaxed. The elephants are also moving at a leisurely pace, suggesting that the tour is not overly strenuous.

The image captures a moment of","There are three elephants outside. People are on top of the elephants riding them over the field. There is green grass, green bushes, and trees with green leafs by the field. Off in the distance you can see mountains. The sky is blue, but also cloudy.",8.044081847840929e-79,0.2238805930853197,0.8552961349487305,0.18197573656845753
240,Two men are sitting in a boat full of bananas and other fruits.,There are several long boats in the water. There is a woman wearing a white hat. There are several bananas and fruits in the boat. There is a man on the dock.,1.4635092721110749e-155,0.3529411717474049,0.9056287407875061,0.159332836124483
241,"A sign on a street pole that says ""Have you paid?"" is in front of a row of parked cars.",A sign is on a pole near the street. The pole is black and the sign is white and red. A bunch of cars are parked on both sides of the street. The sky is filled with cloud.,2.829302668040045e-155,0.27906976257436455,0.8926370143890381,0.13812154696132597
242,A small bird with a red breast and a yellow belly stands on a stone wall.,a bird is on a rock. the bird is brown and red. the bird is very small. the bird has very jagged feet. the bird has black eyes.,2.676954841210826e-155,0.33333332835555557,0.8951496481895447,0.13880597014925375
243,"A messy table with a coffee pot, cups, plates, and food.","There is a table full of food and drinks. There are white plates, silverware, and white cups and saucers. One of the cups holds coffee. There are two clear vessels with silver lids and black handles. Several people can be seen sitting around the table.",6.800453746717845e-233,0.22222221852839513,0.8993580937385559,0.06009615384615384
244,An elephant is walking down a dirt road in a forest.,A large elephant is walking on a field. The elephant has large white trunks on the mouth of it. There is a large tree next to the elephant.,8.255529394467214e-79,0.2666666622222223,0.8953163027763367,0.09505703422053233
245,A man is eating a hot dog with chili and gravy on a plate.,A teenage boy sits at a table in a restaurant. He has short black hair and is wearing a short sleeve t-shirt. He is putting food up to his mouth. A large circular white plate with a black stripe around it sits before him. French fries and a foot-long hot dog with chili are on the plate. A full glass with a straw  and utensils also sit on the wooden table. A white shopping bag is visible beside the boy in the booth he sits in.,0.0013372425151473096,0.28571428268979593,0.8695341944694519,0.08715442379494064
246,A cat is sitting in a bathtub looking at a small round mirror.,An average sized cat is standing in the tub. The tub is white and is not filled with water. The shower curtain is clear and on the right side. The washcloth is dark colored and hanging from the tub. The tub has a silver drain and stopped. The cat is standing in the middle of the tub while facing the wall.,1.48715832875482e-156,0.1632653024239901,0.8792128562927246,0.07586990905496244
247,A cat is sniffing a cup that says Tim Tam on it.,A gray and black cat is standing on a counter. The counter is white and brown. There is a coffee mug sitting on top of the counter in front of the cat.,1.2429312220040467e-155,0.29411764249134953,0.8658224940299988,0.08333333333333334
248,Skier in red hat and sunglasses is skiing down a snowy slope.,A man is skiing down the mountain. There is a log of white fluffy snow. The man is wearing a red hat and blue snowsuit. He is holding ski poles in his hands. He gas black gloves on his hands and sunglasses on his face. Behind the man are trees that are covered in snow.,1.7339291943521997e-79,0.3529411728719723,0.878746509552002,0.1512163050624589
249,A man in ski gear is walking down a snowy hill.,A man stands in the snow. He is holding a black pole. There are trees behind the man. There are tracks in the snow. The man is wearing a dark colored cap.,1.0208428662378181e-155,0.3030302985858586,0.8820896148681641,0.08361204013377926
250,A giraffe sticking its head out of a hole in the ground.,"The head and neck of a giraffe is seen behind a small knoll which is partially grassy area and partially rocky. There are two wooden poles in the grassy area, as well as two light green rectangles which may be steps. There is a strip of black material suspended between the poles. The giraffe is seen in profile. Its mouth is closed. There is grass and rocks visible behind the giraffe's head, as well as some dirt pathways and more grass. A number of tree trunks are seen rising upward from the grass behind the giraffe.",7.76245987903875e-158,0.1999999971591837,0.8558486104011536,0.04566210045662101
251,Big Ben is a famous clock tower in London.,There are two clocks at a tower near a larger building behind it.  The two clocks are black with white faces.  The numbers are roman numerals and the right clock reads 12:15 while the left clock reads 11:40.  The tower has detailed architecture which makes it appear very old.  There are ornate golden decorations also visible on the clock tower.,4.7887916888466775e-234,0.11538461252218943,0.8456730246543884,0.0273224043715847
252,Laptop on bed with curtain above it.,A bed covered in white blankets and pillows sits in the corner. There is a silver laptop sitting on the bed. The apple logo on the screen is lit up. There is a poster hanging on the wall. The walls of the room are white as well. The laptop on the bed is open. There is nobody in the room.,6.859013596836201e-235,0.09523809246031753,0.8629102110862732,0.046719479991874875
253,A skateboarder is jumping over a ramp.,two legs are riding on a skateboard. the skateboard is in the air. the skateboard is black in color. there is another person skateboarding in the background. the skate park is surrounded by mountains. there is a grey rail next to the ramp.,8.609930560759975e-234,0.17142856822857147,0.8719606995582581,0.06345177664974619
254,A group of snowboarders are riding down a snowy hill.,There are two people dressed in winter gear on snowboards in mid air. The hill is covered in white snow. There are people standing on top of the hill in the back round. You can also see trees covered with snow. The sky is cloudy and looks cold.,2.725503796035106e-233,0.1333333298765433,0.8817399144172668,0.033936651583710405
255,A man is cutting a cake that says Happy Birthday on it.,There is a cake in a white box. The box is sitting on a table. There is an empty white plate sitting next to the cake. There is a person holding a knife cutting the cake.,8.905991374556411e-156,0.24242423779614333,0.8672358989715576,0.08928571428571427
256,A black steam locomotive with the number 99 7237-3 on the front.,"This is a large, black and red train. A jet of steam comes out the side and hits the ground. the train has three headlights on the front as well as an identification number. the door to the front car is slid open and a man stands at the rear of the car doing something. There are trees in the background behind he train.",9.039070851972465e-157,0.21052631267466915,0.8488620519638062,0.05952380952380953
257,A kitchen with unfinished cabinets and a dishwasher.,Black cabinets are above a kitchen cabinet that isn't finished. There is a ladder leaning against the wall. There is a white door on the hall leading into the kitchen.,9.11394314996143e-233,0.1935483832674298,0.8848425149917603,0.07194244604316546
258,A little boy is sitting on a parking meter in a parking lot.,"The image is a black and white photo. A young boy is sitting in the space between the poles of two parking meters off the ground. His arms are wrapped around the two meters and his feet are tucked behind the main bar supporting the two meters. He is smiling with his mouth wide open. He is dressed in warm weather clothing including dark shorts, a striped t-shirt, tennis shoes, and socks. His hair appears to be light colored. To the boy's left there is an older model car parked in a parking space. In the distance behind him there are several older model cars parked in a parking lot. The area is surrounded by mature trees. The concrete of the parking area in the foreground is stained from previous vehicles' fluid leakage. From the content of the photo and the models of vehicles, it appears this is a vintage photograph.",7.852100393388995e-06,0.15094339436632254,0.8616958260536194,0.05005662241283763
259,"A black BMW motorcycle is parked in a parking lot. The motorcycle is parked in the foreground of the image. The motorcycle is black and has two wheels. The motorcycle is parked in a parking lot. The parking lot is paved and has a few other cars parked in it. The parking lot is surrounded by trees. In the background of the image, there is a building. The building is made of brick and has a few cars parked in front of it.",a bunch of cars are in a parking lot. there is  black motorcycle that are parked. the motorcycle is clean and shiny. there is a white building in the background. the sky is blue in color.,0.05947959897872572,0.47457626636024136,0.8953908681869507,0.33018103330603327
260,A large white and gold wedding cake is on a table covered with a gold tablecloth. The cake is decorated with red and yellow flowers and has several bows on it. There are red rose petals scattered on the table.,A tall brown and white cake is sitting on a table. There are red and yellow flower petals around the cake. There is a white plate on the table with a fork on top of it.,3.3903514865868746e-78,0.5925925876200276,0.931368350982666,0.41940659340659336
261,"A woman is walking on the sidewalk next to a red fire hydrant. She is wearing a gray skirt, green shoes, and a black purse. She is looking at her phone. There is a gray car parked behind her.","This photo is taken outside on a sunny day. A woman is walking on a sidewalk while looking at her phone. She has a large black purse on her shoulder. A tall red fire hydrant is sitting on the sidewalk beside the woman. There is a gray car on the road in front of the woman. A gray fence can be seen across the street, surrounded by vehicles.",0.14348398992449984,0.4675324627761849,0.9204607009887695,0.2865592451414833
262,A yellow taxi cab is parked in front of a Sav-On Flooring store.,a yellow taxi got into an accident. he hit a tree and crashed. there is a cop car next to him. The man is talking with the cop. there is a store right next to the accident.,9.421751290512829e-156,0.256410251965812,0.8699132204055786,0.10751445086705202
263,Surfer riding a wave in a rough sea.,A surfer is wearing a black wet suit. He is standing on top of a white surfboard. There are large waves in the water behind the man. The sky is blue.,8.043026600173053e-233,0.1176470555536333,0.8804311752319336,0.12961672473867594
264,A baseball batter swings and misses at a pitch. The catcher and umpire are standing behind the batter. The pitcher is standing on the mound. The umpire is wearing a blue shirt. The catcher is wearing a red helmet and chest protector. The batter is wearing a white helmet and white jersey. The pitcher is wearing a red and white uniform. The pitcher is standing on the mound. The catcher is standing behind the batter. The umpire is standing behind the batter. The batter is swinging his bat. The pitcher is throwing the ball. The catcher is catching the ball. The umpire is watching the play.,"A batter is swinging his bat to hit the baseball. He is wearing a black helmet and a white uniform. The catcher is behind him with a red mask on his face, and behind him is the umpire with a black helmet. There is green grass on the field.",0.06359415788427336,0.5714285664653063,0.8899549841880798,0.34853747714808037
265,"A plate of vegetables and dip includes carrots, broccoli, and celery sticks.","The plate is colorful. At the center of the plate is a white, creamy dip. On the plate, there is  cucumber, broccoli, carrots, tomatoes and red peppers. Beside the plate is a knife with black handle.",1.9809182326750123e-232,0.21052631167590033,0.8785960078239441,0.08928571428571427
266,A group of people are skiing down a snowy hill.,A child in a blue and black coat and black pants is stanind on a snow board apparently watching an older man in a white coat who is walking off.  Snow covers the ground and is well tracked.  To the right of the boy on the board is a line of people waiting.,9.293093655839961e-157,0.17391304007561445,0.8562604784965515,0.07638603696098563
267,A tabby cat is sitting on top of a toilet seat. A tabby cat is sitting on the toilet seat. A tabby cat is sitting on top of the toilet seat.,A gray cat is sitting on a closed toilet and looking down at an orange cat. The orange cat is looking up at the gray cat. The toilet seat and lid are light wood. The toilet itself is white and so are the tiles on the floor. The toilet paper roll hangs on a metallic holder.,0.05386203599639151,0.3999999960888889,0.8591050505638123,0.21829929618091617
268,An Airbus A380 flies over a runway.,A white airplane is taking off from the ground. There is blue writing on the side of the airplane. There are white vans on the ground below it.,0.0,0.0,0.8605392575263977,0.019305019305019308
269,Two people are skiing down a snowy hill.,Two people are skiing on snow. One of the people is wearing a white coat and orange pants. They are holding black ski poles. There is a person standing behind them also in the snow.,0.012508611865083145,0.27027026688093503,0.8890891075134277,0.07739938080495355
270,A boat with a wooden bench seat is on a lake. The boat is red and green. There is a flag on the front of the boat. There is a bridge in the background. There are people on the bridge. There are trees and grass in the background.,A boy is sitting at a small dock. The boat has small wooden benches on it. Above the boat is a bridge that has people walking on it.,1.8614821791005607e-78,0.4255319099502037,0.9053119421005249,0.3902994791666667
271,A man is throwing a yellow frisbee in a field.,There is a man in a brown shirt standing on the grass. There is a yellow frisbee in front of the man. There are trees behind the man.,0.053667245469253895,0.44444444000000005,0.9046563506126404,0.2680701335877862
272,Graffiti on a train car.,"An abandoned train is shown on the tracks. There are some graffiti words on the train. The color of the writings are green, yellow, black, white, and a gray color.",1.0803730114445865e-233,0.2068965488703924,0.8892518281936646,0.07272727272727272
273,Two women playing tennis on a grass court.,Two people are playing tennis. They are wearing white uniforms. The woman is wearing a tennis skort. She is swinging her racket. The dirt under her is light brown.,1.1097567867507661e-232,0.19999999608888894,0.8782568573951721,0.09293680297397769
274,A man is watching a video of a woman on his laptop.,A wooden desk with a laptop on top of it. There is a silver keyboard in front of the laptop and a mouse next to the keyboard. There are wires coming off of the laptop. There is a wall behind the desk and there is a blue note stuck to the wall.,5.67988115954045e-233,0.23809523422902495,0.8616899847984314,0.07291666666666667
275,A group of people posing for a picture on a tennis court.,There are people on the tennis court. There are bushes and trees behind them. They are all wearing white shirts and holding tennis rackets.,2.28954534276802e-155,0.2666666620222223,0.8847360610961914,0.08771929824561403
276,Three seagulls are perched on a wooden railing. A green plastic chair is sitting on the ground next to them.,three birds are perched onto a handrail. the handrail is made out of wood. the wood is dark brown in color. the birds have white necks.,3.742660839496157e-155,0.2564102514135438,0.8916429877281189,0.16786964129483817
277,A red bike is locked to a bike rack in front of a bus.,A bicycle is parked at a metal bicycle stand. There is a gold color lock attached to the bicycle stand. The bike is leaning onto the side of it. There is a black and gray bag attached to the bicycle. Behind the bicycle is a road with a large bus on it. The bus is white and blue and has an orange digital sign on the front.,1.4990428744100263e-156,0.3076923041420118,0.8845049142837524,0.06482982171799027
278,A blue bird sits on the side mirror of a black car.,A black vehicle with rain on it.  The inside of the car has black interior  A bird is sitting by the window.  The bird is white on top and with wings and tail are light blue.  The bird is looking into the mirror.  There is a bush on side of the car with purple flowers on it.,3.871517276773512e-233,0.33333332958333334,0.8828375339508057,0.0857142857142857
279,A long driveway leads to a large red barn. The barn has a large white door and a smaller white door. The barn is surrounded by a wooden fence. There are trees and a green field in the background.,A large barn is surrounded by wooden and metal fences. In front of the barn is a paved street. The roof of the barn is grey and the walls are painted white. The doors are bright white. There are many pastures surrounding the barn.,0.0801434142582294,0.4827586156956005,0.9168663024902344,0.30636482312860197
280,A bench sits in front of a large body of water. The bench is dark red and is made of wood. The water is blue and is very calm. The sky is blue and is clear.,"A single red bench sits on the brick patio near the water. There is a short wall at the end of the patio, looking out over the water. The water spans as far as the eye can see, and is a bright blue. The sky is light blue above the water. There are dark shadows cast on the patio from unseen objects as well as from the bench.",1.109134580206103e-78,0.33333332888888895,0.8977148532867432,0.14660493827160495
281,Two trains sit at a station.,There is a white and yellow train with red doors next to a red and yellow train. They are on top of the railroad tracks. There is a brick walkway next to the trains.,1.0946188652796013e-233,0.13793103120095132,0.8576046228408813,0.032051282051282055
282,Man throws frisbee in front of brick wall.,A man is standing on a field. The turf is green. It is night time. He is dressed in pants and a long sleeve shirt. He also has a winter hat on. He just got done throwing a Frisbee in the air. In back of him is a white brick wall and a blue trash can.,3.5338592586310363e-234,0.15999999731200001,0.8648737072944641,0.05859374999999999
283,Bicycles are parked outside a brick building with a sign that says Copper Alley Kite Club.,"A bricked sidewalk is showing little action. The gray brick sidewalk lines a red brick building. The building contains a street light at the top of the wall. There is also a sign on the wall that reads Copper Alley Nite Club Now Open, with a black double door for its entrance. On the sidewalk is a pole that has a no parking sign. There are two bicycles parked against the silver pole.",2.576758981369053e-156,0.2985074592114057,0.8864699006080627,0.13465275152325099
284,A person skiing down a snowy hill.,A man with skis is skiing up a hill with ski poles. The slope is white and smooth and the sky is cloudy and grey. There are skinny pine trees in front of the skis. The skier is wearing a black jacket and a red and black backpack. His ski pants are grey.,2.0633787825778493e-234,0.18604650890210925,0.8728797435760498,0.030991735537190084
285,The street sign is for 13th street.,The back of a stop sign on a pole is at the intersection of 13th Street and an unknown avenue at dusk. Six power lines run from a building in the distance. The windows on the building are small and high privacy windows.,9.251972495680371e-234,0.21052631313019393,0.8699946999549866,0.06345177664974619
286,A man and woman are petting a bear.,There is a black bear sitting in a green chair. There is a woman in a blue shirt and a man in a pink shirt kneeling behind the chair. There is a silver fence behind them.,4.626154554768562e-233,0.20689654772889424,0.8714447021484375,0.07530120481927711
287,A black and white photo of a baseball team.,The picture is of a baseball team and the coaches together. They have old style uniforms on. In front of the row of players there are baseball bats on the ground. The picture was taken out in a open field.,1.383877840024089e-79,0.19999999651250003,0.8794141411781311,0.06775067750677508
288,Air canada jet landing with wheels down.,a plane is flying in the sky. the plane is very white in color. there is a logo on the tail. the logo is in the shape of a leaf.,0.0,0.0,0.8397523164749146,0.0
289,"A group of people dressed in period clothing pose for a photo in a large indoor train station. The group consists of four people, two men and two women. The men are dressed in black suits and top hats, while the women are dressed in long dresses and bonnets. The dresses are elaborately designed with lace and ribbon details. The background of the image shows a large black steam locomotive with a Welsh flag on the side. The locomotive is positioned in the center of the image, with the group standing in front of it. The floor of the train station is made of stone tiles, and the ceiling is made of metal beams. The image is well-lit, and the colors are vibrant.","Four people wearing old-fashioned clothing stand posing in front of the camera. They are in a large building with a bright ceiling, and there is a black train behind them. There are two men on either side of two women. The man on the far left has a black suit, black shoes, and a black top hat. The woman to his right is wearing a white, pink, and green dress, with a white hat, and a broach pinned to her chest. She is holding a white satchel in her white-gloved hands. The woman next to her is also wearing white gloves and holding a white satchel. This woman has a green dress on, with lace on the trim. The man next to her is wearing a checkered vest underneath a dark long coat and dark pants. He has a black top hat.",1.7795300788744835e-78,0.30555555059027784,0.8677340745925903,0.22051486547509794
290,A group of birds walking on the beach.,a bunch of birds are on the ocean shore. the shore is very shallow. the birds are white in color. you can see their reflections in the wet sand.,6.64315966637151e-156,0.26666666275555556,0.9048968553543091,0.09293680297397769
291,A red chili pepper hangs from a wire rack in a kitchen. The pepper is about 2 feet long and is hanging from a metal hook. The pepper is red and has a long stem. The pepper is hanging from a wire rack that is attached to the ceiling. The wire rack is white and is made of metal. The pepper is hanging from a metal hook that is attached to the wire rack. The wire rack is attached to the ceiling. The ceiling is white and is made of metal. The ceiling is attached to the wall. The wall is made of wood. The wall is painted white. The floor is made of wood. The floor is painted brown. There is a window in the kitchen. The window is made of glass. The window is open. There is a car parked outside the window. The car is black. There is a chair in the kitchen. The chair is made of wood. The chair is painted red. There is a pink plastic bucket in the kitchen. The,There are wooden cabinets on the wall above a wooden counter. There is a window above the counter with white curtains on it. There are red peppers hanging from a white planter on the ceiling.,0.0241750813829381,0.31428570997551025,0.8510311245918274,0.22200076571402838
292,Two men are playing frisbee and one of them is wearing a blue jersey with the number 1 on it.,Two men are jumping in the air trying to catch a frisbee. The frisbee is white. There is a house behind them with some trees in front of it.,1.8545785642323745e-78,0.355555550617284,0.9053574204444885,0.28425634540160577
293,A gray and white cat is lying on top of a Samsung television.,A cat is lounging on a flat screen TV.  The cat has white paws.  The TV is mounted on the wall.  A bed is reflected on the screen of the TV.,1.719233064720083e-155,0.4374999951757813,0.8843217492103577,0.11986301369863014
294,A cowboy is riding a horse and roping a cow.,There is a man in a yellow shirt riding on top of a brown horse. There is rope in his hands and he is trying to rope a white cow. There is a wood fence behind the man.,9.750381012711688e-233,0.34285713903673476,0.8881707191467285,0.11363636363636363
295,Four people on tricycles are posing for a photo on a beach.,There are several people sitting on bicycles. They are on a beach and there is water behind them. A lady in a yellow shirt is standing next to a bike.,1.5368264364657544e-155,0.2857142816326531,0.8941444754600525,0.12411347517730498
296,A wooden table has several fruits and a bottle of water on it.,"A wooden table is next to a white stove. On the table are an apple, a pomegranate, a plastic container with brown food items, a container with cooking utensils and several other food related items. The tiles behind the table are beige and brown.",3.253694667056717e-79,0.26666666255802474,0.8939756751060486,0.08557457212713936
297,A girl is eating a macaroni and cheese pizza.,"A girl in a purple and black shirt sits at a table in front of a plate. On the round yellow plate there is a slice of pizza with macaroni on top of it, and a long handled silver fork. the table is wooden with a white pebbled section n the middle. Near the camera there is a green water bottle.",2.4809607732158958e-157,0.23529411474048442,0.8670615553855896,0.05376344086021505
298,A bench sits in a field of red flowers in front of a double decker bus.,This image is of a bench sitting along what appears to be a paved walkway.  There is a area of grass behind the bench that has small red flowers blooming in it.  In the background are trees and 2 bright red double decker buses.  you can also see some city building in the far distance.,7.936976430013822e-156,0.2711864372421718,0.8859637975692749,0.16429370182515277
299,"A black and white photograph of a skateboarder in mid-air. The skateboarder is wearing a light-colored shirt and dark-colored pants. The skateboarder is in the air, with his arms outstretched. The skateboarder is on a skateboard. The skateboarder is in front of a sign that says ""ROSGIRARD.""",A young man flying through the air on a skateboard. The skateboard is gray in color. The young man on the skateboard is wearing gray pants and a white shirt. There is a crowd watching the young man on the skate board. There is a wall separating the man from the crowd.,0.06847134555470084,0.4067796560298765,0.9018574357032776,0.21359223300970875
300,A red airplane is flying through the sky.,A plane that is red and blue is flying in the air. There are several white clouds behind the plane. There is a white stripe on the plane.,6.693164597921839e-156,0.3571428530612245,0.9204698801040649,0.09615384615384615
301,A man wearing a blue shirt and overalls is looking into a white refrigerator.,A man is in a blue shirt and jean overalls. He is wearing a white and black hat on his head. There is a white refrigerator in front of him. There are white trucks behind him.,0.0552295143603372,0.5641025596581197,0.9096174836158752,0.2363196244315125
302,Two women are playing with a dog in the grass.,There is a large brown dog standing next to a woman. The woman is holding a blue frisbee in her hand. There is also another person standing next to the dog.,1.7742095369673403e-232,0.19354838272632682,0.8890922665596008,0.08650519031141868
303,A small child is eating a slice of pizza.,a little girl is eating a slice of pizza. she is holding it in her hands. the pizza is pepperoni. The table is blue and there is a red plate on the table beside a plastic white fork. the kid is wearing a bib which is white in color and there is a mess on top of the table.,0.0022708218103435754,0.2727272694731405,0.8933446407318115,0.07407407407407407
304,Skateboarder in mid air.,A man is wearing a black cap and jumping off of a skateboard. The skateboard is green and red. There is a red brick building behind the person.,0.0,0.0,0.8629502058029175,0.01953125
305,A man is flying a kite on a beach.,a kite is in the sky. the kite is light blue in color. people are flying the kites. the sky is very blue and has wispy clouds in the sky.,7.02263826129216e-156,0.3076923034319527,0.8890871405601501,0.07168458781362008
306,A little girl is eating a piece of cake. She is wearing a hat.,A little girl with a brown hat on and she has long hair underneath the hat.  She is wearing a blue and pink top that is a little off her shoulder .  She is eating a piece of cake out of her hands her fingers have cartoon character wrapped around them and a person in black clothing is sitting on the right side of her.,0.014243952161138435,0.4210526282548477,0.8959596753120422,0.18102162381088796
307,A silver and red airplane sits on a grassy field.,Some planes sit on the ground. The ground is covered in mostly green grass. The plane in the front is mostly silver with some red and black signs. There is a black plane and a red plane behind it. Many tall trees are behind the planes. The sky above is blue. There are no clouds in the sky.,1.2607741956635404e-233,0.17777777432098768,0.8806614875793457,0.09014884149148383
308,A black truck parked in a parking lot.,A hot rod truck sits in a parking lot.  A surfboard is resting on top.  The truck is antique looking.  It has fancy wheels with fenders.  The hood has exhaust pipes sticking out.  The truck bed is covered up.  The truck is painted black.  A modern conventional car is parked nearby.,0.0018414170580389857,0.34782608408317583,0.8796014189720154,0.10269632478258972
309,Surfers riding waves in the ocean with a wooden post in the foreground.,"A person stands, wearing a wetsuit, on a surfboard surfing in the waves of the ocean. While another surfer sits on the surfboard looking on at the surfer. Two heads can be seen bobbing in the distance behind the ocean wave. A concrete pillar is in the foreground of the beach.",4.858136486944682e-156,0.17777777408395068,0.877507746219635,0.12371835111948107
310,"A man in a red and gold costume is standing in front of a brown bear. The man has his arms outstretched towards the bear, and the bear is rubbing its head against the man's arm. There are also two other bears in the background.","A man in an elaborate blue, red and gold eastern style costume is standing in front of a stand on which two large brown bears are on four paws and appear to be kissing the man on his cheeks. Behind them is a cloth with has small bears and trees painted on it. A large large with rope on it is in front of them.",0.13486802762185218,0.43037974190033657,0.8929765224456787,0.27807172251616696
311,A red fire hydrant is surrounded by green bushes.,A red fire hydrant is in the dirt. There are green bushes all around the hydrant. There is a brown leaf on the ground in front of the hydrant.,0.050622819218279054,0.46666666246666666,0.9345993399620056,0.18930041152263374
312,A wooden table is covered with a variety of food. There are two people sitting at the table. One person is holding a fork. There is a wine glass on the table. There is a pizza on a wooden cutting board. There is a bowl of fries. There is a salad. There is a jar of pickles.,Two people are sitting next to each other at the table. On the table are drinks and many dishes of various foods. In the middle of the table is a cutting board with a whole pizza on it.,1.8961808567029918e-78,0.3548387046826223,0.904365062713623,0.3056463874367359
313,Motorcycle riders are riding down the street.,"A parade is going down the street in a town in a residential area. There are there police officers on motorcycles in the front, and behind them there is a police car. People are standing on the sidewalk watching as the parade goes by.",3.9046639209667183e-157,0.21052631278393355,0.8830075263977051,0.04962779156327544
314,A man is riding a motorcycle through a parade. He is wearing a helmet and an American flag is attached to the side of his motorcycle.,"A man in a black t-shirt, black leather vest, and blue jeans is sitting on a dark red Kawasaki motorcycle with a USA flag on the back. The rider is wearing a helmet with a design painted on it, and looking off to his left. On the left of him there is a white car in front. And there is a gray car behind him. There are two trucks and two cars going the opposite direction on the left of the street.",0.016190792950389835,0.34666666263466667,0.8858448266983032,0.11780104712041883
315,"A long, low, olive green and brown airplane with the letters DR on the side and a star and a circle with a line through it on the tail.",There is a large gray plane with people standing next to it. There is a person in a blue shirt next to the plane. There are cars next to the plane.,1.1468200920758075e-231,0.19999999501250013,0.8633439540863037,0.09740259740259741
316,A man is working outside on a table.,A white and brown building is in front of a brick sidewalk. There is a person standing behind a silver table. There is a yellow cart in front of the window on the building.,6.28089107352405e-233,0.3225806413319459,0.8800646066665649,0.07961783439490447
317,Black and white photo of a small train with a large smokestack.,An old steam locomotive is chugging down the tracks through a wooded area. There is a steamstack on it that has smoke billowing from it. The train has many open windows and it is filled with people.,1.8225327558100346e-232,0.1428571389909298,0.8592621088027954,0.07246376811594205
318,A dark office with a computer and a lamp on the desk.,A flat screen computer is positioned on a contemporary desk.  There is a flexible desk lamp to the side.  On the opposite side is a set of speakers.  On the front left edge is a large pair of headphones hanging from the corner.  An ergonomic office chair is in front of the computer and facing a red wall.,1.693297311919769e-156,0.31999999656800004,0.8800766468048096,0.11900749063670411
319,A cow standing in a field behind a wooden fence.,There is a wood fence with bushes and trees in front of them. There is a large brown cow behind the fence. The cow is standing in a field of grass. The sky is blue and there are no clouds in the sky.,0.011522079964484894,0.37837837469685914,0.8960151672363281,0.11335012594458439
320,A street sign that says Parson Street is in front of a building.,There is a black steel fence with a white and black sign on the front of it. There is a yellow and orange building behind the fence. There is a brick building next to them.,1.1619131710556398e-155,0.33333332871913585,0.8688225746154785,0.12999661246612468
321,Two birds are standing on a sidewalk next to each other.,"Two birds stand next to each other.  The birds seem to be of the same species, only male and female.  One bird has an elaborate growth coming from the top of its head.  Its head is black with white stripes.  The other bird's head does not have a growth or any stripes.  The birds are standing on flat ground next to some green grass.",0.004167311216057937,0.32786884950282186,0.8824693560600281,0.15971039182282792
322,Two zebras are standing in a dry grassy field looking up at something.,There are two zebras standing on dirt. They are both facing away in the same direction. There are several bushes on the ground next to them.,4.9916370711715364e-232,0.23529411292387553,0.9020377993583679,0.17262708052181738
323,A full size bed with a floral comforter and a blue scarf on it. There is a full length mirror standing next to it.,The image contains a bed with an intricately carved headboard and foot board.  A flowery blanket covers the bed along with two pillows.  A blue piece of material is draped over the foot board.  Two gold-framed mirrors of differing sizes are standing against the wall.,2.1575072876595307e-155,0.2807017498307172,0.8822905421257019,0.13986013986013984
324,A red train is on the tracks at a station.,a train is on the tracks. the train is red in color. the tracks are black in color. there is nobody on the platform. there is a sign above the platform.,0.03975767329742164,0.38461537988165684,0.8978269696235657,0.13840830449826988
325,"A husky dog is sitting in the back seat of a vehicle, looking out the rear window. The dog is white and gray, with blue eyes. The vehicle is parked in a wooded area, with trees and shrubs visible in the background.",A rear view mirror on a car. It is black around the rim. There is a white and gray dog in the reflection of the mirror. There is a large tree in front of them.,5.507460911779153e-155,0.3214285664859694,0.8844683170318604,0.25210084033613445
326,A man is sitting at a table outside of a restaurant eating a salad and pizza.,There is a man sitting at a table wearing a green shirt and a gray jacket. There is a pizza on the table in front of him on a wood serving board. There is a salad and a sandwich on a plate on the table.,0.04047078051052234,0.34999999545000005,0.9022719264030457,0.20256004222750065
327,Man is giving birthday cake to woman.,A man is presenting a woman with some desert. There is some cheesecake and icecream with a candle. They are in a very nice restaurant and they are both smiling.,4.190503716470712e-233,0.13333332975555565,0.8821982145309448,0.05415162454873647
328,A clear plastic bag of food sits on a white surface.,The sun's rays are shinning through the trees in the back ground. The trees are tall and they produce a lot of shade. There is a white table in the foreground. On the white table is a zip lock bag. In the bag is three or four rolls of what appears to be some kind of processed meat. The meat are in rolls such as what you would expect bologna or sausage to be.,2.120880018232221e-157,0.1355932173053721,0.8618700504302979,0.04431314623338257
329,An unfinished bathroom with a bathtub.,The room is being finished. There are bare walls. There is no sheetrock. The bath tub is white. It is just sitting in place. The wood beams are thin.,0.0,0.0,0.8937572240829468,0.018726591760299626
330,Skateboarder in black pants and green socks rides on cement.,A person is riding on a skateboard. The skateboard is black with yellow wheels. The person's shoes are black with green socks. Pants are black. Two hands are hanging by the side of the body. The ground is nicely tiled with a sort of brick.,4.071532919872151e-233,0.19512194753123147,0.8717721104621887,0.10274431057563588
331,A polar bear in a pool of water with one paw raised.,A white polar bear is relaxing in water. The water is blue and calm. The polar bears back paw is sticking out of the water. The paw has black padding. The water is enclosed by a rock like wall. The polar bear has closed eyes. The mouth is in a frown.,3.412727895524268e-156,0.3636363596694215,0.8825912475585938,0.13402335456475586
332,A cyclist is riding down a country road and there is a flock of sheep following him.,There is a road that has sheep standing on it. There is a person riding a bicycle going down the road in front of them. There is tall grass and trees around the road.,2.4028989508448316e-155,0.34999999531250003,0.9047367572784424,0.2284356725146199
333,Three children are standing in a grassy area in front of a house. The child on the left is holding a large red baseball bat. The child in the middle is holding a white and red striped volleyball. The child on the right is holding a baseball. The child in the middle is wearing a shirt that says “The John Edward”.,three kids are all standing outside in the grass. they are all holding bats and balls. the bat is red in color. the ball is white.,3.5694167382173814e-155,0.32727272264462814,0.8820686936378479,0.23728813559322032
334,Woman sitting on wooden deck with brown top and white shorts looking at her phone.,A lady is holding her phone and sitting with her legs crossed. She has a gray flip phone. She is wearing a brown tank with some short white shorts. She has blond hair and sunglasses on the top of her hair and she is in a building that has a lot of wooden furniture.,1.2226998413247544e-232,0.3461538420488166,0.8904743790626526,0.10978043912175649
335,An outdoor swimming pool is surrounded by a fence.,A large swimming pool is free of people swimming. The light blue pool is decorated on the bottom with three blue triangles and a curvy stripe. People stand around the pool by a few white tents set up on the far end of the pool. A set of stairs leads into the pool. The stairs have a metal railing.,1.961119991271171e-80,0.20833333028645837,0.8777936100959778,0.046296296296296294
336,Stop sign in the middle of a construction site.,"The view is an industrial area of a city and is under construction. To the right is a business with a yellow and blue billboard. In addition there is a flagpole with an American flag adjacent to the building. There are several vehicles in a parking lot in front of the business. To the left is a construction site that is fenced and barricaded off from the street. A tall, blue crane stretches into the blue, cloudy sky. In the foreground a stop sign with a sticker under the silver letters stands on a street corner. The sign casts a dark shadow on the sidewalk behind it.",1.7788938947834002e-159,0.18181817975375275,0.8543918132781982,0.03600823045267489
337,A room full of LMS brand refrigerators.,A room with a lot of machine in it.  Some of the machines are silver and some of white.  The floor is black and shiny.  The wall in the room are white.  There is writing on top of the silver machines and black dials on top of the white machines.,1.6570333395527626e-157,0.17142856822857147,0.8481962084770203,0.03282275711159737
338,"Two children are standing on a snow-covered mountain. The girl is wearing a blue jacket and skis. The boy is standing next to her wearing a gray jacket and skis. In the background, there is a snow-covered mountain and a blue sky.",Two children are posing for a camera in the snow.  The boy is standing on skis with a blue helmet and a snow jacket.  The girl has a graphic designed ski jacket and blue helmet.  There is a ski lift on the right side of the mountain.  Trees and mountains are seen in the distance.,0.09615400464141036,0.4838709628720083,0.9102460741996765,0.40061511266421945
339,"The plane is flying in the sky. The plane is painted in camouflage colors. The plane has a large propeller on the front. The plane has a roundel on the side. The roundel is red, white, and blue.",there is a plane in the air. it is a green military plane. it has really shorts wings. the tail wings are also small. it has propellers on the front. it is being surrounded by clouds. the sky is very blue.,1.948861043707477e-78,0.3599999950720001,0.8897203207015991,0.24357481104885947
340,Black and white cat looking up at the sky.,A cat is black and white. It has a pink mouth and white whiskers. It is looking up. The cat is laying in green grass. The ears of the cat are pointing up.,5.320628963711445e-156,0.30303029906336093,0.8832811713218689,0.1393427741466957
341,Many colorful kayaks floating in a lake on a rainy day.,Many narrow kayaks sit in the water. They are all bright colors.The water is still and flat. Next to the water is a fence. There is a bridge over part of the water. There are many trees next to the water. A tree branch covers some of the boats. There are the reflections of many trees in the water. The sky above is clear.,1.2089069571377937e-233,0.16326530287380264,0.872159481048584,0.04258943781942078
342,A group of elephants drinking muddy water in a grassy field.,A group of animals is gathered in a field. There are elephants and rhinoceroses standing together near a watering hole. There are both younger and older animals here together. Some of the elephants are caked with mud after being in the water.  The rhinoceroses are walking toward the water while the elephants are facing the direction the rhinos are walking from. The elephants have large flapped ears and long trunks. The water hole is surrounded by tall green grass and trees with many green leaves on them.,4.812824915122902e-81,0.24242423964646465,0.876564621925354,0.050377833753148624
343,A man is holding a camera in front of his mirror reflection.,A man is taking a selfie in the mirror. He has on a black suit with a orange shirt. His tie is green and white. The bathroom has very dim lighting.,7.39706943506191e-79,0.3076923034319527,0.8936678171157837,0.12027491408934707
344,A woman is eating a hot dog while walking down the street.,A woman in a blue shirt is standing on the sidewalk. There is a hot dog in her hands and she is taking a bite out of it. There are people walking on the sidewalk behind her.,5.584255297169604e-79,0.41025640599605523,0.9152168035507202,0.16926104848810167
345,A hot dog with a pickle on top.,A hot dog is sitting on a white piece of paper. There are chopped onions on top of the hot dog. There is mustard on top of the hot dog.,3.2429590392102515e-79,0.3076923034319527,0.8978073000907898,0.08992805755395683
346,A bathroom with a toilet and a blue bowl.,a toilet is in the ground. the toilet is bright white. there is a bowl in water in front of the toilet. the bathroom is made of cement.,8.770213850022654e-156,0.2499999955555556,0.8939979672431946,0.07662835249042145
347,A man is riding a motorcycle down a street. He is wearing a red helmet. There are people standing on the side of the street watching him.,there is a motorcycle on a road. there are white lines on a road. a man is riding the motorcycle. the man is wearing red and black. he is also wearing a helmet. there are many people on the sidewalk.,2.0522482091772e-78,0.5454545404545454,0.9195845723152161,0.39275054220618866
348,Skateboarder in mid air above ramp.,A man is wearing a t shirt and jeans. He is jumping off of a skateboard. The man is wearing a white cap. There is a skating ramp behind the man.,0.0,0.07142856806122466,0.8643636703491211,0.0
349,Man driving covered wagon with two horses.,Two donkeys are pulling a carriage. The donkies are wearing reigns. The reigns are black in color. There is a man pulling on the reigns. He is wearing a cowboy hat and blue jeans.,0.0,0.0,0.8559604287147522,0.031948881789137386
350,A white cat is sitting on the roof of a white car.,A white cat with black paws is standing on top of a parked car and standing at the camera. On the windshield of the car is the reflection of a building and the fluffy clouds in the sky. Behind the car there are two buildings and a gray car parked on the street.,1.581760185801932e-79,0.4090909053409092,0.9015135765075684,0.10879984662576686
351,A woman wearing a black hat with a bow on it and a beige coat talking on a cell phone.,a woman is on the phone. her phone is white. her hat has a bow on it. she is smiling at somebody. she is wearing neutral colors.,1.9493379601011023e-78,0.45714285217959183,0.89652019739151,0.17110266159695817
352,"A woman standing on a subway platform is leaning against a blue column. She is wearing a brown jacket, black pants, and a black beanie. She has a scarf around her neck and is holding a phone. The subway car is in motion and is closing the shutter.",A person is wearing a tan jacket. They have a brown backpack on their back and a gray scarf. They are holding a cell phone in their hands. There is a silver train in front of the person.,2.002521520215134e-78,0.3492063442378433,0.900280773639679,0.22826210826210827
353,Elephant walking in zoo with giraffes and zebras in background.,There is a large elephant standing in the grass. There is a giraffe in front of the elephant. There are trees behind a fence in front of the animals.,1.822243068232216e-232,0.07692307239644997,0.8746468424797058,0.07380073800738007
354,A tall clock tower with four clocks on it.,"The sky is gray and cloudy. The clock tower is visible. The tower has compass on its top, and has two clock faces. Below of the tower is row of trees and a field. On the field a person is walking.",1.9251352553608582e-156,0.17142856760816338,0.8818897604942322,0.06613756613756615
355,A person skiing down a snowy hill.,a man is getting ready to ski down a mountain. he is wearing a really yellow jacket. his hat is red in color. there are two ski sticks in the ground. his skis are pointed forward. he is a happy man.,5.41610470176714e-157,0.11111110797839514,0.8726754784584045,0.053191489361702135
356,A colorful quilt with a pattern of stars is on a bed.,A bed with a colorful quilt on it. The headboard on the bed is wooden. Next to the bed is a small table with a small lamp on it.,2.1345592416835306e-155,0.4827586159809751,0.9019567370414734,0.23122710622710624
357,A man in black ski gear is sitting on a snowy mountain.,A man is being shown laying on the side of a mountain. He has ski equipment. Behind him are very tall and sharp mountains and clouds in a very clear blue sky.,1.397903181004477e-155,0.3902438982986318,0.8972762823104858,0.13333333333333333
358,A plate of waffles with butter and syrup next to a bottle of syrup.,Two octagon-shaped waffles are in a pile on a floral bordered plate. There is a neat square of butter on top of the waffles. The waffles are slightly browned. Next to the plate is a bottle of syrup with a light colored label. The counter beneath the plate is a dark granite.,2.5031169451459054e-79,0.30434782223062384,0.8832173347473145,0.1769248501613647
359,A pedestrian crossing sign is next to a stop sign.,The square sign is black white and blue. It has a white triangle has a icon of a person walking across the crosswalk. The sign is on top of a silver pole. Behind the sign is a stop sign and a paved street.,3.004085539741193e-156,0.22222221847222226,0.8832600116729736,0.06297229219143577
360,A snowy street with a red traffic light.,A bunch of cars are driving in a snow storm. A couple of cars that are parked near the sidewalks are completely covered in snow. The signs are all covered and so are the houses.,4.4080798132222975e-233,0.12499999625000012,0.8823965787887573,0.030959752321981424
361,"A knife is on a cutting board with broccoli, red onions, and carrots.","I see a wooden table with broccoli, onions and carrots on top of it. There is also a sharp kitchen knife next to the carrots. The broccoli carrots and onions appears to be chopped.",1.411272692639662e-155,0.2926829224985128,0.8985519409179688,0.18305661983822905
362,A sheep is lying in a pen of hay and a person is petting it.,A sheep is laying down in some hay. There is a hand of a person reaching in and petting the sheep. The person is wearing a blue jacket. The sheep is looking up.,1.3107058473878226e-78,0.49999999538580253,0.9228605628013611,0.17628205128205127
363,Two red and cream colored trams are on a track going up a mountain.,There are two red trolleys on the tracks. There is a fence next to the trolleys. There is a building behind the trolley.,7.405075757597817e-232,0.20689654677764577,0.8924777507781982,0.21700988087542714
364,Man carrying a large red suitcase on his shoulder.,"A man is walking by an MBTA commuter rail coach.  The coach has a purple stripe and a ""T"" logo, signifying transit.  He is wearing sunglasses, a t shirt, pants and sneakers.  He is carrying a red bag over is shoulder.  A yellow tactile warning strip runs along the side of the train.",5.453014121250305e-157,0.15686274219146487,0.8663417100906372,0.0617283950617284
365,"Blender, refrigerator, microwave, toaster, coffee maker, water pitcher, and spices.",A note is hanging on the wall above a range top. The walls have white tiles and all the cabinets in the kitchen are white. The refrigerator has a bunch of gray magnets on it.,8.409537640843914e-233,0.05128204746877083,0.8390992879867554,0.015384615384615384
366,A couple of people are walking down a snowy path in snowshoes.,There are two people waking in snow shoes in the snow wearing black snow suits. There are trees next to the people on both sides. There are tracks in the snow.,2.6446024506636753e-232,0.19354838235171706,0.89078289270401,0.10846219931271478
367,A woman wearing a blue dress and a tie around her neck is dancing at a party. A man is holding a bottle of beer above her head.,A woman is wearing a grey tie and holding up a bottle of beer. She is having a good time dancing at a party. The woman has dark brown hair. There is a picture on the wall behind the woman's head.,0.10468330806296143,0.5090909042909092,0.9179480075836182,0.34908690176322416
368,A church with a large tower and a red roof.,"A contrail is the only mark on this bright blue sky above a distinctive building. The building is made of different sized grey, tan stones. A peak of a rooftop in one area of the building can be seen. The roof is shingled with rust colored shingles. Behind the roof is a square tower with a black round clock. The tower is topped with a flag resting without a breeze.",1.7950940111330893e-157,0.1403508745337027,0.864449143409729,0.058124999999999996
369,A row of benches made of wood and concrete sit on a brick sidewalk. The benches are painted in different colors. The one closest to the camera is painted red and white. The one behind it is painted white and red. The one behind that one is painted black and white. The one behind that one is painted white and red. The one behind that one is painted black and white. The one behind that one is painted white and red. The one behind that one is painted black and white. The one behind that one is painted white and red. The one behind that one is painted black and white. The one behind that one is painted white and red. The one behind that one is painted black and white. The one behind that one is painted white and red. The one behind that one is painted black and white. The one behind that one is painted white and red. The one behind that one is painted black and white. The one behind that one is painted white and red. The,There are several benches on the ground. There are trees and bushes behind the benches. There is a person walking on the sidewalk in front of the benches.,8.820444599897338e-232,0.2399999952880001,0.8314753770828247,0.14976958525345624
370,"A bathroom with a toilet, sink, and shower.",An open door of a bathroom. The toilet is cleaned and the lid is closed. The wall appears to have very nice and neat wallpaper on it. The light is on and the overall appearance of the doorway and room is very clean.,1.6216419383273346e-233,0.10526315457063723,0.8728360533714294,0.03797468354430379
371,A cup of tea on a saucer with a spoon and a small pitcher of cream next to it.,"A white cup of tea with a tea bag inside sits on a saucer with a spoon on it. Beside the saucer there is a small container of cream, and a pair of silver over sized sunglasses. Next tot eh glasses there is a black flip phone. Closest to the camera there is a black leather portfolio open with pages of paper clipped inside.",0.03654874688589675,0.3728813519793163,0.8973730802536011,0.14285714285714285
372,A black steam train is traveling through a forest.,A black steam locomotive is riding on train tracks. It is black and green and yellow. There is steam coming from the stack. Around the locomotive is green grass. A few people are walking by the train.,2.0421615057992012e-79,0.29411764316609,0.8983574509620667,0.08771929824561404
373,A white bowl of yogurt with blueberries and milk.,"Inside of a white bowl is some yogurt, blueberries and almonds.  A silver spoon is inside the bowl and used for eating with.  The juice from the blueberries is making the white yogurt tinted blue.  The almonds are whole and there are more berries than anything else in the bowl.  The bowl is round and is sitting on a wooden table.  Residue of the food can be seen on the insides of the bowl.",7.23268985190379e-158,0.24999999730229594,0.8724290728569031,0.05185185185185185
374,A skier is going down a hill in the snow.,A person is skiing down a hill. There are trees on the other side of the hill. The person has a red jacket on. There are many tracks in the snow in front of the person.,6.694856103637623e-156,0.4705882311418686,0.9027320742607117,0.08982035928143713
375,"A curved bench sits on a dirt area near a body of water. The bench is painted blue and has a unique design. The bench is curved and has a long, narrow shape. The bench is made of metal and has a light blue color. The bench is located on a dirt area near a body of water. The body of water is large and is surrounded by trees. There are several boats docked near the body of water. There are people walking on the shore near the body of water.",Tug boats are docked at the shore. Three men are on the pavement wearing jackets. Two are standing and one is sitting on a green park bench. There are two green metal park benches which are curved into a half circle.,4.061199917683178e-155,0.3013698580896979,0.8754096031188965,0.18478260869565216
376,A keyboard with multiple cords and a mouse on a desk.,There is a white desk with various items on top of it. There is a computer monitor that is turned on. There is a black keyboard in front of the computer. There is a black mouse and several black wires.,1.1654039418489905e-232,0.2857142816326531,0.8914164900779724,0.10781671159029652
377,A kite flying in the sky above a building.,A kite is flying hair in the air. It is flying over a building. The sky is gray and cloudy. The kite is red and green in color.,1.3726126460615633e-155,0.5517241336504163,0.89830482006073,0.20384339080459768
378,A blue bird is eating corn on a wooden post.,"This image shows a bird perched on a wood stand to the right of a corn cob. The corn cop has about 1/3 of its kernels still attached to it. The cob has been attached to the wood below it at a ninety degree angle, so it is standing straight up. The bird has black plumage on its head and shoulders, and dark blue feathers on its wings and tail. The bird's beak is slightly curved upwards and it has a small crest of feathers on its head. Its eyes are shiny and black, and its feet are thin and black.",8.463882304917958e-159,0.17142856897959186,0.8550209403038025,0.03808487486398259
379,A pizza with cherry tomatoes and mozzarella cheese on a plate.,A pizza sits on a yellow plate. There are cut up tomatoes on top of the pizza. There is spinach on top of the pizza.,2.400937884478586e-155,0.4285714238010204,0.8833425045013428,0.18067325800376646
380,A couple is walking in the rain. The man is wearing an orange vest and the woman is wearing a gray sweater. The man is holding a clear umbrella and the woman is hugging him.,Two people are walking down the street. They are huddled under a clear umbrella. There is a man wearing an orange vest and a woman carrying a black bag.,0.13272826941542495,0.5416666616753474,0.9186199307441711,0.3240485383342527
381,A girl is holding a teddy bear.,A girl is pointing at a fuzzy teddy bear. She is crouched down and wearing a sweater. The bear is sitting on the ground and facing the girl.,3.290152019544498e-79,0.42857142482142857,0.9212102890014648,0.18517059333385863
382,A steam locomotive is pulling a train of cars through a rural area.,"A multi-colored train traveling down tracks. The train has a single headlight on it's engine. There is smoke billowing out of the train engine's smoke stack. The train track is on top of a hillside. There are plants to the left of the train,. There are large gray clouds above the train. The sky above the train is partially blue.",4.040347410490439e-233,0.19999999635200003,0.852871835231781,0.054249547920433995
383,A man is getting ready to shave in front of a mirror.,A man is shaving in the bathroom. He is looking into a very big mirror. He has on a white tank and the door is open.,1.1743864750728811e-78,0.36363635900826446,0.8942095041275024,0.21627286585365854
384,A dog is lying on the floor with a stuffed elephant on its head.,"The dog is a husky. His nose is black. His fur is combination of white, beige and gray. There is a stuffed elephant toy on his head. The elephant is gray with white tusks. The dog is looking sad and lying on the carpeted floor. Behind the dog are the feet of brown chairs and table, they are made of wood. The dog has whiskers.",1.5146014390838915e-79,0.3999999963900827,0.8930202126502991,0.12317983676497869
385,A man and a child are running out of the water carrying a blue surfboard.,A man is walking with his surfboard and sun on the beach. They are walking towards the water. The man has a black and white shirt on and some blue shorts. His son has no shirt on and plaid shorts.,1.2038372169326545e-155,0.32558139095727423,0.8946332931518555,0.09333333333333332
386,"A traffic light with a sign above it that says ""Do Not Stop On Tracks"" is in the middle of a street.",a sign is on a pole. the pole is silver. there is a light on the pole. the light is red in color. the cars are going down the road.,3.637985516081702e-155,0.3157894687396123,0.8612732887268066,0.1541095890410959
387,Woman in white outfit playing tennis with man.,a blonde haired woman with a white top and shorts is waiting to hit the tennis ball that is in the air. there is a bald man with brown shorts with a stripe on the side holding a tennis racket waiting for the ball to come to him/. The court is made up of green and white with white lines. there is a long net separating the man from the other player.,5.139193493429783e-235,0.1538461512426036,0.8611769676208496,0.038109756097560975
388,A black and white photo of a woman cooking in a kitchen.,There are women standing in a kitchen wearing white. There is a large sink behind them. There are ovens next to the women. One of the women is holding a basket.,1.2776467690986844e-155,0.24242423797979806,0.8748915195465088,0.0859106529209622
389,A busy street in Vietnam with many people and many motorbikes parked along the side of the road.,A black and white photo of a foreign scene. The scene appears to be somewhere in Asia. There is a person wearing a big triangular hat in the foreground.,7.178447276683369e-232,0.24390243426531835,0.8618686199188232,0.10752688172043011
390,A chicken sandwich on a white plate.,The half eaten sandwich is on the plate. The sandwich has meat in between. The plate is white. Behind the plate is a bowl of salad. The bowl is blue. There are two glasses of water behind the bowl.,1.6383346195419695e-233,0.31249999658203126,0.8848522901535034,0.0558659217877095
391,A man is playing tennis on a court. He is wearing a white shirt and white shorts. He is holding a tennis racket in his right hand and is about to hit the ball. The ball is in the air and is coming towards him. The man is looking at the ball. There are people watching him play. There are trees in the background.,"A tennis match is about to begin on an outdoor court. It is a clear day with a blue sky and small fluffy clouds. In the background there are white outbuildings with gray, metal roofs surrounded by trees. Nearer to the court, on a grassy slope,there are several rows of spectators dressed casually and for mild weather. The spectators sit on the ground or in chairs. In the foreground is the tennis court. The playing surface is natural grass with white lines that shows wear in some areas where play is frequent. The court is surrounded on the spectator side by a low green carrier. To the left of the spectator side, the court is surrounded by a higher, dark barrier. People wait along this barrier to enter the court to retrieve balls. On the court two players are present along with one official or coach. One player is warming up by tossing the ball in the air to hit. The other is standing next to the official. A full court net separates them. Because of the time of day, and direction of the sun, people cast shadows across the court.",3.293103443908798e-79,0.2564102526602564,0.8586817383766174,0.11217049915872125
392,A red and yellow train is traveling down a track through a green field.,A red and yellow train moves along the track.  One side of the track is lined with trees.  There is a single light near the window on the front of the train.,0.08265808849103826,0.43243242787436087,0.9104286432266235,0.25386313465783666
393,A half-eaten salad sits on a white paper plate.,"A paper plate is filled with a salad. The salad has large, soggy pieces of lettuce. They all have salad dressing on top of them. There is a toasted piece of bread in front of the lettuce. The paper plate is white.",4.0204725099906757e-233,0.3076923041420118,0.8855767846107483,0.06459948320413438
394,A hawk is perched on a black fence in front of a green field.,A brown and white spotted bird is standing on a fence. The fence under the bird is steel. There is a field of grass behind the bird.,2.6100896903638913e-155,0.36363635886134077,0.9085481762886047,0.1866116096243945
395,A grey fighter jet flies through the sky.,a plane is flying in the air. the plane is all white in color. the plane is very pointy. the sky is very blue. the clouds are very fluffy.,7.847165493792816e-233,0.1599999956480001,0.8756272792816162,0.05576208178438661
396,A man stands in front of a motorcycle with a plaque in his hand.,There are three old people in the picture. At the center is a classic and shiny tricycle. At the front of the tricycle is an old man holding a plaque.,2.0270087833259374e-155,0.29411764249134953,0.8877071142196655,0.15013693270735526
397,A man is riding a skateboard and doing a trick.,A man is wearing a gray shirt and jeans. He is jumping in the air on top of a black skateboard. There is a black skateboard ramp on the side of him. There are small clouds in the sky above him.,2.054575470410271e-79,0.324324320642805,0.89657062292099,0.09234828496042216
398,"A tall, gray concrete tower has two clocks on it.",there is a big gray building. the building has a clock on it. the clock is made of glass. the clock has big hands.,1.688940350330845e-155,0.31999999520000005,0.9052987098693848,0.18866764995083576
399,A Stella Artois bottle and a pizza on a table.,A piece of food sitting on a white towel. There is a bottle of alcohol behind the piece of food. There is a remote control near the bottle of alcohol. There is a cap for the bottle next to the towel with food.,2.6710517306586266e-156,0.2499999959570313,0.8546352982521057,0.06297229219143577
400,A large osprey is perched on a tree branch eating a fish.,There is a bird in a tree and the bird has a fish in its mouth. The bird has a white breast and belly with brown wings and a yellow eye. The fish is silver with darker spots on its back.,5.871191366322284e-156,0.270270266092038,0.8581191897392273,0.07874015748031495
401,A row of boats with colorful seats and oars in a murky brown river.,"Colorful boats with teal canopies are lined up on a murky river on a gray, overcast day. The boats have oars in front sitting in the water. Behind the boats small buildings can be seen lining the river.",1.5656849113992952e-155,0.3181818138429752,0.8965620994567871,0.14044943820224717
402,A dog is jumping into a pool.,There is a pool of water with a splash in it. There is a brown dog in the water. There are people standing next to the pool. There is trees behind the people.,3.860601912284314e-233,0.22222221838134434,0.884617030620575,0.08223684210526315
403,Small bathroom with shower curtain and various toiletries.,A bathroom with a white sink in it and a bar of soap on top of the sink. There is a bath with shelves on the side of the wall. There are bottles inside of the shelves. The shower curtain has orange circles on them.,9.506337528937253e-157,0.2564102531492439,0.8852355480194092,0.0900726392251816
404,"Four men are sitting at a table in a restaurant. Three of the men have long beards. One man has a bald head. The man in the green shirt is talking to the man in the orange shirt. The man in the blue shirt is looking at the man in the green shirt. The man in the orange shirt is holding a phone. The man in the green shirt is holding a napkin. The man in the blue shirt is holding a glass. There are two glasses of beer on the table. There is a pizza on the table. There is a pitcher of water on the table. There is a bottle of wine on the table. There is a sign on the wall that says ""RESTROOM"".",three men are talking. they all have bears on their face. there is a blue shirt on the man. the shirt has flowers on it.,3.628069984880037e-155,0.34782608272211724,0.8627490401268005,0.3480850896508336
405,A plate of spaghetti with meatballs and a bowl of carrots.,"A white dinner plate with spaghetti shaped noodles and three tiny meatballs sit on a table that has pink back chairs next to it. There are vegetables on the past in the dinner plate. Next to the pasta plate is a black bowl with chunks of sliced orange carrots. 
Against the wall of the room is a radiator painted white and above that a shelf and window.",1.1208683276923795e-233,0.31034482473246144,0.8824321627616882,0.08957654723127036
406,Red toilets with plants growing out of them.,A brown door on a house has some stickers on it. Next to the door on both sides is red toilets. There are plants growing out of the toilets. There are some dead leaves scattered around on the porch.,0.007175205974419428,0.27027026688093503,0.8927900791168213,0.13481894150417828
407,A train is at a station.,"A train is opening it's doors. The train is currently parked at a train station. The train is blue, the doors are red, and it has white stripes on it. There is a long yellow line near the train area.",2.6294012102845227e-80,0.3529411735640139,0.8971049785614014,0.08196721311475409
408,A group of people are watching a kite flying in the sky.,There are people standing on the beach. There is water in front of them. There is kites in the sky above the water. There are clouds in the sky.,9.146131064152268e-79,0.41379309859690844,0.8941348195075989,0.20968827091276074
409,"A bathroom with a toilet, sink, and paper towel dispenser. The floor is checkered tile, and the walls are tiled in white square tiles.",A white toilet sits next to a white wall. There is a white sink on the wall. The tile on the floor is black and white.,4.761773526559417e-155,0.39024389751338495,0.897250235080719,0.24631782945736438
410,A red and yellow train is on the tracks. The train has the number 92015 on the front.,RED AND YELLOW TRAIN ON THE TRACKS WITH TWO LARGE WINDOWS IN THE FRONT.NUMBER ON THE FRONT IS IN BLACK NUMBERS. THERE IS ASLO A SQUARE BOX WITH THE INITALOS OF DB OUTLINED IN RED.THERE ARE MANY WIRES CONNECTING THE OTHER BRIDGES RUNNING ALONG THE TRACKS. A GRAY BRICK BUILDINGIS ON THE SIDE OF THE TRAIN WITH A WHITE ELECTICAL BOX ON THE GROUND.,6.867940457100165e-233,0.03636363256859544,0.8375303149223328,0.2043822579536865
411,A man is standing on a skateboard in front of a sign that says army mom.,a man is standing on the sidewalk. he has a cut on his arm. his arm is bleeding. he is smiling at something off camera.,0.09654156210312353,0.24242423746556482,0.880193829536438,0.12448132780082985
412,A cowboy is riding a horse on a road.,There are black cows walking along the street. There is a man riding a brown horse down the street next to them. There is a white car on the street in front of them.,4.983142921540809e-156,0.31249999625,0.8903058767318726,0.15225137674117264
413,A man is standing in a bathroom next to a trash can.,A man stands in front of a group of white sinks which are mounted on a wall. The wall is maroon square tiles.  A mirror covers the wall.  The man is wearing black dress pants and a white shirt and he is adjusting his tie while looking into the mirror.  Next to the man is a partition all with a large yellow trash bin.  The floor is tan tile and the room is a bathroom with stalls on the far side.,3.192834466574463e-157,0.21874999715332033,0.8605855703353882,0.10779491640735657
414,A large orange truck is parked in a snowy driveway. The truck is covered in snow. There is a stop sign in front of the truck.,A large orange truck is parked next to the brick building. The word Allied is on the back of the truck behind the cab.  There is snow on the hood of the truck.  The ground is covered with snow and footprints.   A red and white stop sign is next to the driveway.  The trees have no leaves but do not have snow on them and the sky is clear and blue.,0.05343335913752522,0.4838709634911552,0.9054001569747925,0.2154208235269614
415,A computer monitor and laptop on a desk with a green leaf on the screen.,"On the white table, there is a monitor with black frame. Beside the monitor is a laptop that has a stand underneath it. In front of the monitor is a silver keyboard with white keypads. In front of the monitor is a cellphone, mp3 player and a hard drive. Beside the keyboard is a mouse on a mouse pad. Behind the laptop is a lamp and behind the lamp is a white curtains.",1.3791702869535082e-156,0.23999999615200004,0.8522111773490906,0.0744047619047619
416,Three giraffes in a zoo enclosure. The giraffe on the left is eating hay from a hay net. The giraffe in the middle is eating hay from a hay net. The giraffe on the right is eating hay from a hay net.,There are three giraffes in a pen. The pen is surrounded by a rope fence. The giraffe in front is eating food out of a net hanging from the tree.,2.5932526607190693e-78,0.38095237605442184,0.9026653170585632,0.385968660968661
417,Three people are drinking wine and one of them is holding a wine glass up to her face.,Three people are all together drinking wine. One lady has the glass up to her lips and is preparing to drink. A lady is talking and looking at someone and a man is smiling and looking at the same person.,0.06413328006087196,0.46808510176550483,0.9243501424789429,0.25049603174603174
418,Skateboarder in mid air.,"a young black man is jumping off of a skateboard, he is wearing a white tank top and blue jeans with green shoes. there is another white guy holding a skateboard watching dressed in a black shirt and pants. with one other black kid watching the both of them.",1.675638785605612e-236,0.04999999820000006,0.8451207280158997,0.02247191011235955
419,Two white plastic chairs sit in front of a door. A cat sits in front of the chairs. A blue ball sits in front of the cat. A green plant sits in front of the ball. A brown plant sits in front of the green plant. A white pot sits in front of the brown plant. A blue pot sits in front of the white pot. A green pot sits in front of the blue pot. A red pot sits in front of the green pot. A white chair sits in front of the red pot. A white chair sits in front of the blue pot. A white chair sits in front of the green pot. A white chair sits in front of the brown plant. A white chair sits in front of the green plant. A white chair sits in front of the red pot. A white chair sits in front of the blue pot. A white chair sits in front of the green pot. A white chair sits in front of the brown plant. A white chair sits in front,There is a brick building with a white glass door. There are two white chairs on the porch of the house. There is a gray cat sitting on the porch. There is grass in front of the porch.,0.018023354750684114,0.3999999950024692,0.8297381401062012,0.25432957645217913
420,A red motorcycle is parked on the sidewalk next to a sign that says bus.,This photo is taken outside on a sunny day. A red and black motorcycle is sitting on a brick paved sidewalk in front of a bench. There are numerous cars lined up on the street across from the motorcycle.A brown brick building is surrounded by large green trees in the background. Two people can be seen walking past some of the vehicles.,3.779034230888933e-156,0.24999999641113285,0.8876307606697083,0.07853403141361257
421,Surfer riding a wave.,"A person is surfing a large wave during the day. The spray from the wave is large and white, the wave is a light green. The person is wearing a pink and black long wetsuit. The hair on the person's head is very dark. Under the surfer is a white and blue surfboard. The sky above the surfer is blue. The bare hands of the surfer are a little tan and dark.",5.333190948712321e-239,0.08888888726913582,0.8455979824066162,0.015337423312883436
422,A man is playing tennis on a court.,There is a person standing on top of a tennis court. The person is wearing a white shirt and blue shorts. The person is wearing a white hat and dark colored shoes. They are holding a blue tennis racket in their hand. There is a green fence behind them. There is a bush behind the fence. There are cars parked in a lot behind the bush.,1.1503853280214046e-234,0.22222221929876546,0.8632675409317017,0.04983388704318937
423,A window with a toy dog sitting on the ledge.,"A stuffed bunny rabbit sits on a windowsill. The stuffed critter has a black button nose, two deep set eyes, and two multicolored buttons going down its torso. It is ""wearing"" a black and white plaid jumper. This same black and white plaid fabric is used to represent the underside of the bunny's floppy ears and the underside of its feet and paws. The windowsill is of a rustic marble look, and the window panes behind the bunny are rectangular and feature dirty glass and dirty white window frames. The black box surrounding the tableau says 'left behind"" along with some writing underneath that.",1.3264106683606835e-235,0.1265822762698286,0.8507890701293945,0.050696811494153685
424,A blue and purple train is at a station.,There is a train on the train tracks. The train is blue with a yellow front and red doors on the side of it. There are black poles on the platform next to the train. There is a cement bridge over top of the train tracks. There is empty tracks on the other side of the platform. There is a white building in the distance.,1.5198643083720065e-157,0.13953488041103307,0.8586956262588501,0.050505050505050504
425,A man wearing a straw hat and an orange and black tie with a tiger's face on it.,A man in a straw hat holding up his tiger neck tie. The man is wearing a black watch. There is a pink and brown stripe around the rim. There are people standing behind the man in the straw hat. There is a white umbrella above the man in the hat and tie. The man in the straw hat is wearing a white shirt. The man in the hat is wearing glasses.,1.9330131609649923e-79,0.35999999564800006,0.888857901096344,0.07507507507507509
426,A small white boat with a blue interior is floating in the water. A seagull is perched on the edge of the boat. There are other boats in the background.,"There are four birds on a small boat. These birds are gray with black beaks. The boat is white with blue in the inside. It is tied to a narrow dock. On the dock, there are three birds resting. They are few inches apart for each other. The water is gray and calm. On the other side of the dock is a bigger boat with paddle inside of it.",2.2101053412208597e-155,0.41176470140570937,0.8897635340690613,0.21884319310991668
427,A skateboarder is jumping in the air while doing a trick.,"A man is suspended in the air with his skateboard doing tricks. He is bald, wearing a white shirt with red logo on it. He is also wearing jeans and black shoes. Underneath him is a big gray, cemented ramps. The skate park has few people skateboarding. Farther down the skate park are trees and beyond the trees is a mountain.",4.470884919608282e-80,0.2456140319729148,0.8762004971504211,0.07142857142857144
428,"A man with a blue wig is walking through a busy airport terminal. He is wearing a colorful jacket and carrying a large suitcase that says ""QUATTRO"" on the side. The woman next to him is wearing a blue sweater and black skirt. She is also wearing a wig and carrying a purse. The background of the image is a busy airport terminal with people walking around and shopping.",A picture of a woman seducing a man. The woman is wearing a short skirt. The woman is wearing boos. The woman is wearing socks. The woman has white hair. The woman is wearing a blue sweater. The man is wearing a blue wig. The man is wearing a blue jacket. The man is holding a suite case. There are many other people standing around. There are escalators near the man.,0.07193888729557188,0.41558441065272395,0.8781613707542419,0.22998961505971335
429,A woman is walking on a golf course with a yellow flag in the background.,"A woman walking is holding a golf pole. She is wearing a white visor, gray windbreaker, pink pants, and white shoes. Behind him is a man carrying a big gray umbrella. He is wearing a white vest, blue windbreaker and white shorts. Beside him is a thin yellow pole with a small yellow flag. The woman is holding a white golf ball in her hand.",3.515475833825173e-156,0.3333333294924555,0.8703369498252869,0.11446280991735538
430,"A man wearing a blue bandana and a white t-shirt with the words ""World Skateboarding Championship"" on it stands on a skateboard in a park.",A picture of a man with blue hair riding a skateboard. The skateboard has four yellow wheels. The man is wearing black shoes. The man is wearing a white shirt. The man is wearing black knee pads. The man is wearing gray shorts. There is a tree to the left of the man. There is a park with a gray sidewalk behind the man. There are many trees and bushes behind the man.,9.977743490884302e-156,0.30508474117782247,0.865537166595459,0.09530791788856305
431,Four men are posing for a picture on a tennis court. The man on the left is wearing a red shirt that says Wilson on it. The man in the middle is wearing a blue shirt with a flag on it. The man on the right is wearing a white shirt. The man on the right is holding a tennis racket.,Four men are standing together on a tennis court. Three of the men are holding rackets in their hands. One of them is holding a green ball in his hand. Another man can be seen sitting in the background of the photo. A tall fence and a green bush can be seen behind the men with a net on it. One of the men is wearing eyeglasses on his face. Another man is wearing a necklace around his neck.,0.08173820651645641,0.3846153798257726,0.8791098594665527,0.2072538860103627
432,A blue and silver BMW motorcycle is parked on a stone driveway.,"A motorcycle is parked at the curb. It has a sharp looking features. The motorcycle has two boxes attached to it. The first one placed behind the seat, it is medium and black. The second box is beside the wheel. It has silver color in front and the rest is black. The handles of the the motorcycle is black. It also have plastic shield in the front.",4.005975220520543e-80,0.22222221876543213,0.866378128528595,0.077982412477186
433,A small green and black train is on a track. There is a person standing near the tracks. There are buildings and trees in the background.,"An antique steam locomotive is traveling along a set of tracks.  The locomotive is black and green.  It has a red sign in front with the number ""823"" on it, in yellow.  Smoke is coming out of the smokestack.  A man is behind the locomotive in the background, taking photos of something behind the train.  He is dressed in a red shirt and blue jeans.  Three buildings with gabled roofs are in the background.  Two are brick.  A switch throw is in front of one of the buildings, a single story structure.  It is sunny.",1.8293285500947777e-79,0.2926829230190363,0.8734826445579529,0.09648127128263337
434,A toilet bowl with ice cubes in it.,Inside of a white ceramic toilet bowl with no lid are many clear ice cubes. The light is reflecting off the rim of the toilet seat. The hinge that connects the seat and the toilet is long silver and shiny. Under the toilet are off white ceramic tiles with black grouting between them. The drain of the toilet is covered in ice cubes.,5.2417550879918505e-81,0.2127659546220009,0.8715278506278992,0.05217391304347826
435,"A young woman in a white dress is standing on the beach and smiling. In the background, there is a boat on the water.",There is a woman wearing a white shirt. She has many gold necklaces around her neck. The woman has dark hair and there are many gold headbands and decorations in her hair. The woman is wearing large gold earrings. There is a water behind the woman with many small waves in it. there is a large white boat in the water. There is a black engine on the black of the boat.,4.633637129971459e-79,0.3508771885380117,0.8867396116256714,0.16608481627945296
436,A red fire hydrant is in the center of the image. The fire hydrant is on a sidewalk. There are leaves on the sidewalk. There is a shadow on the sidewalk. There is a tree behind the fire hydrant. There is a gas station in the background. There are cars parked in the background.,A red fire hydrant with a white top and a black knit cap on top of it sits on a sidewalk at the side of a parking lot.  The hydrant is casting a shadow on the sidewalk where leaves are scattered around it. There is a manhole cover a bit down from the hydrant.  Behind the manhole cover is a small area with small green shrubs and mostly covered by leaves.  At the end of the sidewalk are rows of cars with a store in the far back. A couple of people are near their cars in the parking lot.  At the end of one row of cars is a wooden fence with a brick building behind it.,0.049574649527403876,0.404494377982578,0.8868749141693115,0.18670627018894645
437,Four men are sitting around a table eating.,There are four men sitting at a table eating and socializing. The man at the far left is wearing a brown long sleeve shirt. The man to his right has on a black and white jacket and a plaid shirt. He is also wearing eye glasses and has a beard on his face. The man next to the man wearing eye glasses is wearing a long sleeve black shirt and is facing the man wearing eye glasses. His face is not visible. The man to the far right is wearing a long sleeve gray shirt. His eyes are squinting in the direction of the other three men probably because of the brightness of the shining sun. It is a very sunny day. It appears the setting is an outdoor area of a restaurant.,1.3351080986345443e-161,0.1369862994182774,0.8666337728500366,0.024896265560165973
438,A bus is stopped at a stop sign. There are bikes parked on the sidewalk.,A large white bus is positioned near the stop sign on the corner.  No one is in it.  On the sidewalk near the bus are several colorful bicycles parked on the sidewalk.  A blue sign referring to bike rental is near the bikes closest to the street by the stop sign.  Several buildings are hovering in the background.,0.013694137468907994,0.4313725448673588,0.8990994691848755,0.1687547519090278
439,"A black and white photo shows a car with a sign on the front that says ""A1400 IS YOUR CAMERA LOADED"".","The image is black and white. There is a car with its hood open. On the front bumper, there is a sign that says ""is your camera loaded"". There is also a license plate that says A1400. At the top of the car, there is a sign that says D. Monosson & Son. On one side, there is a flash of a camera, and between the hood and the bumper, there appears to be a camera lens. This car is parked in front of a multilevel building.",1.5896292826833422e-79,0.2816901367982544,0.8864330649375916,0.12330217424985798
440,Laptop computer sits next to a display case with blue light shining from it.,"In the center of this room is a column going half way up and stopping and then begins again with an snit object encased in glass, finishing up almost to the ceiling. The object is fragile and is sitting upon a satin pillow with wire connectors coming out and down out the bottom. These are motion sensor wires, which will indicate if anyone tries to pick up the object. There is a commuter laptop open on one side, as if is keeping track of the monitoring of the security of this object.",4.7164576961820814e-234,0.07594936417240838,0.828176736831665,0.035629453681710214
441,A baseball catcher in a squatting position on the field.,"This is a picture of a catcher on a baseball field. The catcher is crouched down and holding the mitt in his left hand. His uniform is white and black and he is also wearing a helmet and knee pads. The field has green grass, brown dirt and white lines painted on it. The catcher is a man. He is wearing white shoes and has a bracelet on his right wrist. The helmet the man is wearing is black and his shoes are white. His last name is on the back of his uniform and so is his number.",1.0743980450037447e-158,0.19999999722222223,0.8511870503425598,0.0648113892656993
442,A bathroom with a blue wall and a white sink.,There is a white sink sitting in front of a blue wall. There is a roll of toilet paper sitting on the top of the sink. There is a white bar on the wall next to the sink. There is a white shelf on the wall above the sink. there is a hole in the top of the sink where the faucet should go.  There is a pipe coming out of the wall above the sink.,1.2262056680626469e-157,0.19999999651250003,0.8757224678993225,0.057636887608069155
443,A blue and red bicycle is sitting on the floor in front of a wall.,"The bike is leaning on the white wall. The body of the bike is blue with red and linings and white text. The bike is surrounded by shoes and slippers. The seat of the bike is black, and so are the handles and break. There are reflectors on the bike's spokes. The wheels of the bike is black. On the wall there is an umbrella with black handle.",1.924787188781863e-156,0.23076922666420124,0.8757961392402649,0.0931340697422569
444,A blue colander with bananas and peaches sits on a table. The bananas are yellow and the peaches are orange.,"The image is of a light blue strainer on a wooden table that is holding two bananas and three peaches. There is a white curtain to the right of the strainer and a yellow squared tiled wall directly behind the wooden table. The handle on the strainer is silver appearing chrome and there are holes in the shape of circles near the bottom of the strainer. The strainer is resting on a cylinder shaped bottom, allowing it to stand on the wooden table. There is one silver screw on to the left of the bananas and one silver screw directly in front of the silver handle on the strainer.",9.664769422011514e-157,0.31884057614786815,0.8749361634254456,0.06493506493506493
445,A cat and dog are sitting in front of a window. The cat is sitting on a rocking chair and the dog is lying on the floor. The window has a metal grate in front of it.,"A cat is sitting on a wooden stool near the window, its tail hanging down behind it. A dog is lying on the ground next to the cat, in front of the window. There are black bars on the window. Outside is bright, with green grass and trees visible. There are brown bamboo shades on the other half of the window.",0.1305202366902445,0.4776119357897082,0.9075034856796265,0.2518249905195298
446,Two people are playing frisbee in the snow.,There are two people in the photo. One person is wearing a red and black jacket. There is snow on the ground. The person wearing the red jacket is also wearing black gloves. She is throwing a white frisbee to a person wearing a black hoodie. The person in the black hoodie has his hands in his pockets. There is a small house in the background.,5.790722004553722e-158,0.18604650859924285,0.8694804310798645,0.08490217792543374
447,A large elephant walking through a sandy area. The elephant is gray and has a large trunk. There are trees and bushes in the background.,There is a large grey elephant standing in a field. There is dirt and grass in the field. There is a large log on the ground next to the elephant. There is a large tree in front of the elephant. There are tall trees behind the elephant. There is tall grass and weeds in front of the elephant. There are white clouds in the sky.,1.5206504115557954e-155,0.399999995128,0.8960120677947998,0.19195056352459017
448,Many people are gathered in a field to watch a large kite fly in the sky.,Many people are flying kites in a large open field. Huge billowy white clouds float above the kite flyers in a blue sky. Many of the kites are yellow and orange and have flags hanging from the strings. Beyond the dark green grass field is a city skyline. The sky line has many tall skyscrapers mostly all grey and white colors. There is also a large square like sculpture in front of all the kite flyers.,9.930183884332607e-80,0.2686567131120517,0.880344033241272,0.11267962806424343
449,A snowy mountain with a ski lift.,The sky is cloudy in the background of a snow speckled mountain top. There are snow dunes and there is a bright yellow sign on a metal pole stuck in one of the dunes. There are two people standing at the bottom of the snow dunes. There is also a ski lift in the background with a light blue sign in front.,3.8134548027088326e-158,0.17777777515061732,0.8718239665031433,0.06584070796460177
450,Two men in white ski suits are standing on a snowy mountain.,A Man is standing in ice and snow while holding skiis. The sun is shining behind the man. There is a red pole to the right in the picture and a man in front of the first man. The man is kneeling and crouching. They are both atop of a mountain. The mountain is covered in snow. The clothing they are wearing is white and grey.,1.7018671523809808e-233,0.19230768875739648,0.8753311038017273,0.057755775577557754
451,A crowded street with a bus in the middle.,"The crowd is covering the whole street. The crowds have colorful umbrellas. At the center of the crowd is a bus parked with a sign ""DANCE"" on it. There are white placards with number on them. The scene is taken at night. There are buildings surrounding the crowd. There are some people standing and watching from a building porch.",3.32938843523506e-157,0.15686274219146487,0.8833325505256653,0.05555555555555556
452,Three people are playing wii in a living room.,There are three woman in the living room of a home. In the living room there are hardwood floors. Two woman are standing up in front of the television. They have game controllers in their hands. They are playing a game together while the third woman sits down on the couch and watches them. They are all smiling and look like they are having a great time with one another.,8.720273459851716e-158,0.21052631313019393,0.8625161051750183,0.046948356807511735
453,A skier stands on a snowy slope looking down at the ski lift.,A person is standing on top of a hill. There is a lot of snow on the hill and on the trees in front of the person. There is a ski lift in the air next to the man. There are wires hanging from the ski lift. The person is wearing a red jacket and black ski pants. They are holding black ski poles and standing on top of black skis.,4.0773741370248934e-80,0.23999999615200004,0.8691917061805725,0.08159988496932516
454,A model train is on a curved track. There are other model trains and a small building on the track.,A model train car is driving around on model train car tracks. The plastic train car has a red roof with blue sides. The front has red and white stripes with two small windows. The black tracks curve around where two train cars in the center. One car is yellow and green and the other car is black. Off in the distance are four lit lights on a model pole.,2.8063911379207364e-79,0.3389830468945706,0.8823882937431335,0.12307692307692307
455,Two zebras in a pen.,There are two black and white striped zebras standing on the dirt ground. The zebra in the back has its head down. Both zebras are looking down. There are a few scattered rocks in the dirt. There are a lot of trees in the background behind the zebras. There appear to be tracks in the dirt that may have came from a vehicle.,1.4697049133985803e-236,0.1276595725667723,0.860470175743103,0.03496503496503496
456,A bus with the number 44 on the front.,This image is of a city bus. The front of the bus has a large windshield window. There is a marquee display above the window that reads 44 BEALINE. There is a blue and white license plate below the grill of the bus. The license plate reads CR-526-AX. Both front headlights are turned on. The driver is visible through the front windshield window. She has short hair and is wearing a black jacket. The passenger directly in front of her is a man that is wearing a black jacket with white sleeves and he has short hair. The door is open on the bus and there is an older man waiting on the bottom step to get on the bus. He is wearing a black jacket and jeans. He is also carrying a black and white Adidas messenger bag.,4.273014709212493e-161,0.15584415398212179,0.8439792394638062,0.04222470238095238
457,A green clock with a white face is attached to the side of a building.,There is a large blue clock on the side of a building. The clock has black handles. The numbers on the clock are black. The background of the clock is white. The building the clock is attached to is very tall. The building the clock is attached to has many windows. There is a tall black metal pole near the clock.,0.016204585436121122,0.47619047174603185,0.893535315990448,0.12176894672059084
458,A zebra stands in a zoo enclosure.,A zebra stands next to a narrow tree. The tree has some wire around it. The shadow of the zebra is on the ground. There is another zebra next to the wall. There is a fence in a background. There are some rocks on the ground. There is a black stripe on the zebras back. The zebra is looking off to the side. There are shadows on the ground.,8.988678157383425e-82,0.23255813680908602,0.8679789304733276,0.03980891719745223
459,A fisheye lens shot shows a bus with people standing and sitting.,The people are standing up on the bus. Some of the seats are occupied on the bus. There's a boy on the front of the bus and a yellow shirt sitting down. There's a woman in a green shirt looking out of the window on the bus. There's a man taking a picture of the top of the bus. The camera he is holding is black. He is wearing a watch on his right wrist.,7.680853525138838e-234,0.22222221876543213,0.8540231585502625,0.05094614264919942
460,A person snowboarding down a steep slope.,There is a person snow boarding down a hill. There are tracks in the snow all around the snowboarder. There is a large rock in the snow next to them. There is a green pine tree in front of the snowboarder. The snowboarder is wearing blue ski pants and a blue and yellow jacket. They have a yellow snowboard on their feet.,2.9841896542630008e-158,0.13043478002835543,0.8794428110122681,0.04424778761061947
461,A man and woman are feeding a giraffe. The giraffe is sticking its head through a fence. The man is holding the giraffe's nose. The woman is watching. There are other people in the background.,"People surrounding a adult giraffe that is contained behind a fence.  A gentleman with dark hair and eyeglasses is stroking the cheek of the giraffe.  On the opposite side of him, a woman with dark hair and sunglasses is holding out her hand to feed the giraffe.  Behind that lady, is a man in a short sleeved black shirt with a video camera recording the giraffe.",2.4912203514599236e-155,0.31884057508926705,0.880547821521759,0.19766059204561875
462,A cat is sitting on a sink in a bathroom.,There is a white sink hanging from the wall. There is a mirror hanging above the sink. There is a black and white cat sitting on the edge of the sink. There is a red and white toilet next to the sink. There is a roll of toilet paper hanging from a roll next to the sink. There is a red bottle on the back of the toilet.,2.384943545986927e-157,0.34285713903673476,0.8682113289833069,0.06430868167202572
463,A black Ford pickup truck with a camper on the back.,This photo is taken outside on a cloudy day. Part of a blue sky can be seen in between the white clouds. An old dark truck is sitting parked in a parking lot. The truck has a trailer attached to the top of it. Part of a white building can be seen behind the truck. Another old car can be seen parked in the parking lot. Green trees can be seen in front of a mountain in the background.,2.9237862920164654e-234,0.10714285398596948,0.8612891435623169,0.04155124653739612
464,Clock on a building with a blue face and gold hands.,A clock is attached to the stone exterior of a building.  The clock has diamond shaped metal objects as numbers and silver metal hands.  The clock has a black face with gold borders.  A square shaped border is bordering the gold border of the clock.  The square shaped border has red and green stripes on it.  The stone portion of the building has a ridged design on it.  The sky is stark white.,6.178444564382176e-234,0.27450980076893505,0.8619286417961121,0.07485029940119761
465,"A pizza cut into 8 slices on a white plate. The pizza has spinach, red onions, olives, and cheese.",There is a white plate sitting on a table. There is food on top of the table. There are small pizza slices sitting on top of the plate. There are black olives slices on top of the pizza. The crust of the pizza is dark brown. There is cheese and lettuce on top of the pizza. There are sliced up onions on the top of the pizza.,6.321812681329808e-156,0.3043478213232515,0.8854993581771851,0.08842443729903536
466,Large piles of oranges and apples sit in wooden crates at a market.,"A supermarket produce stand.  Closest to the camera is a bin of ripe oranges.  Most of the oranges have an oval, dark sticker on them.  Next to the apples are red apples with a tint of green.  The apples seem to take up two bins, then past the second bin of apples is another bin of oranges.  The setting of the store is dark and lights can be seen glowing to the left of the produce stand.",1.043998428384826e-233,0.16393442287557117,0.8532462120056152,0.03541076487252124
467,A man and a woman are posing for a picture. The man is wearing a tuxedo and the woman is wearing a black dress. The man has a smile on his face and the woman is smiling.,"A couple is posing at a formal black tie event. They are both enjoying themselves and smiling. The man is wearing a black tuxedo with a bow tie. He has short combed back brown hair and is wearing square black frame eyeglasses. The woman has on a black silk top with silver and crystal embellishments, she is also wearing a necklace and earrings that are also silver. Her hair is chin length and brown, she is wearing minimal make-up. The wall in the background is painted tan and has a framed painting hung on it.",0.04154439167632712,0.3373493936942953,0.8782930970191956,0.18254781105636445
468,A baseball player stands on the field with a player from the opposing team in the background.,"There are two grown men standing in the dirt on a baseball field.  Its a clear day.  There are a few trees in the back ground on the other side of the fence.  The fence is decorated with billboards and have a tall yellow pole standing next to it.  The grass is cut short and is very green.  The men are both wearing uniforms, cleats and a baseball cap.",3.44849662607217e-156,0.19672130793872616,0.8498809933662415,0.07836990595611286
469,A tennis player is holding his head down and looks tired.,"A male tennis player is wiping his forehead with his wrist. He seems tired and is holding onto his tennis racket loosely. His shirt is blue and yellow, his hair short and brown. He has a white bracelet on. Near him are white and green advertisement banners that line a wall of a tennis court. Behind the banners are two fully visible red seats made of metal and cloth. Behind those are a white wall and behind the white wall are the basic seats of a sports stadium. Next to the seats is a long hallway leading down from the sports arena.",1.230779672353219e-81,0.21333333083022224,0.8767641186714172,0.06840688912809473
470,Three sheep are standing in a field.,A group of sheep are standing outside. Two faces are showing. The upper part of the face is black and the mouth and snout is white. The horns are gray and curled towards the face. The wool is very thick and white. All the sheep are standing on hay that seems to be in damp dirt. Behind the sheep is very short green and yellowish grass. In the background are dark figures of trees and buildings.,2.825862529129231e-82,0.14285714066964286,0.8606765270233154,0.0361794500723589
471,A man is sitting at a table with a pizza on it. He is holding a glass of water and a shaker of salt. He is sprinkling salt on the pizza.,"A man is sitting in a restaurant with others while eating pizza. The walls are painted a bright shade of green and a blue picture hangs behind the man. The man is in his late 40's or early 50's. He has silver hair with black eyebrows. He is wearing a short sleeved button up plaid shirt in white, blue and black plaid. On the table in front of him there is a pizza with one slice missing, on the pizza there is prosciutto and basil. An empty glass with a slice of lemon on its edge also sits on the table.",0.015534141295120369,0.30232557770416446,0.8666375279426575,0.1376141254072316
472,A red fire truck is parked on the street in front of a building.,"A large red truck is parked in the middle of the road. The truck appears to be a fire truck, and has a blue light on the top. There is a large brown and yellow brick building on the other side of the road. On the near side, there is a small fence, and small plants growing out of the dirt. Past this, there is a concrete wall and a concrete surface covering the ground.",5.487421677822094e-80,0.2903225771488034,0.8951320648193359,0.07982583454281567
473,The sky is orange and blue. The sun is setting. There are cars on the street.,A sunset is shown in the background. There are a bunch of cars heading towards the direction of the camera but they are at a traffic light because it is red. There is one car going through the light. It's starting to get dark outside and the streetlights are getting ready to come on. The sky looks beautiful.,5.654764417661286e-156,0.30508474214306236,0.8916317820549011,0.09293680297397769
474,A couple is riding their bicycles down a street with a 20 zone sign on the right.,There are people walking down a road while holding their bikes.  There are cars parked along the left side of the road.  The trash bins are on the sidewalk on the right side of road.  A blue and green bin is visible.  There is a 20 mph sign on the sidewalk.  A red light is on the traffic signals.   Green trees surround the road.  There is a house peeking out from behind the trees on the left side.,1.062515506459634e-79,0.2903225768158169,0.8716649413108826,0.0883866481223922
475,Two sheep are standing on grass.,Two sheep are in a green field.  One of the sheep is standing up and looking to the left.  The other sheep is sitting down in the grass and is also looking to the left.  The field is covered in grass with some brown leaves on it.  Behind the sitting sheep is a metal manhole with a paved cement border.  Both sheep have tan fur and white faces.,2.134671982418186e-82,0.24999999781250004,0.8671574592590332,0.04045307443365696
476,Two giraffes are standing in a grassy area. The giraffe on the left is taller than the one on the right. The taller giraffe has its head around the neck of the smaller one.,Two giraffes are bending their necks to look at something in the bright green grass below. One giraffe is standing behind the other giraffe. Each has large brown spots and black hairy tails. Around them they are in a forest filled with large and small trees. The bottoms of the giraffes are off white colored.,1.3087500051127468e-78,0.3380281644514977,0.889930784702301,0.25192570521917174
477,A green train with the number 60009 on the front.,The image is a black train with smoke coming out of the smoke spout at the top of the front of the train. There is a blue sign on the front of the train and a black number sign below the blue sign with the numbers 60009 on it. The conductor can be seen on the left side window of the train. He is wearing a blue shirt and there are two more train cars behind where he is located. The train car behind the conductor is green and the last visible car is maroon in color. The train is on the tracks and the gravel on the tracks is light brown. There are trees on the right side of the train and atop a grassy hill.,9.553305029721393e-160,0.1714285691877551,0.8728161454200745,0.03902862098872507
478,A street sign for E. Main St. is in the foreground.,"The image is of a telephone poll between two streets. The pole has a green and sign on it with white lettering that says ""E Main st 1700"" There is also a no parking sign attached to the pole. There are vertically striped awnings on both sides of the street. One awning covers produce stands, on the opposite side the awning is attached to a multilevel brick building. Behind the produce stand is a brown multilevel building with a brown stone facade and red roof tiles. The road is paved with cobblestones. There are several vehicles parked on the street.",4.3334917922795204e-235,0.13333333083022222,0.8495398163795471,0.027442371020856206
479,People on a dock with umbrellas.,There are people sunbathing outside on the pier. Some of the people have umbrellas over their chairs. Some people are in the Water swimming with their pets. There are a lot of people on the pier enjoying the Sun. It is a hot sunny day out. There is a flag on a flagpole on the pier to the right. The pier to the left has more people on it.,2.309830734342843e-159,0.17777777546666668,0.8753946423530579,0.05933014354066986
480,"Bathroom with a toilet, sink, bathtub, and blue rug.",The small bathroom has an angled ceiling. There is a window in the angled ceiling. There is light coming into the room. There is a white sink below the window. The sink is round. The is a toilet next to the sink. There is a tub next to the toilet. There are some glass panels on the wall above the tub. There is a white shower curtain. There is a blue carpet on the groun. There are bottles on the corner of the tub.,3.0066613342542858e-235,0.0816326500624741,0.8643739223480225,0.0196078431372549
481,Orange cat looking into black bag with green light coming out of it.,A black and brown bag is sitting on top of some carpet. The carpet is brown and there is a brown wall next to it. There is a cat inside of the bag looking out the top of the bag. There is an orange cat sitting in front of the bag looking down into the bag. The cat inside of the bag has its eye looking out of the bag.,8.850122784915128e-157,0.3404255279130829,0.8647289276123047,0.09081658122611985
482,Man surfing on a surfboard on a wave.,A male is surfing in the blue ocean.  There is a wave behind him with white foam surfacing on the water.  The male surfer is laying on the surfboard in preparation to ride a big wave.  He is wearing a black wet suit that covers his entire body.  The surfer has dark brown hair and the board is red.,3.001808718778077e-234,0.199999997888,0.8629229664802551,0.06493506493506493
483,A blue plate with a smiley face made of oranges and a banana.,A smile is represented on a blue plate utilizing food.  Two eyes are displayed using oranges.  A chili pepper represents a nose and a banana represents a smile.  The circular blue dish is sitting on top of a wooden plank table.  There is a light casted on the left of the plate.  The blue ceramic plate has swirls of white around it.,1.8835057524998682e-156,0.2962962928395062,0.8774442076683044,0.06129597197898424
484,A tin can filled with pink and white flowers sits on a desk next to a phone and a calculator.,"A lone soda can sits on a desk. Inside the grey and silver can with tiny writing are small bright red and pink flowers. The can is being used as a vase. Behind the can is a blue white and yellow calculator, a pink notepad and a black plastic corded phone. The point of a white elbow can be seen. The desk is very large.",3.5373305909618323e-79,0.3548387056971904,0.8981547355651855,0.13876707707876537
485,A BAJA AIR LONDON airplane is parked on the tarmac at an airport. The airplane is white with red and blue stripes and has the words BAJA AIR LONDON on the side.,The plane is parked on the runway. The tail of the plane has a circle on it. The top of the plane is white. Underneath the plane is a grey color. The sun is shining outside. There are other planes parked out. All the planes are getting ready from passengers and for take off. There are baggage carts around the bottom of the Planes.,0.03440200627943783,0.2539682493323256,0.8676157593727112,0.09868421052631579
486,"Bedroom with window, nightstand, dresser and cat.","A small bedroom is in view. The ceiling is high and angled into three white sections. The window is covered with a white set of curtains covered in little yellow flowers. The walls of the bedroom are painted yellow. There is a lamp and a black alarm clock on the bedside table beside a photo in a frame. The bedframe is brown wood, and the covers are white and yellow. There is a striped pillow on the bed, and a small picture above the headboard. There is a large dresser of brown wood to the right, with multiple small ceramic decorative objects adorning the surface. There is another small framed picture on the wall above the dresser.",2.2074280377907758e-238,0.08450704047609604,0.8392291069030762,0.01886792452830189
487,A black and white photograph of a line of elephants with a man standing in front of them.,"This is a black and white photo of elephants standing in a row. There are ten elephants shown in the picture. There are men standing in front of the elephants. The men are wearing denim, hoodies, and hats on their heads. They are holding hoses and they are spraying the elephants down. There are people in the background behind the elephants, too.",0.01977308334631764,0.29629629228395066,0.9053796529769897,0.1480516975308642
488,Two boys are standing on beach with ball in front of them. One boy has his arm around the other boy.,"Two shoe less young boys are standing on a sandy beach. One of them are wearing turquoise shorts and the other is wearing black shorts. They both have short dark hair. The boy wearing the turquoise shorts is resting his foot on a dirty, white soccer ball while resting his arm on the shoulder of the boy wearing the black shorts. A shadow of the ball is shown in the sand, a small wave is rushing up the shore and there is a small, white boat traveling in water just behind the two young boys.",0.005210052845165976,0.4102564064431296,0.8856201171875,0.0958379927313391
489,Two trains are in a museum.,Two vintage trains cars are on display behind ropes.  The train cars have information signs on poles in front of them.  The car on the left is red and has DD1631 on the front.  The right car has a back door and blue chairs can be seen inside on it.  There are lights on inside left car.  The trains are indoors and there is a low ceiling above it.,2.6244744136222527e-159,0.19607842929642447,0.8597654104232788,0.05933014354066986
490,A woman in a wedding dress and veil is holding a knife and pointing at a cake.,A bride is wearing her white gown and veil while holding a knife in her hand.  She has red hair and a bruise under her right eye.  A wedding cake is on a table  with white frosting and clusters of dark fruit o top.  The scene takes place outdoors at night. Several cars are either parked or driving down the street.,2.869993497325713e-79,0.2727272693847567,0.8877806067466736,0.12367491166077738
491,"A green scissor is on the left of the image. There are two pieces of wheat weaving on the table. One is a long piece and the other is a small piece. There is a sign that says ""Wheat Weaving"" on the table. There is another sign that says ""Please Do Not Touch!""","A white topped surface is topped with several dozen long sheaves of wheat in the upper left hand corner of the image. In front of the wheat stands a small sign that says, ""Please Do Not Touch""  A larger sign in front of the wheat says ""Wheat Weaving."" Next to this sign is a spool of silver thread. In front of the spool of thread lies a pair of green handled scissors. Next to the scissors and in the foreground lie a couple of woven articles which look to be the same size as a bracelet. The wheat has been already fully woven in these.",1.1204207627700399e-78,0.34343433898989906,0.8875041604042053,0.17840124693832107
492,A black bear is sitting on the ground in a forest.,"A large black bear is sitting on the side of the road. The bear is sitting on its bottom, with its front paws in front of it. The area where the bear is sitting is full of rocks and dirt, with some green grass and weeds. The roadway in front of the bear is graveled. There are trees surrounding both sides of the road.",0.0040097679249792035,0.3333333298003473,0.8944481015205383,0.09063564735945487
493,A young woman in a red dress is skateboarding in a skate park.,"A woman is skating around a concrete skate park. It looks like an old swimming pool and her shadow is cast below her by the sun. Both of her feet are on the black skateboard. She is wearing a sleeveless short red dress and black sneakers. Her arms and legs are bare, only the back of her head can be seen. Her hair is bleached blond and she has dark roots showing.",9.293523252988387e-157,0.23880596740476723,0.8762664198875427,0.1041258101268187
494,A white truck is carrying a large number of people in the back.,A white truck is on a dirt road. There are a lot of people in the back and a man is sitting in the passenger side. Another white truck is parked beside that truck. It is going in the opposite direction. A man's arm is stretched out of the passenger window. There are bushes and small trees in the background. There appear to be power lines in the air above the trucks.,0.00425807016326273,0.33898304741166335,0.8905428647994995,0.08834351244840404
495,Four zebras in tall green grass.,There are a group of zebras all standing outside together. There appears to be four of them and they are all pretty much looking in separate directions. One of the zebras is looking directly at the camera. They are all huddled pretty closely together. They are standing in a field of grass that has some small bushes and very small trees present as well.,8.770977928628732e-236,0.11999999788800003,0.859609842300415,0.02577319587628866
496,A gold clock is reflected in a glass window.,There is a reflection of a building in the window. The window is dark and has various panes and metal bars. The reflection is of a clock tower. The clock tower has a gold clock with roman numerals. The reflection in the glass made to reflection of the clock face. The tower is made of dark tan brick and has a fence like design at the top.,1.3238139109550679e-157,0.32558139203893993,0.8776997923851013,0.0954167675300573
497,A snowboarder in bright green pants is riding down a snowy slope.,"The man is snowboarding during the winter time. From the edge of a large cliff that leads to a range of mountains, he is trying to slide across the snow. His outfit consists of a bright green pants, that are long-sleeved, followed by a jacket with scribble patterns. His head is protected by a beanie.",1.729106873723136e-156,0.15094339272338916,0.8757858872413635,0.08410037256191102
498,A skier is jumping in mid-air.,"A woman is up in the air with her ski boards. The woman's ski boards are yellow. She is also wearing green cargo pants, black hoodie jacket, brown helmet and goggles. Her ski poles are black and white. The sky is blue with white sheets of clouds. The pants have pockets on the side. The goggles are too big on the face.",1.354676697091054e-235,0.11999999788800003,0.8643600940704346,0.026595744680851064
499,Three snowboarders jumping off a snowy hill.,"Three men are airborne on top of white ski boards. They are jumping in different directions, one ski angled to the left, the other two towards the front. They are wearing thick winter protective clothing and helmets to protect themselves in case of a fall. The sun is glowing against the pile of white snow they are above. There is an expanse of white glowing snow in front of the pile with people wearing dark winter clothing walking and skiing. A large hill in the background displays patches of dark, snow covered trees running down the slope. The sky is heavy and grey with clouds.",1.2257203050273993e-237,0.10526315622229918,0.8438231348991394,0.015756302521008406
500,A person is standing on skis in front of a sign that says Superstar.,There's a man standing on a snowboard outside. The snow has lines in it. The sign says Superstar on it. The majority of the sign is black and the letters are white. The symbols on the sign are black. There is an arrow pointing to the left. The snowboard is blue and orange. The tree to the right of the man is filled with snow.,1.787944814198397e-156,0.34615384221893497,0.8740489482879639,0.07512520868113523
501,White wii console on table with two white wii controllers.,A white game controller is sitting on top of a small table in a room. It is connected to a game system. Behind the table is a newspaper that is sitting beside a small decorative lamp. A wall is behind the lamp and paper. Near the lamp is a wooden cabinet with drawers and a door. The handles to the door and drawers are black.,5.921117384339617e-234,0.12499999695312508,0.8491760492324829,0.03361344537815126
502,Two laptops are on a table in front of a projector screen.,"A chair is sitting in front of a long white table. The table has two laptops, papers, and numerous cords on top of it. A microphone is hanging on a microphone stand beside the table. A long black cord is running along the wooden floor into a white outlet that is on the wall. Part of a large picture frame can be seen hanging on the white wall.",0.0024639694246572086,0.21818181498181818,0.8729725480079651,0.11029993668882558
503,A man is riding a bull. The man is wearing a white shirt and shorts. The bull is walking. There is a tree behind the man.,This is a black and white photo. A man is riding on a black bull with long horns. The bull is pulling a small wooden cart with bags on it. The man is dressed in a white tee shirt and shorts with no shoes. The road is dirt and grass and there is a tree behind the bull. There appear to be small mountains or hills in the distance.,0.06881402562425105,0.49180327466810003,0.9140749573707581,0.26158557614929684
504,Two fake dog statues sit next to each other in front of a green wall. Behind them is a stack of blue barrels and red fire extinguishers.,Two dog figurines are standing by a large blue barrel and in front of a light green color wall. Next to the wall are wooden racks stacked one on top of another. Next to those are several red fire extinguishers. There are more blue barrels laying on top of the wooden racks as well as standing up across from the racks.,0.04660354123447618,0.44776118935174875,0.9063864946365356,0.263879270544783
505,"A living room with a couch, chairs, and a table. There are people sitting on the couch and chairs.","Two women and a man are sitting in a living room of a home. The women are sitting in chairs and the man is sitting on a sofa. There are picture frames on the white walls in the room. Two windows are above the man, one of them is halfway covered up. There is a small black t.v. sitting on a large brown entertainment center.",8.390861704996478e-156,0.3214285672002552,0.8856797218322754,0.15003526783964888
506,A bathroom with a single sink and a toilet. The walls are tiled and the floor is carpeted.,A picture of a bathroom with a bath tub and toilet. There is a white sink  under a large mirror in the bathroom. There are lights mounted in teh ceiling. There is a black and white shower curtain on the bath tub. There are many white cabinets under the sink. There is a metal handle next to the shower.,3.3128536147080044e-79,0.35999999564800006,0.8834909796714783,0.14367165691251438
507,Two black bears are walking on a stone platform in a zoo enclosure.,Two black cubs are roaming in an enclosed area.  There are stone walls behind the two cubs.  Green shrubs  are in the front of the enclosure.  The cubs appear to be grazing on the ground.  A tub like structure is in the back of the left side.  The two cubs are on the top level and beneath them is a step to a lower level.,1.3389790002952194e-156,0.2909090874975207,0.861171543598175,0.07525083612040134
508,Two men in a car with skis in the back.,There are two men sitting together. Both of the men are holding skis. The man on the left has a red turtleneck on. The man on the right has a black jacket on. There's a light coming off of the camera. Both of these Keys have black footholds to put your feet up. Both of the men are looking into the camera and smiling. The man on the right is wearing a watch on his left wrist.,1.6596465538446158e-234,0.1481481453703704,0.8579736948013306,0.02844950213371266
509,Baseball player's legs and feet rest on bench with brown leather baseball glove on it.,The picture is a baseball or softball game. There players are wearing green black and white. There is a pair of legs visible from someone sitting on a bench. The legs are wearing a pair of high green socks with low shoes. There is a baseball glove next to the legs on the bench. there is also another person with his or her leg propped on the bench. It has green socks with a white front and black pants. Someone in the background is standing next to a fence with a baseball bat in their hand.,2.8787350776489967e-157,0.17647058496539797,0.8530258536338806,0.04550625711035267
510,A giraffe is walking through the grass.,"A giraffe is standing in the grass with his head halfway down towards the grass. The giraffe is looking at something in the grass and his mouth is open. His left front leg is standing wide and far from his body. The giraffe is young and he has a long neck and long legs. The grass is both, green and dry and there are trees casting shadows on the ground.",7.79208644260288e-82,0.19230768997781067,0.893630862236023,0.03924646781789639
511,Skier stands on edge of ski slope looking out at vast snow-covered landscape.,There's a man standing at the top of the hill on skis. The man is wearing a black helmet. The man is also wearing goggles. The coat that the man is wearing is a bright red. The man is holding ski sticks. There are lines in the snow where the man is standing. A man is standing at the top of the hill looking over at the land. The land is covered with snow.,1.3149875722834174e-233,0.19999999615200006,0.8685810565948486,0.044182621502209134
512,"A street sign in front of a skyscraper that says ""Wall St"" on one side and ""Broadway"" on the other.","A black tall metal steel pole is in front of a very tall buildings with many windows. The black pole has two street signs on it being held on by silver metal rings. One of the signs is black and has the numbers, 1 and 21. It also has in white writing Wall st. On the other black sign are the numbers 92 and 113 and the white word broadway. Above the street sign pole is a street light and the lamp is round. The light is turned off.",0.00526536460517384,0.27027026645361585,0.8555101752281189,0.07308160779537148
513,A baseball game is underway. The catcher is in a crouched position behind the batter. The pitcher is in the middle of his pitching motion. The batter is standing at the plate. The umpire is standing behind the catcher. The outfielder is standing in the outfield. The field is surrounded by a chain link fence.,"There is hitter getting ready to swing at the ball that has just been thrown by the pitcher. The pitcher is wearing a black shirt with gray pants and red socks while the hitter is wearing gray pants, dark blue shirt, and black socks. The umpire and the catcher is squatting down anticipating the play. The field is a mixture of dirt sand green grass. The image was taken through a metal fence.",1.8924748119784866e-78,0.28571428099773244,0.8671770095825195,0.22869753857061392
514,Old wooden train car with a tower above it.,A worn wooden building is on the side of a set of train tracks.  The building has many windows with screens over the windows.  Many of the screens are torn or missing.  The paint on the building is severely thinned and peeling.  A small foliage bush is at the front of the building.  Tall mountains are in the far distance.  A large metal structure is suspended in the air above the building and the train tracks.,9.196213688387234e-235,0.10909090635371908,0.8650844097137451,0.03607503607503607
515,Two people in a snowy field with a snowman and frisbees.,"A man and woman are standing outside on a snow covered field. the man is wearing a dark coat, scarf, pants, gloves and eyeglasses. The woman is wearing a dark coat, gray scarf, dark pants and black gloves on her hands. They are standing behind a homemade snowman. There are colorful frisbee rings on the ground surrounding the snowman.",1.6762441383850947e-233,0.17021276260751475,0.8668574094772339,0.027675276752767528
516,Several platters of food are displayed on a buffet table.,"A long food banquet table is covered in a white tablecloth with long red cloth fringes.  The table is covered in food on metal platters.  In the center of the table are several raised bowls of food.  Next to the table in the foreground is another identical table with different food items.  Two large windows are on the wall next to the tables.  The windows have white sheer panels and dark blue curtains.  The room the table is in has red walls and hardwood floors.  A tall, green, decorated Christmas Trees  is against the wall next to the windows.  Another plain red table is in front of the Christmas tree with two tall glass bowls filled with oranges on it.",2.558653778130701e-236,0.1538461516107824,0.853807270526886,0.027522935779816512
517,A vintage photo of a woman sitting on a lifeguard chair with a purple umbrella.,"The woman is sitting on top of a large, white lifeguards chair. The woman has dark hair and a blue headband. The is wearing a colorful, flowered bathing suit. She is wearing sandals with a small kitten heel. The woman holds a large pink umbrella. There is a a stand of green trees in the background. The sky is blue with big white clouds.",3.4061441649083493e-156,0.24999999643494905,0.8773024082183838,0.1162058983932542
518,A snowboarder is riding down a steep snow slope.,"A person is in mid air in a jump pose with a snowboard attached to their feet.  The person is wearing a black hat, pants, gloves and red jacket.  The person is in the air above a snow covered steep ski slope.  The sky is white with clouds and a few sections of pastel blue.  The sun is in the background and glowing as a white round and bright circle in the sky with a white haze of clouds over it.  A ornate type graphic in green-yellow and pink lettering is at the bottom of the ski slope.  Trails of narrow white lines are in the sky with the clouds.  Another person can be see in the background at the bottom of the slope in the background.",3.329678498227804e-237,0.1351351329985391,0.8404631018638611,0.03038194444444444
519,A woman is sitting on a white motorcycle wearing a helmet.,"A woman is looking down at her hand while standing over a motorcycle.  The woman is wearing a sleeveless vest, black helmet and blue jeans with rips on the upper thigh.  The motorcycle is a pale color and is surrounded on both sides by two more motorcycles.  The woman is parked on a paved surface next to a field of grass.",5.4972941635673125e-80,0.2909090879338843,0.8842240571975708,0.1127232142857143
520,Kite in the air.,A man is parasailing in the ocean. The man is standing on a flat board. He is holding on to the handles of the sail. The sail has several white cords attached to is. The sail is dark blue. There black stripes on the sail. On top of the black stripes are blue stripes. The water is dark blue. In the distance is a large land mass.,1.3771977773663547e-161,0.09523809351473926,0.8359242677688599,0.03088962108731466
521,A man with a beard is making a hand gesture with his hands.,A man is pointing at something pink. The pink item is a wristband. The wristband is on his right wrist. There is some some writing on the man's right hand. the man is wearing a green tie. The man is wearing a white button up shirt. the man is wearing a ring. The man has a beard on his face. The man is standing in a room.,1.2821257180400775e-156,0.30434782244801517,0.8639101386070251,0.07785581765173602
522,A bunch of bananas hanging from a tree.,"A bunch of small green bananas is hanging from a large banana tree. Under the bananas are a slew of large, dead brown leaves. Hanging from the center of the bunch is a long stem with a pod at the end of it that is dripping some type of fluid. Behind the banana tree is a green wall of other trees. The bananas are facing upside down.",5.056784870708312e-81,0.313725487550942,0.8887483477592468,0.08707549099836333
523,A stop sign is on the corner of 7th and 2100 W.,A stop sign is locating at an intersection on 7th street. There is a street sign and a bunch of pedestrians as well. The pedestrians are all walking across the street and they all have on short sleeve shirts. There are a bunch of palm threes located in the background and the sky is very clear and monotone.,0.00561822096241256,0.3529411728719723,0.8703274130821228,0.08426966292134833
524,Two children are sitting on a bed with an open laptop.,A little boy lays back on the bed. A little girl lays next to the boy. The boy has a blanket covering him. There is a white laptop on the boys lap. The laptop is open. The laptop has an Apple logo on the screen. The two kids are watching something on the laptop. The laptop is plugged into the wall. There is a cord attached to the laptop. The kids are resting on pilllows. There is a window in the corner of the pic.,1.7917822484806772e-234,0.21428571112882658,0.8779712915420532,0.06180307174416158
525,Zebra standing in a dirt area.,A black and white zebra is standing outside by himself. No other animals appear around him. He is standing on the ground covered in dirt. You can see a tree branch next to him with green leafs. In the back of him you can see the shadow on the ground cast about by a tall tree near him. It appears to be sunny and warm outside.,6.955142070410767e-236,0.1481481461728395,0.8726467490196228,0.03333333333333333
526,A baseball player is standing on the base.,"The image is a pencil outlining of a baseball player on a baseball field at  home base. The sketch appears like a comic strip picture that has not been colored in. The baseball player has the baseball bat raised in the air and is looking towards the direction of where the pitcher would be standing. The uniform of the player has the letters ""ARAI"" on the back of the shirt with the number 25. Both the shirt and the pants are striped. The player is also wearing a baseball helmet on his head and gloves on his hands.",1.4609333856792492e-159,0.21212120999081727,0.8715565204620361,0.0643201100664985
527,Bedroom with plant on table and bed made.,A bedroom has a twin bed that is high up off the floor. The bedframe is metal with metal bars. In front of the bed is a chest. The windows have shutters on them that are closed and drapes that are open. A green plant in a pot is in front of one of the windows. There is a rug on the floor. The bed is made and there are two pillows on top.,4.232031116043407e-235,0.23076922816568046,0.8563693761825562,0.044510385756676554
528,"A man wearing a lanyard with the word ""MOTORS"" on it is looking at a Panasonic laptop while another man wearing a military uniform is looking at a Panasonic laptop.",Two men are sitting in front of their laptops. Both of the laptops are black and gray. The man on the right has gray and black hair. The man on the right is wearing a watch on his right wrist. The watch is black. The man on the left is wearing a navy blue shirt. The american flag is stitched on the right shoulder of the dark blue shirt.,1.5829495545868792e-155,0.18181817719008275,0.8449949026107788,0.09216589861751151
529,A plane flies above the clouds.,A large plane is flying over a whole bunch of clouds high in the sky. But because it seems so far away it looks very small. It has a wing and a tail visible and is dark in color. The sky is white and blue. The clouds below the plane are fluffy and puffy and white. Far off is a patch of bright blue. The puffy clouds are a light blue color with a twinge of blue and grey to them.,5.709128272786884e-237,0.14285714094387758,0.8702364563941956,0.027210884353741492
530,A blue bus is parked in a field.,This is an old bus painted blue. There are white curtains in the windows and bicycles attached to the front. there are six windows on the side and one big window in the back. On the back of the bus is a spare tire. The bus is parked or traveling along a road next to a patch of green grass. There are many trees in the background.,3.17928517157175e-81,0.22641509177643293,0.8719086050987244,0.08365157301327514
531,A cow with horns is standing in front of a group of other cows.,Two light brown cows stand on a muddy path.  They have horns on their heads.  There are several cows on the ground behind them.  There is a thatched roofed building in the back ground. The building behind it had a blue tarp on part of the roof.  The roofs of several structures can be seen in the background.,6.361925992135289e-233,0.22222221856652952,0.8768237829208374,0.08395522388059702
532,A dog is running in a dog park.,"Four white fire hydrants sit outside. A small brown dog with a long tail is walking toward them, with its rear facing the camera. There are wooden posts lining a parking lot, and greenish brown grass on a hill in the background. There is a wooden fence post in the foreground, and a wire fence. The sun is casting shadows on the ground.",1.6738007757738872e-234,0.18867924299038802,0.8473091125488281,0.05217391304347826
533,A calico cat is standing in front of an open refrigerator at night.,"A cat stands on a tiled kitchen floor, looking into an open refrigerator. There are white cabinets to the right of the fridge, and the main source of light is coming from the fridge. The door of the fridge has eggs, bottles of drinks and condiments, and there are containers of food in the main part of the fridge where the cat is looking.",1.6149252139546228e-156,0.2142857107206633,0.8668755292892456,0.1168542622985181
534,A bathroom with two sinks and a mirror in the middle.,"A man is taking a photo in a public restroom mirror with a camera. There is a long counter with four white sinks, soap dispensers, and one water knob for each. Above the sink is a long mirror reflecting the back wall. The wall is covered with beige subway tile. The man taking the picture is wearing a gray shirt, and tan pants.",1.4401449384238492e-233,0.22222221897805214,0.8712777495384216,0.06920415224913495
535,Skateboarder in mid air jumping over a ramp.,There is a guy skateboarding. He is skateboarding on a black skateboard with white wheels. He is wearing a white shirt with gray shorts. He has on a pair of red sneakers with black markings and laces. He is in mid jump and has his hands over his heads. There are wooden benches behind the guy on the skateboard. The benches have purple handles. A building with bars and window is behind the benches and is showing the reflection of trees.,8.398525775392815e-159,0.14545454296859506,0.8444139361381531,0.05785466606362128
536,A man surfing on a big wave.,A man in a black wetsuit is surfing. The sky above him is a dark shade of blue with a lighter area towards the water. The ocean that he is surfing in is a shade of green with white foam meeting the skyline. The man has his arm outwards for balance and his body bent. His surfboard is white and has a point on the end.,1.9147863922487813e-158,0.19607842900422914,0.8560928106307983,0.04159733777038269
537,Elephant standing in water with its trunk raised.,"A small elephants is bathing in a small man made pond. The water is shallow coming to his under belly and covering his legs. There is water splashing to the right of the elephant. The bottom of his tail is in the water, and his trunk is raised upward as he closes his eyes. The shadow of his turns is cast on the light colored rocks in front of the elephant as the sun shines above.",2.9007683238178064e-235,0.14285714040816327,0.8642235398292542,0.02890173410404624
538,A yellow bus is pulling out of a bus stop. A group of people are getting on the bus. A man is standing in front of the bus. A car is parked next to the bus.,People are gathered to board a bus.  The bus is yellow with side doors opened for passengers to enter.  The bus has two front windshields that are high up on the front of the bus.  There are street light poles above the walkway.  People entering the bus are wearing jackets and some have hats on.  The sky is blue with white clouds in the distance.,0.046792155024089094,0.2898550680193237,0.8795332312583923,0.17588466462367464
539,A black and white cat is sitting on a red rug in front of a door.,A cat is looking outside of a window. The cat is peeking with it's head tilted to the side. It appears to be focused on something that is moving outside. The cat is white and has black spots all around its body. The tail is black and the cat has on a pink collar. The cat is looking out of a glass door that is behind an open door.,3.5553478927121434e-156,0.31034482375148637,0.8743882775306702,0.14864599686028257
540,A giraffe stands in front of a rock wall.,A single giraffe stands just in front of a series of high boulders which form an enclosure behind it which is higher than it's head.  The giraffe is standing in a depression and a small grass hill rises in front of the animal.  Trees are behind the rocks and cast shadows onto the rocks.  The area in front of the giraffe is grass.,0.0009143967391114921,0.28571428271553523,0.8834648728370667,0.1095920138888889
541,"A bathroom with a toilet, sink, and a mirror.","A bathroom has brown tiles going halfway up the walls and on the floor. The tiles are rectangular. There is a small white toilet attached to the wall and a metal gray flusher. There is a small white sink on another wall. The wall above the tiles is a light yellow color, almost white. The walls outside the bathroom are white.",2.818915677973996e-157,0.18181817884297521,0.875135600566864,0.044802867383512544
542,Two elephants in a zoo enclosure.,A bunch of elephants are gathered together outside. Two of the elephants are very close to eachother and the other one is a couple steps away. Two of the elephants look like parents and the smallest one looks like a child. They are in an enclosed area that appears to be a zoo. There is a small body of water in the very front.,1.0430509358257567e-235,0.20833333114583333,0.8636208772659302,0.03436426116838488
543,"A large crowd of people are waiting on a platform at a train station. There are two sets of tracks, one on each side of the platform. The tracks are made of metal and are surrounded by concrete. The platform is made of concrete and has a yellow line painted on it. There are several people standing on the platform, some of whom are carrying bags or suitcases. There are also several people standing on the tracks, some of whom are walking or standing still. There are several trees and buildings in the background. The sky is hazy and there is a yellow tint to the image.","The image is of a train-station. It is an aerial view. There is a train in the station and there are three platforms. All three platforms are crowded with passengers. There is a metal archway that goes above the train tracks. On the outside of the station there are trees. On the right side of the image there are large white buildings in the background. It is daytime. Some of the people at the train station are wearing backpacks, many of the people are wearing white shirts.",0.05329215737567008,0.3653846104308432,0.8926362991333008,0.27491716403644784
544,A small plane with the letters tfte on the side.,"The image is of a jet plane. It is gray in color and has two small black wheels below its body. These small black wheels extend to each side of the plane. On the front of the plane there is a propeller that is moving in full motion, as the plane is up in the air. The letters ""TF-FTE"" are on the bottom of the left wing. The tail has a small wing on each side. The sky appears gray and dark.",5.881198376125057e-158,0.21052631313019393,0.8746995329856873,0.07112717245989306
545,A knife is cutting up tomatoes next to a large broccoli.,"Chopped tomato pieces sit on a cutting mat next to a silver chef's knife. There is a glass measuring cup in the background, and two bunches of green broccoli next to the tomatoes. The flash from the camera gives a bright light on the food, and the kitchen counter that everything is sitting on is a creamy white color.",4.929741143504911e-80,0.18181817861818186,0.8698099851608276,0.08848557873333836
546,"Bedroom with two windows, two chaise lounges, two chairs, table with teapot and cups, and several paintings on the walls.",The room is a little dark. There are two windows in the room. The two windows are letting in the only light that is coming into the room. The two windows have drapes. There's a cream chair to the left of the room. There are two lamp shades on both sides of the windows. There is a silver kettle on a table closest to the camera.,1.3517965348746479e-232,0.15384614958579892,0.8553597927093506,0.04885993485342019
547,A group of people are working in a dark room.,The room shows computer desktops on long table. A man with balding head is looking at the his computer. He is wearing a stripe shirt. He is also wearing eyeglasses. In front of him is a woman wearing a white blouse. She is also looking at her computer. The wall is white and there is a green poster. The room is dark except fro the lights coming from the desktops.,3.591339233359451e-234,0.18181817884297521,0.8539853692054749,0.0390625
548,An open bedroom with a gold seal floor.,"A vintage ad for Gold Seal floors and walls shows a woman in a red and black party dress entering a bedroom. There is a platform, and a bed on the platform with a ottoman, and a nightstand. A tall window behind the bed has closed curtains. A bookcase on the wall has white books on the shelves. The floors appear to be terrazzo.",5.9131832026247724e-158,0.11320754460662165,0.8605549931526184,0.054045376712328765
549,A teddy bear sits in front of a mural of a large wave crashing over a mountain.,A little brown teddy bear sits on the corner of a couch. The couch is black and made of leather. The bear has a pink bow around its neck. there is a painting on the wall behind the couch. The painting is of a tidal wave. There is a mountain in the background as well. The bear sits alone on the couch. The bear is cute.,2.152266706712061e-79,0.3076923037573965,0.8847129940986633,0.10400981996726677
550,"Two soccer players are shown in action. The player on the left is wearing a white jersey with the number 8 on the back. He is on the ground, and the player on the right is wearing a purple jersey. The player on the right is trying to kick the ball. The background is blurred, but it looks like there are people in the stands watching the game.","This is photo inside a stadium at a soccer game. There are spectators in the background. The ground is covered with green astro-turf. There are two men play soccer. One of the men is wearing a black pair of shorts, white shirt, white socks and black shoes with yellow at the bottom. The other player is wearing a purple pair of shorts, a purple shirt with white writing and purple socks. They are both trying to kick the white ball that has multi-colored swirls.",0.08345538780510825,0.36559139291941267,0.872000515460968,0.21607335490830637
551,A baseball game is underway. The batter is swinging his bat. The catcher and umpire are standing behind the batter. The pitcher is standing on the mound. The batter is wearing a red and white uniform. The catcher is wearing a red and white uniform. The umpire is wearing a black and white uniform. The pitcher is wearing a red and white uniform. The stadium is empty.,There is a baseball game going on. There are batters on the side warming up. They are wearing grey uniforms. They are wearing red helmets. The other team has red and white uniforms. There are many people watching the game. The ground is green. The sky is blue. There are many trees. Many people are playing.,1.5574226347185727e-78,0.38095237601410936,0.8886736035346985,0.24271015761821366
552,Two cows grazing on a hillside.,A cow eats grass on the side of a hill. The cow is white. The grass is green. The grass is all over the hill. There are some weeds in the grass. There are  some trees by the grass. There is a rock by the trees. There are many mountains.  There is some snow on the mountains. there is some fog near the top. There is just one cow.,3.8118512946371686e-236,0.10256409996055234,0.8648737072944641,0.023923444976076555
553,A woman carrying a bunch of bananas on her head is walking down a dirt path.,A woman has a bunch of bananas o her head. She is seen in the forefront of three village type cottages. There is three other people behind the woman. There appears to be two men and a child as the man is wearing a blue shirt and stands in the doorway of one of the cottages. The child sits on the dirt ground a few feet away from the man in the blue shirt. A man wearing a red shirt is seen a few yards behind the others. Trees protrude from the tops of each cottage.,0.0014275048784167315,0.28169013751239835,0.8669899702072144,0.07386363636363635
554,A little girl is playing in the backyard.,A little girl is gesturing while standing in a grassy area. The girl has red paint on her cheeks. The girl has short black hair. She is wearing an orange shirt. She is also wearing a short that are a floral print. Behind the girl is a wooden fence. The fence is discolored and gray. On the ground behind the girl is a black bat and a small white plate.,0.0001648033631085093,0.18867924271982914,0.8714024424552917,0.06683211424590735
555,"A comb, scissors, and a straight razor are on a black mesh mat.","Multiple hair styling tools are sitting on a metal grate. A silver pair of shears is laying on top of a smaller pair of thinning shears. The thinning shears are different colors of blues, yellows, and pinks. Next to the shears is a gray comb. The comb has 2 varying ends. One side of the comb has small teeth the other has wider teeth. A golden comb is laying on top of the gray comb. The golden comb is large with large teeth. The metal grate is dark gray.",1.9097500187816415e-157,0.17241378982164096,0.861378014087677,0.04299754299754299
556,A row of black and white cows are eating from a trough. In front of them is a cow with a yellow ear tag. Behind them is a green field and a large green tractor.,"Black and white cows are lined up at a feeding station in a green field. The line up shows seven cow rumps and no heads, but the eighth cow is turned, looking at the camera. A farmer is in a green tractor in the distance, directly behind the feeding area. Bushes are to the left, behind the cows. The one cow with a visible face has yellow id tags in her ears.",0.04340265805485189,0.3466666621368889,0.8932545781135559,0.2338976077828733
557,A group of men posing on the stairs of a building.,"A group of 24 young men are posing on the stairs in front of a building. They are mostly dressed in jackets and ties, although one seems to be wearing a sweater under his jacket.  Two of the men are wearing glasses. The men appear to be Caucasian. Most of the men are standing on the stairs, but a few are sitting on the stones on the side of the stairs. They are in front of a porch.",0.0010050974606841579,0.363636360661157,0.8928471207618713,0.09632214018290775
558,Man skiing down a snowy hill.,"Two young men are seen on a ski slope skiing in a black and white photo. The boy in the foreground is wearing a winter hat with white specks, and white pine trees knitted into the design and a white pom pom on the top. The man is bending his right leg as he holds of his ski poles in the air. The boy on the left side of him is barely visible.",1.9570697098732725e-236,0.07407407209876549,0.8538894057273865,0.02262443438914027
559,A boy is sleeping on a bed with a black cat.,"A boy is sleeping on the couch with a black cat. The cat's ears are perked up. The boy has short brown hair and is wearing a white and gray shirt. The couch is light brown and there are some wooden bars at the top, where the boy's head is. The surface behind the wooden bars is white. The boy's ear is red.",0.005340569479008853,0.35999999680000005,0.8965477347373962,0.128719723183391
560,A sign for Tomasino's Ristorante hangs from a building.,The building is painted burgundy and orange. There is an old sign attach to the wall for a restaurant. The writing on the sign is yellow. There are lights attached to the wall as well. The windows on the building are very big. The windows are reflecting the trees. There is a aqua blue square small sign in the sign on the wall.,3.431319184874181e-234,0.1777777745777778,0.8575795888900757,0.034722222222222224
561,A messy office with a computer on the left and a computer on the right.,The desk has laptops on it. Two of the laptops are turned off. There are two desktops to the right of the laptops. The two desktops are on. The desk is made of wood. There is a glass on a coaster to the right of the desktop computer. There's a garbage can underneath the cabinet under the desk. There is a shelf over the desk that has books on it.,3.7034818540355744e-233,0.17391303983931955,0.861757218837738,0.05426356589147287
562,"A man in a red jacket and blue jeans is standing next to a black motorcycle on a dirt road. The motorcycle is parked on the side of the road, and the man is holding the handlebars. The man is wearing a helmet and gloves. The motorcycle has a license plate that says ""1109"". The background of the image is a hill covered with trees.","A man in a red and black jacket, blue jeans, and a black motorcycle helmet is seen standing on the side of the road near his motorcycle. The man is holding his riding gloves in his right hand just below the license plate on his bike. The man has the face plate of the helmet down obscuring his face. Across the road there is dry grass and bushes on an incline. The road is empty otherwise.",0.1581053221171664,0.5057471214532965,0.9064784646034241,0.30913332273132416
563,A train is traveling through a rural area.,A train is traveling on the railway track that is up on a small hill. The train is dark gray and light gray colors with yellow on its front. The hill has dry yellow as well as green grass. Next to the hill is a fence with wooden posts and green plants are growing on that side of the fence. There are also some green trees. There are some white clouds in the sky.,9.550443013705945e-05,0.1818181793322314,0.8682829737663269,0.037091988130563795
564,A surfer rides a wave.,"The surfer is wearing a blue and black wetsuit on a cloudy day.  His surfboard is baby blue and cutting through the wave.  The surfer is focused on riding the wave as the spray from the wave is hitting him.  The surfer is keeping his body bent and low to the surfboard to keep himself on the surfboard.  The spray from the wave is small, so the surfer is coming to the end of the wave.",1.0916024283730031e-237,0.13636363434917356,0.8641223907470703,0.036284470246734396
565,A woman riding a bicycle past a sign for Colonel Sanders' recipe.,A woman in a white hat with a light brown ribbon walks down a city sidewalk with her purse over her shoulder and carrying a large wooden basket.  There is a railing on the sidewalk and two bicycles are leaning against the railing.  There are a couple of signs and both signs are in the Asian language.  A statue of Colonel Sander from KY Fried Chicken stands in a glass showcase in front of one of the windows.,2.6893763629334127e-157,0.0952380923557572,0.8507041931152344,0.049019607843137254
566,"Three cyclists are riding down a city street. In the background is a large building with a sign that says ""Bramham Coach Station"".",A picture of people having a bike race. There are orange cones on and around the street. There are tall buildings behind the bike race. There is a large green tree to the right of the bike race. There is a tall street light to the left of the bike race. There are white lines and words painted on the street. The two men at the lead of the bike race are wearing helmets.,2.6198283829139223e-79,0.19999999545000013,0.8709497451782227,0.08475335519360679
567,Red truck with white trailer is driving down the road.,There's a truck and motioned down the street. The front of the truck is ready. This guy is blue with no clouds. The back and top of the truck is white. Their trees to the left side of the truck. The truck has big black wheels. The headlights on the truck on. There's a puff of black smoke behind the truck.,4.415218814602156e-157,0.26086956181474485,0.8704568147659302,0.04472271914132379
568,"A group of people are gathered outside of a building. The building is a tan brick building with a sign that says ""Meet me at Doe's Eat Place Fayetteville"". The people are standing around the motorcycles.",There are a bunch of motorcycles sitting in front of a store. There is a large white sign on the store front. There is a large red sign on the store front. The sky above the store is blue. The road in front of the store is gray and paved. There are yellow lines on the road in front of the store. There are people standing around the motorcycles.,0.04124163459909938,0.3793103398335315,0.8719396591186523,0.18649307695143602
569,A small child is brushing his teeth with a blue toothbrush.,"A young child is brushing his teeth.  He appears to be about three or four years old.  He looks Asian, with epicanthic folds in his eyes.  He has brown hair and light eyebrows. He is wearing a white t-shirt. The toothbrush is blue and gray.  The sink is white.  A mirror in the background reflects a bathtub or another sink.  Nobody else is visible.",0.0022548582086385615,0.2711864376443551,0.8837337493896484,0.06814310051107327
570,A giraffe is standing in a fenced-in area eating from a tree.,"A giraffe stands in an outdoor enclosure. The giraffe is standing in a side view, with its head turned toward the camera. There is a metal fence behind it, with wooden posts. There are tall palm trees with brown trunks, and green leaves and branches. It is a clear sunny day, and blue sky is visible in the background above a tan building. The giraffe is standing on beige dirt or sand and its hooves are dusty.",0.0016196540819217909,0.18181817904040404,0.8762530088424683,0.08119843682153713
571,Skier in red and white jacket skiing down snowy slope.,A person is in fast motion skiing on the snow. The skis are multicolored. The trees in the background are a blur because the person is moving. The person is wearing a hat and gloves. The hat and gloves are both black. The trees in the background have snow on them. The person is wearing black pants. The hood on the person's jacket is bright red.,5.357648565933696e-234,0.18181817830578514,0.8457289338111877,0.033112582781456956
572,Surfer riding a wave on a red boogie board.,There is a man surfing in the ocean. He is in the wave. He is on his stomach on his surfboard. He is holding on with his two hands. The wave is big. The surfboard is red. The man is soaking wet. The water is a greenish color. The man has short sleeves on. The Water behind the waves is calm. The man is wearing some sort of paddle on his feet.,1.3564422879011533e-234,0.17021276313263925,0.8615727424621582,0.030441400304414005
573,Man rides bicycle on beach with ocean in background.,The man is sitting on a pink bicycle with a basket on the front.  He is wearing an orange short sleeve t-shirt and blue jean shorts. He also is wearing a pair of thong shoes.  He is sitting on a bicycle on the beach near the blue water.  The sky is clear blue. There is a  boat in the water.  The man is near a white pick up truck that has a license plate on the back of it.  There is a board in sand near the water.,1.1801606785897472e-158,0.1403508745337027,0.8405095338821411,0.043695380774032455
574,A zebra is grazing in a grassy field.,"In the image only the head, neck, and a partial hoof of a Zebra is visible. The Zebra is white and black, and is leaning down to eat from the grass. The Zebra is striped. The grass that the Zebra is eating from is green with various twigs and clumps of dirt scattered across it. The picture was taken while the sun was shining.",1.1747134800898472e-234,0.040816323798417514,0.8739753365516663,0.04280821917808219
575,A woman holding a tennis racket is standing on a dirt road.,A woman is standing in the middle of a concrete path crouching and holding a tennis racket as she poses for the camera.  She has short blonde hair and is wearing a short-sleeved button-up light blue shirt and a dark blue denim skirt that falls to her knees.  She is wearing black thong sandals and has red painted toenails.  The path is long and winding as it stretches between two areas of dense green shrubbery lining each side.,0.001205693353228629,0.19718309597302125,0.8680992722511292,0.08178580074004911
576,A man holds a bunch of bananas in his hand.,"The image is of a man's forearm outstretched holding some fruit. The man has light skin and blond hairs on his forearm. He is holding out his left hand, he is holding a bushel of miniature bananas in the open palm of his left hand. They are lying across his fingers, there are seven small bananas. The man is standing on sand that has many shoe and paw prints in it.",1.7668096341643825e-157,0.2372881327779374,0.8790180087089539,0.08997698263234986
577,A man and a woman are flying a kite on the beach.,Two people are standing on a beachy sand area flying a kite.  There is a woman and a man.  Both are wearing jeans.  The woman has a black long sleeved turtle neck on .  The man is also wearing a lightweight jacket.  In the distance are sandy hills with grass growing on top.  The sky is blue with white clouds in the distance.,1.4309291332245435e-156,0.29629629305212624,0.8775628209114075,0.08635578583765112
578,A young woman with a black beanie on her head is holding her hands up in front of her face.,"A woman is posing in a very weird position to take a photograph. She has on a hat that looks like it may be corduroy. She has her hands up, one is an all the way opened palm and the other has her two fingers in the middle pointed downward while the outside fingers are pointed up. She is looking directly at the camera.",6.483941438200319e-156,0.21212120815427005,0.8613430857658386,0.12379986950037283
579,A woman standing on a train platform with a red skirt and black suitcase.,"A woman is standing on a train platform. She is wearing a scarf on her head, a coat, and a red skirt. She is holding on to a black suitcase. A lot of people are standing across from her on another train platform. They are standing near their luggage. A large building with windows is over a platform.",0.012008915215854486,0.4399999961520001,0.9097703695297241,0.1376580638474295
580,Two zebras are standing next to each other.,"Two zebras with dark brown and white stripes are standing close to each other, and they are leaning their heads on each others backs. The horse on the right is taller than the one on the left, and he has a longer face as well. The one on the left appears more white, and brown, than black and white. There are mountains in the distance behind the dry grass , and the plains.",3.3250690596690536e-158,0.1999999976888889,0.8921235799789429,0.06411862990810359
581,"Black microwave ovens sit on a yellow countertop in front of wooden chairs. Above the countertop are two shelves. On the top shelf is a poster for Project Logic featuring a man and woman. On the bottom shelf is a picture frame, a box of coffee, and a coffee pot.",Two black microwaves are sitting on a yellow counter top in a kitchen. A brown shelf is hanging above the microwaves. Objects are sitting on the shelves. A phone outlet is hanging from a white painted wall above the counter top. Two wooden chairs are sitting in front of the counter top. Part of a room can be seen in the background of the photo.,1.837398814215281e-78,0.31999999500088894,0.8883594870567322,0.27240723922589344
582,A hillside with a few cows lying in the grass.,Brown cows are lying on the green grass. Behind the meadow there is a small rocky mountain. Some parts of the mountain is covered with grass and shrubs. The cow on the front has two long horns and a long tail. On back a cow is stand facing to the right. On back the meadow is covered with dark green vegetation.,9.775619261912542e-234,0.2448979559350271,0.8740699887275696,0.06261180679785332
583,People are playing wii in a living room.,Three men and a woman are standing in a room of a home. They are holding white game controllers in their hands. A blue and brown futon is sitting in front of a window. A tall cabinet is leaning against a wall beside the window. A brown table is sitting near the cabinet with different items on it. A long picture frame can be seen hanging on a wall in the room.,2.586928059943732e-158,0.14545454296859506,0.846318244934082,0.038109756097560975
584,A park bench sits on a paved path in front of a colorful sculpture.,The sky is mostly cloudy and overcast. There is a bench to the right of the walkway. The bench is made of wood. There is a red sculpture made of metal to the left of the bench. Some of the grass is cut short and some is not. There are trees behind the bench the trees directly behind the bench is a reddish wine color. The trees in the distance are tall and bushy.,1.9384595832316312e-233,0.15686274129950029,0.8630629181861877,0.04411764705882354
585,A seagull is on the beach as the sun sets.,The image is of a seagull flying in the air in the direction of the west. The seagull in the air is white and its wings are spread open. There is another seagull on the ground. The ground is made of sand and the seagull is located near the shoreline of the water. There are waves in the water in front of the seagull on the ground. The clouds are gray and the sun is orange. The sun can be seen in the distance.,6.097482303316869e-158,0.20833333028645837,0.8636286854743958,0.04569190600522193
586,A yellow sign with the word Objazd on it.,"The image is of a sign hanging on a black pole. The sign says ""Objazd"" in black lettering. To the left of the lettering is a solid black arrow which is pointing to the left. The sign's background is yellow. It has markings and scratches on it making it look worn. The sign is near the bottom of the picture. The pole does not have a top or bottom. In the background is blue sky with numerous clouds. The clouds are large and puffy. The picture was taken during the daytime since the clouds are out and the sky is blue.",5.407642718112242e-236,0.18181817946280993,0.8650354743003845,0.027233115468409588
587,Kite flying on beach with blue ocean in the background.,"There is a single person in black on the ocean as they para-ski on a mostly cloudy day. The sail in the air is yellow, with white, and black stripes on it, and is high in the air and far from the skier. Beyond the sand, and near the camera there is a swatch of area where there are small pebbles and small rocks on the sand. There is a red, white, and black kite on the beach on the damp sand near the rock covered ground. rocks.",3.105649513655692e-158,0.16666666388888893,0.8563568592071533,0.043640897755610975
588,A baby elephant is standing in a field with its trunk in its mouth. There are other elephants in the background.,"Four elephants are seen in a muddy field on a sunny day. The Elephant nearest the elephant is small and his head, trunk, and front legs are wet. The taller elephants on the right are facing away from the camera, and are fully wet. The fourth elephant is far in the distance behind a wooden post fence. A person in a tan hat is standing near the two wet elephants.",8.410395351017377e-156,0.2812499959570313,0.8844789266586304,0.11334058713090972
589,A tall giraffe is standing in a tall green grassy field. The giraffe is looking to the left of the frame. There is another giraffe standing behind it. The background is filled with tall green trees.,There are two giraffes in the outside wooded area. One of the draft is sitting down. The other draft is standing with his face in the trees. The giraffe sitting down is looking to the right. The giraffe has two furry horns on its head. The top of the horns is a dark brown color. The giraffe is brown and tan. The giraffe's neck is very long. The giraffe ears are white. The eyes of the giraffe are very dark.,0.03867382300667156,0.3661971785360048,0.8842421174049377,0.15114087301587303
590,Old propeller plane sits on grass.,The picture was taken in black and white. There are planes parked on the grass. There's a big plane and a small plane parked next to each other. The big plane has two propellers under the weight. The windows are on the side of the plane. The windows are circle-shaped. The grass is high. Some of the grass is brown colored.,1.6003614221749592e-235,0.13636363400826448,0.8708584308624268,0.036036036036036036
591,A couple is reading a book together in bed.,A Caucasian couple are sitting in bed reading a book together. They are both under a yellow bed sheet.The man does not have a shirt on. He also has blue eyes and short brown hair. The woman looks older with reddish-brown hair. The bed frame is made of metal and is black and gold. Above the bed a brown curtain with a funky print hangs.,9.896547338405644e-81,0.2711864380925022,0.886524498462677,0.058922558922558925
592,A triptych of a bathroom. The first image shows a toilet and a sink with a window above it. The second image shows a bathtub and a shower curtain. The third image shows a window and a shower.,This photo takes place inside of a bathroom. A long green curtain hangs inside of a white tub. Part of a window can seen above the tub. A window sits over a white toilet. Two small shelves are on a corner wall near the window. A roll of tissue hanging on a tissue holder near the toilet. The floor is blue in color. A small trash can is on the floor near the toilet.,7.890298376871207e-79,0.24999999559082037,0.8728270530700684,0.1278409090909091
593,Asian man talking on cell phone while standing next to motorcycle.,"In this black-and-white image, a man is holding a cell phone to his right ear and looking straight ahead. He has very short, dark hair and has an East Asian appearance. He is standing next to a motorcycle outside a building. He appears to be wearing a robe. The appearance of him is reminiscent of a Buddhist monk.",6.49920529668848e-80,0.29629629305212624,0.8741177320480347,0.10740130949190183
594,A skateboarder is jumping off of a ledge.,"A man is riding a skateboard on a skateboard ramp. The ramp is covered in graffiti. Above the skateboard ramp, there is a metal chain link fence. The man is wearing a black shirt with green writing on it and black pants. He is wearing red and black checkered shoes. He is holding his arm out as he is doing the trick.",1.6692769158714608e-234,0.12244897685964186,0.868075430393219,0.03533568904593639
595,A person snowboarding down a snowy hill.,"There is a large amount of snow on the ground. There are trunks that are partially covered with snow. There is a guy snowboarding through the trees. He is wearing a kaki colored puffy jumpsuit. The jumpsuit has a hat attached, but he is not wearing it. He is wearing a black cap with goggles. He is also wearing tan gloves on his hands. His snow board is bright orange and stands out on the white snow.",6.047090850700559e-236,0.07017543644198222,0.8545755743980408,0.02142857142857143
596,A red train is on a track going around a curve. There are people standing on the right side of the tracks. There are trees and bushes on the left side of the tracks.,"A train with red and white cars is coming around a curving bend of a train track. The tops of the train is silvery white, and four cars are in view. There is a silver door at the front end of the train, and it is juxtaposed by a black metal fence. People are standing alongside the fence, watching the train. Numerous green trees and a giant cherry blossom tree flank the train tracks. There is a long wooden posted fence with wiring, and a wooden track near the cherry blossom tree.",1.5865807899507213e-155,0.3544303756192918,0.8832169771194458,0.1334106728538283
597,A man with glasses is wearing a tie with Santa Claus on it.,The man in the picture is wearing a tie. That is black with pictures on it. The picture is of Santa Claus and a snowman. But I also have snow drawing on it. The man is wearing a white button down shirt. He is also wearing a dark-colored blazer. The man has gray hair. The man is wearing silver glasses. The wall behind the man is a green color.,6.25857431125061e-80,0.3703703669135803,0.8867295980453491,0.1259874338451912
598,A clock tower made of red bricks is in the middle of a building.,"The image is a large clock tower. It is made of stone, red bricks, and grey bricks. There are two clocks that are visible on the tower. The clocks are white and black. The time on clock reads, 1:27. Based off of what the clouds in the image look like, it appears to be an overcast day. The trees in the image are bare. There is a lookout area at the top of the tower. Below the tower is a newer red brick building.",5.92635454156817e-157,0.3333333301698807,0.8810768127441406,0.10243602551294859
599,Two giraffes in a zoo enclosure.,"There are two giraffes standing together. They look to be lower than the foreground, so they are standing in some type of pit. The foreground is green and grassy with sticks scattered on it. The two giraffes are tall and have white ears. They also have brown and white bodies with patterns on them. Behind the two giraffes are tall, green-leafed trees.",1.2240885777350096e-235,0.0784313704728951,0.8517719507217407,0.04531126871552404
600,A bench sits in front of a pile of rocks.,"This is a light colored bench on the shore. The bench has numerous slats in it.The bench is low to the ground and has rocks on it. There are also sticks and pieces of trash in the rocks. The rocks are light gray and brown in color. The bench is against a cement wall. In the background there is blue water, likely the ocean.",6.919275490672375e-234,0.16326530312369852,0.8818129301071167,0.05119453924914675
601,A woman and two children are feeding a baby elephant through a fence.,"A woman and two children are standing in front of elephants. The woman is wearing a black coat. The children are wearing black and white coats and blue jeans. The woman is helping a little boy put food in an elephant's trunk. A blue bag is being held by the woman, as she helps the boy. The little girl is standing near them with her hand out.",0.00642226948679753,0.2456140317636196,0.883880615234375,0.0863687094155844
602,A man is cooking in a kitchen. He is wearing a black shirt and an apron. The kitchen has white cabinets and a wood counter. There is a pot on the stove.,"In a small kitchen with white walls, sink, door, and appliances, a younger man with brown hair and dressed in a black t-shirt and sweatpants with a red, white and green design going up the side, is turning a nob on the old gas stove. There is a pot and a baking pan on the stove, and several dish rags are hanging from the door handle. A cluttered rack is above it, full of scissors and other kitchen items. Bottles of flavorings and sauces line the small kitchen window. A large wood cutting board is on the small cabinet next to the stove. More items, that appear to be kitchen related are shoved in between the stove and the cabinet.",0.008979812382150542,0.29411764335832374,0.8765168786048889,0.10341726618705036
603,A freight train is traveling down a track. The train is yellow and black. There are trees and houses in the background.,"A train is on the tracks with gravel underneath on a gray, dark, stormy looking day. The train in the front has many cars on the back and they appear to be open on the top. In the distance there is another train. The first train looks like a commercial train, the other one looks like it is a passenger train. The sun is on the right side casting shadows to the left. There is a small town, or a large farm in the distance on the right.",3.8393416574734894e-156,0.24657533861512482,0.8790835738182068,0.07371007371007371
604,"An old fashioned living room with a fireplace, rocking chair, table, and rug.",The room has a fireplace in it. There are two windows in this room. The sunlight is coming from one of the windows. There is a sheer shade over the window. There are two light fixtures on the walls. Both of the lights are on. There's a small rocking chair on a square rug on the floor. The rocking chair is made of wood. There's a footstool in front of the small rocking chair. There's a picture over a small table by the door on the wall.,4.2576011949437897e-234,0.13793103100475634,0.8678788542747498,0.018844221105527637
605,A road sign with two arrows pointing in opposite directions.,"A road runs through a wooded area.  The road has two lanes, each running in opposite directions, separated by a double yellow stripe.  A sign points the way to two separate routes coming up at an intersection.  A pole is over the sign.  It holds overhead wiring.A car is in the background, heading away from the sign.  A stop sign is in the distance in front of the car.  It is partly cloudy.",1.6552045209339804e-157,0.19672130873421126,0.8587520718574524,0.05247376311844077
606,A mirror on the wall shows a bunch of wooden puzzles and a banana on the floor.,A picture of odd wooden shapes on the ground. There is a large framed mirror behind the objects. The floor under the objects is made out of wood. There are brown nail marks in the wooden floor boards. The wall next to the mirror is white. The wall above the mirror is brown. The floor in the reflection is shiny.,5.07085328379422e-156,0.31999999596800005,0.8796609044075012,0.0807899461400359
607,Two women are walking down a sidewalk.,"A couple of women walk on a sidewalk. The women have a dark complexion. There is a cross walk signal to the left of the women. The sidewalk they are walking on is gray. There are green, leafy trees behind them. There is a tall building directly behind them. There is a fence around the building that is behind them.",5.365747654613171e-158,0.24390243619274243,0.8760227560997009,0.04570383912248629
608,A bowl of food sits on a desk. The bowl is filled with nuts and a banana.,"A clear glass bowl is next the the computer keyboard. In the clear glass bowl is a variety of fresh nuts, dates, and a part of a peeled banana. Outside of the bowl next to it on the desk is a unpeeled small orange. The desk is painted red but the paint has started to chip. You can see part of the keyboard and part of the computer monitor.",3.734267973304523e-156,0.3636363596694215,0.8879249691963196,0.08620689655172413
609,A young baseball player is standing at the plate waiting for the pitcher to throw the ball. He is wearing a black jersey with the letter H on the front. He is also wearing a black helmet and a black and white baseball glove. The catcher is standing behind him and is wearing a gray and black uniform.,A boy is standing on a baseball field holding a bat in his hands. He is wearing a black helmet and a black and white uniform. A catcher is squatting behind the boy. He is wearing a black face mask and a brown baseball glove. The field is surrounded by a gray chain link fence. A silver vehicle is parked outside of the fence.,0.25190427099742385,0.47368420554016627,0.917723536491394,0.34109315650550437
610,A stuffed bear sits on a blue table in front of a window. The bear is wearing a blue hat and a red scarf. The bear is sitting on a blue table. The table is shiny. The bear is sitting in front of a window. The window is made of glass. The window is reflecting the outside view. The outside view is a park. There are trees and grass in the park. There is a bench in the park. The bench is made of wood. The bench is painted white. There is a sign on the wall. The sign is made of wood. The sign is painted white.,A teddy bear sits on  a small table. The table is blue. The bear is wearing a hat. The bear is wearing overalls. The bear has a tag on its ear. The bear is wearing a tie. There is a bench sitting on the yard. There are trees behind the fence. There are people outside. The bear is inside a car. The bear is little.,0.14156729246768315,0.5070422485459235,0.8948368430137634,0.3169366821954568
611,Man cutting cake with knife while others watch.,"A picture of a man touching a cake. The cake has white frosting on it. The cake also has heart decorations on it. The man touching the cake is wearing a shirt, tie and pants. There are metal bars obscuring the view of the cake. There is another man behind the man touching the cake. There are candles behind the cake.",1.437258494844447e-234,0.04999999680000021,0.8531666994094849,0.017953321364452424
612,Woman in bus looking at camel through window while man takes picture.,A woman is sitting in the drivers seat of a vehicle.  The woman has long red hair and is wearing dark sunglasses.  The woman is parked in front of a large camel.  The camel is standing still on top of some grass.  A person in the back seat is holding a camera in their hands filming the camel .  The hands have a watch on the wrist.  The windshield of the vehicle has two black windshield wipers on it.,4.376829749213978e-234,0.07017543527239167,0.8391351699829102,0.03457814661134164
613,Two giraffes in a cage.,Two giraffes behind a cage.  The giraffes heads are hanging over the cage.  The picture is in black and white.  The giraffes are standing next to each other.  The cage is made of iron and very tall.  The giraffes has spot over their body.  The giraffes heads are to the top of the ceiling.  The ceiling is made of concrete.,2.094958459509827e-159,0.256410254174885,0.8769676089286804,0.04587155963302752
614,A person is holding a red and white Wii remote controller.,A person holds on to a Nintendo Wii mote. The Wii mote is red.  The Wii mote is in the right hand. The bottom half of the Wii mote is white. The Wii mote is in the left hand. The person is sitting down. The person is wearing jeans. The person is wearing a blue shirt. The person is sitting near a wall. The two parts of the Wiimote are connected.,3.503039643579748e-157,0.3111111074172839,0.8659417629241943,0.06559829059829059
615,"In this image there are several food items on a table. There is a bowl of cereal, a knife, an orange, a banana, a spoon, a glass of juice, and an apple.","A healthy breakfast sits on a dark gray table under a bright light. There is an orange on the left upper side next to a cup of tea and an apple near that. Below the apple there are three old brown bananas. A knife sits in between the apple and tea. There is a bowl of fiber cereal on a plate, and a silver spoon on the plate.",0.05505991411302994,0.3380281644514977,0.8879525661468506,0.1813511233801089
616,Four people are rollerblading down a street. One of them is wearing a blue shirt and black pants. The other three are wearing black shirts and pants.,"Four people roller blade down a street. Each person is wearing safety gear: helmet, knee pads and gloves.  Each person also holds two ski poles.  One man wears a red and white jacket.  Two of them wear black and one wears an open blue jacket.  A car and a white house are visible behind them.  A tree sits upon a landscaped median directly to their left.",7.485573392366412e-79,0.3783783743133674,0.8883087038993835,0.1797246321091665
617,A model train is on a track in a garden.,"The photo was taken outside. There are two red train cars, a blue cargo car and a white cargo car on the train tracks. The train tracks are black in color. The train tracks are surrounded by a rocky ground. The rocks are gray. Surrounding the rocks are tall green bushes. The bushes are behind the train. In the front are green leaves with yellow and purple flowers.",4.63812906544078e-234,0.11999999704800006,0.8662693500518799,0.05627009646302251
618,Two men are playing tennis on a court. One man is wearing a blue shirt and the other man is wearing a gray shirt.,Two men play tennis on a grey court.  The court is surrounded by a grey netting.  One man has a blue tee shirt.  The other man has a grey tee shirt.  There are two benches in the area.  Both men are wearing shorts.  Both men are holding rackets.  Yellow tennis balls are in the air.  There is a green covered area near the fence.,7.462501680740243e-79,0.5263157851523547,0.9062997102737427,0.22038926681783824
619,Three elephants in an outdoor enclosure. The elephants are all gray and have long trunks. The one on the left is smaller than the other two and is standing with its head turned to the left. The middle elephant is the largest and is standing with its head facing forward. The elephant on the right is standing with its head turned to the right. There is a tree trunk on the left side of the image and a rock on the right side. There is a wire fence in front of the elephants.,Three elephants are on an enclosure. The enclosure are circled with grey wires and poles. The big elephnat has a long trunk and small ears. Two stones are in the enclosure the are covered with green powder. Behind the elephants there is a grey building with windows that have red frames and metal roof.,4.904610479370035e-155,0.3294117597397924,0.8643322587013245,0.3470001484240069
620,A clock tower sits on the edge of a river.,The sky is a golden yellow color. There is a bird flying in the sky high up. To the left there is a clock tower. The clock on the clock tower has a face that is gold colored. The hands on the clock are black. The water is reflecting the gold light coming from the sky. There are weeping willow trees next to the Clock Tower. The weeping willow trees are also next to the water. The water is calm.,7.853264322295701e-158,0.19230768920118346,0.8683785796165466,0.0410958904109589
621,A man is sitting in front of a window looking out at a marina.,A man sits down in a chair. The man is sitting in a room. There are many wires outside. There are many windows in the room. There are blinds on the windows. There are boats outside. There are many buildings outside. There are clouds in the sky. There is a tv in the room. The man's foot is in a chair. The buildings have many windows.,0.005355399664265002,0.2926829224985128,0.8584235310554504,0.06578947368421054
622,A black bear is in a tree.,A bear sits on a tree. The bear is alone. the bear is black. The bear has a leg in the air. The tree has bark on it. The tree is brown. There are leaves on the tree. There are many branches on the tree. The bear is small. There is sunlight all over. The bear is laying down. There are many trees. The bear is in the woods. The trees are standing up.,4.605542538278602e-82,0.2999999971125001,0.882612407207489,0.07594518738649497
623,"A bus is driving down the street. There is a car parked in the parking lot. There is a sign on the side of the street that says ""Vacaville Premium Outlets"".",The bus is making a right turn at the corner. There are stripes on the side of the bus. The bus is mostly white. The windows are black. There is a silver car by the bus. There is a pole above the bus. There is a traffic light on the pole. There is a colorful sign by the bus. There are many trees by the side of the road. There are many cars on the road. The sky is bright and blue.,0.0409429039954402,0.3333333286055556,0.8820871710777283,0.15187272231052035
624,Red fire hydrant sits on sidewalk in front of street with cars driving by.,A red fire hydrant of the corner of a sidewalk.  A black car is riding along the road.  There is a white truck on the other side of the road.  White lines are painted in the road.  The hydrant has chain on each side.  The edge of the sidewalk is painted red.  There is a tree across the street covered in snow.  There is snow on top of the hill behind the trees.,9.765350773043119e-157,0.22222221838134434,0.8610923290252686,0.09470938897168404
625,A pizza sits on a wooden table.,"A small round pizza is on a wooden table.  The pizza has red onions, red sauce, and melted cheese on it.  The pizza also has black olives and spices.  A dark shadow is on the table beneath the pizza.  The background is blurry beyond the pizza.  The pizza also has a red pepperoni curled at the top near a lone slice of red onion.",0.0001323146339355753,0.26666666403950623,0.8880746364593506,0.0731370306842005
626,Giraffe in zoo with people watching.,This is an enclosure with giraffes. The giraffes are tall and have dark brown and patterned skin. The ground is beige with dirt. There is a grouping of tall trees in the background with brown and green leaves. There is also a zebra laying on the ground. It is black and white. There is a little circle of water for drinking.,1.446089787577154e-235,0.0869565194706995,0.8466157913208008,0.027027027027027025
627,A boy is sitting on a bike with a dog sniffing his leg.,The boy is sitting on the bicycle. There is a dog fighting at the boys like. The dog is being playful with the boy the bike is silver and red. The dog is a light tan color. The boy is wearing a yellow black and white T-shirt. The boy is wearing blue jeans. There are trees and trees with flowers in the background. The trees directly behind the boy have red flowers.,0.0027206645682135216,0.27450980032295275,0.8740428686141968,0.09614220877458396
628,"A tall, beige, stone tower has two clocks on it.",A small monument with a clock on both sides.  The clock is round and black and white.  The time is noon.  The monument is beige in color.  There is a oval door on the side of the monument.  There are two small windows with balconies on the building.  The sky is clear and blue.  There is a tree on the side of the monument on the right.,4.511387068980495e-234,0.13043477920604923,0.8742393255233765,0.03262642740619902
629,A man is wearing a red shirt and a vest with a tie. He has a beard and is smiling.,"A young man of normal weight, with short brown hair and a small goatee, stares at the camera. He has a slight grin on his face, and one eyebrow is upturned. He  is wearing an orange t-shirt and a very wrinkled orange, tan and black checked sleeveless vest, with a pale blue striped tie. Slightly out of focus in the background is another person in a white t-shirt, sitting on a metal chair, and bed with white and beige pillows on it.",1.7804283638387643e-79,0.26315789156855957,0.8917348980903625,0.11744356493696863
630,A group of people are gathered on a hill. Some are flying kites.,"Men, women and children are standing outside on a grassy field. They are flying kites. One kite is blue and red in color. Another kite is pink, green and yellow. A baby stroller is sitting on the grass beside two men. All of the people are dressed warmly. The sky is bright white above all of the people.",1.4586643183255143e-79,0.28070175106186523,0.8850977420806885,0.10914964809045809
631,"A man is flying a blue, yellow, and white kite over a body of water. There are two people sitting on the grassy hill watching him. In the background is a city skyline.","This picture is taken outside on a sunny day. Three people are sitting on a grassy field. A man and woman are sitting beside each other. The woman is waving to a man that is standing on a field with a sail above his head. The sail is blue, yellow and white in color. A large body of blue water is in front of the people. Large buildings are seen in the background behind the water.",2.275907937943006e-155,0.435897431226167,0.9055653810501099,0.1915695563470383
632,"A plate of fruit includes a grapefruit, celery, grapes, orange, and a bell pepper.","There is some food leftover that is sitting on a  plate. The plate is very small and white and looks almost like a Frisbee or short disk. There is a piece of red pepper on the plate, a small little grape, a celery stick, an orange, and I believe a cucumber. There looks like there was some sauce or something that spilled on the plate as well.",1.4423722453980124e-156,0.17543859297014472,0.8769276738166809,0.07772963318228426
633,Giraffe and zebra in zoo.,The giraffes and zebras are in a place together. All the animals at casting Shadows on the ground. The giraffe's a way taller than the zebras. The zebras are all facing towards the right. The giraffe's closest to the camera facing left. The sky is mostly cloudy with some blue showing. The zebras are black and white. The giraffes are brown and cream colored.,1.0872976138211737e-236,0.08510638107741064,0.8467491865158081,0.03442340791738382
634,Skier is riding down a metal pipe.,Someone is balancing themselves on a round metal food with a snowboard. The person is wearing a yellow jacket. The person is also wearing a black hat. The snowboard is multicolored. The person is wearing black pants. The trees in the background have snow on them. There is a ski lift in the background. Some people are riding on the ski lift.,6.129640794534131e-235,0.1904761876984127,0.8469563722610474,0.035398230088495575
635,A boy is holding a flip phone in his hand and looking at it.,"A boy is standing outside in the sunlight. He is holding an older, flip-style cell phone and is looking at the screen. The phone is grey in color. He is standing in the shade under a small tree to block the light from hitting the screen of the phone. The leaves of the tree are green with some brown spots on the leaves. The boy does not have a shirt on and has short brown hair.",5.360851943839473e-80,0.3225806416649324,0.8943486213684082,0.09104584527220627
636,Bright yellow daffodils in a clear glass vase with water.,A vase sits on top of a white surface. The vase is half filled up with a clear liquid. The vase has long green stems placed inside of the clear liquid. There are yellow flowers on top of the long green stems. The room the vase with flowers is in is white. There are red spots on the yellow flowers. The wall behind the flowers is white.,3.01597927608517e-157,0.2272727237603306,0.8458967208862305,0.06955773065071595
637,A book is open on a bed.,A book is open on a bed.  There are sheets on the bed with blue stripe.  It is a comforter and a pillow is under it.  The writing in the book is a black print font.  It is turned to chapter 6 on white pages.   A white wall is behind the bed.  The comforter is ruffled and messy.  Shadows are casted on the bed from the light.  Creases are visible in the comforter.,8.039396646431872e-05,0.2857142832653061,0.8781791925430298,0.05271084337349397
638,Baseball pitcher in mid-windup on the mound with a player in the outfield watching.,"The photo was taken at a baseball game. There are two players on the field. The field is green grass with brown dirt patches. The team players are wearing a black hat, white green and yellow jerseys saying SURF and white pants. Both players are wearing mitts. The player in the front is throwing the baseball. The baseball is in the air. It is a sunny day.",8.973480748515646e-80,0.1818181784066116,0.8443161845207214,0.09464353602657224
639,"A man is standing outside of a chain link fence with a hose in his hand. He is wearing a black jacket and black pants. There are two horses standing in the pen behind him. The horses are both dark brown. There is a bucket on the ground in front of the man. There is a sign on the fence behind the horses. The sign says ""Warning"".",A man stands in a snow covered field while holding a hose. There are two horses in front of the man with the hose. There is a fence in front of the man with the hose. The sky above the scene is gray and cloudy. There are large buckets near the horses. There is a forest off in the distance behind the horses. The hose is yellow.,0.1629195617474702,0.47368420554016627,0.9020246863365173,0.3814394096001984
640,"A white truck that has flipped over on its side is on the side of the road. The truck is labeled ""SWIFT"". There are several people standing around the truck. There is a sign on the side of the road. There are trees in the background. There is a snow plow truck in the background.",There is a semi stuck in the side of the road. The semi is white. The semi has a logo on the side of it. There is writing on the front of it as well. The semi is stuck in dirt and grass. There is a sign by the semi. There are some trees by the side of the semi as well. There are some people standing by the side of the road. there are cars parked on the road. The sky is grey. There are many trees in the distance.,0.1571091677443544,0.5074626816217421,0.9107686877250671,0.31032661445663406
641,A man and a woman are riding a motorcycle down the street. The man is wearing a helmet and the woman is not. The man is looking at the woman.,A man and woman are riding a motorcycle on a paved road. The man is wearing a short sleeve shirt and blue jeans. The woman is wearing a tank top and blue jeans. Both of them are wearing helmets on their heads. There are two long yellow painted lines on the road. Cars sit parked under a building near the road. Two of the cars are red.,0.09173865736712646,0.39344261879064774,0.9038640856742859,0.1816745655608215
642,Empty box with a donut and a fork on the side.,A paper box sits on the table. There is a donut sitting in the box. The donut sits in the corner of the box. The donut has chocolate on the top. There is a plastic fork in the box. There is chocolate on the box. There is frosting on the box. there is plastic on the top of the box. The table is white. There is one box.,5.005195100221519e-157,0.3428571387755102,0.8851651549339294,0.056179775280898875
643,A polar bear is swimming in the water with its head above the surface.,A white polar beat is swimming inside of the water on his back with his belly facing up. He is white with gray markings on his fur. His mouth is open showing his teeth and it looks like he maybe smiling and enjoying himself swimming. The water is dark blue in color and the wave in the water appears to be white in color.,1.1450176186097326e-79,0.2807017508648815,0.8854323625564575,0.0847457627118644
644,An Air India airplane is parked on a runway.,There is a large passenger jet sitting on top of the airport tarmac. There is a red rear wing on the large jetliner. There are windows on the sides of the plane. There is a large towering light behind the jet. The tarmac under the jetliner is wet. There are buildings off in the distance behind the jetliner. There are vehicles pared off in the distance behind the jetliner.,1.7616980103793632e-234,0.14285713948979603,0.8524092435836792,0.023809523809523808
645,A small dog is walking next to a bicycle while a larger dog is sniffing the ground.,The two dogs stared at each others.  The only thing that separated them were the bike.   The bike was park on the side walk.  The bushes seemed to be high from the view.  It covered the view .  The blonde dog was the tallest of the two dogs.  The black dog was noticeable shorter of the two dogs.  He seems to be walking toward the taller dog.,7.084380562703252e-233,0.14545454165950425,0.8561276197433472,0.056451612903225805
646,A woman wearing a face mask and gloves is washing a bottle in the sink.,A woman washes dishes as she wears yellow gloves. The woman has dark black hair. The woman is wearing a white mask. The woman is wearing a flower print dress. The woman is standing in a kitchen. There is a crock pot next to the woman on the counter. There are two knives on the side of a cabinet. There are bottles on top of a wooden shelf.,2.288970619765446e-156,0.2807017506802093,0.8737492561340332,0.08771929824561404
647,"A fake carrot made of orange fabric with green leaves sits on a table with a red ribbon that says ""MASS SHEEP AND WOOLCRAFT FAIR SECOND PLACE"" on it.","There are three pieces of fabric that looks like that are project of some kind. One fabric has white and brown sheep walking hand grazing in a grassy field. The fabric in the middle is littered with small blue, purple, pink, and white flowers. The last piece of fabric is multi-colored lines with frills on the edge. There are two fabric carrots with leaves on them in on the top of the display. There is also a second place red ribbon attached to the carrots.",7.541207654599023e-156,0.2195121907911958,0.8412026166915894,0.11849122323677583
648,"A busy street scene in a city. There are several buses and cars on the road, and people are crossing the street. In the background, there are some buildings and trees. The buildings are mostly made of wood and have a traditional Nepalese style. The trees are green and lush. The sky is blue and clear. The people are wearing casual clothes and seem to be in a hurry. The buses are blue and white, and the cars are black and silver. The road is made of asphalt and is in good condition. The image is taken from a slightly elevated angle, and the lighting is bright and sunny.","On a crowded street, two buses, a motorcycle and a car are driving.  The car is small and black with gray hues.  The buses are blue and white with maroon trim.  Each bus has a large rear windshield and a ladder.  Several people are crossing the street between the vehicles.  A couple - the man in a black jacket, the woman in a red jacket and blue jeans, walk behind the blue bus.  Another man walks near the bumper of the blue bus.  All vehicles are oriented in the direction of a large, brown apartment building with several windows.",0.07712860546644609,0.25599999500032006,0.8612538576126099,0.234661673553719
649,Broccoli and celery on a cutting board.,"This image is of a wooden cutting board with various chopped vegetables laid out across it. Toward the top of the cutting board is a row of bright green broccoli florets. Below the broccoli is a row of a lighter green and white vegetable that looks like chopped celery, or perhaps leeks. Some of the celery is completely white. To the right of the image, there is a small pile of minced fresh garlic.",1.1039011833240644e-235,0.18181817959669425,0.8606683611869812,0.037147102526002965
650,A brown and white cow is standing in a barn doorway.,"A brown and white cow is standing behind a fence in an enclosure on a bright sunny day. The gate to the wooden fence is open and the cow is standing in the open doorway looking out. The fence is unfinished, unpainted wood. There is a pillar painted white on the left side of the fence. Behind the cow there is a wood panel on the wall, and the corridor behind the cow is dark.",0.0020779251391845506,0.3846153812795859,0.8910661339759827,0.10033113774610372
651,A group of sheep are running through a field.,A group of sheep are running in some grass. There is one small black sheep and the rest of the sheep are white or off-white in color. The sheep are running through somewhat short green grass. Small flowers are visible in the grass. There is a dirt path as well as trees that are visible in the background. It is daylight outside.,0.002079267725925501,0.28571428271553523,0.8955984711647034,0.11133156966490299
652,Boat with the name PZA on it sits in the water.,"A small boat with ""PZ4"" written on the rear back is seen anchored in a shallow turquoise body of water. The boat has a black bottom and a white deck with an orange roof on the cabin. An orange and white life preserver is on the top of the boat. A bunch of small white birds are swimming around in the water. There is a full lush bush near the camera at the bottom of the image. A tall rock cliff is visible on the other side of the water.",3.081049064341477e-81,0.15624999736328127,0.8544687032699585,0.05841557085684457
653,A man sitting on a suitcase at an airport with a train track in front of him.,"A man with short brown hair sitting on a black piece of luggage. He is wearing a long sleeve black shirt with collar and black jeans with white tennis shoes that have a black stripe. He is holding an opened newspaper that he is reading. He is sitting on the piece of luggage in a large terminal with grey, black and yellow tiles on a floor. The floor goes a long way back. There is a train coming in the background on a track that runs in front of the man. Past the tracks is rows of dark windows. To the far left alongside the floor is bright orange cones next to pillars on the wall.",1.5970757960939805e-80,0.2588235263557093,0.8535150289535522,0.07434094217245091
654,Woman sitting at table with wine glasses and stuffed animal on table.,"A woman in a black tank top is sitting at a small round table indoors and filling out an application with two large wine glasses on the table. The woman has brown hair, and is making an odd face at her companion. The table behind her is empty. The table next to that has a person in a black shirt sitting at it. On the other side of the room there are two green arm chairs and a short table between them.",2.6543756299943668e-157,0.23880596740476723,0.8614447712898254,0.0992
655,An empty swimming pool has a ladder at the end.,Outside of the older style building is a in ground pool. It is empty and has no water in it. You can see the inside of the pool appears dirty. There is still a metal ladder attached to the side of the pool for people to climb in and out of it. There is also a a few chairs and a table with a umbrella for people to sit at.,3.9744701970694277e-234,0.2641509403346387,0.8784474730491638,0.046875
656,A purple kite is flying in a park.,People are skating and playing in the park.  There is a purple kite flying in the sky.  The sky is blue and full of clouds.  The kite has different color strings hanging from it.  There are house and trees in the background.  People are skating on the pavement.  The grass is green.  There is pond or lake behind the grass in the background.,1.0898899672333675e-157,0.26086956234404535,0.8719481825828552,0.0608695652173913
657,A black and white photo of a parade with police officers standing in front of a fence.,This is image is in black and white and shows a royal family traveling down a road in a carriage. The front of the photo shows the back of a man head taking photos. He is behind a gate with is aligned with officers. They all wear the same black uniform with black hats. Not far from them is one royal guard with a tall fuzzy hat. In the street the carriage is being pulled by four white horses. Two of them are being ridden by men in white with black hats. The carriage is black with UK flag waving on top. Behind the carriage a band of people in amour ride on horse. On the opposite a group of spectators watch the show.,7.2699876590215385e-81,0.20224718820855958,0.8555727005004883,0.052956751985878195
658,A bottle of water is sitting on a bench in front of a chain link fence.,The image is a close-up of a bottle of water sitting on a park bench. The bench is sitting outside of a fenced area. On the other side of the fence is a brown field with green grass and green trees in the distance. The bench is silver and has ridges on the seat. A plastic water bottle on the bench has a blue label and cap. The cap is on the bottle. Behind the fence is some dirt. The sky is blue with few clouds. It is a sunny day because there are shadows.,3.985776177722625e-80,0.30769230431242606,0.8732986450195312,0.06888633754305395
659,"A train station with a train on the left side of the image. The train is white and purple with the words ""East Coast"" on the side. There are people standing on the platform waiting for the train. There is a bench on the right side of the image.","This picture is taken inside of a train station. People are standing on a platform. Tall blue and white poles stand on the platform near benches. There is a large blue and white sign standing on the platform near the people. The ceiling of the station is rounded with windows in a row across the top. Two trains are sitting near the platforms. The trains are purple, orange, blue and white.",0.06652351699341656,0.3714285666285715,0.8940838575363159,0.21802325581395346
660,A Ferris wheel is in front of a tall clock tower.,A tower has a green roof that is pointy. Arch windows are on the tower. There are two clocks on front the tower. The clocks have roman numerals color golden. The hands of the clocks are long and golden. People are in the Ferris wheel that has red flags on the top. People are in the round baskets of the Ferris wheel.,7.732813364971266e-157,0.2916666631336806,0.8790485858917236,0.08787346221441124
661,A traffic light is on the side of a street and the light is red.,The snow is all over the ground. The pole with a traffic light on it is coming out of the ground. The pole is leaning to the left. There are footprints in the snow. There are cars driving on the street. The cars are driving slowly down the snowy Street. The car closest to the camera has their brake lights on. The brake lights are red. Most of the trees if not all are bare.,1.517738543489217e-156,0.28571428234693885,0.8667479753494263,0.07971014492753623
662,A ski slope with a chair lift at the top.,"A ski life is filled with several people, and it is riding high above a snow filled mountain. The ground is covered in snow and batches of thin  leave less tress are scattered about on the mountain. The lift is riding on wires attached to sturdy large dark green poles. A few small evergreen trees are also scattered about on the mountain, under and opposite the lift. The poles are casting a shadow on the ground, and it is a bright sunny day with a deep blue sky.",3.693260498344038e-158,0.17910447507239918,0.841284990310669,0.053165696868938746
663,A small dog sits on a wooden rocking chair.,"A small, skinny, scruffy dog wearing a red collar is sitting on a wooden rocking chair. The small dog is looking up towards the sky as he sits on the chair. Vertical blinds on a window behind the chair are pulled open and reveals a dimly lit living room. Behind the chair on the left there is a metal table frame with no table top, and a small green plant.",0.0006515373504221091,0.31034482496432825,0.898589551448822,0.09138507312737881
664,A boat with a man in it is selling produce.,A woman is a tan lamp shade shaped hat is sitting in a canoe handling greens.  the woman is wearing a long sleeve brown shirt and the canoe is brown and wooden with water stains on the sides.  Inside the canoe are bushels of greens the woman is handling.  The canoe is in a small crowded section of water.  The water is crowded with other canoes .  A green tent with metal poles and yellow cords attached is over one of the canoes in the water.,7.666775779455871e-235,0.17857142563775513,0.8578731417655945,0.03188775510204082
665,A man is jumping in the air while snowboarding.,"A snowboarder is snowboarding while wearing a yellow snow coat.  The sky is blue behind the snowboarder in the sky.  The snowboard the person is using is green, white and black.  The snowboarder is wearing yellow and green gloves.  The snowboarder is also wearing a pair of white and metallic goggles and a blue winter hat.  The person is wearing brown and black pants.",1.6984773465058825e-157,0.2325581362249865,0.8595844507217407,0.042735042735042736
666,Elephant in zoo surrounded by birds.,Two elephants are standing together outside by a concrete wall. One elephant is considerably smaller then the other one. Right by the elephants there is a large amount of bushes and trees with green leafs. The ground is mostly dirt with patches of green grass throughout. On the grass eating there is about a dozen or so large black crows.,1.4365481058267616e-235,0.03921568419838535,0.8359593152999878,0.018315018315018312
667,A bunch of ripe yellow bananas hang from a tree.,A handle of yellow bananas are on a tree. The tree has dry leaves and green leaves. The tip of bananas are color black.  Some bananas have black and yellow peels. The bananas has small brown spots on the peel. Sunshine is on some bananas.  Behind the handle of bananas there are branches with green leaves.,9.060502470141634e-157,0.2790697638723635,0.869140088558197,0.08295503674881106
668,A vase of pink flowers sits on a table next to a bottle of soda.,A soft drink bottle and a vase of flowers are on a tabletop. There is about one-fourth of the cola-colored drink left in the bottle. The vase has pink carnations and another the of pink flowers in it. There is another table against the wall behind the one in the foreground. That table has a salt shaker on it. There are two red chairs in front of it. Both tables are covered with turquoise plastic tablecloths. Hanging on the wall is a decorative Mexican sombrero.,4.092145179109465e-80,0.2857142824389015,0.88190096616745,0.10240517058698877
669,The kitchen has a large island with a granite countertop and stainless steel sink. The cabinets are dark wood and the walls are yellow. There is a window with a tree outside.,This photo was taken in the kitchen. The photo was taken in the daytime. There are three lights hanging from the ceiling. There is a long marble counter in the middle with wood cabinets a silver dishwasher and a double sink on the left. There is a bowl on apples on that long counter. On the left there is a silver stove in the middle with two woos cabinet units on each side. Above the stove is more cabinets. The walls are painted yellow and the door and trimming is white. On the right there are two windows.,3.443726331400257e-79,0.2784810083319981,0.8806427717208862,0.09846827133479213
670,A man is riding a skateboard in a park.,"A young man is on one knee on his long skateboard. He is riding his skateboard down a empty city road. He is going at a fast speed because the photo is blurry. The sun is peaking out, but it is lower in the sky. Therefore my guess is it is sunset and its late on in the evening. You can also see blurry trees with green leafs on them.",1.1663196666038291e-157,0.23728813324906645,0.8792620897293091,0.06259780907668232
671,A baby is lying on the floor with his hands out in front of him and a purple phone is on the floor in front of him.,An Asian baby is laying on the floor. There is a blue cellphone in front of the baby. The baby appears to be reaching for the cellphone. The floor is hardwood. There is a rug underneath the baby. Beside the baby is a stuffed animal and train toy. The stuffed animal is orange. The baby is wearing a plaid onesy. There is a reflection of the stuffed animal in the hardwood floor.,5.482639591420625e-79,0.37037036580932786,0.8917599320411682,0.13938078703703702
672,Four young men are playing soccer on a field. The man in the foreground is kicking the ball. The man in the background is running. The man in the middle is kicking the ball. The man in the background is running.,"Four men are on a grass field playing soccer in red uniforms. They are running towards the right side, the man in front closest to the ball, his foot resting right next to it. The three other man are racing towards the man with the ball. In teh distance is a group of trees, some pine trees, some bear trees with no leaves on them.",4.128003848947799e-155,0.3529411723183391,0.8769015073776245,0.21123571899473317
673,A tall steeple with three clocks on it.,"The top of a tower with the symbol of David is on the very top point.  An ornate tower has a clock on two sides.  The clocks read 11:58 and the numbers are gold, roman numerals.  The hands of the clock are golden.  An opening above the clock are on all sides.  A bell appears to be in the star of David.  The background is a beautiful, blue sky with no clouds to be seen.",3.532112589666612e-235,0.14545454296859506,0.8497118353843689,0.029282576866764276
674,Two men are sitting on a bench with luggage.,"Two men are sitting on a bench. The bench is in front of a building with glass pane windows for walls. There is a drawing of a tree on the wall in the building. One of the men on the bench is sitting on the back of the of the bench with feet on the seat. He has on a tan shirt and tan pant and is talking on the phone. The other man is sitting on the bench seat and wearing a blue shirt with a design and a pair of short pants. There are two rolling suit cases sitting in front of the bench, one is lime green and the other is blue.",5.069163232261785e-06,0.2622950794517604,0.8708828091621399,0.03831417624521073
675,A dog and a goat are grazing in a lush green field surrounded by trees and sheep.,A large black dog stands on a field of lush green grass. There is another white dog standing to the left of the black dog. There are sheep behind the two dogs on the field. There is a forest of lush green leafy green trees behind the sheep. There are green plants in front of the two dogs. There is a brown tree trunk sticking out of the ground in front of the forest of green trees.,1.9614358427210561e-156,0.38461538051035504,0.8772489428520203,0.07746478873239437
676,A man in a white and red racing suit is riding a black and white motorcycle around a corner. The motorcycle has the number 67 on the front and the rider is wearing a helmet. The background is a green field with a fence.,"A man on a motorcycle races down a race track. The motorcycle rider is wearing a red, white and blue helmet. There are black tires on the motorcycle. There is a white line around the race track. There is a field of green grass behind the motorcycle rider. There is an orange and white sign behind the motorcycle rider. There is metal scaffolding behind the motorcycle rider.",0.06788766429991903,0.4923076873372781,0.9092469811439514,0.254258973037953
677,A man is walking a donkey down a street while another man is looking at his phone.,"There are several people outside working and shopping at a booth that looks to be at a flea market. Separating the booths are big colorful sheets,in the front there is a man with a brown table with an arrangement of fruits in front of a brown door.Next to him there is a man standing on top of a brown shelf fixing his merchandise.In the back there are some more stuff but there items aren't as visible.In the middle are a large assortment of shoppers and a man walking a white horse.",8.187141266498054e-157,0.13157894436288095,0.8484092950820923,0.06578947368421052
678,A bathroom with a box of fish and chips sitting next to the toilet.,A white toilet is in a bathroom. The sit of the bathroom is down. A roll of paper is on the tank of the toilet. A white used paper is on the floor. Behind the toilet there is a grey pipe that is connected to the wall. The wall of the bathroom is white. An empty bottle of soap is on a counter. On front of the counter there is a poster board.,1.1613024619800039e-156,0.2857142816326531,0.8624914884567261,0.05961251862891208
679,"A large, dark brown grizzly bear is standing on a large rock in a forest setting. The bear is looking to the right of the frame, which is mostly out of the frame. The bear is standing on its hind legs, with its front paws on the rock. The bear's fur is dark brown, and its claws are visible. The background of the image is a forest, with green trees and a blue sky. The image is taken from a low angle, making the bear look imposing.",A large bear is standing up on all four of it's legs. The bear is a dark color that looks like a dark brown or black. The bear is standing on a large rock. Underneath the rock there is a little water that can be seen. Behind the bear there are a lot of trees that look like a forest. On the ground there is grass but the sunlight is shining on it.,0.1268505241728345,0.32989690225953877,0.8851896524429321,0.31392524291096574
680,A gray and white cat eating from a bowl.,The cat is eating cat food out of a round Bowl. The bowl is a light blue color with a brown trim around the edge. The bowl is on the floor. The floor is a light tan color. The floor is made of wood. The cat is a grayish color with black stripes. The pause on the couch all right. Under the cat's neck as white as well.,2.115539265358141e-234,0.2127659543503848,0.860942006111145,0.05636070853462157
681,A brown horse is running on a grassy hill.,"A horse is galloping in a meadow of hills.  The horse is chestnut brown with a long black mane and tail.  The meadow is full of long green grass and some shorter yellow, dried grass.  Deep green trees are in the back ground.  the sky is gray and cloudy.  A  black and white tall poll with a red and white top is nearby.",1.898080822546405e-157,0.16326530312369852,0.8706427812576294,0.043402777777777776
682,Two hot dogs sit on a tray with a cup of fries and a container of curly fries.,The two sandwiches are in the white trays. The white trays are on the left on the table. The white trays in the front are both open so that the sandwiches can be seen. On the left are fries in a red and white container. The fries in the container are curly fries. The curly fries are spilling on the tray. The food is on the black tray. The tray is on the wood table. There is sauce in a white container behind the black tray in the front. The floors are made of wood and the photo was taken at a restaurant.,5.777699854438134e-157,0.2807017506802093,0.8699413537979126,0.06349206349206349
683,A breakfast tray with a pizza on it sits on a balcony overlooking the ocean.,"A mean is on a wooden tray near a small dipping pool on a terrace over looking the sea. On the ray there is a plate of what looks like chicken Parmesan, and two baskets of bread. There is a pat of butter on a plate, sale and pepper shakers, and a sauce of some sort in a small bowl. Near the top there is a pot of tea, and coffee mug.",1.425846818083908e-156,0.16393442287557117,0.8675757646560669,0.05279034690799396
684,A train crosses a bridge over a river.,In this photo there is a bridge with three oval openings straight in the distance to the left. The photo is of a still and calm body of water. Surrounding the body of water is grass and tree filled land. The sun is setting in the sky and it is the evening. There are more trees on the right side of the photo.,7.415338137793613e-158,0.08333333084201397,0.8518311977386475,0.04444444444444444
685,Man holding up a skateboard with the word race on it.,"A man is sitting indoors holding up a skateboard over his right shoulder. The man has blond hair, glasses, a pink shirt with a snake on it and a set of headphones around  his neck. On the desk next to the man is a monitor, a mouse, a marker, a pencil and a lighter.  There are large fluorescent lights overhead, and a set of windows the far wall.",0.0015159887715033328,0.2666666636722222,0.8541314005851746,0.08539827447833065
686,"A yellow fire hydrant sits in front of a storefront with a sign that says ""Steve's Music Store"" above it.",A man and woman sit next to each other in front of a music store. There is a large green cement wall up against the front of the store. There is a yellow fire hydrant in front of the couple in front of the music store. The building the music store is in consist of multiple stories. The sidewalk in front of the music store is gray. There is a tree also in front of the music store. There are bars in the windows of the music store.,0.006160357951848895,0.2711864363114048,0.8796336054801941,0.09836949883971827
687,Baseball game with a player at home plate and a catcher and umpire behind him.,"Three men are on a baseball field. The batters holds a black bat over the right shoulder. The batter wears red t-shirt and white pants. The catcher is crouched, and he wears blue top with white pants. Behind the catcher, the umpire is looking the game. People are sitting on the bleachers looking the game.",1.0462642844657191e-232,0.15686274129950029,0.8569852709770203,0.08823529411764705
688,A surfer rides a wave.,"A person is on a surfboard. The person wears a wet suit color white, red and black. The man has extended arms. The surfboard is on a white wave.  The wave is foamy and has drops splashing. The man is facing to the left. On the background the sky is blue and has white clouds, The body of water is blue and green.",1.4697049133985803e-236,0.14285714075963724,0.8482290506362915,0.02622377622377622
689,Man on a skateboard in the middle of a busy city street with the Empire State Building in the background.,"A man is giving a thumbs up sign as he  rides a skateboard down the side of a busy car filled street.  The man is wearing a large false mustache that covers his mouth and a long beard.  The man is wearing a black hard helmet with a strap, a green backpack, a red t-shirt and brown shorts.  The red t-shirt has write lettering on it and a pair of sea green sneakers with white soles and laces.  Tall buildings, traffic lights, street lights and many cars are in the background.  Another person is standing behind the man and is wearing pink sneakers, and green pants.  The man in the foreground has a black camera bag strapped across his chest and is also wearing a black watch.",2.2957464671713245e-80,0.2105263129883657,0.8444598913192749,0.0765453329511799
690,A red Ford pickup truck is parked in a parking lot with a Starbucks in the background.,There is a red truck in a parking lot. It is next to a white car. There is a lot of chrome on the truck. there are many cars in the parking lot. There are trees at the end of the parking lot. There are signs in the parking lot. The sun is shining on the car. There is a sidewalk by the truck. There is a big windshield in the truck. There is a building in the background.,1.220096588733303e-79,0.3673469345272803,0.8877316117286682,0.1244798101306977
691,A flock of seagulls is flying over a body of water.,Grey and white birds are flying in the air. The sky is blue and have some white clouds. On the background there is brown hills covered with white snow. The bird on the foreground has the wings extended and flies to the right. The bird has a long black beck. The ground is wet and muddy and is covered with stones.,1.3975734417849883e-233,0.1176470556708959,0.8427066206932068,0.02678571428571428
692,Giraffe standing in front of a painted rock wall.,A giraffe with lots of spots on it's back. There is a rock wall behind giraffe. There are a bunch of trees off in the distance. There are animal carvings on the walls behind the giraffe. There is a lawn of grass underneath the giraffe. There is a deer on the side of a rock. The giraffe has two long horns. The giraffe has a long neck. The giraffe has long leg. The giraffe has a long and hairy tail.,2.7148958686561647e-158,0.20408162965431073,0.856508195400238,0.03429355281207133
693,Two women are on a wooden dock. One is holding a blue umbrella. The other is kneeling and looking at the water.,"There are two people standing on a dock. The dock is wooden and extends out over a lake. The lake is white toward the back, and dark colored in the front. You can see ripples on the water. One person is sitting on the deck. That person is holding a blue umbrella over his or her head, so it not possible to see if the person is male or female. The person is wearing a green shirt and blue jeans. The legs are draped over the edge of the dock. A girl with long hair is standing beside the sitting person. She has long black hair, and we cannot see her face. She is wearing a black jacket and a pink shirt. She is also wearing black pants and black shoes. One of the shoes is partially off her foot.",0.0008007901933835039,0.26530611920033326,0.8731200098991394,0.06630265210608426
694,A black and white photo of a sink with dishes in it.,The picture was taken in black and white. The left side of the sink has dishes on it. The right side of the sink clear. There's a white Basin in the sink. The basement has dishes in it. There's a glass on the left side edge of the sink. The sink fixtures are silver and made of stainless steel. There are glasses and dishes in the basin. The basement in the sink with the dishes and it is white.,1.9160055625565338e-80,0.3749999962500001,0.881417453289032,0.09498988374884264
695,"A green and camouflage Jeep is parked on the side of the road. The Jeep has a sign on the roof that says ""AT&T"" and ""80"".","An exterior scene of a street, presumably in the commercial district of an English speaking part of the world, is seen. In the foreground is parked an SUV done up in camouflage colors of shades of green. It also has an orange sign on top. Behind it is parked a small blue car. Pedestrians can be seen on either side of the road on the wide sidewalks. Several shops line the street, including one with a large red sign with white lettering reading ""WAREHOUSE"" in the near distance. A blue paper and brown bag lie on the road in front of the SUV. There is a tree further back lining the road.",1.3012086655896182e-79,0.25263157550360116,0.8645597696304321,0.09187620889748549
696,A group of people are sitting in a circle in a living room.,People are gathered around together in the living room. Most of the people are sitting down. Only two people are standing. The majority of the room has carpet on the floor. The floor closer to the door is made of hard wood. The hardwood floor is an amber color. The light above the table is turned on.,1.3767079672342203e-79,0.28571428223240314,0.8807563781738281,0.10883060448514006
697,Two women holding umbrellas in the rain.,"This picture is taken outside on a rainy day. Two women are walking while holding umbrellas above their heads. One woman is wearing a short sleeve blue shirt. She is holding a black umbrella above her head and carrying a white plastic bag in her hand. The other woman is wearing a gray shirt. She is holding a purple umbrella above her head and carrying a polka dot purse on her shoulder. Two other people can be seen in the background, a man and woman, walking under a white umbrella.",8.554336015168988e-160,0.19354838509365244,0.8660655617713928,0.05218958248334013
698,"Two men are playing a video game with white controllers in their hands. The man on the right is wearing a gray shirt with the word ""TRAVELER"" on it. The man on the left is wearing a white and blue striped shirt. There are other people in the background watching them play.",Two men are playing a video game together. They have both have two remote controllers in their hands and one of them is swinging one of the controllers. There are a bunch of people behind them that are watching the two young boys play the game. One boy has a light blue tee on and the other boy has a white hat on.,0.1438264840399969,0.4810126532671047,0.9023776054382324,0.263057588792047
699,A woman in a white shirt and black pants is walking next to a horse in an indoor arena. The horse is wearing a harness and is being driven by a man in a black suit and hat. The horse is walking slowly and the woman is holding the reins. There are people standing around the arena watching.,"A woman wearing a white shirt and blue jean pants is holding on to a brown horse that is in front of her. The horse is attached to a carriage that a man is riding in. The man is wearing a suit, shirt tie and black hat on his head. There are people sitting and watching the woman and man with the horse.",0.1181372717069344,0.559999995008,0.9222518801689148,0.40933333333333327
700,A clock tower with palm trees in front of it.,There is a big building behind the trees. The building is wide and white. There is a clock tower in the center. THe clock says it is 4 in the afternoon. There are clocks on two sides of the tower. There are many palm trees in front of the building. There is a tile walkway in front of the trees. The ground is wet. There are steps by the walkway.,0.0011199027166439927,0.30434782268431004,0.8797026872634888,0.10974121093749999
701,A man is fishing in the rain.,A couple using an umbrella walk on a sidewalk near the ocean.  The couple are in front of a parked motorcycle.  To the left of the couple is a person wearing a clear plastic rain poncho over blue jeans and a jacket.  The person is standing in front of a metal fence.  The sidewalk is wet and the sky is overcast.  Two sea birds fly over the ocean above the heads of the people.,1.1039011833240644e-235,0.18867924299038802,0.8648749589920044,0.029717682020802383
702,A Nokia phone is on top of a pamphlet that has a picture of a girl on it.,The instruction was on the table which help with the use of the phone.  It had colorful pages.  It show you have to use the Nokia phone.  The picture of a girl was shown using the phone.  The phone was a basic one.  It was not an android phone.  The color was silver buttons with a black monitor.  All of the pamphlets were shown on the table.,0.01138037904275758,0.264150939508722,0.8700516819953918,0.11881597781356236
703,Airplane wing is visible in the upper left corner of the image. The wing is white with a blue tail fin. The wing is attached to a large white airplane. The airplane is parked in a parking lot. The parking lot is full of cars. The cars are parked in rows. The rows of cars are separated by white lines. The parking lot is surrounded by trees. The trees are green. The sky is blue. The sun is shining. The image is a photograph.,A plane is flying in the blue sky. The wing of the plane is white. The sky has white clouds. Below the plane are cars in a parking lot. Next to one of the parking lots is a brown building. The brown building has many windows and a white roof. There are trees in between parking lots. The trees are green.,0.08898874675868462,0.4383561594070182,0.8971930146217346,0.36578334711810717
704,Long train of cars is on tracks.,"A freight train of tanker railcars is sitting on or traveling on a set of tracks.  The tankers are cylindrical, some with a few markings.  Overhead wires used for electric trains are present.  A few signal poles are visible in the foreground.  A few tall buildings are in the distance behind the train. It is a sunny day.",6.004223959257098e-158,0.20408163020408163,0.8722205758094788,0.05671077504725898
705,A pair of scissors and a roll of 3M tape.,The scissor is made of metal. The roll of tape is to the left of the scissor. The tape is clear. The table is covered with a light blue paper. There is writing on the inside ring of the tape. The scissor is pointy at the tip. The paper that is covering the table is a little wrinkled. The letters inside the tape ring are dark colored.,2.4231234613549358e-157,0.1818181785640496,0.854719340801239,0.057096247960848286
706,An elephant is drinking water from a river.,The elephant stands in the grass. The elephant is small. The elephant has tusks. The tusks are little. The elephant is grey. The elephant is standing by the water. The water is like a river. The grass is mostly yellow. There is a hill on the other side of the water. The water is still. there is wood in the water. The grass is short. There are trees on the other side of the river.,2.2356763002698795e-158,0.2499999968,0.859993577003479,0.03660322108345534
707,A gray bird with a white belly and a long tail is standing on a patch of grass.,The image is of a bird. The bird is grey and white. It is standing on the ground and looking across the field area. There is nothing on the ground with the bird other than some grass.  The bird has a white chest and a grey throat and head.  It's wings are black and grey with white stripes.  It has black eyes and it's tail feathers are held upright.,2.3060863195324238e-79,0.3571428530612245,0.8843127489089966,0.10954616588419405
708,Black and white photo of a person walking in the rain with an umbrella.,There is a large empty area. The pavement is made up of concrete squares. The pavement is wet. There are shadows on the concrete. Lights are shining in the air and is reflecting on the wet pavement. In the background is a large crane. The sky is overcast and full of gray clouds. On the left in front of the crane is a partially built building.,1.4801409696338884e-156,0.1538461499112427,0.8424608111381531,0.041118421052631575
709,"A man playing tennis on a court. He is wearing a purple shirt, white shorts, and a knee brace. He is holding a tennis racket in his right hand and is hitting a tennis ball with it.","A double image of the same athlete.  The athlete is wearing a purple polo shirt and a ball cap that is covering his eyes.  He has on white shorts and white socks on his feet with white sneakers with some black.  On his left knee, he is wearing a black brace.  He has a white cuff on his left wrist.  Both hands is holding a tennis racquet.",0.07759495666851723,0.42253520655425514,0.8903470635414124,0.23057725694444448
710,Baseball player number 31 is on the ground after sliding into home plate. He is wearing a red and gray uniform. The catcher is standing behind him. The umpire is standing to the right of the catcher.,A baseball player is wearing a red and white uniform and a blue and red helmet. He is holding a black bat in his hands. A catcher is kneeling on the ground in front of him. He is wearing a red and gray uniform and a red helmet with a mask. A white base is on the ground in front of him. The baseball field is brown with green grass on it.,0.10120959373349732,0.4848484799219468,0.8814072608947754,0.19304169356307002
711,A young man is holding a burger in his right hand and looking to the right with his tongue out.,A young man is seated looking at someone out of view.  The young man has short dirty blonde hair.  He is eating bread which he is holding in his hand.  He is wearing a grey Hartford sweatshirt.  The writing on the sweatshirt is white and red and also says champions on it.  He is seated at a table that has a beer and a glass sitting on it.  The atmosphere is dark.  There is a dark structure behind the man.  The man is kind of smiling.,0.006468448506974714,0.3661971793136283,0.8584420680999756,0.0864958261340217
712,Three sailboats are docked at a pier.,"This is an image of a bay. The bay has a line of boats. The boats are parked. The boats are sail boats. The right boat is black and yellow. There are nets on the mast of the boat. The middle boat is white and black. The left boat is red, white and black. The masts have many different ropes going to the masts.",3.873409277231026e-235,0.09523809246031753,0.8464024662971497,0.017152658662092625
713,"A man and a boy are lying in bed reading books. The man is reading a book called ""Man vs. Banks"". The boy is reading a book called ""Killy Squid"".",The man lay in the bed and read the black book. He leans his head on the brown head board. The man is wearing a blue tee shirt. The little boy lay next to the man read the blue children's book. He is wearing a green tee shirt.  The man and boy are underneath the whit blanket.  There is a white curtain hanging behind the bed.,8.195042707266768e-79,0.34482758168846617,0.8643195629119873,0.1362179487179487
714,"Three people are herding goats and sheep in a dry, rocky field. The people are wearing white shirts and green shorts. The goats and sheep are brown and white. The people are holding leashes. The people are walking in a line. The people are smiling. The people are happy. The people are walking in a field. The field is dry and rocky. The field is in the middle of a forest. The forest is green. The forest is in the background.","Three people are outside with farm animals in a large open area.  Two of the three people is females.  They are all three dressed casually in white t-shirts and shorts. The animals they are caring for are goats.  The goats are mostly white with brown or black in their heads.  One goat, however, they are mostly brown with white spots.  The three people are holding a stick trying to herd the goats in the direction they want them to go in.",2.1547952160760924e-78,0.3414634098750744,0.8610943555831909,0.23854141867609877
715,"A man is riding a red and black motorcycle in a parking lot. He is wearing a black shirt, gray shorts, and black sneakers. He is also wearing a helmet. The motorcycle is parked in a parking space. There is a man standing next to the motorcycle wearing a yellow safety vest and a white hard hat. He is holding a broom. There is a car parked behind the motorcycle.","A man is riding a motorcycle through a parking lot. He is wearing pair of tan shorts, a short sleeve black shirt, and a black baseball cap. The motorcycle is red with black decals and slick black tires with white walls. He is driving past a parked Mitsubishi SUV with a man in a green jacket standing next to it.",0.19471941142751079,0.5249999950125,0.9127368330955505,0.38791347366378887
716,The white ambulance is parked in front of a building.,The truck is parked on the pavement. The pavement is faded in some areas. There is a large white sign with a blue banner across the top at the other end of the pavement. At the front of the photo there is a white and orange U-haul truck. It has large black framed window protruding from the side windows. The window are rolled up and no on sitting in the diver side seat.,1.7786330092140737e-157,0.2758620661117717,0.8696167469024658,0.07976480509745128
717,A woman is opening the oven door with oven mitts.,"A woman is taking an item from the oven that was baking. The individual, whom appears to be a Caucasian female, is wearing a knee length denim skirt, with a long sleeved green shirt. In addition, a brown furry dog is watching intently, the individuals actions. The cabinets in the kitchen are a dull white color, and the floor is a medium toned hardwood.",2.1934660038760105e-80,0.19672130895995704,0.8498972654342651,0.05119453924914675
718,A sandwich with a slice of banana on it.,"There is a sandwich in a container. The container is a plastic tupperware container. The sandwich is made of untoasted slices of bread. There is a luncheon meat slice between the bread. There are slices of banana in the sandwich as well. On the counter, beside the container, is a banana that has been sliced into seven portions.",3.3081821457497235e-157,0.2325581362249865,0.8773286938667297,0.06591337099811675
719,A giraffe standing in a forest.,Two trees brown tree trunks look as if the bark is peeling. One of the trees have a greenish mold on it. There are leaves of another tree in the background as well as a white wall. A chain link fence is at the bottom of the photo. There is a brown and tan giraffe in the photo that has to small horns on the top of his head.,4.533080680915051e-236,0.15094339421858313,0.8573538064956665,0.03189792663476874
720,Man flies kite with face on it in cloudy sky.,"A man is holding the string of a flying kite. The man is wearing a gray hat and a gray and light gray jacket. The kite is light green with two eyes, a nose, and mouth and two red spots drawn on it. The kite is a triangle shape and has three green strips hanging from the bottom of the kite. Four other kites can be seen in the sky. The sky is full of white and gray clouds, with a patch of blue. Several trees are seen in the lower portion of the image with a light pole with two lights on it close by.",5.133604118131973e-159,0.17391304099979,0.8511909246444702,0.055189963692946056
721,A woman with blue hair is taking a selfie in the bathroom.,"A middle aged woman with long, fine, blue hair and dark brown roots holds up her iPhone as if to take a selfie. She has blue eyes, and she is wearing a blue blouse with rolled up sleeves buttoned to the upper arm of the sleeve, breast pockets, and a blue silk tie in multiple shades of blue. She is standing in front of a plain wall. Her hand holding up the phone has a ring on the ring finger. The back of the phone is covered in an abstract melange of the colors white, red and purple, along with blue.",5.449158641699997e-158,0.2531645543855151,0.8623843193054199,0.05428881650380023
722,A man is flying a kite in a park.,"A man is standing on a grassy field flying a kite in the air. He is wearing a white shirt and gray pants. The kite is blue, green, yellow and orange in color. White strings attached to the kite are being held by the man. Two people are sitting on a blanket near the man. A dog is standing behind the people. Tall trees can be seen at the back of the field. Two tall buildings are standing behind the trees.",0.0001497248923753735,0.23728813324906645,0.8772801160812378,0.05420054200542006
723,A blue and white bus with a cat on the side.,"A bus with a Japanese advertisement on the side, is driving down a city street.  The images on the bus are cartoon like dogs and paw prints on the windows.  There is a bus driver on the right hand side of the bus.  A large stone building is behind the road with windows all along the side.  Green leaves are on trees on the sidewalk.",3.821410660426411e-80,0.3076923043565089,0.8742899894714355,0.09797829149059575
724,A black cat is lying on the ground next to a small brown bird.,A black cat is lying on it's right side and a dead bird is in front of it.  The are laying on a side walk.  The cat has green eyes.  There is a crack the length of the sidewalk in the middle. The bird is brown and white.  It looks like the bird was in the cats mouth because it is wet.  The cat has long pointy ears.,0.008180903152107767,0.3508771892767006,0.8881955146789551,0.07188498402555911
725,An elderly man in a purple suit and tie stands on a porch.,An elderly man stands in the sun looking at the camera.  He is next to some kind of shelter in a park or on a golf course.  Purple columns supporting the top of the structure can be seen.  He wears a purple striped jacket and dark red tie with some white design on it.  He squints from the sun but does not smile.,1.1039110164953616e-79,0.2903225775234132,0.8876391649246216,0.1377172983756056
726,"A bathroom with a sink, shower, and mirror.",It is am image of a very clean bathroom where the towels are neatly stacked and the shower fittings are golden. The tiles are gleaming and everything seems to be spick and span. The wall on the mirror has a black thick frame and the shower has a glass exterior to avoid the water to be spilled outside.,2.7521723578859855e-234,0.12244897685964186,0.8685859441757202,0.03773584905660377
727,Pizza on a plate with a pizza cutter.,There's a glass dish on the tablThe glass plate has Pizza on it. Half of the pizza is gone. The pizza has mushrooms on it. The pizza also have a meat on it. The crust of the pizza is golden brown. There's a spatula on the plate. The spatula is made of metal. The light is reflecting off of the back of the spatula.,7.78218674680176e-158,0.21052631278393355,0.8432327508926392,0.05136986301369863
728,A large crowd of people are skiing down a hill.,A lot of people are skiing on a sunny day at a ski resort. The resort is brown and white and nestled into the valley. In the front there are blue and green umbrellas as if there are stands selling items. On the left of the resort there is a hill with lots of tall pine trees. Toward the camera there is a ski slope which slopes upward on the right. A few people are standing at the bottom of the slope.,0.00021704396838723335,0.22950819398011293,0.8747164607048035,0.06411655571319437
729,Three bears are swimming in a river.,"Three large brown bears are swimming in a river. The bear on the left has his head tilted to the left and his fur is wet up to the bottom of his ears. The one on the right of him is dry above is shoulders. The final bear is all the way in the water and only a little of his back is showing above the water. There is something in the water behind the first bear that appears to be a rock. Behind there is a green, grassy shore.",5.960062130964708e-06,0.2295081946895996,0.8743782639503479,0.07006719456448429
730,Skier in black jacket skiing through snow.,"The trees are weighted down with heavy snow. The snow has turned the evergreen trees white. There is a person skiing down a slope. He is wearing a helmet, a black coat, a pair of black pants, snow boots and skis. He also holding ski poles. He is down the slope through his ski lime green ski goggles that match the lime green on both his ski poles and the tips of his skis.",1.1039011833240644e-235,0.15686274272971934,0.8490458130836487,0.029717682020802383
731,A street scene with a bus and cars driving on it.,Part of a woman can be seen walking on a sidewalk. A large electrical pole is on the sidewalk in front of her. The sidewalk is near a road. The road has different vehicles on it. Power lines are running through the air across the road. Buildings are sitting on both sides of the road. A row of vehicles are parked in front of a building on the side of the road. A large leafless tree is hovering over the vehicles.,1.1223980013693619e-157,0.14285713970025515,0.8552238345146179,0.027027027027027025
732,A cat is sitting on a disc drive next to a Sony television playing a video game.,A cat is sitting on a DVD player. The cat is looking at the small TV. The TV is black. On the screen there are colorful lines. The cat is stripes of light and dark brown. The cat is wearing a collar with circle pendant. There are wires attached to the DVD player. The player is silver. The TV has a SONY logo on it.,0.01852073199219692,0.24999999607780615,0.8785648345947266,0.08305647840531563
733,"A group of people are on a grassy hill. Some are standing, some are sitting. A few are holding kites.",A group of people stand on the top of a hill. There is a lot of grass on the ground. There are some trees as well. There are some people sitting on the ground. There are others standing up. There are no clouds in the sky. There is a lot of sunlight. The sky is blue. The people are talking to each other. there are rocks on the hill.,0.01462749882249564,0.3773584863510146,0.903934895992279,0.10920436817472699
734,A man is paragliding over the ocean.,A man is standing on a surfboard and holding kite strings. The man is wearing a black and green wet suit. the man's hair is black.  The surfboard is black with white letters and multicolored images on it. The man's feet are on the surfboard and are above the water. The water is gray and white below the man and is moving and somewhat foamy. The water farther away from the man is green with white caps scattered around. There are dark clouds in the blue sky.,5.870678175436288e-83,0.1481481458916324,0.8478842973709106,0.039952531645569625
735,Three dirt bike riders are racing on a beach.,"Three dirt bikers are riding along a rain covered beach.  They appear to be in a competition, as the bikes have numbers on them.  The bikers are dressed alike - crash helmets, gloves, jackets and pants.  Two bikes are red while the third is blue.  It is a cloudy day.  The edge of the beach is in the background, gentle waves coming ashore.",1.9865980862833722e-157,0.20689654910225921,0.8744091391563416,0.0832624716553288
736,A bunch of celery sticks are on a buffet table.,"This is an image of appetizers. The appetizers are arranged on a tray. There is celery on the tray. The celery stalks are cut and are light green. There is cauliflower on the tray. The cauliflower is white. There are silver tongs meant to serve the vegetables with. There are small red, round tomatoes behind the celery.",6.586732473113906e-157,0.2272727237603306,0.8721111416816711,0.04780114722753346
737,A woman and a boy are sitting in a bed with two cats on it.,"A woman and a little boy are sitting in bed looking at two cats.  The woman has glasses on and a long sleeved striped shirt.  The boy has short dark hair and is wearing a blue tshirt with a pattern on it and a red collar.  The two cats are lying on the bed next to eachother.  The cat on the left has white, orange, and black fur.  The cat on the right is black and grey striped.  The bed spread is blue colored and has a celestial pattern of suns and moons.  The headboard is made of wood.  Next to the bed is a nightstand made of wood.  On top of the night stand is a lamp, book, and several small items.  There is also a small table to the right of the picture with items on it.  The wall appears to be white.",7.126008321346016e-05,0.3146067389218533,0.8758789300918579,0.08454545454545455
738,A green building with a sign on it.,A black train with a red bumper is either pulling into or out of the station. A large amount of smoke is coming from the engine and obscured the rest of the train. Beside the engine is a small green building with windows on the side beside the train. There is a set of stairs leading to the door on the green building. The railings beside the stairs have been painted white. To the right of the green building is a brick building. The background are bare trees. The sky is a white color.,1.2600962940960313e-82,0.1935483848491155,0.8538864254951477,0.04992844132188394
739,A round cake is on a white plate. The cake is covered in brown powder.,This is a photo of a dessert. The dessert is a cake that is brow and white and is sliced into triangles. The brown slices are chocolate and are powdered. The white slices are sugar powdered. The cake is on a white plate. The table under the plate is white and plain as well. There are speckles of brown powder on the cake on the edge of the plate.,0.013002630232712092,0.39130434377126655,0.884424090385437,0.10798378294090129
740,"A desk with a laptop, a monitor, a keyboard, a mouse, a lamp, a potted plant, a magazine, and a book.",A laptop and a desktop monitor are on a desk.  Both the laptop and monitor are powered on.  The room is dark except for a lone desk lamp emitting a small yellow light.  A black keyboard is on the white desk .  the desk lamp is behind a magazine which has a black mouse on top of it.  The walls in the room are plain and light colored.,6.087347698437258e-156,0.15094339233891074,0.8680417537689209,0.07898894154818326
741,A man in a gray suit and blue shirt is sitting in a chair with his hands resting on the back of the chair. He is wearing glasses and has a ring on his finger.,"The image is a portrait of a man. The man is wearing a gray suit jacket. The shirt is blue. He is wearing a patterned necktie. The man has grey and brown hair. He is smiling at the camera. The man is wearing eyeglasses. On his finger, there are two rings. The man is standing behind a blue leather chair. The background is gray.",1.3876981506589928e-78,0.4374999951757813,0.894960880279541,0.2354788069073783
742,A man surfing in the ocean.,"The water is blue, but there a a lot of seaweed floating in the background. There is a dog, or what seems to be a dog, swimming in the water toward the wave. The wave has white suds spraying into the air. There is is surfer surfing the wave. The surfer is wearing a black wet suit. He standing with is knees slightly bent and his arms extended out.",2.309830734342843e-159,0.11320754516197937,0.8646991848945618,0.03189792663476874
743,Giraffe and lion in the desert.,Two giraffes are standing on a very dirt covered area. There are small white rocks scattered across the dirt terrain. There are many trees off in the distance and the sky is grey. One giraffe is looking at an animal that is next to a bare gray tree. Both giraffes have brown spots and long necks. The trees in the distance are brown and green.,4.498935950353873e-159,0.11320754516197937,0.8530299067497253,0.05340524534686971
744,"A plate of food that includes a hot dog, fries, and a salad.",A plate of food is on the table. The plate is white and round. The light is reflecting off of the plate. The plate has food on it. There is a sandwich and there are french fries to the right of the sandwich. The sandwich has cheese on it. The sandwich is also a hot dog. The french fries have salt on them. To the right of the plate that is a small container of catch-up. The ketchup is red.,0.0014703369050343752,0.3076923041420118,0.8747997879981995,0.07966584137570952
745,A baseball player is swinging his bat. He is wearing a blue uniform with the number 5 on the back. He is standing on the base.,"A baseball player is holding a brown bat in his hands. He is wearing a blue and white uniform and a blue helmet. A white base is sitting on the ground in front of him. The field has green grass, brown dirt, and white painted lines on it. Three people can be seen sitting in a dug out watching the man play baseball.",0.06517450532684764,0.36923076497041424,0.9048548340797424,0.21571107363687464
746,Giraffe standing in a zoo enclosure looking at a mural of people and animals.,A small giraffe is looking to the right inside of a pen.  The pen appears to have an Egyptian theme.  There are two egyptian statues sitting on top of a stone seat.  The bottom of the stone seat has hand painted pictures of people and animals.  The seat is grey. To the right of the statues are egyptian style pictures on the wall.  To the left of the statues is an out crop of grey rocks.  The giraffe is brown and white with spots.  The ground is covered in dirt with small sections of green grass peeking through.  To the right of the giraffe is a tree.  The pen is surrounded by a black fence.  The fence has poles and three wires between each post.,7.617529745117768e-05,0.17283950347812838,0.843774676322937,0.03950834064969271
747,Two storefronts with green awnings and a sign that says bertucci's.,"This image is of a two store commercial building site.On the top,there are two stores that have green awning above them,the left one is Fleet and there it houses a green atm machine.The building on the left is The Java Stop,you can see that it has several beverages in the inside and the glass is covered with white letter.On the outside there are several railings The bottom is similar but both spaces are Bertucci's and on the outside of the rails is snow and bushes with snow on top of them.",1.0384780715316064e-234,0.11428571163673476,0.8555591702461243,0.042168674698795185
748,A man is walking through a bike shop.,"A man in a brown shirt, blue jeans and white sneakers is walking on the hardwood floor of a bicycle shop. Behind him on the walls are bicycle tires on a rack and three bicycles on their kickstands on the ground. In front of him are closed cardboard boxes and sporting shirts on hangers. A fitting room is directly ahead of him.",1.1883182516943989e-157,0.23529411500192232,0.8774024248123169,0.05300353356890459
749,A group of people are sitting at a long table in a restaurant.,"A group of people are sitting at a long table inside of a restaurant. The table is covered with a red tablecloth. There are white plates, coffee mugs, cutlery and other items on the table. Three long blue poles are standing near the table in the room. The door of the building is white. There are windows on the side of the building.",0.017655836697977,0.4615384579881657,0.9105024933815002,0.15624362375025502
750,Beach scene with many people on it.,The beach is full of many people. A lot of the people are laying down enjoying the sun. Even more people are walking and swimming in the blue ocean water. The sky is crystal clear blue and free from any clouds. You can't see the sun but you can tell it is a sunny beautiful weather kind of day. Besides the sand you can see a green grassy area with trees.,1.5769637900795643e-235,0.13559321824763004,0.8484256863594055,0.030959752321981424
751,A man is pulling a horse in a wagon in front of a gas station. The man is wearing a hat and the horse is wearing a harness. The gas station has a blue sign with a white cross on it. There is a black car parked next to the gas station. There are trees and houses in the background.,The sky is overcast and grey. There is a horse standing out amongst the cars. There's a green car to the right of the horse. The horse is pulling a black cart. A man is leaning over the cart. The horses standing still. The horse is a white cream color. The horses standing in front of a short tan building. The building has a green roof.,0.106546614226158,0.47999999500800006,0.8868346810340881,0.25920692958087105
752,A slice of carrot cake sits on a square white plate with a fork next to it.,On top of a dark brown wood table sits a small plate with a dessert.  The plate is square shaped and white.  The edges come up and the center is lower than the sides.  On top of the plate is a small piece of cake.  The cake has a small orange decoration on top of it and a white frosting.  The cake is brown colored with darker brown at the top and the bottom of the cake.  A silver fork is resting upwards on the left bottom side of the white plate.  There is light focused on the back of the table and is shining onto the plate.  There are crumbs of the cake stuck to the white frosting.,8.553571945478527e-81,0.27777777432098766,0.8641791343688965,0.05974264705882353
753,A Delta Air Lines 757-200 jetliner just taking off from the runway.,An airplane starts to fly away. The plane is mostly white. The tail is blue and red. There is writing on the side. There are wheels on the bottom. There is fencing on the side. There are buildings in the distance. There are many trees around the buildings. There are poles in the distance. The sky is blue. there are no clouds.,1.5175837612543331e-233,0.042553187686736424,0.8232429623603821,0.008771929824561403
754,Two giraffes are walking in a grassy field.,"While one giraffe is seen making it's way through the trees and bushes, the two giraffes in the forefront prefer to stay in the grass covered clearing.  The temperatures look to be quite high from the look of the haze that hangs in the sky and forms a veil over the distant hills. These giraffes have spots of chestnut brown with ragged edges, while their unsides are predominately white.",7.477482411002055e-235,0.12698412476694382,0.8721035122871399,0.0397456279809221
755,A tennis player is about to hit a ball on a Gerflor court.,"This was captured at tennis match.Only one side of the court is visible and on it is a male player with a blue head and wristband, a blue shirt,black shorts,a white bandage on his knee,white socks,and black and white shoes.In his hand,he is holding a black and yellow tennis racket.He is also standing on top of green court with the word Gerfor painted on it in white.Behind him is a man sitting on top of something sponsored by Adidas  with a wall next to him from other companies.The wall separates the crowd of people who range from young women,young males, and adult males who are waiting for the other person to serve.",7.690905576954536e-235,0.15730336845347812,0.8292067646980286,0.039177277179236046
756,A small white poodle dog is lying in a tan dog bed. The dog is looking at the camera with a sad expression.,In the picture there is a small dog. The small dog is off white in color. The dog is looking straight at the camera. The dog has a fluffy coat of hair. The dog looks happy in the picture. The dog is laying on a dog bed. The dog bed is tan and brown in color. The background in the picture is black. The dog has a small fuzzy tail.,0.033018376701519685,0.41509433502314,0.9132168292999268,0.13016845329249618
757,A white and red train is on a track.,A train in on a set of tracks. The train is white with a red nose. There is 2 reds stripes on the side of the truck. There are 3 letters in capital cursive near the front of the train. There are several utility lines above the train. The trains front is in the shape of a bullet.  There is multicolored gravel om the train tracks. The day is cloudy and overcast.,9.339157808071473e-158,0.23529411474048442,0.8664901256561279,0.06088280060882801
758,A black and white cat is sitting on a bed with a book in front of it.,A black and white cat reclines on a bed.  The cat's eyes are gold.  The left ear of the cat is turned back.  The cat's right back leg is up.  The cat's whiskers are white.  The cat is resting on a light grey comforter.  Behind the cat is a person reading a book in bed.  Only one hand of the person can be seen.  The headboard of the bed is a light red colored wood.,0.01145837935849247,0.3999999960888889,0.8806414008140564,0.1451072271436878
759,"A plate of food that includes arugula, a lemon wedge, and a slice of lemon. The food is on a white plate and there is a fork on the plate. There is a cup of coffee next to the plate. There is a pizza in the background.",A round plate with food is sitting on a wooden surface. A square piece of flat bread is on the plate. On top of the bread is an orange sauce. A pile of greens are on top of the bread. A fork is sitting face down on the plate. Next to the plate is 2 pieces of sliced lemon. There are several seeds in the lemons pieces. There is a coffee cup of next to the plate and the lemons. The cup is filled with a brown beverage.,1.71798777924894e-78,0.4324324277976625,0.8921699523925781,0.28456169341393067
760,A street sign that says Chrysolite Ave.,A blue sky is filled with white clouds. There is a street pole taking up most of the image. On the top of it is a green rectangular street sign with Naples written on it in white writing. Below that street sign is another green street sign with Chrysolite Ave written on it in white. Below that sign is the top of a red Stop sign outlined in white.,1.2473666427398358e-158,0.22727272459710743,0.858198881149292,0.03980891719745223
761,Man paragliding over the ocean.,A boy is holding on the the handle of a kite while strapped to a wake board. The boy is in mid air. His legs are bent. The wake board is teal blue. The boy is in the air over a large body of water. The water is dark blue. There is water spray coming from the boy and the board.The handle the boy is holding is brown with 3 lines connected to it.,1.471497305289817e-237,0.08695651980151234,0.8462648391723633,0.014903129657228018
762,A few seagulls are perched on a dock near a marina.,A large boat is docked next to a pier. The boat is white. There is a blue cover over part of the boat. There is a blue line attached to the pole. There are several birds sitting on different parts of the pier. The birds are gray and white. Th posts on the pier are discolored. There are other boats at the dock.,1.3239579551091822e-233,0.2127659540968765,0.8616494536399841,0.05190311418685121
763,Sailboat with white sails is sailing in calm sea with lighthouse in the distance.,The boat is on the ocean. The boat is a sailboat. The sale is being pushed by the wind. The water and slightly calm and moving along slowly. The sky is partly cloudy but mostly bluish. There are people on the sailboat. The sailboat is the only boat on the water. There's a lighthouse in the far distance. The lighthouse is very tall. There is no lighthouse on at the Lighthouse.,5.6704731558406476e-80,0.23076922721893492,0.8627305030822754,0.05359877488514548
764,A train is traveling through a rural area.,"A one car silver, white, and red train is on a track bordered with telephone poles strung with cables. To the left of the track is a dry, plowed field edged with green and yellow grass, and to the right of the tracks are small green bushes and a trees, then a large dry field that is not plowed, and then another field which long strips of green plats growing. Behind the field with the plants sits an expanse of more trees, some dry areas, and a forested mountain range can be seen in the distance. The day is sunny and bright.",6.083871666153538e-160,0.10526315601108036,0.8457658886909485,0.02159827213822894
765,Two young boys are playing with tennis rackets in a park.,"Two small toddler boys are standing outside on a dirt and grass field. Several blow up amusement structures can be seen. One is a boucy one with a yellow front and another looks like a huge yellow and red blow up slide. One of the toddlers, who is dressed in an orange shirt and jeans, is holding a tennis racket in one hand, and a red and yellow ball in the other. Another racket lies on the ground next to him. An adult wearing white shorts and shirt stands near the toddlers, and another child and adult can be seen behind him.",1.9133690715810537e-158,0.18421052384002776,0.85948646068573,0.05726924111948332
766,Two elderly women are sitting on a bench overlooking a body of water.,"Two older women are sitting side by side on a park bench overlooking a body of water.  The woman on the right has grey hair and is wearing a white shirt, blue pants and sunglasses. The woman on the left has a sleeveless top and is wearing a straw hat. Flowers are planted in a stone structure to the left of the women  There are two boats docked in the water nearby. Across the water is a very large building and some smaller ones, as well as other boats.",0.001555997684602325,0.32352940885813153,0.8911657333374023,0.0906446218946219
767,A person holding a green umbrella in front of a blue wall with graffiti on it.,The man is walking at the sidewalk. He is carrying a big umbrella. The umbrella is green. The handle of the umbrella is brown. The man is wearing a suit. The suit jacket is black. The fence is blue. There is graffiti on the fence. The sidewalk is paved and gray. The shirt is white. The sky is white.,4.036368402386755e-156,0.26086956082230633,0.8718858361244202,0.07795043672557384
768,"Tennis player with white shirt and blue shorts is running on the court. He is holding a tennis racket in his right hand. In the background, there is a house with an orange roof and a car parked in front of it.",A man in blue shorts and a white shirt is running on a tennis court getting ready to hit a tennis ball coming at him. The sunny sky is casting shadows on the court of his body. Around him is a tall brown post fence enclosing the court. Opposite the fence is a small white house with a black car parked in front of it.,0.12611571419116932,0.4499999951125,0.9103556275367737,0.37680442990593355
769,A dog is standing on a tile floor in front of a glass bowl.,A dog is seen very closely to the camera and through a clear object. The dog is a golden brown color and is standing in what appears to be the kitchen. The floor of the room is tiled with a beige and darker beige design going diagonally across the tiles. There is a wooden cabinet located directly behind the tail of the dog.,1.229796361286963e-79,0.2857142821492347,0.8667713403701782,0.08605851979345955
770,A large white building with many windows is in the background. There are a few trees in front of the building. There is a large white fence in the foreground. There are many sheep standing in the fenced area. There are many people standing around the fenced area.,A herd of sheep stand in a field. There is a white fence around the herd of sheep. There is green grass and dirt under the sheep. There is a large crowd of people standing around the fence near the sheep. There is a large white building off in the distance in front of the sheep. There are trees in front of the large white building.,0.18355821178652076,0.6428571378826532,0.9145949482917786,0.4334286985822366
771,A skier is jumping off a snowy hill.,The clear blue sky in the background reflects off the vibrant white snow. There is a man skiing on the snow. He is wearing a yellow backpack on his back. He has a grey vest over a black long sleeve shirt with black long pants. He snow shoes are yellow and match his yellow skis. He is also wearing a helmet and goggles. The skiers shadow is cast under him on the snow.,4.220593006951339e-235,0.10909090660495874,0.8441245555877686,0.03759398496240601
772,"White bathroom with a window, toilet, sink, and bathtub.",This photo is taken inside of a bathroom. A large window is sitting above a tub. There is a gray shower rod hanging on a wall above the tub. A white toilet is sitting beside a sink in the bathroom. A silver faucet is hanging over the sink. There is a mirror hanging on a wall above the sink. Part of a light can be seen hanging over the mirror.,1.1978328183113203e-234,0.088888885688889,0.8671095371246338,0.023474178403755867
773,A large brown bear statue stands in front of a brick house covered in snow. The bear is holding a camera in its paws. The house has a white roof and black shutters.,The brown bear stands in the yard covered in snow. The bear has a camera on its neck.  The house behind the bear has snow on its roof.  The house has two large windows in the front of it.  There is a large shrub covered in snow in front of the window.  The house has glass windows around the front door.,0.09747022696694548,0.596491223108649,0.9054938554763794,0.26526741111739066
774,A baseball batter stands at the plate with his bat in his hands. He is wearing a white jersey with the word florida on it.,A baseball player is holding a bat in his hand while standing on a baseball field. He is wearing a black helmet and a gray and black uniform. A catcher dressed in red and white is squatting behind the player. People are sitting in stands watching the baseball game. A wall separates the field from the people.,0.04719301855749998,0.3999999953555556,0.8959070444107056,0.13011152416356875
775,A polar bear is lying in the grass.,"A white polar bear is sleeping on the grass. A grass stain blemished the center of his forehead. His black eyes are closed. His black snout is still. His fur has flecks of beige, brown and black in it. Beneath his is green grass with bare patches of dirt in the bald spots. A huge front paw tramps down on weeds.",8.706424809836145e-81,0.26923076662721895,0.8827232718467712,0.10277360495365113
776,"A white, two-door refrigerator with black square handles.","A white refrigerator is against a wall in a kitchen. Someone has positioned two magnets to appear as eyes on the refrigerator so the appliance appears to have a face. There are two white handles in between the magnets to appear as if they are the nose on the  refrigerator. The refrigerator has a bottom drawer for the freezer and the handle is curved upwards. The refrigerator appears to have eyes, a nose, and a smiling mouth.",2.3131479924944048e-235,0.07547169555001788,0.8576334118843079,0.014265335235378032
777,A large clock hangs from the ceiling of a large indoor market.,This picture is taken inside of a building. People are shopping at different booths and tables that are set up in the building. A man is wearing a black leather jacket and blue jean pants. A clock is hanging from a ceiling above his head. There is a tall brown and white pole standing near the clock in the room.,1.3110682954065666e-156,0.24999999684311228,0.8783236145973206,0.09638247282608696
778,A kitchen with a large island in the center. The island has a black countertop and white cabinets with silver handles. There is a sink on the right side of the island and a stove on the left side. There is a window above the sink and a door on the left side of the image. The window has a valance with a pattern of small circles.,This picture is taken inside of a kitchen. A white door is leading into the kitchen. A rug is on the floor in front of the door. The kitchen has white cabinets with black counter tops. A white sink drops inside of the kitchen. White tiles are on a wall behind the sink. A window is hanging above the sink with brown curtains on top of it.,2.4075511153216528e-78,0.4266666616888889,0.8946705460548401,0.2829485226926591
779,A busy street in Japan with cars and people.,"This image is taken outside of a busy downtown city streets.On the left,there are a bunch of buildings,street lights,birds,peoples,and red and black banners swinging from the pole.On the other side,the exact same thing is visible but there stores are different.The middle of the road has three cards and a big silver charter bus on the side of the road waiting at a red light.",2.7744912612254697e-234,0.06779660758402768,0.8471094965934753,0.02564102564102564
780,"A bench sits on a sidewalk next to a body of water. In the background, there are several boats docked and a clothesline with colorful flags hangs over the water.","A bench is sitting on a walkway near a tall pole. A motorcycle is sitting on the other side of the pole. A body of water is seen in front of the bench, pole and motorcycle. Boats are sitting on the water. Different color flags are standing near the boats. Homes can be seen sitting on the other side of the water. Green trees surround the homes.",2.1888174796892414e-155,0.35483870480749224,0.8959293961524963,0.19265862336059653
781,A flood can happen anywhere.,"A tall, rusty metal fence with bobbed wire is enclosing a lot.The lot has many small weeds growing and there is a cage inside this lot that encloses two trucks and there are some tall buildings behind this small cage. Trash is lying on the sidewalk in front of the fence. There are two manholes on the sidewalk and the sidewalk appears to be cracked. There is also a sign posted on the bobbed fence.",1.0130784467342193e-237,0.03703703535665302,0.8285340070724487,0.014705882352941178
782,A United Airlines plane is parked next to a Delta plane.,"The sky is filled with fluffy white clouds. There are airplanes parked on the tarmac. The closest airplane is white and has a blue tail with gold world. The next plane is also white, however it has a blue and red tail and a blue engine. There are also dark brown or black trucks on the tarmac. The truck have yellow stairs placed at the back of the truck.",3.533053276237269e-157,0.1454545424793389,0.845803439617157,0.06746659634317861
783,A large white airplane is parked at an airport.,"Two men can be seen standing on a tarmac under an airplane. Both of the men are wearing green reflective vests. The plane has over ten small windows on the side of it. The airplane is blue, black and white in color. There is a large propeller on one of the wings of the plane. The sky above the tarmac is blue with numerous white clouds in them.",1.08903036477212e-157,0.1403508745337027,0.8628190159797668,0.07722895921653686
784,Man surfing on a surfboard in a river.,"A man with dark hair and wearing a black wet suit is standing on a yellow surfboard edged with lime green. He is riding on a large wave with a with lots of white foamy water filling the back of the wave. He is standing very close to the edge of the surfboard, and is tilting. The ocean water is a pale green color with lots of small white cresting waves surrounding the surfer.",2.014701598833569e-158,0.11320754487718053,0.8519954681396484,0.037091988130563795
785,"The interior of a kitchen with a large window, a table with pots on it, and a chair.",The room is dimly lit. The door is closed. There are two windows by the door. The windows are on the left side of the door. The door is white. The door has a chain on it. The chain is black. There are two lights on in the room. There is light coming through the windows. The floor by the door is made of square tiles. The square tiles are two different colors.,5.891071288160888e-233,0.16666666253472232,0.85509192943573,0.02962962962962963
786,Two giraffes stand in a tall grass field.,The are two giraffes in the forest. One giraffe is smaller than the other. The giraffes have horns. Their ears are pointy and white. They have brown spots. Their necks are long. Their legs are long. The end of their tail is black. Behind them are trees and bushes. On the ground is grass. The grass are dry. The face of the giraffes are brown.,1.1472761276117146e-234,0.12499999722222227,0.8669248819351196,0.03372681281618887
787,Two giraffes are drinking water in the middle of a river.,There is a dirt road. Across the dirt road there is green trees that are tall and some have fallen onto the ground. In the fore forefront of the photo there are two giraffes. They are tan and brown have they both have two small horns on top of their head. They are playing in the sand. There is no vegetation on this side of the road.,4.237530327802329e-157,0.18181817861818186,0.8643462061882019,0.04885993485342019
788,A group of sheep and chickens in a courtyard.,The photo was taken outdoors in a dirt field. On the field are a group of goat. The housing structures are behind the animals. The sky is clear in the picture. There are also a few chicken on the field. The buildings are made of clay. The buildings on the right are dome shaped. The picture was taken in the day time.,2.3856110589081938e-157,0.1777777745777778,0.8734079599380493,0.07520086223789928
789,A group of elephants are standing in a grassy field. The largest elephant is standing in the middle with two smaller elephants standing on either side of it. There is a bird standing on the back of the largest elephant. There is a bird standing on the back of the elephant on the left. There is a bird standing on the back of the elephant on the right.,In the field are three elephants. The elephant in the middle is large and there are two smaller ones on the sides. The field is grassy as well being filled with small bushes. There are two small white birds in the picture. The grass is dark green. The elephants are looking to the side. The sky is clear and is gray in color. The picture was taken in the day.,1.6584610950334741e-78,0.41666666191358026,0.8816977739334106,0.20057306590257878
790,Gray bird on a rock.,"This is an outdoor image of a bird sitting on a cobblestone balcony.The bird is small,he has a long sharp pointy black beak,grey feathers,and a blue tail with white lines.Next to he bird is beige crumpled up rocks that are going down a hill.On the side of the rocks,there is a small patch of grass that appears to be about eight inches long.",8.5090101242387e-160,0.10909090743801655,0.853238582611084,0.02622377622377622
791,Clock on a hill with a church in the background.,"The sky is blue and clear. There is a building that looks like a castle. The building has three peaks at the top. There is a brown fence surrounding the building which is mounted in in a rock wall. The building on top of a hill. The hill is mostly dirt, but has some patches of grass. There is a black clock with a white face black numbers and black clock hands.",1.5986754675383574e-157,0.19230768944526633,0.8584906458854675,0.08085581306990881
792,Man is about to serve tennis ball in front of crowd.,"A crowd is sitting in red chairs at a tennis match. There is a green wall separating the crowd and the tennis player. The tennis player is wearing a white shirt with black stripe and black design as well as white shorts with a black line.He has white, black and red sneakers as well as white socks with a black logo. He is wearing white wrist bands on his wrist as he about to serve the ball. His tennis racket red and black with a white handle. He is playing on a brown, sandy ground with white lines outlining the court.",1.1334546080117376e-81,0.18181817904040404,0.8462464213371277,0.055555555555555546
793,Three men are sitting on a bench using laptops.,Three men are sitting in a room working on laptops that are on their laps. all of the men are wearing short sleeve shirts. The wall in the room is painted white. There is a black rack with shelves standing in front of the wall. Different objects are sitting on top of two of the shelves. The floor in front of the rack is brown in color.,0.0006243110420176377,0.29166666361979166,0.881935179233551,0.08351488743645606
794,A blue and white cement mixer truck is parked in a parking lot.,This is an image of a truck. The truck is for industrial work. The truck is for carrying concrete. The truck has a large white drum on the back. The truck cab is light blue. The truck has large rubber wheels. The wheels are black. The drum on the truck has concrete in it. The truck is on a cracked and damaged gray road.,1.306646829294722e-156,0.17021276195563612,0.8517226576805115,0.08142476005682409
795,"A bathroom with a toilet, a bucket, and a window.",A white porcelain toilet sits with the lid open on a concrete platform over warped linoleum. The pipes running to the toilet are exposed against the yellow walls. Above the toilet are small square cutouts showing a view of the outside. On the opposite side of the room is a black trash can filled with water with a red plastic pot floating on top of it. A smaller blue waste can is on the floor behind it.,8.91417304852665e-158,0.09677419130072845,0.8592601418495178,0.04267425320056898
796,Man surfing on a surfboard in front of a blue wave backdrop.,"A white male in blue swimming trunks is on a small surf board. His left arm is stretched out to his side. He is wearing a white band on his wrist. The background is blue and contains text. The word ""Flow"" can be made out. The surfboard appears to be resting on a column of water, jetting up from below .",1.2062410623863996e-156,0.14285713970025515,0.8503870964050293,0.07130124777183601
797,"A glass of beer, a pack of cigarettes, a car key, a cell phone, and a purse are on a table.",A woman's hand is reaching for a smart phone turned on on a white counter. She is wearing a ring on her middle finger and two silver bangle bracelets on her wrist. Next to the phone is a pack of cigarettes with the top open and two cigarettes halfway pulled out. A keyfob and two keys are laying on the pack. Beside that is a tall pilsner glass on a square coaster. The glass is half filled with foamy beer. Lastly is a floral pocketbook with a black strap on its side.,1.076668600305565e-79,0.210526312465374,0.8663550615310669,0.08690780002617458
798,A woman is holding a banana in front of her face.,The woman is holding a banana. The banana is yellow. The woman is wearing a hoodie. The hoodie is dark blue. The woman has blue eyes. The woman is wearing a cap. The cap is green. The woman is wearing a necklace. The woman's mouth is open. The bottom part of the banana is brown. The ceiling is white.,0.003305910836262768,0.270270266092038,0.873544454574585,0.06457564575645756
799,"A black steam locomotive is pulling a train of cars through a city. The train is in the foreground and is moving from left to right. The locomotive is black and has a red stripe along the side. The train is pulling a number of cars, including a passenger car and a baggage car. The train is moving through a city, and there are people standing on the platform. The people are watching the train pass by. The train is moving through a city, and there are buildings in the background. The buildings are made of brick and are of different heights. The sky is cloudy.","This picture is taken outside on a cloudy day. Men, women and children are standing on a platform of a train station. A little boy is wearing a green shirt and blue jean pants. A long black train is sitting on a track near the platform. White smoke is coming out of the front of the train. Electrical lines can be seen running across the air above the train.",4.681708435609147e-155,0.26262625763085407,0.8662776350975037,0.24007721157152684
800,Small bathroom with pink walls and white fixtures.,"This image is of a bathroom. There is a white toilet and sink which are situated next to each other on one wall. There is a window above the toilet which has a board over it. There is a mirror over the sink with an arched shaped to it. An empty toilet roll holder is hanging on the wall to the left of the toilet. There is a dirty rag laid flat under the sink which looks as though it has been placed to catch drips from under the sink. The bathroom door is visible and ajar, it has a brass colored door knob. The flooring is tile, mostly beige but with some accent colors included, and the walls are papered with an orange floral patterned paper.",5.6149760682637116e-238,0.09756097384889949,0.8443102240562439,0.021720243266724587
801,A group of cyclists are racing down the street.,A cycling race with seven riders leaning to their right as they cross a street. They are a mixture of men and women and all are wearing cycling shorts and shirts which are covered in advertisements. One shirt clearly shows the word Mexico on the shoulders. They are all wearing cycling helmets and protective glasses. Six of the seven helmets are predominantly white but there is one bright yellow one visible. Behind the racers on the street is a white car with it's headlights on. The leaders of the race are wearing the same style of shirt.,8.917749382644885e-236,0.14285714061632654,0.8606995344161987,0.034013605442176874
802,"A plate of food with rice, broccoli, and carrots.","This is an image of a lunch. The lunch is rice, meat and vegetables. The vegetables are various. The vegetables are green. There is broccoli on the plate. The rice is in a clump. The rice is white. The meat is cooked well done. The meat is pink and dark brown. There are carrot slices on the plate. The slices are orange.",3.834564620036683e-234,0.1904761871088436,0.870491087436676,0.03527336860670194
803,A large white and black yacht is being towed by a small red speed boat. In the background is a large white cruise ship and a large brown building with a green roof.,Cruise ships are at a port.  The boats are docked by a pier and anchored down.  A small red boat with an umbrella is in the ocean in the foreground.  The cruise ships are large and a pier is surrounded by a metal fence.  Buildings can be seen in the background and have pointed roofs.  The sky is blue and no clouds can be seen.,2.849373764767713e-155,0.32352940711505196,0.8818606734275818,0.21397016195906632
804,A vase of yellow tulips sits on a red and blue striped tablecloth.,There is a vase on the table. The vase is tan and black. There's a rock to the left side of the face. There are flowers in the vase. The flowers are bright yellow. The flowers have leaves on them. The leaves are thick and green and healthy. The table that the flowers are on has a tablecloth on it. The tablecloth is red white and blue. The tablecloth is red with white lines and a big blue line on it. There are chairs at the table. There are two chairs all together. To the right of the table are two windows. The wall under the windows is green.,9.687222679967999e-235,0.2857142824389015,0.8614262938499451,0.04024144869215292
805,A man is sitting at a restaurant table and waving at someone.,"A man is sitting at a table in a restaurant. He is wearing a long sleeve brown shirt. The man is looking a gray cellphone that he is holding in his hand. There are clear glasses and white plates on the table, along with a red and white checkered tablecloth. Different picture frames are on walls across from the man. Christmas lights surround some of the frames.",0.004582366525923941,0.26229507901101856,0.8783959746360779,0.06504065040650406
806,A woman holds a large pizza with red peppers and mushrooms on top.,A woman is holding a tray. The tray is made of wood. On the tray is pizza. There are chopped tomatoes on top of the pizza. The woman is looking on the pizza. The woman is wearing a knitted blue jacket. The pizza has mushroom on it. The cheese is melted on the pizza. Behind the woman is a stove. The stove is white.,1.2484262950063107e-156,0.26666666255802474,0.8895442485809326,0.059422750424448216
807,A bathroom sink and toilet are in a state of disrepair. The sink is mounted on a blue panel and has two faucets. The toilet is old and dirty. The walls are white and the floor is covered in debris.,"An old, dirty and rusted white toilet is attached to a wall.  The toilet has red, orange and grey stains inside the bowl.  The seat is covered in grey dirt and the exterior of the toilet has white lumpy drippings on it.  Above the toilet is a white sink bowl with a blue backdrop , two water handles and a faucet.  The wall the toilet and sink are attached to is white with dark marks on it including dirt smudges at the base of the wall.  The floor is a dirt floor.",7.909366200703804e-79,0.41558441095631643,0.8878344297409058,0.21964285714285708
808,Skateboarder in mid air above a ramp.,"A man is in an indoor skateboard and is performing a trick in the air at the top of a ramp. He is doing some variable flip with his board and he is wearing a light blue slate colored shirt, a hat, and some khaki pants with black and white shoes. There are a lot of painted murals and design displays on the wall of the park.",1.569823262249209e-158,0.14545454323305787,0.8654256463050842,0.040983606557377046
809,"The front of a building with a clock tower and the words ""Central Park"" on it.",Building has multiple floors. There is a clock tower at the very top. The building is tan and off white with red letter in the front. On the top level there is metal fence that lines the roof. The window is just below the top level and is next to a large half circle display window above the bottom floor. There is glass awning covering the ground floor although the whole ground floor is not visible in the photo.,6.442210217378283e-80,0.2058823495025952,0.853001594543457,0.08741403026134802
810,A man is working on a motorcycle while another man looks on.,The man standing is looking down. There is someone squatting down next to a motorcycle. The man standing has gray hair. The man is standing by a parked car. The car is white. The mirror on the car is black. There are a bunch of trees in the background. The motorcycle has a big beige bag on yhe back of it.,1.1606396717173963e-156,0.21739130094517964,0.859211266040802,0.07130124777183601
811,"A giraffe stands in the middle of an asphalt road. The giraffe is tall and slender, with a long neck and a spotted coat. It is standing with its front legs slightly bent and its back legs straight. The giraffe is looking to the left, as if it is watching something. Behind the giraffe, there is an elephant walking on the right side of the road. The elephant is large and gray, with a long trunk and large ears. It is walking slowly and deliberately. In the background, there are several other animals, including a few elephants and a few other large animals. The animals are all grazing on the grass and bushes. The road is wide and straight, and it is surrounded by trees and bushes. The sky is clear and blue, and the sun is shining brightly.","This is an outdoor image taken in a wild area that is full of wild life.In the middle there is paved road and on the side there are trees and dead grass on the side.In the middle of the road,there is a large giraffe walking west and behind him,there are three elephants walking across the road.The first on is on the side in the grass,the second is in the road and the third one is on the right in the grass also walking west.",1.7437657930918488e-78,0.3606557330489116,0.8657251000404358,0.3411486033519553
812,A woman riding a bike in front of a blue tank truck.,"This is an outdoor image taken of a city street.In the middle of the street,there is a large truck on the side that has a picture of a island on the back with water and a palm tree.To the left of the truck,there is female dressed in all black riding a bicycle and she has a long blond braid going down her back.On the side of the street,there are benches,trees,and people sitting down and walking down the sidewalk.There are also large antique like buildings with several stories.",1.510734757025672e-157,0.08571428306530622,0.8463273644447327,0.06032601719933256
813,A skier with the number 16 on their body is in a race.,"A crowd of people is sitting in a stand watch a man in red and white ski with two ski poles in his hand.  The man has on a hat and the number sixteen in the middle of his shirt, there is also some writing on his shirt.  There is some writing on the wall by the people in the stands.  There is a pole in the middle of the people.",9.745396806769304e-157,0.26923076548076924,0.8563674688339233,0.08956297811103536
814,A broken phone is on the ground.,There is a broken phone on the ground. There are three pieces that are big and the phone has many buttons on it. The color of the phone is white and silver. The ground next to the phone is very dark. There are many tiny things on the street. It looks like an older kind of phone. The phone at the bottom of the frame is on its front. The buttons on the phone are dark and light.,2.955117201958281e-82,0.2448979567346939,0.8905332088470459,0.08074033562649319
815,A person is using a knife to stab a laptop.,This is an image of a laptop. The laptop is being cut by knives. The knives have black handles. The knives have silver blades. The laptop is black at the bottom. There are inputs on the back of the laptop. The inputs are different various types. There are two hands holding knives. The one wrist has a silver watch one it.,4.1756561458228944e-157,0.13333333013333343,0.8634353280067444,0.03577817531305904
816,A storefront window is full of stuffed animals and the sign on the window says The Bear Shop.,This is a toy shop. The shop has lots of stuffed animals. The stuffed animals are bears. There are many teddy bears in the window display. The bears are various different colors. The window is framed white. The letters on the window are red with a white and blue border on them. The bear in the front of the window has a red scarf on it.,2.762789581015478e-79,0.3396226372944109,0.8880426287651062,0.13717987194877948
817,Man wearing a straw hat is playing guitar in front of a brick fireplace.,A man is sitting with his guitar. His left hand is holding the guitar neck. The man is wearing a straw hat. The man's head is down. You cannot see the man's face. There's a bottle on the table in front of the man. The guitar is made of wood. The guitar is a light brown color. There is a television behind the man. The television is not on. The television is gray color. The man is sitting on the side of a fireplace. The fireplace is made of thin brick.,2.3088902982434208e-80,0.37288135249640914,0.8676785230636597,0.08244620162114433
818,"A bedroom with a bed, chairs, and a mirror.",This is a picture of a bedroom. The bedroom is very tidy. The bedroom is decorated fancy. There are many different pictures that are framed on the wall. The pictures have black and gold frames. The bed has a white comforter on it. The bed has a white pillow on it. The headboards and bed frame are dark brown.,5.750631942414632e-234,0.13636363338842983,0.869701623916626,0.046296296296296294
819,A man kisses another man on the lips. The man on the right is wearing a veil and a pearl necklace.,There are two people kissing in the photograph. One of the men is dressed as a groom the other as a bride. The one dressed like a bride has a veil on his head and is wearing a pink dress. He has whit pearls around his neck and has a blue ring on. The woman has a grey hat on and white sunglasses. They are standing against a white wall with the sun shining down on them.,2.1520147891393385e-79,0.20895522024504354,0.8648363351821899,0.11758274738466813
820,"A hotel room with a bed, desk, and lamp.",This is a hotel room. There is a patterned comforter on the bed. The comforter is tan and gray. The headboard on the bed is wooden. The headboard is brown. The wall in the room is a dark tan color. There is a small lamp by the bed. The lamp has a white lampshade on it. There is a rolling office chair by a desk with a yellow lamp on it.,7.803243545248185e-158,0.2727272694731405,0.874695897102356,0.06580075445816186
821,Giraffe eating grass in a zoo.,This picture is of a giraffe. The giraffe is eating some grass. The giraffe has it's mouth full. The giraffe is spotted brown and tan. The giraffes eye is closed. The eye is lined in black. There are brown and tan horns on the giraffe. There is a piece of wood in front of the giraffe. The wood piece is light brown.,1.354676697091054e-235,0.20512820252465486,0.8641229867935181,0.035460992907801414
822,"A row of urinals and toilets in a public restroom. The urinals are all the same, with a long, vertical design. The toilets are all the same, with a white porcelain bowl and a white seat. The restroom is tiled with a black and white tile pattern. There is a window in the background of the image, which is covered with a curtain.",The picture was taken inside. The picture was taken in a bathroom. There are lights lined along the ceiling. The floor in the bathroom is tiled. There are urinals on the wall on the right side. The urinals are white in color. The stalls are on the left of the bathroom. There are windows in the bathroom.,1.7026728722976892e-78,0.3437499950439453,0.8849024772644043,0.19837239583333335
823,Two black cats are lying on a desk. The cat on the left is smaller and has white paws. The cat on the right is larger and has yellow eyes. There is a red notebook on the desk.,"Two black cats lay on a desk; on is reading its grass on the other cat's hind quarters. One the desk area several items: a red notebook, a vup filled with pens, done papers, a basket with Witeout in it, a teddy bear, and a box of envelopes. There is also an LCD computer monitor, as well as a keyboard drawer. The keyboard drawer is slightly open, showing the bottom of a purple mousepad.",1.0178486706484259e-78,0.27160493400396285,0.8692102432250977,0.16589506172839508
824,An elephant standing next to a tree with its trunk wrapped around the tree.,The elephant is in the wild. He has a long trunks. The trunks are brown with touch of white. The elephant's ears are wide and has spots. The elephants body is wrinkled and brown. Behind him are long brown trees. The ground is covered with green and brown grass. The sky is blue with touch of white/gray puffy clouds.,5.352353185739747e-233,0.15999999615200008,0.8539690375328064,0.045871559633027525
825,Two men are sitting at a table outside.,"Two men are sitting at a table outdoors. The man on the right is wearing a plaid shirt and a visor. He has his arms out and palms turned up. The man on the left is wearing a t-shirt that says ""BRONX."" Empty glasses and three bottles are on the table. There is also a cruet of oil. A brick structure, perhaps an oven, is to the left rear of the man on the left.",0.00019387696615985522,0.24137930796670634,0.8773019909858704,0.08381390623599366
826,A street with a no parking sign and a no left turn sign.,This is an image of a street. The street signs are on a white pole. The pole is metal. The top sign is blue and white with a red slash in the middle of it. The bottom sign is white and black with a red circle and red slash in the middle. The top sign has a white border. The street is concrete with rail road tracks embedded in it.,8.235967267292562e-157,0.22222221876543213,0.8442981839179993,0.05443234836702955
827,A tennis player wearing a yellow shirt and a yellow headband is standing on a tennis court. He is holding a tennis racket in his right hand. He is looking down at the ground. The background is a tennis court with many people sitting in the stands.,This picture was taken at a tennis match. The man is wearing a yellow head band and a yellow shirt. The man is holding a black tennis racket. The crowd is behind the man on the court. The man is looking towards to the left. The man is wearing two sleeves on their arms with yellow checks. There is a white logo on the left of the picture.,2.231856860644405e-78,0.42253520631620717,0.9006053805351257,0.22392935424043164
828,Kitchen with white refrigerator and black chairs.,"This is an image taken in a kitchen.Directly in the middle is a wooden table with a white top.On the ends,there are two wooden chairs and on the sides,there are two computer cars.Behind the table,there is a side by side microwave with several magnets on the front,and an air freshener and bottles on the top.To the left there is a counter with average kitchen supplies including a toaster.The floor is hard wood,the walls are yellow and the drapes over the windows are black.",2.839990551290267e-236,0.12903225606139437,0.8529621362686157,0.026525198938992044
829,A do not enter sign with a white background and a red circle.,This is a traffic or warning sign. The sign says do not enter. It is red and white. The text of the sign is very bold in white lettering and is centered in the middle of a filled red circle. The circle is inside of a white square. The sign is attached to a metal pole with bolts. Behind the sign a grey sky can be seen along with trees that have orange dying leaves.,8.383411302283012e-157,0.3333333301333334,0.8682979941368103,0.1160988852585047
830,A group of people are sitting in a living room playing a video game on a television.,Four people are sitting around a television set. The two men on the right are playing guitars. The woman on the left has her hand to her mouth. Another woman has blonde hair and is facing away from the camera. A  small coffee table is in the middle. There are two glasses and a paper cup on the table. A floor lamp in the corner is casting bright light into the room.,1.2385650210912403e-79,0.3076923041420118,0.8723111152648926,0.07518796992481204
831,Two men are playing wii in a living room.,Two men are standing in a living room holding white game controllers in their hands. A white covered sofa is sitting in front of a window in the living room. There are three pillow sitting on the couch. The walls in the room are painted white. Part of a chandelier is hanging in the room. A brown cabinet can be seen sitting against a wall near the sofa.,1.060379639416745e-80,0.2745098010149942,0.8691766858100891,0.07722895921653686
832,Zebra standing in tall green grass.,"Ann adult Zebra stands on a field facing to the left. The legs on the outside have strips and on the inside are white. The zebra is in an open field. The field is covered with grass that is tall. The zebra has stripes white and black, and the tail of the zebra is long and have a turf on the end. On back the field there are green with green leaves.",2.558653778130701e-236,0.16326530397334446,0.8645779490470886,0.03058103975535168
833,Large room with wood floors and a dining table in the center. There are two black chairs and a green chair. There is a lamp on the table. There is a desk with a computer on it. There is a mirror and a book case.,"This picture is taken inside of a home. A black chair is sitting in front of a desk. There is a laptop sitting on the desk, along with other papers. Part of a wooden table can be seen behind the desk. Two chairs are sitting near the table. There is a white lamp sitting on top of the table near bottles and a book. The walls of the room are painted yellow with white trim. The floor of the room is hardwood.",0.06454402168143206,0.36363635900826446,0.8920508027076721,0.203689277042018
834,A bird is perched on the keyboard of a computer.,A desktop computer is on a desk with the monitor turned on. On the keyboard is a grey bird with a green head and orange cheeks. To the right of the desk is a tray with a blue mouse pad and a white mouse on it. Next to the desk is a grey upholstered chair. To the left of the desk is a blue drapery. In front of the bird are a yellow and blue stuffed bear.,1.0025615770169467e-157,0.3137254870434449,0.8585103154182434,0.05689900426742532
835,A man is sitting in a chair with a laptop on his lap. He is using a stand to prop up the laptop.,"A Man sitting in a chair working on his laptop. The chair he is sitting in has a red towel drapped over the back and wooden arms. The man has short dark hair, and glasses. He is casually dressed in a sweatshirt, with a yellowish t-shirt underneath and shorts. He is using a plug in keyboard with his lap top, the key board is on a make shift lap table, made from two grey boxes. This allows him to put his keyboard and mouse on his lap. The laptop is on the table in front of him, propped up on a few books so that he can see it. Also on the table are a few other items.",0.005304874932346754,0.3404255286894523,0.8775907754898071,0.1265948128118216
836,The interior of a bus is shown with a yellow sign on the seat of a passenger.,"Passengers are seated in a mass transit bus traveling down the street.  The driver is seated on the left hand side in an enclosure.  He is visible through the reflection from a rear view mirror.  The farebox is next to the enclosure.  A television monitor is behind the driver, and is turned on.  A woman sits on a seat mounted atop the wheel well.  She has placed a white plastic bag on the floor. A passenger seated behind her is resting his or her foot on the well.  The bus has blue vertical poles for standing passengers to use.  Some bus straps are also suspended from the ceiling for passenger use. It is daytime.",2.11620334627373e-157,0.16091953752939625,0.8493376970291138,0.04314477468839884
837,A pizza on a metal pan.,A metal pan has pizza slices on it. The pan is round. There are other pizza pans next to it. The pans are on the table. There are napkins on the table. There is hot sauce on the one pizza. There is a lot of cheese on the pizza. There is a knife on the table. There are other slices of pizza on the other pans. The pizza slices are triangular. The table is made of wood.,6.918039444887756e-160,0.21621621349890432,0.8692886829376221,0.0357653791130186
838,Man surfing on surfboard in ocean.,"A guy with short, dark hair is wearing a blue wet suit and black shoes is surfing on a white surf board in a large body of water. The waves behind his surfboard are large, white and foamy. The body of water appears to be dirty and a reflection of the guy and the surfboard is in the water just near the surfboard. The sun is shining brightly into the body of water.",1.2743396184536243e-159,0.15686274302191466,0.8599725365638733,0.047605580693815985
839,A cow is standing in a pen with a blue collar. The cow is white and brown. There are people standing behind the fence.,There is a white and brown cow in a cage. The bars next to the cow are blue in color. The girl next to the cow is wearing the color purple. The girl appears to be smiling. The bottom half of the cow is not visible. Only the top half of the animal is visible to the people. The roof of the structure is blue and there are bars above the ground to support the structure.,9.644130436638044e-156,0.4482758575505351,0.8919736742973328,0.13288422492937854
840,Four skateboarders are on a ramp while a man in a blue shirt and jeans looks on.,"A boy is skating down a ramp. The picture has a progression of him starting from the top, then in the middle, then on the bottom. The boy is wearing a white helmet, gray t-shirt and blue jeans. He is slightly heavyset. His shoes are white. Next to the boy on the ramp is a boy on roller blades and he is wearing a blue graphic shirt with blue jeans. his hair is orange.",2.2848944281197069e-156,0.2622950784305294,0.8666243553161621,0.07320644216691069
841,Elephants in water.,This is an image of some animals. The animals are elephants. The elephants are very large. The elephants are dark brown. The elephants are in water. The water is shallow and murky brown. There is a long bamboo pole by the elephants. The shore by the elephants is sand. The sand is tan color. The elephants are drinking water.,8.862608665599507e-163,0.11764705721453288,0.8383139371871948,0.028089887640449437
842,A man is reading a book while sitting in a beach chair.,"A man is sitting in a white chair on the beach. The chair is in the sand.  He is wearing a black shirt and dark colored shorts. He is reading. His arm is resting around the top of his head. He has a wedding ring on. Beside the man is a black and white umbrella. To the right of the umbrella is a boy wearing green. He looks like he is playing in the sand. Behind him is another umbrella which is red and white. In front of the boy is the water. In the distance is a building, and beyond that are hills. Also on the beach are gray stones and other white chairs. Behind the chairs are two poles.",6.507228761148227e-82,0.21333333083022224,0.8718457221984863,0.03633060853769301
843,Skier with number 41 on back leaves snowy scene with other skiers.,There are people in the snow in the picture. The trees in the background have a little snow on them. Some people are sitting in the snow. The snow is covering the entire ground. Most of the people have goggles on. Two people are walking together on the snow. The person on the right is carrying ski sticks.,2.1179587533154303e-233,0.046511624099513565,0.8491368293762207,0.018726591760299626
844,A woman is sitting on a bench with her luggage.,The woman is sitting on a bench. She is carrying a bag. The suitcase is black. The bags are black. The woman is wearing a scarf. The scarf is pink. The jacket is black. An old man is looking at the camera. The man's jacket is yellow. The woman's shoes are black. The woman is wearing eyeglasses. Her pants are gray. Her hair is curly.,0.0016053436959104497,0.2666666632098766,0.8819774985313416,0.08060367003944435
845,A street sign for the cable car lines is in the foreground on the left. In the background is a large yellow building with many windows and a grey building with many windows. There is a silver car parked on the street and a person walking on the sidewalk.,There is a big brown and beige building near the street.  It has many windows  all around it.  It has a traffic sign  on the corner near the building. There is street sign on the front of the building.  There is a small car near the building. There is a gray car behind the    maroon car.  The person walks  across the street  near the building. There is a large black sign near the  building.,1.8881329187582562e-78,0.39999999502958583,0.8756061792373657,0.249013209013209
846,A cell with a toilet and a sink behind bars.,"A small cell with iron gates is painted a light green on the bottom of its cement walls, and white on top. A lidless white toilet sits against the back wall, and a rusted small white sink is next to the toilet. On the back wall are two empty white shelves, and two metal shelves that fold up are attached to the left wall. The floor is tiled, and the walls and floor are dirty.",1.4562215430831953e-157,0.24137930772294885,0.8631940484046936,0.0852482652969271
847,A man is blowing out the frosting on a cake.,Three men are standing in a room. One man is leaning over a table in front of a small cake. He is wearing a short sleeve shirt and green pants. The table is white and has brown and gray chairs sitting around it. There is are white coffee mugs and bottles that are also on the table near the man. A gray door can be seen near a wall with a gray door handle on it.,1.0716242129963595e-157,0.22950819398011293,0.833245038986206,0.050432276657060515
848,"Three people are riding horses down a dirt road. The horses are walking next to each other. The people are wearing blue jackets. There is a dog walking in front of the horses. There are trees on both sides of the road. The trees are green, yellow, and orange. The ground is covered with dirt and grass. The people are riding in a forest.","This is a beautiful autumn photo of a family riding a trail on horse back. Both the horses and the human riders are uniformed in matching colors and coats, which made for a beautiful photograph. The trees are evergreens and tall, and grass is brown in preparation for winter. The air is most likely brisk but still mild.",1.520182984764465e-78,0.31707316575847716,0.8674816489219666,0.22074620799112243
849,Bathroom with blue curtain and white toilet.,A blue shower curtain is hanging inside of a white tub. A white toilet can be seen sitting near the tub against a white painted wall. A box of tissues is sitting on top of the toilet's tank. There is a vanity cabinet near the toilet with a white sink in it. A mirror can be seen hanging on a wall above the sink.,4.6062858718003585e-235,0.23255813680908602,0.8655025362968445,0.04288164665523156
850,"A close up of a fruit salad with raspberries, blueberries and orange slices.",The photo is of various fruits. The orange slices are peeled and sectioned. The raspberries are deep red and have small red portions that have fibers protruding from them. There are also small round blueberries in the photo. The fruit is mixed together as a fruit salad. The photo is a close up and does not show what the fruit is in.,1.9474438187327566e-156,0.37037036671467766,0.8893052935600281,0.10226805906899313
851,Three white umbrellas over a blue swimming pool with a person lying on a lounge chair under one of the umbrellas.,"A man is relaxing on a lounge chair in front of a swimming pool on a warm sunny day.  He is white.  He is wearing a baseball cap and swim trunks.  There are no other people sitting on the chairs, which are white.  Four large white umbrellas provide shade.  The water in the pool is calm and is blue, reflecting the sky.  The side of the pool is made up of blue tiles.",0.015260418384008568,0.23880596621964806,0.8717827796936035,0.1336597371314866
852,A woman is talking on the phone in front of a store.,"A young woman wearing a black bra mostly covered by a white tank top, and also wearing blue jeans and holding a pink cell phone to her ear is walking along a sidewalk. She is in front of a North Pacific Cellular store and another store in which numerous red shopping carts are lined up along its wall. Both stores have the same exterior of large windows and brown siding, and a white and red trim above the siding. The woman is being photographed at through the interior of a car, as the grey interior of a car window can be seen around the outside edges of the photograph.",8.611562380795955e-05,0.1999999976888889,0.864555299282074,0.06399798590130917
853,A large building with two large buildings behind it.,"The image is a transit center. There are many buses parked at the station. The roadway is brown with white lines. The cross walk has white painted stripes. There are shelters over the bus stop. There are blue poles holding the shelter roof up. The roof is dark gray. The bus is orange, white, red, and blue.",5.078207696777133e-234,0.04166666388888908,0.8433700799942017,0.019157088122605363
854,A tall clock tower with two clocks on it.,There is a tall building with a clock on each side of the top of the building.  The very top of the building is green in color and it looks like a palace on top.  The building tan and it has a couple of barrier gates at the top of the building.  The design of the building holds a arch in front and a light pole on the top of the building.,1.3564422879011533e-234,0.1818181785640496,0.8749791979789734,0.03805175038051751
855,A train is on a track in a complex area.,"There is a train in the picture. There are many train tracks. The train is blue, yellow, and white. There are many poles in this picture. The tracks are brown. There are green bushes near the tracks. In the background there is graffiti on the walls in different colors. The poles are grey and tall. The bushes are short.",5.3927604380357455e-157,0.24390243559785843,0.8645618557929993,0.05545286506469501
856,"A woman is sitting on a stone bench in a park talking on the phone. She is wearing a red sweater, black pants, and red boots. She has a black purse sitting on the bench next to her. There is a bottle of water sitting on the bench in front of her. In the background, there are two people sitting on the grass.","A woman is sitting on a stone structure with her legs stretched out in front of her. She is holding a blue cellphone to her ear. The woman is wearing sunglasses, a necklace, red sweater, a long black skirt and red boots. She has a large black purse and a plastic bottle of water at her side. Two people are sitting on the ground having a picnic. The trees are bare.",0.24595636584763547,0.5681818132747934,0.9187881946563721,0.4452054214100615
857,A man wearing a purple patterned jacket and a straw hat is taking a picture.,"This is a picture of a man. the man is taking a picture. The man has a hat on. The hat is light brown with a brown designed band. The man has a mustache. The mustache is gray. The man has glasses on. The man is wearing an unusual jacket. The jacket is purple with flower designs on it. The flowers on the shirt are orange, white and red.",0.006357285272981016,0.37499999605034723,0.882622480392456,0.11006289308176101
858,"A young girl in an orange shirt with the word ""Bears"" on it is standing on a skateboard in front of a woman who is smiling and has her hand on the girl's shoulder. The girl is wearing a pair of socks and sneakers. The woman is wearing glasses and a light-colored shirt with blue and white stripes. In the background, there is a coffee table with a lamp on it, a rocking chair, and a couch.","A young girl in a bright orange t-shirt is standing on a tiny child's skateboard while a woman in a pair of blue jeans and a patterned top kneels with one knee on the floor anf holds the girl steady, her right hand under the girls right arm and her left hand on the girls left hip. They are in a living room on a beige mat with a black border. Behind them is a small table with a telephone, calendar and writing pads. In the far distance is a wooden rocking chair. Both the people in the shot are looking up at something.",0.09187342859393663,0.35897435413543727,0.8866998553276062,0.30480875275483
859,A beach with a kite surfer and a person walking on the beach.,"A large flock of birds is flying over the beach, and the ocean on a cloudy day. A single person holding a yellow surfboard is walking out of the water and onto the sand. A large, curved blue, white, and green kite is flying over ruins on the beach. There is a tall mountain covered in grass jutting out into the sea.",9.257807833635585e-80,0.2592592560150892,0.8731304407119751,0.08756567425569177
860,A surfer is jumping over a wave.,"In a black and white photograph, a surfer in the middle of riding in on a wave is shown perpendicular to the wave. The surfer is a man and his surfboard and he are fairly high above the wave with his board upright above the water. The wave is large and cresting with a lot of white foam to the right and left side of him. The surfer is wearing a wet suit with a cap.",4.3398242351875517e-159,0.15999999759200004,0.8758882284164429,0.05383502170767004
861,A woman is parasailing in the ocean.,"Two people are enjoying their time out in the water. A woman is wakeboarding and her board is white, a peach color, yellow, and blue and is in a tie-dye like pattern. She is wearing a pink shirt that is a very bright color, and some short polka dot shorts. A man is wakeboarding far in the background more out into the water.",2.118108698270949e-81,0.19999999759200002,0.868945837020874,0.04355400696864111
862,"A blonde toddler is sitting on a blue couch, wearing a light blue shirt and gray overalls. He is holding a silver flip phone in his mouth and has a red stain on his left leg.",A young  child is sitting on a blue sofa. He is holding his left hand up to his mouth. He is holding a silver clamshell cellphone in his right hand. He is wearing a blue and white striped polo shirt and blue denim overall shorts. There is a stain on the left knee area of the shorts. The child is barefoot.,0.13471228980111832,0.5074626817019382,0.9187147617340088,0.27283653846153844
863,Man in red jumpsuit sleeping on sidewalk next to red fire hydrant.,"Outside, an old man lies down against a bare, tan wall. The man has a beard, but little hair on his head, and is dressed almost entirely in red. His shoes are black. His is resting his head with one arm. Next to him is a red metal object attached to the brick ground. There is a white bag next to the man. It is around noon, as the man cast a very short shadow.",3.4532276050457385e-157,0.11764705611159176,0.84241783618927,0.06980958322193508
864,A traffic light is on the left side of the image.,There is a traffic light in the picture. The green light is bright. THe traffic light is made of metal. The traffic light is black. There are three different lights in the traffic light. There is red on the top. There is yellow in the middle. There is green on the bottom. Green means to go. There is nothing else in the picture. There is just a traffic light.,2.390924012604236e-80,0.2790697638723635,0.8708527684211731,0.09988132911392406
865,"The rolling green hills of the countryside are dotted with lush green fields and a few trees. The rolling hills are covered in a variety of trees and shrubs, and the fields are filled with lush green grass. There are a few sheep grazing in the fields, and there are some stone walls running through the fields. The sky is blue and there are a few clouds in the sky.",Image of an outdoor farm. The farm has multiple rolling hills on it. There are white sheep and livestock walking around the field. There is a small stone wall down the middle of the farm. There are large green trees with lots of leaves on the hillside. In the distance the sky is covered with a light patch of puffy white clouds that can be seen on the horizon.,5.714046467923426e-155,0.37647058335224914,0.8956632018089294,0.34702737824507524
866,A man is doing a stunt on a motorcycle. He is wearing a helmet and a white jacket. The motorcycle is black and white. There are people watching him. There are also some BMW logos on the side of the building.,"This is a man on a motorcycle. The man is int he middle of a track. The man is doing a trick. The man is doing a wheelie. The man has a helmet on. The helmet is blue, red, and orange. There are banners on the fence. The banners are white with blue letters. The motorcycle is white and black. The wheels on the bike are black and rubber.",0.0736773174185994,0.4761904712219703,0.8999208807945251,0.28179768668747074
867,A bench with two circles in the brick wall behind it.,A wooden slatted bench sits in front of a brick and stone wall. The frame and arms of the bench are metal. The wall is mostly stone with a brick inlay that has two large openings in the center of it. There is also a brick border along the bottom of the wall. Many stones on the wall are chipped showing a dull gray underneath.,5.886993805007379e-157,0.3333333300891633,0.8781871795654297,0.08389261744966445
868,"A long freight train is traveling down a curved track. The train is carrying a load of coal. The train is surrounded by trees and bushes. In the distance, there is a blue sky.",This is an image of a train track. The train track has one train on it. There is one empty track. The track is made up of wooden planks and metal rails. The rails are light gray. The plants are dark brown. The train cars are light gray and brown. The cars are filled with coal. The coal is black. There are lots of bright green and yellow plants by the tracks.,8.20743481519227e-79,0.30303029825528016,0.8762671947479248,0.15275967560913797
869,Room with brown couch and television.,This is a picture of a living room. The room has a couch in it. The couch is a dark gray color. There are pillows on the couch. The pillows are white. There is a dog on the couch. The dog is blonde colored. The dogs eyes are black. There is a large flat screen TV in the corner. The TV is black and silver.,7.424472526003145e-236,0.09999999745000007,0.8555803298950195,0.025380710659898477
870,A man and a little girl are surfing together.,"The man is holding a little child that are stand on a surfboard. The surfboard is color white, The child is wearing a wet suit color black. There is a wave formed behind the surfboard. There are ripples in the big ocean. On back there is a man that is in the water. Behind the man there is a big wave color white.",1.7950940111330893e-157,0.1904761871088436,0.8760322332382202,0.052083333333333336
871,A flower vendor watches as a train with SRT on the side passes by.,"A orange,blue and red train is sitting on some tracks and next to the tracks is a pile of trash on the ground.Some flowerpots is sitting near the trash. People are sitting on chairs Just behind the pile of trash. A man standing near the tracks is wearing a brown uniform hat, shirt and pants and he is holding a red flag in one hand and a green flag in his other hand. There are some children standing near the tracks behind him.",4.394864550665466e-157,0.13333332975555565,0.8474135994911194,0.045992115637319315
872,This bathroom has a toilet and a sink. The shower has a curtain.,This picture is taken inside of a bathroom. A small window is hanging above a white tile wall. There is a shower near the window. Two white curtains hang on a rod that is surrounding the shower. A white toilet sits near the shower. Part of a white sink can be seen near the toilet. The floor of the bathroom has large white tiles on it.,1.2398424393927716e-156,0.2799999968,0.8899739384651184,0.07413509060955518
873,Three little girls are walking down a road in the rain.,This is a picture of a group of kids. The kids are standing under an umbrella. The umbrella is purple with a cartoon on it. The girl in the middle has a blue jacket on. The girl has dark blue jeans on. The girl has long brown hair. The girl to the right has a long purple and white jacket on. There is a large red house with green trim in the background.,2.3227229816087488e-157,0.1538461505103551,0.8492488861083984,0.06383067198935462
874,A traffic officer is directing traffic at night. He is wearing a yellow reflective vest. The car behind him is turning right.,A traffic in the middle of a city road is directing traffic while in a reflector jacket.  There are people on the corners ready to cross a street.  The car is turning right on a city street.  The traffic light is red signifying to stop.  A store sits on the corner and buildings line up the street.  Cars and buses are driving to the left of the store.,4.1921663447316117e-79,0.29508196292394523,0.8757951259613037,0.10832442578929531
875,A yellow bus with the word special on the front.,The bus is a pastel yellow with a green stripe under the window on the side and over the wheel wells. The front of the bus is unique. The driver side is sunken into the bus while the passenger sides is of normal length. There is small black display with white letter at the top of the front of the bus that says SPECIAL. Next the bus there is a red truck with red grill on the bumper. On the opposite side of the bus there is small vehicle that looks like a toy tractor. it is yellow and gray.,9.354036577410404e-159,0.1874999975830078,0.8731456995010376,0.038461538461538464
876,Two boys are playing with a green frisbee in a wooded area at night.,This picture is taken outside at nighttime. A boy can be seen in this photo. He is wearing a short sleeve shirt and pants. A green frisbee is soaring in the air towards the boy. The ground has brown dirt on it. There are gray stones scattered throughout different parts of the ground. Part of a tree trunk is leaning near the boy.,1.994794637473958e-156,0.19047618720080628,0.8779066205024719,0.1086488812392427
877,A cat walks in front of a dark brown door. A bicycle is parked next to the door.,"A painting has a cat walking on a brick sidewalk in front of an apartment building that looks french. There is a brown dark shiny wood door to the left of the cat, and tall bushes, and plants growing on the sides. There is a bike next to the plants, and in between the two apartment doors. There is a black metal pole on a fence in between two cement pole.",2.4054015657804472e-79,0.387096770364204,0.8909452557563782,0.14599447084769981
878,"A wooden cutting board with a serving of breaded meat on it. The meat is cut into strips and is topped with a red sauce and a yellow mustard sauce. There is a small white bowl of mustard sauce next to the meat. There is a fork in the foreground. In the background, there is a cell phone and a grater.","On a wooden board there are pieces of brown bread. On the corner of the board there is a bowl color white with yellow sauce. Somebody is holding a fork with the index finger that push on one bread. The fork is metal color silver. Back the board, there is a black phone on a white table next to a glass.",1.9827851077488384e-78,0.43589743089743593,0.8784593343734741,0.3084656762295082
879,A group of people are standing in front of a fire. Some of them are holding umbrellas.,"This is a photo of a group of people watching a fire. The photo conveys a sense of urgency, hopefully this is not a house burning down. In the distance you can see a painting that looks as though it may be a religous building. The people are all holding umbrellas to protect them from the rain, which is ironic.",3.2389481539880974e-79,0.2666666630888889,0.8879848718643188,0.12567324955116696
880,A woman paddle boarding in a lake.,"A woman is on a surfboard holding a row. The surfboard is long and color white and black. The is bend forward holding a black row. The right hand is on the top of the tow, and the left hand is on the middle of the row. The woman has long hair black on the back. The reflection of the woman can be seen in the water.",1.569823262249209e-158,0.19999999711250002,0.8566887974739075,0.03278688524590165
881,A woman playing tennis on a court with a Penn State Nittany Lions banner in the background.,"A man is standing on a tennis court on a sunny day. He is wearing a yellow shirt, black shorts and a hat. The man is holding a racket in his hands. A tennis ball is soaring in the air in front of him. The court is green with white painted lines on it. Part of a building can be seen behind the court.",4.765973323865373e-156,0.271186436725079,0.8602729439735413,0.07588532883642496
882,A person carrying two baskets of greens on his back.,This is an image of a person. The person is crossing the road. The person is carrying some vegetables over her back. The vegetables are bright green. The vegetables are carried on a wooden bar with wires attached to a basket. The pole on her back is dark brown. The crosswalk is light gray with white stripes.,1.3933709753075607e-233,0.17021276260751475,0.8691042065620422,0.057361376673040136
883,A stuffed teddy bear sits on a bed in a child's bedroom. The teddy bear is brown and has a red bow around its neck. The bed has a green bedspread and a yellow pillow with white polka dots. The wall behind the bed is painted blue and has a tree painted on it. The tree has a brown trunk and green leaves. There is a green lamp on the wall above the bed.,"There is a very large light brown stuffed teddy bear sitting in the corner of a room and on a bed. There's a big brown bow wrapped around the teddy bear, and it matches the bears big, brown nose. The teddy bear has small black eyes, and long and fat arms that hang to his side and legs that are in front of him. The bed sheet the bear is sitting on is green, and there's a nearby pillow with a yellow pillowcase that has white polkadots. The walls are painted blue with a painted treed on the right side of the corner and it has 3 large branches with 13 green leaves and 2 red flowers scattered on it. To the left corner of the wall is a green lamp that has 2 white clouds on it and it hangs above and to the left of the sitting teddy bear. At the lower half of the wall there is white bead boarding and a white chair rail.",0.03263246710955438,0.425196846021452,0.8900823593139648,0.25447119239232996
884,"A little girl is standing in front of a large suitcase that says Shanghai China, Dhaka Bangladesh, and Ind India.","A little girl stand on front a gigantic suitcase. The little girl wears a white top with blue jeans, and she is smiling. The gigantic suitcase has several stickers. A red sticker on the suitcase has yellow stars. On the suitcase, there are three oval stickers color white and blue letters. The brown suitcase is outdoors.",4.439887957681867e-79,0.27586206444708683,0.8492874503135681,0.11144095749693717
885,A bedroom with a large bed that has two pillows and two comforters on it.,This is a picture of a bedroom. A large bed is sitting against a painted white wall. There are two large white blankets and four white pillows on the bed. Two slim lamps sit on nightstands that are standing near the bed. Part of a picture frame can be seen hanging over the bed. A long green curtain is hanging on the floor in the room.,2.2650447198286428e-156,0.24137930668252086,0.8838713765144348,0.08210180623973727
886,A still life of a potted orchid sits on a table with a bowl and teacups next to it. The table is covered with a white tablecloth with a lace overlay. There are flowers on the table as well.,"A table with a white lace table cloth is sitting in a room with a white wall. There is a blue glazed vase with etched flowers on it with a flower with green leaves on it sitting on the table. There is a clear glass bowl on a black metal base to the left of the vase, and there is a bear statue on the right of the vase and a clear glass cup. There is another flower on the ground near the table.",1.1026217703541097e-78,0.3287671184462376,0.8869572877883911,0.16352201257861634
887,A bus station with a pedestrian bridge over the parking lot.,This is a picture of a street. The street looks to be at a bus station. There are many large buses parked. The buses are public transportation. The buses are painted white. There is black text on the bus. There are people walking by the station. There is a large walkway above the station. The walkway is metal with blue windows.,1.5017903980573115e-233,0.21276595386147584,0.8595400452613831,0.06642857142857143
888,"A baseball player is swinging his bat at a pitch. The batter is wearing a blue helmet and a white jersey with the number 2 on it. The catcher is crouched behind the batter, wearing a red and black uniform. The umpire is standing behind the catcher, wearing a black and white uniform. The pitcher is standing on the mound, wearing a white shirt and black pants. The other players are standing in the outfield, wearing white uniforms. The background is a dark sky with a few trees.",A boy in a white baseball uniform and a blue helmet is has swung a baseball bat and is holding the bat behind him. There is a player in the sane uniform on the left leaning down and walking towards the home base. In the distance there is a fence covered with a blue tarp. There are people standing on the other side of the fence on the left watching the game.,2.1166917889548395e-78,0.30107526383165684,0.8669825792312622,0.29680537155245096
889,Train tracks with a building in the distance.,A trailer with gray siding on it and  two windows is sitting on the gravel in between two train tracks. There is a white and blue train on the tracks on the right side of the screen near the trailer. There are traffic lights on the gravel in between the tracks for the trains. There are metal support columns in between the tracks and over the tracks. There is an apartment building in the distance and cars parked near the tracks.,5.782417598681135e-82,0.23999999731200003,0.8697293400764465,0.06507351923130175
890,A skateboarder is jumping over a curb in a skate park.,A boy is skating on a skating ramp. He has a skate board under his feet but his body is parallel to the ground. His knees are bent and his arms are in the air. His has brownish-red curly hair. He is wearing gray shorts and a black shirt. The skate board is green. The skating ramp is gray. There are trees surrounding the skating ramp.,4.8572387100687855e-157,0.19607842821991545,0.8566798567771912,0.04958677685950413
891,A group of people are holding bananas.,"Two boys and two girls are standing in a line bending down. They are opening bananas that are in their hands. One of the boys is wearing a baseball cap, a short sleeve shirt and blue jean shorts. Part of a black door can be seen behind them. A white painted wall is above the door. Cords and other objects are on the ground in front of the children.",2.0984849503916765e-235,0.1379310323602854,0.8580549359321594,0.02388535031847134
892,"Old kitchen with stove, dishes, and boxes.",Two skillets and a pot is sitting on top of a stove in this kitchen. The burner under the pot is on. The door of a dishwasher is down with a rack sitting on top of it. The cabinets in the kitchen are white with green counter tops. There are numerous items sitting on top of the counter tops. The floor of the kitchen is hardwood.,3.2213066228250176e-235,0.09523809246031753,0.8628734350204468,0.02495840266222962
893,Several KLM airplanes are parked on the tarmac at an airport.,The airplanes are at the runway and airport. The planes are blue and white. The tail of the planes are white with blue logo on them. The sky is blue with white and gray clouds on them. There are two cones on the ground. The cones are stripe of orange and white. The grass is green. The ground is paved.,9.966320417306425e-157,0.24390243509815587,0.846774160861969,0.0544464609800363
894,A large arched doorway with a gray door and a bench in front of it.,A building has a large arch above the doorway. There are windows under the arch and above the doors. The doors themselves are gray and have panels in them. There are two doors. In front of the doors is a bench that has wooden slats. There are gray pipes on each side of the doorway. The building and doorway are made of red brick.,3.236143376539127e-156,0.34615384221893497,0.9006530046463013,0.15333553599855826
895,A tabby cat sleeping in a white sink.,"A cute grey white tan and brown kitten is laying sideways in a white ceramic bathroom sink. He looks very happy. The faucet above him is silver and shiny. On the sides next to the faucet are two small jars, a tube of toothpaste and a wooden square brush with black plastic bristles. The floor of the bathroom is dingy and white. There is a soap dish filled with a dark brown soap.",1.5017879766759733e-81,0.16666666435555558,0.8559771180152893,0.03759398496240601
896,A man taking a selfie in front of a glass window. The man is wearing a suit and tie. The room in the background is decorated with red carpet and green furniture.,"A man is standing in a room of a building. He is wearing a suit and tie, and holding an electronic device in his hand. The carpet in the room is red. A long picture frame is hanging on a wall at the back of the room. A sofa, chair, plant and a table can be seen near the picture frame. A small green lamp sits on top of the table.",0.05329599548668283,0.3714285668367347,0.8933936953544617,0.15648286140089418
897,Three women are sitting on a train. One is lying on a suitcase.,This is an image of a plane. The people are sitting in cushioned chairs. The chairs are blue and gray. The man has long black hair. The hair is parted down the middle. The man is Asian. The man has a black suit jacket on. The man has a light blue dress shirt on. The man has black pants on. The man has black shoes on.,1.0704055981213605e-156,0.2173913007088847,0.8520306348800659,0.04118616144975288
898,A cake with five lit candles sits on a blue plate.,Five lit candles are decorating a square cake. There is a pink candle in each corner and a white one in the center of the cake. The frosting is white. Some chocolate crumbs are visible along the bottom edges of the cake and on the plate. The cake is on a round blue plate. It is on a wood-looking table.,1.1462896148413462e-156,0.2916666631336806,0.8861754536628723,0.14933566355223948
899,A red fire hydrant sits on a sidewalk in front of a white horse-drawn carriage.,A fire hydrant is standing on the sidewalk. The hydrant has an orange base and red top. The hydrant is casting a shadow onto the sidewalk. The sidewalk is made of concrete squares. There is a manhole next to the hydrant that is dark gray and metal. On the road there is a white carriage with large wheels.,4.714084642834249e-156,0.37037036652949246,0.8978505730628967,0.11834264432029794
900,A clock tower is lit up at night.,"In a dark sepia color photograph the top half of a large, very tall clock tower is shown. The tower appears to be at least a few centuries old and could be the Big Ben clock tower in London. The time shown on the clock is eight o'clock, and  the clock face is on two sides of the tower. The tower tapers off high into the sky. Above the clock face are poles and a gable decorated, and in a deep ivory color.",4.069237306342013e-82,0.10169491291008335,0.8456013202667236,0.03311258278145695
901,A busy street scene at night with a double-decker bus that has the word love on the side.,A bus is in the street that is red and yellow. The bus has the words LOVE written on it in red letters. There are street lights that are visible. The cars are black beneath the bus. There is also a double decker bus to the left of the bus that is red. There are windows on both buses. There is a red building with letters on it in white.,4.196341796652012e-156,0.32727272300165294,0.8698413968086243,0.13160150891632375
902,Eight men are posing for a picture on a ski slope.,"A group of seven people dressed in ski clothes are standing together with their arms draped around each other. They are on top of a snow covered mountain, and another mountain with snow on it can be seen in the background. All but one of the group is wearing ski shoes, and five are holding their ski poles. Part of a building with a white roof is in the background, as well as part of the poles and cables of a ski lift. Three of the group are wearing red jackets, one is wearing a green jacket, one  is wearing a blue jacket, and two are wearing black jackets.",9.308881993872485e-159,0.10958903873146937,0.8529146313667297,0.025201612903225812
903,A bicycle with a basket on the front sits on a cobblestone street.,A bike is sitting on a stone paved walkway. The bike has an orange wooden crate sitting on the front of it. A small pile of snow is in front of the bike on the walkway. A snow covered road can be seen below the walkway. Part of a vehicle is sitting near the walkway. There are tall buildings standing on the other side of the road. Vehicles are parked in front of the buildings.,3.447553422737522e-80,0.19230768897189354,0.8786230683326721,0.058139534883720936
904,Several purple umbrellas are set up against a backdrop of purple and pink metal and wood.,There are three umbrellas. The umbrellas are blue. The gate is purple. The umbrellas have points on them. There is a shadow on the gate. There is a white umbrella also. There is a grey umbrella. The ceiling is black. There is a shadow on the blue umbrella. There are objects on the floor that are made of wood.,3.856519096741815e-156,0.28571428126984133,0.8595663905143738,0.04570383912248629
905,Man holding a frisbee on beach with many people in background.,"On a beach with grey sand several people are walking about, and some are standing in the waves by the shore. One man is getting ready to throw a white Frisbee. He is wearing grey long swim trunks. Behind him a woman sits in a beach chair set low to the sand. The water is mild, with only a few small waves rolling into the shore. The day is sunny and the sky is a medium blue.",1.7072599562577327e-157,0.15624999715332036,0.8616925477981567,0.05681818181818182
906,A young boy is skateboarding down a ramp at a skate park.,"A young boy, dressed in knee-high shorts and a red-striped white short-sleeved shirt, zooms around the skateboard apparatus.  He is smart, as he has on both a helmet and white knee protectors.  He wears gloves, to protect his hands, and simple shoes.  He seems to be alone, though in the distance he can see an open concrete lot and beyond that a parking lot and some cars.",6.725968957857297e-157,0.12499999715332039,0.8555850386619568,0.048780487804878044
907,"A group of animals are gathered around a pile of hay. The animals include a horse, a cow, and a few other types of animals. The animals are all eating hay. The background of the image is a field with a fence. The image is taken from a ground-level perspective.","A horse and cattle eat from the same hay bale.  The animals have torn the bale apart exposing the yellow fibers, which they eat in small amounts at one time.  The horse is rust colored.  The cattle are black with a couple rust colored as well.  Some of the cattle have small flecks of snow and dirt on their backs.  Snow covers the ground in the background.  A fence stretches across the snow covered ground.",3.2737519963053027e-155,0.3132530073682683,0.8658497333526611,0.1753103448275862
908,"Two cows lie down in a lush green field. In the background, there is a mountain range.",An animal is laying down. The animal is brown. There are trees on the mountains that are green. The trees are tall. The mountains are tall with grass on them. The animal has horns on its head. The clouds in the sky are white. There are clouds near the mountains. The animal has a large bone in his back.,1.072625835840361e-232,0.24489795478550605,0.8741918802261353,0.06386861313868614
909,A zebra standing next to a pond.,There is a bamboo fence next to a concrete are brick tan wall. There are plant growing out of the fence. The ground is made of compacted dirt. There is black and white zebra munching on leaves of the plants that are on the fence. Directly behind the zebra there is small pond. there is small amount of water in the pond and there is greenery growing in the pond. The zebras reflection can be seen in the pond.,1.9464906747928187e-82,0.19230768997781067,0.8680432438850403,0.07118539151965338
910,A baseball player is swinging his bat.,"This photo is taken on a baseball field. The field has a white marking painted on it.  A baseball player is swinging a bat towards a white ball that is soaring towards him. He is wearing a black helmet and a black, yellow and white uniform.  People can be seen sitting in the stands behind the player.",0.00048598408567677255,0.2553191464010865,0.8740249276161194,0.07153846153846152
911,A large brick building with a tall clock tower has a flag flying above it.,The clouds in the sky are white. The sky is blue. The building is brown. Part of the building is really tall. There are windows on the brown building. There is a tall light pole in the image. There are vans parked that are white near the building. There is a clock on the building. The windows are clear on the building.,2.5531158188989864e-156,0.19047618603174613,0.8663604855537415,0.06492146596858639
912,A bus is entering a large red archway that says LACELOOD TOWNE CENTER.,"The street runs directly beneath the red-and-yellow arch with the ""towne center"" sign at its apex.  A shopping center is far in the distance behind the sign, and between the sign and the buildings is a vast, mostly empty parking lot.  More cars are visible toward the buildings, whereas there are very few in the proximity of the arch/sign.  Just before the red arch is a street sign that says ""end of city street"".  A sidewalk follows the road on its right, and just a few plants hint at a larger bit of decoration that's mostly unseen.  The road is appropriately painted with direction paint - yellow lane lines and brake-here marks on the road that goes off to the left from the arch.",1.2933681102321206e-158,0.10526315553241003,0.8271531462669373,0.042479347806438784
913,A microscope kit is on a table.,This is an image of a table. The table has many items on top. The items are strewn throughout the table. The table is covered in a white cloth. There is a tiny pair of scissors on the table. The scissors are metal and silver. The equipment looks to be medical equipment. There is a shoulder bag that is black on the table.,2.7798351090061877e-158,0.18181817914256201,0.8640540242195129,0.04355400696864111
914,A man and a woman are sitting on a couch in a living room. The man is wearing a green shirt with a mushroom on it. The woman is wearing a pink shirt. They are both holding a controller. There is a picture on the wall behind them.,"Three people are sitting in a room. A man wearing a green t-shirt is looking to his right. He is wearing glasses. On the dresser behind him is a flower arrangement. To the right of that is a guitar case leaning against the wall.  A woman with long brown hair, a pink shirt and blue jeans is sitting next to the man. She is holding a toy wheel, perhaps from a video game, in her hands. The man sitting next to her on her left is holding a finger to his ear. A photo collage is on the wall.",1.0186140329658044e-78,0.40860214609318996,0.8845353126525879,0.21115004919464495
915,A young man is sitting at a table eating a waffle. He is wearing a tie and reading a newspaper.,A man with black hair is wearing a white shirt and a red tie is eating a waffle with his hand and reading the weekday funny paper of a newspaper. The man is sitting on a wooden chair that has checkered wooden slats on the back. There is a round white and blue plate on the white tablecloth on the table. Their is a window at the end of the table showing a deck outside.,3.372146985607198e-79,0.4444444406550768,0.8894690275192261,0.1223021582733813
916,"A black cat is sitting on a wooden desk next to a laptop. The cat is looking at the camera. The laptop is open to a blue screen with a white letter ""x"" in the upper left corner.",A black cat is on the brown desk. The cat is on the border of the desk. A glass with black drink is on back the cat. Behind the cat there is a  laptop open with a blue screen. on the screen of the laptop there is icons color white on the right. Next to the wall there is a black box and a tan horizontal box.,0.059242893917260384,0.45901638847621606,0.8895437121391296,0.18720748829953196
917,Zebra grazing in a grassy field.,Some of the trees in the distance are have green leaves while most of the them do not have leaves and are brown. There is fence in the distance as well. The grass in the photo is brown and is low. There are two large black and white zebras standing in the brown grass field. The zebra closest tot the camera is grazing on the brown grass.,5.8874006566205865e-236,0.13333333102222228,0.8744146227836609,0.03284072249589491
918,Man flying blue kite in park.,"There is a large man wearing a gray tee shirt and khaki colored shorts standing barefoot on grass and holding a kite handle. The kite is blue and white and is off the ground about a foot and a half. There is a lamppost along side a path behind the man, and lush trees growing behind that. In the distance, there is a building behind the trees and two cars parked along side the street in front of the building.",6.744538133442441e-237,0.10714285522959184,0.8431398868560791,0.027548209366391185
919,Cows grazing on a small island in a river.,Cattle are wading in a body of water. The cows are brown and white. One solid brown cow has large horns. There is a white cow on the bank drinking water alone. There is a small patch of land in the water near the cows that is covered in tall green grass. The water is calm except for a few ripples. There are trees past the cows with only a few brown leaves.,7.430581053034992e-158,0.15094339366322537,0.872507631778717,0.04504504504504505
920,A double decker bus with the word Henly's on the back.,Busses are parked on a grassy field. The bus in the foreground is a red double-decker with the number 229 on it. The back door is open but a white strip of material is across the opening blocking the entrance. To the right is white and red bus that has the name Chalkwell advertised on the back. Next to that is a mostly yellow double-decker.,3.3094387102219308e-80,0.18867924222143115,0.8634066581726074,0.09604848650869743
921,A mostly empty white plate with a black fork and chopsticks on top of it.,"A small, round, white plate is sitting on a light wood surface. Brown crumbs left over from a meal are scattered on the plate, and one chopstick sits on the edge of the plate. A black plastic fork is next to the chopstick, as well as some small torn pieces of paper. A used tea bag sits next to the fork.",3.1611245543684965e-156,0.30508474197069807,0.8841397166252136,0.11267730496453898
922,Three young baseball players stand on a field wearing blue uniforms with the letter C on the front. The boy in the middle is smiling.,"This is a photo of three young boys wearing cubs uniforms, how unfortunate. They are ready to play a baseball game, as two of the boys are wearing baseball mitts and one of the boys is even wearing war paint. The boy in front looks very happy, which is to be expected when playing team sports. Go team.",6.365831209058173e-79,0.2727272682828284,0.8780180811882019,0.14602565458473715
923,A woman is leaning in to kiss a bear in a cage.,"There is a woman, in a brown jacket, with a fur collar on it. The woman has black hair with silver streaks in it. There is a big brown bear, in a cage. The woman is kissing the bear on his nose. The bear has fluffy brown hair and a black nose. The bear and the woman are in a building and there is snow on the ground outside. There are trees in the background.",2.3534198135976364e-80,0.25531914558623814,0.866610586643219,0.0727802037845706
924,"A man is herding a herd of black cows through a narrow river. The cows are walking in a line, one behind the other, and the man is walking in front of them. The river is narrow and is surrounded by dense vegetation. The vegetation consists of a variety of trees and shrubs. The trees are tall and have a lot of leaves. The shrubs are shorter and have fewer leaves. The water in the river is murky and brown. The man is wearing a hat and is carrying a stick. The cows are black and have long horns. The man is walking in the middle of the river. The cows are walking close to each other. The man is walking close to the cows. The man is looking at the cows. The cows are looking at the man. The man is smiling. The cows are not smiling. The image is a photograph.",This is a picture of a stream. The stream is murky green and brown dirty water. There are animals walking in the stream. The animals are cows. The cows are large. The cows are black. The cow in the front has long horns. The horns are sharp. The horns are gray. There are bright green lush and leafy plants along the side of the stream.,0.04676805717167668,0.34408601681119205,0.8821099400520325,0.2704583291267536
925,A small airplane with the word America on the side is flying in the air.,"This is a black and white photograph of a very old biplane taking off from a flat field. There is some sort of crop growing in the field, but it is indiscernable. The plane itself says ""America"" on its side. There is a star emblem on its tail as well as underneath the visible wing. The plane is only about 20 feet off the ground.",2.1877965422501186e-156,0.16393442287557117,0.8757410049438477,0.058333333333333334
926,A city skyline with a train station in the foreground.,There are three trains in the image. The buildings are short and some are tall. The clouds in the sky are white. There are tall poles near the train. The trains are on the train tracks. The train is red and white. There are windows on the trains. There is a bridge above the trains. There is a fence along the bridge.,3.778289925592372e-157,0.20512820131492446,0.862051784992218,0.04401408450704225
927,A large flock of sheep is being herded by a dog and a man through a dirt road and a field.,"A flock of white sheep are grazing on both green and brown grass, in a pasture. A rooster is behind the flock, standing in a narrow dirt road. Some of the sheep are also in the road. The dirt road curves around and then straightens out to the left, going all the through to into the background. A few sheep are lying on the green grass, next to a wire mesh fence, and a planted field of green vegetables are behind the grazing sheep.",4.1762719379060557e-156,0.30303029920569335,0.8721262812614441,0.12344706222257243
928,A man is holding a multicolored hot air balloon on a beach.,"Two people stand on the sand holding a big C-kite. The C-kite is color red, orange and green. The men wears black clothes. Shadows are cast on the ground. There are foot prints are on the sand. On front the men there is a body of water. Next to the body there are three people. Behind the body of water there are small hills.",8.636315093741532e-157,0.1568627417147252,0.8500426411628723,0.06326530612244899
