Index,Hypothesis,Reference,Sentence BLEU,ROUGE-L F1,BERTScore F1,METEOR
1,A red and white bus is driving down the street. There is a large white building behind the bus.  There are trees in front of the building.,A large building with bars on the windows in front of it. There is people walking in front of the building. There is a street in front of the building with many cars on it.,0.15119282680858526,0.4999999950000001,0.9066813588142395,0.3521117608836908
2,A man is standing on top of a snowboard. He is wearing a black jacket and black pants. There is snow on the ground behind him.,A person is skiing through the snow. There is loose snow all around them from him jumping. The person is wearing a yellow snow suit. The person is holding two ski poles in their hands.,0.03705058991654031,0.2916666617447917,0.9031558036804199,0.20183918033380396
3,There is a bed in a room. The bed is made of wood. There are two pillows on the bed. One is white and the other one is black and has a white bedspread on it.,There is a bed in a room against a wall. There is a brown blanket on top of the bed. There is a small brown book shelf next to the bed. There is a picture hanging on the wall above the shelf.,0.1509067922764714,0.3913043428355388,0.9108827710151672,0.21739130434782605
4,This is an image of a train. The train is red and white. There is a yellow line on the side of the train and a blue line in the middle of it. On the left side there are a lot of trees and bushes.,A black and red train is on the tracks and has steam coming out off of it. There is another train next to the first train that is orange. There is an overpass over the train tracks with cars on it.,0.022762610873720845,0.32142856642857154,0.8810248970985413,0.22946859903381644
5,A red and white bus is driving down the street. There is a white building behind the bus.,"A white and yellow public transportation bus with ""122"" on front is stopped with it's doors open. There is a gray car on the street beside the bus. Behind the car there is a  building with an ""Urban Outfitters"" on the first floor.",0.020864389313164505,0.44444444015802476,0.9043631553649902,0.22375630067937757
6,There is a wooden bench in the middle of a grassy area. The bench is made of wood. There are trees behind the bench.,A large white house with a brown door sits behind some grass. There are four sheep grazing on the grass in front of the house. The house ahs a gray roof.,0.018693280069915535,0.3720930184748513,0.8963687419891357,0.2097359735973597
7,A man is sitting on a bench. The bench is made out of wood. There is a white wall behind the man.,A man in a red and yellow t-shirt is holding a Wii remote in each of his hands. Behind him there is a fireplace which has been painted white. In front of him a light which is on and illuminating the room.,0.013162486552829191,0.32653060771345277,0.8919472098350525,0.1625
8,A man is riding his motorcycle down a street. He is wearing a black helmet and black pants. There is a red stop sign on the side of the road.,There are three men riding bicycles. Two of the men are wearing yellow and the third man has a blue shirt. The two men are way ahead of the third man. The men are bicycling in the bicycle lane. The cars are on the left side of the men.,0.025122627041510037,0.33333332839506175,0.8910712003707886,0.20103503184713375
9,A man is sitting on a bench. The bench is made of wood. There is a black and white picture hanging on the wall behind the man.,TWO CELL PHONES ON THE TABLE.THEY BOTH ARE DARK IN COLOR A ND ARE BLACBERRYS.THERE ARE THREE CUTTING KNIVES.ONE KNIFE IS BETWEEN THE TWO PHONES.THERE IS A THIRD PHONE WITH A KNIFE LYING OVER IT.,0.005190366950912721,0.040816321699292536,0.8232454657554626,0.17074579452747096
10,A wooden bench is sitting on top of a bench. There is a black and white picture hanging on the wall. The bench has a white face and black writing on it.,"A painted mannequin head sits on a table. It is a feminine head with arched eyebrows a small nose, big eyes and it is wearing a black top hat and a brown wig. To the right of the head is a metal sculpture clock with a white face.",0.016019809614362834,0.31578946894429055,0.8800842761993408,0.2293238146551724
11,There is a train on the tracks. The train is red and white. There are trees behind the train.,A white and yellow train is on the tracks. There is a large yellow door on the front of the train. There is a platform next to the train.,0.06589702789832731,0.43749999507812504,0.928711473941803,0.3586221470836855
12,A man is standing on a bench. The bench is made of wood. There is a black and white picture hanging on the wall behind the man.,A man is sitting on the back of an elephant. They are walking through a very high swamp area. They are being seen from in between the perspective of two logs of a tree.,0.038826119307114604,0.2916666618055556,0.8812649250030518,0.22342342342342342
13,A plate of food is sitting on a table. There is a white plate on top of the plate. The plate has a red and white sandwich on it.,There is a black place mat on top of a wood table. There is a white plate on the mat with food on it. There is a fork on the mat next to the plate. There is an orange towel next to the plate.,0.1758986776223582,0.571428566473923,0.9161142706871033,0.29905882352941177
14,There are two giraffes in a field. There is a fence behind them. The grass is green and there are trees behind the fence.,A goat has its head turned back and it's looking at something. The goat is white but has a black nose and mouth and black ears. The horns of the goat are pointed upwards and has black tops. The goat is standing in green grass.,0.005713571839865608,0.2799999953920001,0.8766803741455078,0.11655011655011654
15,A man is standing on top of a skateboard. He is wearing a black jacket and black pants. There is a white building behind him.,A woman is walking her dog. She is on a skateboard while she is holding the leash of her dog. She is wearing a gray hoodie and some black shorts.,0.04247871121940876,0.37209301828015146,0.9171077013015747,0.1864406779661017
16,This is an image of a train. The train is red and white. There is a yellow line on the side of the train that is yellow and black and has a blue line next to it.,There are some portable bathrooms sitting near a railroad track. There are some trains sitting on the track. The portable bathrooms are blue with a white roof and the trains are yellow.,0.015436464226810553,0.3181818132231406,0.8860716223716736,0.21131595677050224
17,A bathroom with white walls. There is a mirror on the wall above the sink. The sink is white. On the other side of the bathroom there are two white towels on a white towel rack.,A very white bathroom has a very white sink and toilet. The shower curtain that hangs from the ceiling is also white. There is one wall that is all mirrored. The door is made of glass and the faucet is silver. The floor is made of black tile.,0.01293204290918568,0.3793103399227111,0.8987922072410583,0.18162393162393164
18,There is a large body of water in the middle of the ocean. The water is very calm and calm. There are small waves all around the water.,A man is in a black wetsuit. The man is riding a white surfboard. There is a large wave in the water the man is surfing on.,0.11295714543953923,0.42105262659279785,0.8950502276420593,0.3278338568509651
19,A white plate is sitting on top of a white table. There is a silver fork on the table next to the plate.,A pizza is on a brown wooden tray. The tray is placed on the stove top. The pizza has melted cheese and spinach on top of it. The stove is white with black burners.,0.0379948124693384,0.39999999520000007,0.8871700763702393,0.20874676580672716
20,There is a red and white train on the tracks. The train is white and blue. There are trees behind the train.,a flood is occuring. there is a lot of water on the road. the hydrant on the sidewalk is red. the garage doors are red in color . there are some pieces of grass growing.,0.017111774369591402,0.31578946890581727,0.8781666159629822,0.2636290065478088
21,"The image is of a large body of water. The water appears to be calm and calm. There are small waves in the water, but none of them are large enough to cause any serious damage. It is a sunny day and the sky is",there are four airplanes in the sky. There is a small hill under them. There is a field of grass under the airplanes. There are smoke trails coming out from behind the airplanes.,0.017812705640334513,0.36363635877024797,0.867629885673523,0.1900584795321637
22,There is a large airplane in the sky. The plane is white and has a red tail. There are many windows on the plane.,There is a large white airplane that is in the sky. There is a silver fence under the airplane. There are light poles on both sides of a fence under the plane.,0.13651322567180668,0.5999999950125001,0.9313563704490662,0.4230436518498803
23,A young boy is sitting on a bench. He is wearing a blue shirt and blue shorts. The bench is made of wood. There is a white wall behind the boy.,"A young lady is having a very fun time by herself. This young lady has on very short jean shorts, a turquoise top and some shades on. She is surfing a fake wave on a plastic board and having so much fun.",0.015495439126229039,0.2264150894268424,0.8849831223487854,0.12224938875305623
24,A man is standing on a skateboard. He is wearing a white shirt and blue shorts. There is a black and white fence behind the man.,A man is jumping in the air. The man is holding a green frisbee in his hand. There are trees behind the man.,0.06692987524817784,0.37837837338203073,0.9129838347434998,0.2953955386001165
25,A woman is playing tennis on a tennis court. She is wearing a white tank top and white shorts. There is a green tennis ball in front of her.,A tennis player has just forehand swung to hit a ball. The player has on a light blue shirt and headband. He has on brown nike shorts and white shoes.,0.021507159296110925,0.30434782109640834,0.8954112529754639,0.16039860760357655
26,The image is of a brown horse. The horse is standing on the grass. There is a tree behind the horse with a green leaf on it.,"There is a vase on a table.  The vase has a white enamel base and three flower holders.  In the vase is an assortment of artificial fall colored leaves and berries.  The colors depicted are different shades of orange.  The table appears to be in the backyard of a house.  Behind the vase is a picket fence, a sidewalk, some monkey grass, and some pink flowers.  On the other side of the fence the eaves of the neighboring house are seen.",0.007465434635884149,0.19718309480658602,0.8614097237586975,0.12444713128306878
27,A large black and white airplane is flying in the air. The plane is white and has a black tail. There is a large white building behind the plane.,A person is standing on the beach. They are flying a large yellow and red kite. There are small waves in the water. The person is wearing a black wet suit.,0.027345614913080192,0.4444444395654321,0.899111807346344,0.22727272727272727
28,A white plate is sitting on top of a white table. There is a silver fork on the table next to the plate.,A white plate of food. There is rice under a pile of broccoli. There are onions cut up on top of the broccoli.,0.08282282660969602,0.5714285664653063,0.8974425792694092,0.3234782608695652
29,This is an image of a street. The street is painted red and white. There is a red stop sign on the side of the street with a white arrow pointing to the left. On the right side there are two signs with white arrows pointing,"A stop sign is on a piece of wood and attached to a round sign that is white, with a red border around the outside. Below the stop sign there are two signs in Russian. The signs are attached to a rusty metal fence.",0.08847690883494508,0.45161289823100936,0.8779120445251465,0.2991709504314547
30,A man is standing on a tennis court playing tennis. He is wearing a white shirt and blue shorts. There is a green tennis ball in front of him.,a man is playing tennis. he is wearing  a sweatband in his hair. his hair is brown in color. his hair is very long. his uniform is white. he is also wearing white shorts.,0.045337614463787736,0.42857142361678,0.8879460096359253,0.2354499690894639
31,There are two boats in the water. One boat is white and the other is blue. The water is calm. There is a large body of water behind the boats.,Four sailboats with masts but no sails are lined up along the shore of a lake.  A hill rises beyond them in the sun.  Part of the hill is bare rock and dirt and part has low green bushes.  The sky is very blue beyond the hill.,0.011474603902624095,0.27118643609307674,0.8765929937362671,0.1516063707514641
32,A man is standing on the side of a building. He is wearing a black jacket and black pants. There is a white building behind him.,"A man is standing outside flying a black and white kite. He is wearing a white hat on his head, a suit coat, and dark colored pants. A shadow of the man can be seen beside him on the ground. The sky is clear and blue. Tall trees are seen below the sky.",0.08678407242814141,0.4745762667049699,0.9102771282196045,0.27552186878727636
33,"The image is of a large body of water. The water appears to be calm and calm. There are several small waves in the water, but none of them are as big as the one that is crashing down on the shore. In the distance",Five off white sheep are standing on a rocky grassy hill. The stones are medium sized and are grey and white. Beyond the sheep is a bright blue body of water and a set of beautiful grass covered mountains and a blue sky.,0.013534729403533573,0.30769230270295866,0.8545994162559509,0.20606995884773663
34,A black and white motorcycle is parked on a paved road. There is a white and red stop sign on the side of the motorcycle. The motorcycle has a red and black handle bar.,A large white truck sits in a parking space in a small parking lot. The trailer of the truck has a cover on it. On the other side of the parking lot are a few more cars. The other cars are parked next to a building that looks to be made of brick. There are a few bare plants in the front of the building.,0.01770972468753607,0.36065573309325455,0.8802441358566284,0.12924071082390953
35,This is an image of a street. The street is made up of brick. There is a clock on the side of the building. It is black and white and has a white face and black numbers on it. On the clock face there is,there is a big yellow sign. the sign is a warning sign. the sign is shaped like a diamond. there is a light above the sign.,0.015749252146908223,0.1999999956125001,0.8704997301101685,0.26446136997212266
36,There is a wooden table in front of a white wall. There are two glasses on top of the table. The table is made of wood.,An image of a peeled large banana dominates the picture. Three men are walking down the street.  The man in the front is by himself while two other men are in close proximity.  Two buses are parked along the side of the street.,0.014209624898277049,0.26923076459319534,0.8674811720848083,0.13317191283292978
37,There is a red and white bus on the street. The bus is white and blue. There are trees behind the bus.,"the scene takes place outdoors in a winter snowy landscape, three persons and a child are interacting. A man is leading a child into the ski lift provider. they are standing by the entrance about to enter, a man in a green jacket seems to the entrance attendant. a building with woodside panelling is above the people. a man is standing in the foreground, wearing an orange jacket. the ground is filled with snow, the people are wearing winter clothes. there are signs above the man and child.",0.0007274156793743788,0.1515151480027549,0.8475468754768372,0.07807125307125307
38,A large brown and white cow is standing in a field. There is a fence behind the cow.  The fence is made of metal bars. The cow has a white face and a black nose. It is looking towards the camera.,A large white cow is grazing in the grass. The cow is in a field with weeds and grass. There are trees behind the cow.,0.055098400518150015,0.5531914845450431,0.9182448983192444,0.35369184680451127
39,"The image is of a large body of water. The water appears to be calm and calm. There are small waves in the water, but none of them are large enough to cause any serious damage. It is a sunny day and the sky is",there is a big mountain. there are a lot of trees on the mountain. there are two girls walking along the trail. the trail is made of dirt. they are holding umbrellas in their hands.,0.013243489673261997,0.2142857093877552,0.8590002655982971,0.21909927679158445
40,A large white and blue truck is driving down a road. There is a red and white stop sign on the side of the truck. The road is paved and there are trees on both sides of it.,"There is a large strip of grass along a road, with buildings, people, buses, trees and flags. The grass is very green and has something more overgrown like bushes that run along the road. The strip of road that is showing to the right of the picture is black. There are two large buses on the road. One bus is red with yellow words on it and the other is black. There are people in both buses, and along the grass and road. There are large trees running by the roads and buildings in the middle and back of the picture. There are two buildings showing. One building is on a street corner and is white with many stories. The other is to the left and is grey with many stories. There are two flag poles and one of them has a flag hanging on it.",0.0030048853338972767,0.3404255278202807,0.868118405342102,0.11054090470044885
41,A man is sitting at a table. The table is made of wood. There is a white table cloth on top of the table with a black handle.,A menu is see hanging on the wall. The menu is over the kitchen area. There is a range top that has a couple of things on it. On the counter is some fish and chicken.,0.03532725431096017,0.37499999513888893,0.8764931559562683,0.17045454545454547
42,A man is standing on a beach. He is wearing a blue shirt and blue shorts. There is a white surfboard in front of him.,An elephant relaxes in the water. A man lays on the back of the elephant. A few other men stand around the elephant and look at it. The water is a brown color. The men are all wearing swim trunks. The sun is reflecting on the water.,0.011816882387057644,0.33962263681025284,0.8851081132888794,0.1450892857142857
43,A young boy is standing on a soccer field. He is wearing a white shirt and blue shorts. There is a red and white soccer ball in front of him.,a boy is playing frisbee. the frisbee is white in color. the shorts are red in color. his shirt is black and red. he is wearing white shoes.,0.024577774110849788,0.38095237599773246,0.901278555393219,0.23049645390070922
44,The image is of a train on the tracks. The train is red and white. There is a large white building behind the train.,A bunch of planes are in formation in the air. One plane is way farther away from the rest. The sky is a pretty blue color and a couple of clouds are seen.,0.016751547506971956,0.2790697627690644,0.884064793586731,0.14018691588785046
45,A man is skateboarding outside on a sunny day. He is wearing a black helmet and black pants. The skateboard he is on is black and white. There is a white fence behind the man.,A person with a black shirt on is jumping on a skateboard. There is a boy in a red jacket standing in front of him. There is a black fence behind the people.,0.06393697776755096,0.391304342826087,0.9195438623428345,0.36271753681392244
46,There are two boats in the water. One boat is white and the other is blue. The boat on the left is red and has a white flag on it. On the right side of the boat there is a black and white boat with a,There are many boats in the water. There are small waves in the water around the boats. There is a bird flying in the air above the water. There is a hill on the other side of the water.,0.10554464365233401,0.47999999512800007,0.8907762765884399,0.3748110831234256
47,This is an image of a train station. The train is red and white. There is a yellow line on the side of the train. On the left side there are two signs. One sign is white and the other is black and red.,"In this image, a downtown business district in an English speaking country is depicted. The image shows a narrow street with sidewalks on both sides, with customers walking up and down the sidewalks and going in and out of stores. The narrow street does not have any cars driving down it, but instead there is a train or streetcar running on rails. The train is white on the top and red on the bottom with a large glass windshield in front and smaller glass windows on the sides. It is coming up to an intersection. At the intersection, there is a sign that indicates only bicycles are allowed on the cross street. All the people in the picture are wearing lightweight jackets, so it must be fall or spring, as there is no snow or rain. There is a store called Dreams, and a sign advertising beds, though it is difficult to tell if they are beds for sale or rooms for rent. If I had to guess, I'd say this is an English speaking country in Europe.",0.0028708352022997394,0.2269503514269906,0.8581823706626892,0.09416767922235723
48,A red and white bus is driving down the street. There is a red stop sign on the side of the bus. The sky is very clear and blue.,"A bus is on the street. It is currently getting ready to pick some people up and drop some off. The bus is white, purple, and red on the top. The building has a lot of moss on it.",0.0211141267921977,0.3846153797337278,0.8901283740997314,0.2608814423602258
49,A man is standing on a grassy field. He is wearing a black jacket and black pants. There is a white fence behind the man.,A young boy is walking with a horse. The young boy has on a black sweater with a blue shirt tied around his waist. The horse is a dark brown color and looks very friendly.,0.020584849990208574,0.2666666617876544,0.898086428642273,0.2349295089936801
50,"This is an image of a road. The road is painted red and white. There is a red stop sign on the side of the road that says ""Stop"". The sign is white with black writing on it. On the left side there is",a sign is on a pole. the pole is green in color. there is an arrow on the sign. the arrow is white in color. there is writing on the sign.,0.023654374761034613,0.4285714241269842,0.8897596001625061,0.4606811145510835
51,A black and white truck is driving down a road. There is a red and black stop sign on the side of the truck. The road is paved and there are trees on both sides of it.,A vintage pick-up truck is parked at the sidewalk. The truck is beige with black roof. At the sidewalk is a black parking meter. The parking meter is attached to silver pole with blue painted letters on it.,0.019588124321942086,0.339622636511214,0.8834948539733887,0.25308276344838726
52,A man is standing on a tennis court. He is wearing a white shirt and blue shorts. There is a black and white net in front of him.,A man wearing striped swim shorts is standing on sand. There is also a black and white dog standing on the sand. There is a white frisbee in the air above the sand.,0.15477266003824341,0.5909090859090911,0.9125126004219055,0.3884615384615385
53,There is a white plate on the table. There are two glasses on top of the plate. The table is made of wood.,There are plates and bowls on top of a table. The table is wooden and there are small bowls in the middle. There is food on the plates. There are knives and forks on top of the plate.,0.14350263344516034,0.5789473635457064,0.9312529563903809,0.31997294097750717
54,A man is standing on a skateboard. He is wearing a white shirt and blue jeans. There is a red and white sign on the side of the man.,A group of people have gather around the skateboarding ramp to watch other skateboarder's skate on it. There is one person in the ramp. It looks like that person fell down off of their board.,0.01522114047039258,0.23529411287966176,0.8685033321380615,0.15466024709302326
55,A man in a white shirt and blue jeans is standing in front of a brick building. There is a silver chain link fence behind the man.,a bunch of donuts are being displayed. the top row of donuts are all glazed types. there is a person waiting in a grey shirt.,0.024010981785257506,0.2857142807256236,0.867741048336029,0.23172643543013915
56,A white plate is sitting on top of a white table. There is a glass on the table behind the plate. The table is made of wood.,A bag of potato chips is sitting on a couple of tan napkins on an oval plate. There are two half sandwiches on the plate with the chips. The sandwiches have black grill marks on the tops. There is a yellow mug on the table next to the plate.,0.04247910770080996,0.43999999551200003,0.8921341300010681,0.19230769230769232
57,There are two motorcycles parked on the street. The motorcycles are red and black. There is a white building behind the motorcycles.,there is a big motorcycle in the parking lot. it looks just like a race car. it is blue and gray in  color. the seats are very big. the wheels are very spaced apart. it doesn't look like a motorcycle.,0.011087567278942176,0.22727272253099182,0.8904334306716919,0.1570680628272251
58,A man is standing on top of a white surfboard. The man has on a blue shirt and blue shorts. There is a large wave in the water behind the man.,A large splash is in front of a wave in the water. There is a large white and black surf board in the water. There is a black dog that is riding on top of the surf board.,0.13071441528956085,0.6222222172246915,0.916170060634613,0.3131102505543971
59,A black and white photo of a man riding a motorcycle. The man is wearing a black helmet and black pants. There is a white building behind the man.,A black parking meter with a white sign on it. There is a car parked in front of the parking meter. There is a shadow of a tree on top of the car.,0.04962058043313963,0.39999999501250005,0.892209529876709,0.24195012161033863
60,There are two horses in the field. One of the horses is black and the other one is brown and white. There is a fence behind them.,brown baby bears are walking in the grass. There is a large log above them next to two large rocks.,0.04885744139976472,0.4102564052596976,0.8953045010566711,0.30495169082125606
61,There is a plane in the sky. The plane is white in color. There are trees behind the plane.,There are four jets flying in the sky together. Each jet is leaving a trail of puffy white smoke behind the other one. The sky is a bright blue.,0.027551063865234673,0.5263157849722992,0.9088801741600037,0.24527744982290436
62,A man is standing in front of a brick building. He is wearing a white shirt and black pants. There is a silver clock on the building behind him.,The tall large building is in the city. On the front of the building are many windows. It also has a clocks telling the time of different countries. The sky is blue but mostly cloudy.,0.01871555367120879,0.2692307642603551,0.8691306114196777,0.14534883720930233
63,A plate of food sits on top of a white table. There is a glass on the table behind the plate. The plate is sitting on a brown tablecloth.,A plate with a colorful rim on it is sitting on a table. There is a piece of chicken on the plate with salad next to it. There is also a pile of french fries on the plate.,0.16228081976864892,0.47619047123582764,0.9112828969955444,0.2944053281167169
64,There is a wooden table in front of a white wall. There are books and papers on top of the table.  There is also a black and white picture hanging on the wall above the books. The table is made of wood.,A display window is seen with women's underwear on white mannequins inside in a mall. Beside the window there is a toy table with chairs around it which three plastic bears are sitting. There is a toy teapot with slots for coins so children can ride with the bears.,0.02704691012002236,0.2222222174351223,0.8580408692359924,0.15527950310559005
65,The image is of a man and a woman. The man is wearing a white shirt and blue jeans. He is holding a black and white frisbee in his hand. There is a red and black umbrella behind the man.,A piece of wood is sitting on a counter. There is a knife with a black handle on top of the wood. There is a white plate of food behind the wood.,0.041490709307038166,0.355555550617284,0.8842760920524597,0.34024390243902436
66,There is a clock on the side of the building. The clock is black and white. There are two clocks on each side. One is white and the other one is red and black.,A tall brick tower has two clocks on separate sides of the tower walls.  The clocks on the tower have roman numerals and gold clock hands.  The center of the clock is burgundy and the outer part of the clock is blue.  The tower has a narrowing tiled and reddish steeple at the tower top. Black metal grills cover arched window openings under the clock.  Full view of the clock is obstructed by stray green leaves on thin brown branches.  The sky is white with clouds.,0.012903002656321294,0.2857142817473436,0.864933967590332,0.16009564094405657
67,A man is standing on a snowboard. He is wearing a black jacket and black pants. There is snow all over the ground. The man has a white helmet on his head.,A person is jumping in the air on a snowboard. There is a ski lift behind them. There are trees next to the ski lift. There is a lot of snow on the ground under them.,0.0406884935017595,0.36734693377759275,0.9077960848808289,0.29788179316670493
68,A woman is standing on a tennis court playing tennis. She is wearing a white tank top and white shorts. There is a green tennis ball in front of her.,a woman is playing some tennis. her hat is white in color. she is wearing a skirt. the skirt is white in color.,0.048368805592847286,0.42105262680055405,0.904407262802124,0.38236836192045537
69,This is an image of a bathroom. The bathroom is white. There is a mirror on the wall above the toilet. It is made of glass. On top of the mirror there is another mirror with a white frame. Next to the other mirror,a kitchen that is empty isn't being used by anyone. the counters are clean and empty. the grill is black and has nothing on it.,0.006550873947814101,0.12244897469387774,0.8511613607406616,0.14869888475836432
70,A cat is sitting on a bench. The bench is made of wood. There is a black and white picture hanging on the wall.,A brown teddy bear is sitting in a window sill. There is a book on its lap. There is a white bar in front of the bear. There is a window behind the bear.,0.040408648722332005,0.44999999501250004,0.8988674283027649,0.2746100053792361
71,A woman is playing tennis on a tennis court. She is wearing a white tank top and white shorts. There is a green tennis ball in front of her.,A woman in a white shirt and red skirt is playing tennis. She is swinging a tennis racket a ball. There is a black fence behind the woman.,0.06551247989407596,0.5116279019794485,0.9295808672904968,0.4285488335310399
72,A man is sitting on a bench. The bench is made of wood. There is a white wall behind the man.,"Three caucasian men are standing against a white wall. They are all wearing black shirts. The man on the far left is holding a white video game controller in his right hand. He has brown hair, and a brown beard and mustache. His shirt has long sleeves. The man in the middle has dark hair that is thinning around his temples. His arms are crossed across his chest, and his right hand is covering his mouth. The man on the far right is wearing a black sweatshirt with gray lettering. He also has a white video game controller in his right hand. He has brown hair, and brown facial hair.",0.0004169651664161829,0.15999999664355563,0.8558478355407715,0.0729819210902297
73,A man is standing on top of a building. He is wearing a black jacket and black pants. There is a white building behind him.,A man is wearing a black wet suit. He is carrying a large white surf board. There are large boulders next to the man.,0.15980518115118314,0.46153845654174885,0.9184961915016174,0.3314358218168101
74,A bathroom with white walls. There is a mirror on the wall above the toilet. The toilet is white and has a black handle. On the other side of the bathroom there are white tiles.,"The vanity in this fancy, large bathroom is very long and is made of medium stained wood. The lighting above the vanity are three hanging, glass covered globes. The counter of the vanity has a sink as well as a vase filled with purple flowers. The walls are white and the tiles are all made of stone. The shower is also tiled with stone like tiles and is very large and open.",0.009814280524932401,0.36111110649691364,0.8825119137763977,0.13177159590043924
75,A man is walking on a sidewalk. He is wearing a black jacket and black pants. There is a red and white sign on the sidewalk next to the man.,A woman is holding an umbrella. The woman is coming out of the train station. The picture is in black and white. There are tall buildings in the near distance.,0.010815593729607857,0.3181818132231406,0.8978858590126038,0.15
76,There is a train on the tracks. The train is red and white. There are trees behind the train.,"An old fashioned bus is seen on the street. The bus is red on the bottom and beige on the top. A chain link fence is on the right side of the bus, and behind the fence is a large green metal crane. The sky above is gray and cloudy.",0.008908006221442064,0.29787233624264375,0.9000126719474792,0.13550106609808102
77,There is a toilet in the bathroom. The toilet is white. There is also a mirror on the wall behind the toilet.,there is a toilet in a bathroom. the toilet is white. there are tiles on the floor. the tiles are white and green. there is a bucket next to the toilet.,0.13671158580462087,0.5161290273048909,0.9293003082275391,0.4853677043599524
78,A man is standing on top of a wooden bench. The bench is made of wood. There is a black and white picture hanging on the wall behind the man.,a bird is eating out of a hand. the hand is white in color. the bird is eating corn. the corn is yellow. the bird is a pigeon.,0.022872196013470604,0.2222222174691359,0.8698731064796448,0.24353789344118168
79,A little girl is sitting on a bed. She is wearing a white t-shirt and blue jeans. There is a blue blanket on top of her head.,A baby is sleeping on a covered mattress. His shirt is black white and blue. The mattress cover has designs all over it. There is a doll with a blue and purple hoody nearby.,0.044832540867102276,0.3333333284114584,0.9078462719917297,0.2880431451860023
80,This is an image of a bathroom. The bathroom is white. There is a mirror on the wall above the toilet. It is made of glass. On top of the mirror there are two white towels. One is on top and the other is,There is a bush that is shaped into a person. It is in front of a red building. There is houses behind the bush in the distance.,0.03408981146282771,0.26086956045368626,0.8654417395591736,0.25708962446767325
81,A man is standing on a snowboard. He is wearing a black jacket and black pants. There is snow on the ground behind him.,"A young child is attempting to ski. However, no ski poles are being held by the blonde haired child. The child is wearing a yellow vest over a light blue jacket along with pink gloves. The bottom half of the outfit is black pants and grey and red skiis. There is a smooth surface of snow featured.",0.01581124163500845,0.31249999582519533,0.8920798301696777,0.16577695013449203
82,"The image is of a large body of water. The water appears to be calm and calm. There are small waves in the water, but none of them are large enough to cause any serious damage.","A green pasture is depicted in this image.  The pasture has a lake running through it with clear, calm water.  Grass on both sides of the water is tall and a fence can be seen at the front of the image.  The grass around the fence is really tall.  Cows are on the far side of the lake.",0.00550845468228584,0.2941176422145329,0.8752493858337402,0.13440860215053765
83,A black laptop is sitting on a desk. There is a black mouse on top of the laptop. The desk is made of wood.,A hand is reaching for a black and silver mouse. There is a laptop next to the mouse on the desk. There is a speaker next to the laptop.,0.13007805666619845,0.5882352891349482,0.9169281721115112,0.3733552631578947
84,A man is walking on a sidewalk. He is wearing a black jacket and black pants. There is a red light on the street behind him.,A yellow hydrant is near street. The hydrant has blue and red accents on it. There are a bunch of trees on a sidewalk overlooking some parked cars and a motorcycle.,0.018956961226810037,0.3913043429111531,0.8798285722732544,0.18032786885245902
85,Two giraffes are standing next to each other.  The giraffe is facing the left and is looking directly at the camera. It has a long neck and a black and white stripe down its back. The ground is covered with dirt and,"Two giraffes are standing together but facing opposite directions. The both have brown patches laid out in different patterns. Some of the spots have smooth edges and some have irregular edges. There are small and large patches, with the smaller patches on their heads and upper part of their necks. Both animals have short furry manes running down the length of their necks. They also have short horns on the top of their heads. They are standing near the wooden fence of their pen surrounded by trees with many green leaves.",0.022859004795867683,0.20833332875868066,0.8722860813140869,0.11751193702413214
86,A man is standing on a sidewalk. He is wearing a white shirt and blue jeans. There is a red and white sign on the sidewalk next to the man.,a stand is selling fruit. most of the fruit is oranges. there are bags of oranges next to the pile. the truck is bright yellow.,0.03949296439011767,0.21052631080332423,0.8752676248550415,0.24921568627450982
87,This is an image of a train. The train is red and white. There is a blue line on the side of the train with a yellow line next to it.,There is a train on the train tracks. The train is black with white numbers on the front of it. In the distance you can see trees with green leads and a black metal fence.,0.061414424164811195,0.4999999950347222,0.8980115652084351,0.2572896596017983
88,This is an image of a bathroom. The bathroom is white. There is a mirror on the wall above the toilet. It is made of glass. On top of the mirror there is another mirror with a white frame. Next to the other mirror,A kitchen sink and dishwasher is shown. The tiles on the wall are white and have some red ones. There is fruit sitting on the table and the area is pretty tidy.,0.03172414419318193,0.2641509384122464,0.868272066116333,0.21084337349397586
89,A man is surfing in the water. He is wearing a white surfboard. The water is very calm. There is a large wave in front of him.,"A man wearing blue trunks is surfing. He is facing towards the wave. His face is not visible, and his body is turned to the side. He is using a white surfboard and only the front of which is visible.",0.020595578479463767,0.4615384567233728,0.9108375310897827,0.2300315819695665
90,A man is standing on top of a surfboard. He is wearing a black wet suit. There is a large wave in the water. The man has on a white helmet.,A person is standing on top of a white surfboard. There are three small hooks on the bottom of the surfboard. There is a large white splash in the water from the man.,0.2503537279876348,0.5957446758533274,0.9371735453605652,0.4024073761498861
91,A man is standing on top of a skateboard. He is wearing a blue shirt and blue shorts. There is a white building behind the man.,"There is a boy in the foreground of the picture. He has his back to the camera. He is wearing a blue short-sleeved shirt, blue shorts, blue socks, and white sneakers. He is standing in a green grassy field. The day is sunny and the sky is bright blue. The boy is getting a kite up into the air. The kite is black, white, red, orange, yellow, green, blue, and purple. In the distance there is a fence separating the grassy area from a hill. Behind the hill is an orange spherical hot air balloon. The hot air balloon's basket cannot be seen.",0.01156602381048245,0.2588235258131488,0.8794491291046143,0.0944386149003148
92,A man is riding a skateboard on a paved road. He is wearing a black helmet and black pants. There is a red stop sign in front of the man.,A dark street with a wire fence surrounding a building. There is a light in the distance. A sign on a pole is halfway on the sidewalk.There is a microwave and other debris on the walk.,0.04115694819716913,0.3333333283420139,0.8702720999717712,0.2514752040175769
93,There is a red and white bus on the street. There are trees on both sides of the road. The bus is white and has a blue stripe down the side of it.,A blue car is parked in a parking space. There is a blue and gray building behind the car. There is a white surfboard strapped to the top of the car.,0.04796938153932737,0.36363635864669425,0.8988654613494873,0.3074306645735217
94,This is an image of a toilet. The toilet is white. There is a black handle on the side of the toilet that has a white handle. On the other side there is another handle with a red handle and white handles.,the keyboard is very old fashioned. the buttons stick up straight. the color of the typewriter is dark black. the letters are labeled in white. it's sitting on a wooden table.,0.013529171154975211,0.23529411264898129,0.8628824353218079,0.2139491774156175
95,There are two boats in the water. One boat is white and the other is blue. The water is calm and calm. There is a large body of water behind the boats.,There is sand and a little bit of water on the ground. There is a bunch of trees behind a building on the other side of the water. There is a blue building behind the water.,0.050149439786248855,0.44999999501250004,0.9077428579330444,0.3546348314606741
96,This is an image of a train station. The train is red and white. There is a yellow line on the train. It is surrounded by a metal fence. On the left side of the fence there are two metal poles. Behind the pole,a train is sitting on some tracks. the train is yellow in color. the train has some black numbers on it. the train has black wheels.,0.015740514694365725,0.25531914444545045,0.8796048164367676,0.19784172661870503
97,A man in a blue shirt and blue shorts is standing on a beach. The man is holding a surfboard in his hand. There are waves in the water behind the man.,A man is sitting on his surfboard. He is on the beach surrounded by other surfboards and some glass bottles of beer. The ocean is in the background and the horizon is very bright but cloudy.,0.021944917047577533,0.38461537968195275,0.9056165814399719,0.2072604556803995
98,There are two motorcycles parked on the side of the road. The motorcycles are red and white. There is a white building behind the motorcycles.,A couple of people are sitting in a vehicle. The car looks very retro and vintage. There is a woman and man in the front. On the woman's lap is a small brown dog.,0.0344268011447701,0.3043478213232515,0.8912051320075989,0.19199395770392746
99,A white plate is sitting on top of a white table. There is a silver fork on the table next to the plate.,"A square slice of pizza is on a round green plate. There are mushrooms, black olives, and tomatoes on the pizza. There is purple and white cabbage on the plate next to the slice of pizza.",0.04142066495688748,0.5499999952000001,0.904425859451294,0.3470381043868076
100,A little girl is laying on a bed. She is wearing a white t-shirt and blue jeans. There is a blue blanket on top of her head.,This photo is taken inside of a living room of a home. A brown and black dog is sitting on a red leather couch. A red and white tie is hanging around the dog's neck. There is a colorful area rug on the floor. Different objects can be seen on top of a brown cabinet behind the dog.,0.024086600702431887,0.22950819220639618,0.8826796412467957,0.19316196423924759
101,This is an image of a train. The train is red and white. There is a large window on the side of the train with a white curtain on it. Behind the window there is another window with white curtains. On the left side there,"A plane sitting near a body of water. The plane is vintage and it is white, red, and black. There are a lot of clouds in the sky and there is a little box near the plane.",0.016727990523359913,0.3461538411538462,0.8786742091178894,0.1851851851851852
102,A man is sitting on a bench. The bench is made of wood. There is a black and white picture hanging on the wall behind the man.,A woman in a black jacket and jeans is sitting on a cement bench. There is a white dog with a red harness on that is next to the woman. The woman has dark hair.,0.12023922956041408,0.5106382929832505,0.9073914885520935,0.31112938596491224
103,A woman is playing tennis on a tennis court. She is wearing a white tank top and white shorts. There is a green tennis ball in front of her.,a tennis racket is being held up. the logo is red in color. the rim of the racket is black in color. thee is a man in the background.,0.023017423600862546,0.1999999950500001,0.8807441592216492,0.18345905172413793
104,There are two boats in the water. One boat is white and the other is blue. The water is calm and calm. There is a large body of water behind the boats.,"There is a rectangular parachute in the top right of the image. The parachute is printed with what looks like a television channel 'stand-by' pattern. The sky behind the parachute is a deep blue color. There are some wispy clouds close to the ground. A person is looking into the distance from the ground with their hand shielding their eyes from the sun. This person is wearing a dark t-shirt and what looks to be denim shorts. It is difficult to ascertain the gender of this person, but they are probably male. The ground is sandy and covered in grey rocks and pebbles. Green grass and woodlands lie behind the sandy ground, and some low buildings or houses can be seen in the distance (lower right corner of the frame).",0.0026201137690265793,0.19607842810265286,0.8610820770263672,0.07071547420965058
105,This is an image of a train. The train is red and white. There is a yellow line on the side of the train with yellow lines on it. On the left side there are lines with red lines. Behind the lines there is another,a train is waiting on  track. the train is very bright and is yellow in color. there is a smaller train next to it. a man is riding on the smaller train. the small train is red and black. it has its own set of tracks.,0.09200105028598152,0.3999999950148761,0.8654050230979919,0.2489379084967321
106,A white bowl is sitting on top of a white table. There is a silver fork on the table next to the bowl.,Bowls sitting on a white and brown cloth. There is broccoli and rice in the front bowl and the back bowl has tomatoes and broccoli in it. There is a fruit cup next to the bowl.,0.10958877861485218,0.4999999952000001,0.8971949815750122,0.36581779685937776
107,A woman is standing on a tennis court playing tennis. She is wearing a white tank top and white shorts. There is a green tennis ball in front of her.,A woman is bent over on the tennis court. She is dressed in white. She has a tennis racket in her hands. The tennis court is green with white lines on it.,0.05343321212929752,0.5217391254347827,0.9243525862693787,0.2640065460146322
108,A white plate sits on a table. There is a white bowl on top of the plate. The plate is sitting in front of a blue table cloth.,"On a small rectangular, white plate, chopped carrots and peppers are covered in a brown sauce. A shine is on all of the vegetables.The plate is on a black surface and a part of a silver spoon is behind it.",0.021284429411075934,0.3921568580699731,0.8870968818664551,0.22943871706758304
109,There is a train on the tracks. The train is red and white. There are trees behind the train.,A bridge over the water. The water has small waves in it. There is a train on the bridge going over the water. The train is white and green. There is buildings and trees next to the water.,0.12803830859580503,0.47368420587257637,0.9231486916542053,0.27815568194856494
110,A man is sitting on a bench. The bench is made of wood. There is a white building behind the man.,A person is sitting on a bench. There is a black bag sitting on the bench. The person is wearing a straw hat. There is a large tree in front of the person.,0.1506765682559553,0.555555550617284,0.9339392185211182,0.34098098321610654
111,A man is standing in front of a white wall. He is wearing a black jacket and black pants. There is a red and white sign on the wall behind him.,"A man with his face painted red and white has a red and white small umbrella attached to his head. He has a phone in his hand, which he is holding by his ear. He also has a red and white scarf around his neck and a red and white cape. His shirt and pants are black. Behind the man are people gathered on the street, standing around.",0.03657368943920058,0.3636363590955005,0.8960111141204834,0.18163316245223973
112,There is a train on the tracks. The train is red and white. There are trees behind the train.,A grey train with many cars and a yellow front is riding down the tracks. The tracks are in an isolated location with a field on the right and bushes and trees on the left. The trees are bare of leaves. The sky above is blue with puffy white clouds scattered throughout it. The train is about to pass an exchange box.,0.011309934771380425,0.3793103411652795,0.8882387280464172,0.13669972208833692
113,A tall brick building with a clock on top of it. The clock is white and has a black face. There is a white building behind the building.,A white station wagon is parked near a field at night.  There is a palm tree in the field in front of the tree. Across from the tree are three houses with windows in the front illuminated. In the field there is a patch of concrete with a bench sitting on it which is lit up by a park light.,0.016591295041404802,0.2950819626981994,0.8735604882240295,0.11443661971830986
114,A baseball player is standing on a baseball field. He is wearing a blue and white uniform and a black helmet. There is a catcher and umpire standing behind him.,a baseball player is on a field which is brown in color and is about to take a swing for a white ball which is coming straight for him. the uniform is white and blue in color and the field also contains a grassy area which is green in color.,0.029113023540427805,0.399999995128,0.8856095671653748,0.21704603909465017
115,"The image is of a large body of water. The water appears to be calm and calm. There are small waves in the water, but none of them are large enough to cause any serious damage.",there is a person doing a jump on a snowboard. the rider is wearing a blue jump suit. the snowboard is white in color.,0.007293301163414325,0.18181817719008275,0.862733006477356,0.11904761904761905
116,A woman is standing on a tennis court playing tennis. She is wearing a white tank top and white shorts. There is a green tennis ball in front of her.,A woman is wearing a dark colored shirt and skirt and is holding a tennis racket. There is another lady behind her swinging a tennis racket. They are standing on a blue tennis court.,0.07527650242405076,0.4583333283420139,0.9197057485580444,0.33214285714285713
117,A woman is standing on a tennis court playing tennis. She is wearing a white and blue tank top and white shorts. There is a green tennis ball in front of her that is soaring in the air towards her.,A bunch of people are on a tennis court goofing off. There are two men and two ladies. The men both have on shorts and the ladies both have on pants.,0.07232031895361328,0.313725485290273,0.8894670605659485,0.1567398119122257
118,A woman is sitting on a bed. She is wearing a white t-shirt and blue jeans. There is a black and white bedspread on top of her head.,"There is someone standing at a desk in a small bedroom. There's a bed against the wall that is messy, not made. Above the desk is a window and a shelf with lots of things on it.There's a couple shelves above the bed with things on it too.",0.012662997990422632,0.2222222174691359,0.8762820959091187,0.13043478260869565
119,A large white boat is in the water. There is a small white building behind the boat.,"A herd of elephants is walking along the banks of a river. A baby elephant is trailing the herd, while an adult emerges from the river.  There are buildings withe terraces nearby.  Several people are gathered on the terrace looking at the elephants.  Most are standing, while one man chooses to sit.  It is a partly sunny day.",0.0029830556605567517,0.17543859297014472,0.868014395236969,0.09870709647495363
120,A man is standing on top of a skateboard. He is wearing a black jacket and black pants. There is a white building behind the man.,A boy is in silhouette against a blue sky. He is doing a trick on a skateboard and is in the air with his knees bent. His long hair is wild and in the air. The boy is suspended in the air over the skateboard but is not touching it. There is a fence beside the boy and palm trees on either side of the fencing.  A couple of white clouds show low in the sky and the foreground is dark in shadow.,0.006531186428648734,0.31884057559336276,0.8776636719703674,0.09702457956015524
121,A man is standing on a sidewalk. He is wearing a black jacket and black pants. There is a white building behind him.,A woman is walking on the sidewalk and on the phone. She is holding a black phone to her ears and has sunglasses on her head. There are a bunch of people in the background behind her.,0.014249410086490418,0.39999999520000007,0.9185890555381775,0.14044943820224717
122,There is a wooden bench in the middle of a field. There are trees in front of the bench. The bench is made of wood.,A large white bottom boat has an orange cover with small white framed windows. It is sitting in a very blue sea. There are black numbers on top of an orange cover. One person wearing a blue shirt is hanging out a window.,0.011028210015014828,0.23529411334102268,0.8666855096817017,0.1291337985436893
123,A man is sitting on a bench. The bench is made of wood. There is a black and white picture hanging on the wall.,"There is a bald white man with a goatee and beard. He is handing a styrofoam plate with something white on it to an unseen person with his left hand. In his right hand he is holding a large butcher knife. The blade is red and sticky looking.It has unidentified white chunks hanging from it. O the coffee table in front of the man are several more plates holding triangular shaped food - maybe pizza or cake. There is also a water bottle. There are more people sitting across from the man, but only there legs are visible.",0.0026826276577224736,0.2608695619399811,0.8593331575393677,0.09381898454746138
124,A black and white photo of a man riding a skateboard. The man is wearing a black helmet and black pants. He is also wearing black shoes. There is a white building behind the man.,A metal street meter with the road behind it. There is a white car parked on the road and many cars behind a fence in the background.,0.08096470168539781,0.3636363586363637,0.8834055066108704,0.22859712230215828
125,There are two boats in the water. One boat is white and the other is blue. The water is calm and calm. There is a large body of water behind the boats.,There are lines of purple trees. There is a puddle of water in front of the trees. There are people on the grass in front of the trees.,0.04751770291141798,0.43243242752373995,0.9075878262519836,0.24182283785356767
126,The image is of a train on the tracks. The train is red and white. There is a large white building behind the train.,ARIAL VIEW FROM A PLANE OF A CITY BELOW. THE CITY IS  LINED WITH WATER AROUND IT. THERE ARE MANY WINDING ROADS AND MANMADE LAKES.,0.0,0.0,0.8468918204307556,0.14056224899598396
127,A white plate is sitting on top of a white table. There is a silver fork on the table next to the plate.,There is a plate sitting on top of a green cloth. There is a carton of milk sitting next to the plate on the table. There is a hot dog on the plate.,0.22967032677577168,0.7058823479584776,0.9285581111907959,0.45654899691358014
128,A man is standing on the beach. He is wearing a blue shirt and blue shorts. There is a white surfboard in front of him.,"A crowd of people stand on a wet and sandy beach. There are men, women and children in the crowd. There are many buildings off in the distance. The sky above the beach is gray and blue.",0.008336105587347296,0.4081632604081633,0.8974888324737549,0.19183711159333303
129,There are two giraffes standing in a field. There is a fence behind the giraffe.  There are trees in front of the fence.,"A lone giraffe stands in a grassy overgrown field on a clear day.  The filed is dry and brown, with patches of green bushes throughout. Behind the giraffe there is a short thick bushy tree. And in front of the giraffe there are some branches of bushes.",0.051876802216401105,0.34615384189349113,0.9087356925010681,0.3
130,A man is sitting on a wooden bench. The bench is made of wood. There is a white wall behind the man.,a restaurant is sitting outside. there are umbrellas above the door. there is chinese writing on the signs. the doors are red in color.,0.022077510653978713,0.22222221723765442,0.8873810768127441,0.22354254201680673
131,A person is standing on top of a snowboard. The person has on a black jacket and black pants. There is snow all around them.,"It is a bright, sunny winter day. We are standing at the bottom of a snow-covered mountain and looking up toward the top. There is a ski lift at the top left of the picture, and many skiers can be seen at different spots on the mountain. In the foreground, one large skiier jumps up and the picture is snapped as he is sailing through the air on his skiis. We are looking into the sun and as the picture is snapped, the sun makes a bright starburst in the middle of the picture.",0.0018466196744134843,0.2077922039467027,0.8566217422485352,0.07462686567164178
132,There is a train on the tracks. The train is red and white. There are trees behind the train.,The people are waiting at a train platform. The train is yellow and blue and has a white number 2 on it. There are dotted warning lines on the platform. There is a large metal pole next to the people. The man has a gray hat on and a tan heavy jacket. The other man has on a puffy black jacket. The man has a grey and black bicycle.,0.008511162432282183,0.3773584866785333,0.8901500105857849,0.10156249999999999
133,This is an image of a desk. The desk is made of wood. There is a laptop on top of the desk and a mouse and keyboard in front of it.  The laptop is black and silver. It has a black keyboard and mouse,A small infant has their hand on a mouse. The mouse is for a laptop. Just half of the keyboard of the laptop is being shown and it all is on top of a wooden table.,0.04076824887784678,0.4313725440215302,0.8890706300735474,0.37324829320876757
134,A black and white cat is laying on a bed. The bed is made of wood. There is a white blanket on top of the bed and a black headboard.,An orange cat is curled up on a blue blanket. There is a red and white hat on top of the cat. There is a blue pillow in front of the cat. The cat has one eye open.,0.12087678959010674,0.533333328454321,0.9194796085357666,0.32937083751906837
135,The image is of a lake. The lake is surrounded by trees and rocks. There is a small boat in the water. It is white and blue and has a red and green flag on the side of it.,A bird is walking in the grass. The bird has no hair on its neck. The body of the bird is white with black and brown spots. The bird has a dark colored eye and white hair on its head.,0.02093333673227467,0.3333333283333334,0.8767567276954651,0.24845851653354842
136,There is a motorcycle parked on the street. The motorcycle is red and black. There are trees behind the motorcycle.,A blue car is sitting in a driveway. There is a pink surfboard on the roof. The driveway is surrounded by plants. There is a black shadow under the car. The car is very long.,0.032790181745962876,0.36842104785318563,0.9041609764099121,0.17431361709968674
137,A man and woman are sitting at a table in a room. The man is wearing a white shirt and blue jeans. He is holding a silver phone to his ear. There is a large white table with white chairs in it.,A bride and a groom are cutting a cake. There is a tall white cake on a table. There are purple flowers behind the couple.,0.029374336289654003,0.32653060749687635,0.8883122801780701,0.20599250936329588
138,A white plate is sitting on top of a white table. There is a silver fork on the table next to the plate.,a pile of vegetables are on the plate. the plate is blue in color. there are some shredded orange carrots. there is also some yellow pasta.,0.029467540079295397,0.2777777728395062,0.882234513759613,0.32237354085603115
139,A woman is standing on a tennis court playing tennis. She is wearing a white tank top and white shorts. There is a green tennis ball in front of her.,A tennis player stands on the court. The man has just hit the tennis ball. THe man holds a tennis racket. The man wears a colorful shirt. There are a few people watch the game. The sky is blue and sunny. There is a ferris wheel behind the stands. There is a tree by the ferris wheel. The court is blue. There are tall buildings in the background.,0.01416431957787936,0.3174603128243891,0.8832237720489502,0.14654522001557632
140,A kitchen with a white counter top and white cabinets. There is a silver microwave on top of the counter. The cabinets are made of wood.,An island kitchen featuring wood cabinetry with black drawer handles is neatly organized.   Three stainless steel pots rest side by side on a gas range on the island area with silver handled cooking utensils in them.  A pink dish containing some green leafy vegetable and other items also rest on the counter of the island.   In the corner is a pot holder with several pots and pans hung from it.  To the right of the pot holders is a large gas oven with range hood.  Along  the far wall are wooden cabinets and bottles resting on the counter beneath them.,0.0017558940009286706,0.2666666632098766,0.8632968664169312,0.10705717937028705
141,A young boy is standing on a tennis court playing tennis. He is wearing a white shirt and blue shorts. There is a blue and white net in front of him.,A little girls in a white dress and white stockings holding a yellow and white tennis racket stands on a green air grate in front of a white tarp. The wind from the grate blows her hair all around her face. She is smiling at the camera as she stands on the grate.,0.027136621576313098,0.2950819625154528,0.890984833240509,0.21968503937007877
142,Two men are standing on a grassy field. One of the men is wearing a blue shirt and blue shorts. He is holding a white frisbee in his hand. The other man is standing in front of him with his back to the,"Five people at the beach are carrying surfboards. The people are wearing black wetsuits. Four of the surfboards are white, while the other one is yellow.",0.012819825042984193,0.2692307644970415,0.8719772100448608,0.1624548736462094
143,This is a bathroom. The bathroom is white. There are two sinks on the wall. One of the sinks has a white soap dispenser on top of it. On the other side there is an empty white sink with a black handle on it,A living room is empty excepts for a white refrigerator on wooden slats so it doesn't scratch the hardwood floors. the kitchen is closed off excepts for a counter which shows the dark room behind the walls. Windows on the wall opposite the kitchen fill the room with light.,0.01500213680621411,0.27692307195266275,0.8543288111686707,0.1752577319587629
144,"This is an image of a cake. The cake has a white frosting on top of it. There is a blue ribbon around the cake that says ""Cake of the Month"" on the side.","A pile of donuts are seen. There are six donuts total. All are chocolate of some sort. Three are chocolate cake and one of them has vanilla frosting, while the others have chocolate, and sprinkles. The other three are covered with milk chocolate. The one in the middle has white filling inside.",0.005733941524829554,0.2258064468678461,0.8670887351036072,0.1394422310756972
145,The image is of a wooden table. The table is made of wood. There is a clock on top of the table with numbers on it.  The numbers are black and white. On the left side there are two clocks with white numbers.,"A flower container sits off to the right side. Two bags that are ink and denim blue are above the plates of food. The bowl in the middle contains a salad. The bottom bowl contains various cuts of vegetables, such as cucumbers and tomatoes and cheeses. To the left of the bowls are two oranges and one red apple. All items are sitting on a black table.",0.01165749466533503,0.2820512775246549,0.8563628196716309,0.1393188854489164
146,A baseball player is standing on a baseball field. He is wearing a blue and white uniform and a black helmet. There is a catcher's helmet on his head.,a man in a baseball uniform standing on the field putting gloves him with a bat under his arms with the blue baseball helmets is uniform has black and red  writing on but the number 38  he has black and white baseball cleats and brown hair... the field is light and dark green trimmed very well... there is a white base on the ground in the drawer with 2 white squares outlined on the both sides of the home plate.,0.005854244430589234,0.2535211227137473,0.8626960515975952,0.18338500921338646
147,A man is sitting on a bed. The bed has a white blanket on it. There is a black and white picture hanging on the wall.,"A snowboarder is shown in midair after making a jump in front of a white brick wall.  Snow has been pushed up to the wall by what looks like it was a bulldozer.  The snowboarder casts a shadow on the wall.  He is dressed mostly in black and gray, with some bright orange accents, the only color in the picture.  The entire image is white and gray.",0.01321221746530927,0.3478260829657635,0.8713043928146362,0.11923688394276631
148,There is a stop sign on the side of the road. The sign is red and white. There are trees behind the sign.,"A red and white stop sign is mounted on a yellow pole on sidewalk.  Under the stop sign is a triangular ""caution"" traffic sign.  A bicycle is parked behind the yellow pole of the stop sign.  A white wall building with a red roof is directly behind the stop sign as well.  Three human silhouettes and the silhouette of a shopping cart are on the triangular caution sign.",0.006772483550024643,0.44444444013031564,0.8882972002029419,0.13385826771653545
149,Two giraffes are standing next to each other.  The giraffe is facing the left and has a long neck and a black and white stripe down the side of his head. He is standing in front of a large rock wall with a,"There are three elephants in front of a wooden fence. One elephant is large, the other is a baby and the third is slightly smaller than the large one. Al elephants are a light brownish-gray color. Behind the enclosure are trees with green leaves.",0.07129836180295687,0.32352940676470593,0.8607390522956848,0.23047329789926604
150,This is an image of a cat. The cat is black and white. There is a white cat sitting on top of the cat's head. It has a black collar around its neck.,"A black cat lays on the keyboard of a laptop. the cat is yawnin as it lays down. The cat has a long tail. The laptop is turned on. The laptop is on the desk. There is a bookshelf on the wall, which is filled with many things. There are books on the floor. There are other items next to the wall.",0.02284920973692677,0.29508196244020435,0.8739125728607178,0.1353637901861252
151,A man is sitting on a bench. The bench is made of wood. There is a white wall behind the man.,two girls are sitting on a bench. the bench is wood and brown. they are looking at a baby. the baby is blonde and little.,0.12367773313159154,0.35294117148788934,0.9200466275215149,0.3934959349593496
152,A man is standing in front of a building. He is wearing a black jacket and black pants. There is a white building behind him.,"A man in a black button down shirt, and a gray tie is seen standing in front of a tan building in a city. The building has a picture of a man on the front and Korean letters on either side of the image. A large concrete platform is in front of the building and two men are walking on the platform. A blue and white public transport bus is on the side of the building.",0.0275519074320203,0.3666666623388889,0.8944634199142456,0.13982362213947222
153,"A red and white stop sign sits on top of a pole. The pole is made of metal. There is a green sign on the pole that says ""Stop"". There are trees behind the sign.",A white and blue fire hydrant is sitting on the corner of a rural street. The house in the background is brick and has blue doors and window decorations. It appears to be fall according to the colors of the leaves on the trees.,0.016491679768215268,0.3103448226813318,0.8864778876304626,0.21828777552204176
154,There is a clock on the side of the building. The clock is black and white. There are many buildings in the background.,A large brown building has a clock tower. The clock tower contains two clocks. The clocks have a white face with black hands and numbers. The numbers are roman numerals. The clock tower also has a flag. The flag is blue on a white pole. The building is huge with many windows. The sky is overcast with clouds.,0.006964225277502555,0.3396226370238519,0.8958860635757446,0.14678899082568808
155,There are two pizzas on the table. There is a white plate on top of the pizza. The pizza has cheese on it.,the table is full of snack foods. there is a big black tray on the side. the tray is full of small plastic cups. the cups are full of shredded cheese and hot sauce. there is another tray of hot sauce next to it.,0.012174143879090665,0.39999999520000007,0.8959638476371765,0.17609718907451602
156,A man is sitting on a bench. The bench is made of wood. There is a silver chain link fence behind the man.,"The man is bending over the table. On the table is a birthday cake. The candles are lit. The man is trying to blow the candles out. The man seems to be holding his infant in his other arm while doing this. This is taking place inside a house, in the kitchen area.",0.007992984678816482,0.18518518074074086,0.8848019242286682,0.1
157,A black and white striped zebra is standing on a grassy field.  The field is surrounded by tall grass and weeds. There is a black fence surrounding the field and there are tall trees behind the fence. The grass on the ground is,There is a zebra standing on a gravel type road. The zebra appears to be standing near a tree. There are a lot of trees ad bushes to the right of the zebra. It is very sunny outside which is evident by the shadows cast by the trees.,0.04058940972001556,0.33898304588336686,0.8787336349487305,0.267578947368421
158,A baseball player is standing on a baseball field. He is wearing a blue and white uniform and a black helmet. There is a catcher's mask on his head.,There is a man in a white uniform wearing a black cap pitching a baseball. There is a man standing behind him wearing a black shirt and gray pants. There is a player in a white uniform that is swinging a baseball bat about to hit the baseball. Behind that man is another man in a black shirt and gray pants who is crouched down wearing a helmet and face guard.,0.015282645612630503,0.4285714238839286,0.8854808211326599,0.1825642344120623
159,There is a red and white bus on the street. There are people sitting on top of the bus. The bus is white and has a blue stripe down the side.,"Modern fire engines park along a tree lined street.  The truck at the front of the procession is a ladder truck, with the long, white ladder and bucket on top of the rig.  The sky is deep blue, and it seems like a grassy park like area.  Two people can be seen in the distance, side by side.",0.04848623905713011,0.3692307648568047,0.8751258254051208,0.25905035740583965
160,A white desk sits against a wall. There is a laptop on top of the desk. The desk is made of wood and has a black keyboard and mouse.,"An open laptop sits on a rustic wooden table. A lamp sits on the left of the laptop shining light on the table. A bunch of small glasses are on the table near a brown wall. In the distance a shelf with liquor is on a white wall. A table in front of the shelf is covered with empty, upturned glasses.",0.007384774295669337,0.3508771882425362,0.8955957889556885,0.1384083044982699
161,A black and white cat is sitting on top of a white toilet. The toilet seat is white and the lid is closed. There is a black handle on the side of the toilet that is open.,A picture of a tooth brush holder. The holder is red and in the shape of a bird. There are three toothbrushes inside of the holder. There are different colored bristles on each toothbrush. There is a keyboard beside the holder and a calendar is under the holder.,0.033297959538030095,0.3461538412721894,0.86558997631073,0.20060134594882728
162,Two giraffes are standing next to each other.  The giraffe is facing the left and is looking directly at the camera. It has a long neck and a black and white stripe down its back. The two girafes have long,There are two giraffes behind a fence. The fence is silver. There is man in a blue floral print shirt standing in front of the fence. The man is wearing a black cap.,0.015293885404881332,0.2857142808737246,0.8673167824745178,0.24912190395446007
163,There is a clock on the top of a building. The clock is black and white. There are two clocks on each side of the clock. One is white and the other one is red and black.,The clock is lit up because it is night time. The sky is very dark. On top of the clock is a baseball team sign. The face of the clock is white. The letters and clock hands are black. Around the circle of the face is yellow.,0.037253831319248275,0.42307691819526627,0.886416494846344,0.22826086956521735
164,A man is skateboarding on a skateboard. He is wearing a black helmet and black pants. There is a white line painted on the ground in front of him.,"A man in a taupe tank top and black shorts is doing a trick with a skateboard. He is in the air, and holding the skateboard with one hand. In front of him is a black and white wall with a cartoon face painted on it. The sky above is mostly clear with one long wispy cloud.",0.06036476715055912,0.3809523763164525,0.9009292721748352,0.30177138506078943
165,A man is sitting on a bench. He is wearing a white shirt and black pants. There is a black and white dog in front of him.,A teenage girl sits on a low brick wall and texts.  She is dressed in a cool summer top and bluejeans.  She has slipped off her shoes to be more comfortable.  The wind is blowing her long hair.  She has put her purple backpack on the wall next to her.  She enjoys the shade of a nearby tree.,0.007171197368898665,0.15873015439657356,0.8725854158401489,0.11839708561020038
166,A man is walking on a sidewalk. He is wearing a black jacket and black pants. There is a red stop sign on the sidewalk next to the man.,This photo is taken outside on a sunny day. Two men can be seen on a sidewalk near a brick building. A large black trash can is near one of the men. Large green trees line the sidewalk. A road is beside the sidewalk and across from it is a large building. Vehicles are lined up on the street in front of the building.,0.009581114154471205,0.19354838272632682,0.8914056420326233,0.16723599632690542
167,There is a plane in the sky. The plane is white and has a blue tail. There is an engine on the back of the plane.,A white airplane with a blue tail on it. There is a black and yellow sign on the ground in front of the plane. There is a orange and white flag hanging from the plane.,0.0628805295858207,0.5581395300162251,0.9201768636703491,0.31204178885630496
168,There is a clock on the side of the building. The clock is black and white. There are two clocks on each side. One is white and the other one is red and black.,There are three buildings in a line and a tall clock tower across the street from the houses. The photo is in black and white. There are large gray clouds covering the sky.,0.13181313433495553,0.4255319099502037,0.8861783146858215,0.28978358715087243
169,There is a clock on the side of the building. The clock is black and white. There are two signs on top of it. One sign is white and the other is red and black.,"This is a street corner. There are two street signs on a pole, with black text on a white background with a black rim. The one on top says ""Sandridge JMI School"" and the one on the bottom says ""HOSDB."" They are both pointing in the same direction, indicated with a black arrow on the sign. Behind the street corner is a building with a shingled overhang supported by dark green columns. There are three or four hanging baskets with flowers hanging from the underside of the overhang. The building is brick and two stories, with two windows flanking a dark sign with pale text reading ""GREEN MAN Good Food."" Behind the sign is a large amount of green climbing vine which obscures the sign for the next shop. There are the tops of two standing signs just visible in the foreground of the picture, and a couple of benches sitting on the sidewalk in front of the building.",0.002320357000062764,0.29629629305212624,0.8668459057807922,0.10194495440314247
170,A red and white train is on the tracks. There is a white and blue sign above the front of the train. The train has a yellow stripe down the side of it.,"A commercial garage for buses is shown on a cloudy day. There are three buses in the parking lot, two of which are near the garage doors as if they were entering the garage. There are four garage bays that are empty with their doors open. There is a small cart in front of the door farthest right. On top of the building there is a blue sign with white writing.",0.020392892858874308,0.3055555512075618,0.8739922046661377,0.1903521825396825
171,A large brown bear is standing on top of a rock wall. The bear has a black nose and black eyes. There is a small brown building behind the bear.,A large black bear is standing on a field. There is grass and dirt behind the bear. The bear has brown eyes and brown fur around its mouth.,0.1795782617347238,0.6086956471739131,0.9361269474029541,0.5389874462191313
172,A man is surfing in the ocean. He is wearing a white surfboard. There is a large wave in front of him. The water is very calm.,A woman is wearing a pink shirt. She is standing in the water. There is a wave behind the woman. She is holding a white surfboard.,0.09140390325615233,0.5499999950500001,0.9440789818763733,0.3876543209876543
173,This is an image of a building. The building is made of brick. There is a clock on the top of the building that is black and white. It has a white face and black numbers on it. On the bottom of it there is,A young woman is walking between rows of buses.  The woman is wearing a red hoodie and black pants.  She is looking away from the camera.  The woman has dark hair.  The buses seem to be stopped at a red traffic light.,0.013243489673261997,0.2666666617166667,0.8555256724357605,0.23436157942526195
174,A wooden table is sitting on top of a white table. There is a silver fork on the table next to it.,"A cake shaped like a high school track is half eaten and below it is written in blue frosting is ""Thank You Coaches"". On the table near the cake is a tray of cookies, cupcakes, a cobbler, and a dessert bar. beneath the cake there is a beige table runner with plums on it.",0.007812647190966056,0.24999999577168372,0.8622907996177673,0.17838838932115733
175,A man is sitting on a bench. The bench is made of wood. There is a red and white sign on the side of the building.,There are many people at a market. The middle aisle has fruit. There are green watermelons. There are also yellow bananas. The man on the left is wearing a striped shirt and blue jeans.,0.016451990399717707,0.2553191441195111,0.8777626752853394,0.1506024096385542
176,A man is sitting at a table. The table is made of wood. There is a white table cloth on top of the table with a black handle.,There are several people sitting around a table. There is a lady standing in front of the table. There is a white sign behind the table. There is a picture in a frame on the wall next to the sign.,0.08308083323421757,0.4090909041322315,0.9193682074546814,0.2607674684994272
177,This is an image of a building. The building is made of brick. There is a clock on the top of the building with a white face and black numbers on it.  The clock has black hands and a black face. It has a,"A brick building has a window with white metal bars over it. There are two cameras on the building, one on one wall and another behind the corner. Under the camera there is a street sign that says Playhouse Yard. There is another building to the right of the brick building.",0.019553736281740133,0.41269840791131274,0.8738027215003967,0.23717107784134203
178,A group of people are standing in front of a building. There is a man in a blue shirt and blue shorts standing next to a woman in an orange shirt.,"A group of people is standing outside at an amusement park that looks like Six Flags as there are large roller coasters in the background. It looks like a nice day with a sunny sky and no clouds. The group consists of 6 men, most of whom appear to be on the spectrum from overweight to obese. Their ages appear to range from 45 - 70 years old. Three gentleman are standing in front and three others are standing in back. They are wearing laynards with colorful badges around their necks. Four guys are wearing glasses and one is wearing sunglasses. Most are in casual, vacation attire, except for one guy who is wearing a tie. There are a couple other people in the background who appear to be in in line for something.",0.006892502760347661,0.23214285398596937,0.8552485108375549,0.08892481810832659
179,A man is sitting on a bench. The bench is made of wood. There is a black and white picture hanging on the wall behind him.,A woman is smiling in the camera. In front of the woman is a small brown bear figurine with a laptop. The laptop has an Apple logo on it.,0.019940526315452702,0.266666661688889,0.8909026980400085,0.156794425087108
180,There are two boats in the water. One boat is white and the other is blue. The water is calm and calm. There is a man in a blue shirt and blue shorts standing in front of the boats.,There are a lot of people standing on the beach. There are waves in the water. There are a lot of surf boards surrounding the people.,0.0367483224173178,0.41025640541748853,0.9034221172332764,0.21978021978021978
181,A man is sitting on a bench. The bench is made of wood. There is a white wall behind the man.,A doll is dressed up in a black suit with a silver vest. There is a green couch with red throw pillows on it behind him. There is a gold table in front of the couch.,0.030625026761288022,0.37209301858301785,0.8966754674911499,0.2471819645732689
182,There is a red and white train on the tracks. There are trees in front of the train. The train has a yellow stripe down the side of it.,The fire hydrant is red orange. It has two silver chains. Behind the hydrant is a wooden fence. Inside the fence is the foggy area of the forest.,0.023705266435224467,0.3255813903515414,0.8851009607315063,0.16014234875444844
183,This is a bathroom. The bathroom is white. There are two sinks on the wall. One of the sinks is black and the other sink is silver. Both sinks are made of stainless steel.,Someone is taking a picture from inside the airplane bathroom. The bathroom is very small and close. The person has on an olive green top and a carrying bag.,0.08345883299682069,0.29166666166666677,0.8739385008811951,0.18644067796610167
184,A man is sitting at a desk. The desk is made of wood. There is a laptop on top of the desk with a black keyboard and mouse on it.  The laptop is black and silver.,There is a white desk against a yellow wall. There is a computer on top of the desk. There is a black keyboard in front of the computer. There are bottles on the desk.,0.13545994273378145,0.42857142361678,0.9190886616706848,0.40522660818713446
185,A red and white bus is driving down the road. There is a red stop sign on the side of the bus. The bus has a white and blue sign.,A large double deck bus is driving on the street. There are people standing next to the bus. There is a large red building behind the bus.,0.06978641480949684,0.44999999500000004,0.9208793044090271,0.367817586752498
186,A black and white photo of a man riding a motorcycle. The man is wearing a black helmet and black pants. There is a white building behind the man.,"Three rocks sit in a semi-circle on top of a rock ledge.  The rocks each have something painted on them.  The largest one in the middle has a stop sign.  On the right is a light blue circle rimmed in red, with a black line through the center.  On the left is some red lettering in Russian.  Lush trees are in the background.",0.008339388136492263,0.1846153804781066,0.8502301573753357,0.12379986950037286
187,This is an image of a building. The building has a clock on the side of it. There is a white building behind the clock.,There is a clock tower in front of the building. The clock tower is gray in color and it has a total of four facings. The hands are black and the face plate is white. The building behind it is brown in color. The building has long rows of windows on the second story. It has patches of checkered patterns in different spots along the face and at the end of the windows on the second floor. The sky is clear and blue. You can see a tree with no leaves on the right side of the picture.,0.005704670571284593,0.3835616402627135,0.8867626190185547,0.134457451584628
188,A woman is playing tennis on a tennis court. She is wearing a white tank top and white shorts. There is a green tennis ball in front of her.,A person wearing a white tennis outfit is wearing a white visor. They are swinging a tennis racket. There is a person in a yellow shirt.,0.1423412184218882,0.41025640533859303,0.9086297154426575,0.34456768735797694
189,A black and white dog is laying on the ground. The dog has a white collar around its neck. There is a black dog next to the dog.,"A small brown dog is running down the beach, very near the shore, looking at another dog. The other dog is black, and is running through the water right near the shore. You can see waves coming into the shore.",0.01383614183799013,0.24489795435235326,0.8920494318008423,0.1288659793814433
190,A red and white stop sign sits on top of a pole. The sign is red with white writing on it. There is a white building behind the sign.,There are two yellow lights hanging from a black wire. There are two green trees under it. There is a tan building next to the trees. There are several signs next to the building.,0.07797595066988328,0.27906976244456466,0.8978142738342285,0.17431361709968676
191,There is a clock on the wall. The clock is black and white. There is an umbrella over the top of the clock.,This is a photo inside of a pub.  A sandwich on a roll wrapped in a napkind is sitting directly in front of the camera.  Bottles of beer line the counter top.  A man in a striped shirt stands behind the bar.,0.012894812663429994,0.21739129981096417,0.8644052743911743,0.09975062344139649
192,A bathroom with white walls. There is a mirror on the wall above the sink. The sink is white. On the right side of the bathroom there are two white towels on top of a white towel rack.,a bathroom is set up. the tub is white in color. the tub has legs on it. the light is turned on. the mirror is very small.,0.008876856613382535,0.22222221734320996,0.8882043361663818,0.195729537366548
193,A man is standing on a snowboard. He is wearing a black jacket and black pants. There is snow on the ground behind him.,An adult and a kid is on the snow. The adult is teaching the kid how to ski. The kid is wearing an orange jacket and black leggings. He is also wearing a helmet. The adult is wearing a yellow green jacket and black pants. There are bare trees visible.,0.08383721755183013,0.43999999528800005,0.9126385450363159,0.2963475738396624
194,This is a bathroom. The bathroom is white. There are two sinks on the wall. One of the sinks is black and the other sink is silver.,White cabinets are in a kitchen. There is a window above the sink with white curtains. There is a white microwave on the counter.,0.02556795749489219,0.42105262659279785,0.9076139330863953,0.1851851851851852
195,A man is walking on a sidewalk. He is wearing a black jacket and black pants. There is a red stop sign on the sidewalk next to the man.,Many people are walking with raised umbrellas on a city street.  The umbrellas are a variety of colors.  The people are walking on a sidewalk lined with businesses in stone buildings.  The businesses and stores have awnings and several flag poles attached to the front of the businesses.  The flags are American flags.  To the right of the umbrellas is a city street lined with vehicles including one white van. On the sidewalk are also black traffic lights and street signs.  One street sign has a black and white arrow on it and the other sign is blue with white type.,0.005349906033190579,0.21052631191135737,0.866858959197998,0.1056875779284497
196,There are two boats in the water. One boat is white and the other is blue. The boat on the left is red and has a blue sign on it. On the right side of the boat there is a white sign with black writing.,"A large ornate old cruise ship is seen docked at a port. In front of the ship there is a banner which reads ""Brunel's ss Great Britain"" to the left of the ship there is another ship, this one rusty which is flying lags of various countries. To the right there are some warehouses. The sky above is blue with a few fluffy clouds.",0.02611235924864886,0.2564102516765287,0.8623985052108765,0.1921047538714896
197,This is an image of a man. The man is wearing a white shirt and blue jeans. He is holding a black and white frisbee in his hand. There is a large white building in the background.,"Two red, blue, yellow, and cream candle holders sits on a white shelf next to a small plate. On the table below thee are plates shaped like flowers. The wall behind the shelf is cinder block painted white. On the left of the shelf there is an unpainted wooden bookcase.",0.013263396393339146,0.17910447286255304,0.8445522785186768,0.1515086698608259
198,A large white and blue airplane is flying in the sky. There is a large black and white building behind the airplane.,"A large sun hangs in the sky, with a long group of people riding horses below it. They are on a beach, and the reflection of the sun is prominent in the water. You can see footprints in the sand near the foreground of the picture, and tire tracks are imprinted there as well. The sea is rather choppy, and you can see waves forming and crashing down. There are probably 30 horses in the picture, and 10 or 15 riders.",0.0022898152284763517,0.22222221876543213,0.8606781363487244,0.08655126498002662
199,This is an image of a bathroom. The bathroom is white. There is a mirror on the wall above the toilet. It is made of glass. On top of the mirror there are two white tiles. Behind the tiles there is another tile.,There are books sitting on a bed. There are white blankets on the bed. There is a lamp next to the bed. The book on the bottom of the pile is white and green.,0.03708144147671519,0.3673469338775511,0.8890073895454407,0.2985160423078284
200,This is an image of a cat. The cat is black and white. It is sitting on a bed. There is a white pillow on the bed with a black headboard on top of it.,A cat is inside of a sink. The cat is brown and striped with black and is looking at the camera. The cat has a collar on and the eyes are big and yellow.,0.045102240455759224,0.434782603705104,0.8966799378395081,0.24619965288168047
201,A man is standing in front of a wooden bench. The bench is made of wood. There is a silver chain link fence behind the man.,Its the inside of a very large cathedral. It is massive and beautiful. There are a large amount of rows of seats on both sides. The beams on the inside on both sides are white and large. There are gold candle items hanging from the ceiling.,0.010069008553106941,0.23999999520000007,0.8655924797058105,0.10227272727272727
202,There are two horses in the field. One of the horses is white and the other one is brown. There are trees behind them.,Lots of dark colored cows stand on top of a hill. There are trees behind them and long tall grass under them. They have green and yellow tags in their ears.,0.08749753580187636,0.3478260821928167,0.900285542011261,0.23179661716171615
203,A man is riding his motorcycle down a street. He is wearing a black helmet and black pants. There is a red fire hydrant in front of the man.,A pole holds a red sign on it. There are cars lining the street. There is a black fence behind the sign. There are white clouds in the sky.,0.05146852383843664,0.3999999950024692,0.890466034412384,0.21913793103448276
204,A man is standing on a tennis court. He is wearing a white shirt and blue shorts. There is a green tennis ball in front of him.,The man is wearing a white shirt. He has brown hair. He is holding a frisbee. The frisbee is green. It has black graphics on it. He is also wearing black shorts.,0.10563338006614312,0.46511627407247164,0.9081059694290161,0.21802439984258165
205,"A woman is sitting on a bench. The bench is made of wood. She is wearing a white shirt and black pants. There is a red and white sign on the bench that says ""Cars for sale"" on it.",The rain is coming down heavy outside on the street. There is a person crossing the street at the corner. Someone is holding an umbrella with big flowers on it. The sky is cloudy and grey.,0.03948864231460671,0.2857142807142858,0.8728712797164917,0.21728853896686062
206,A man is sitting at a table. The table is made of wood. There is a white table cloth on top of the table with a black handle.  The man has dark brown hair. He is wearing a blue shirt and blue jeans.,There is a woman sitting at the table. There is a black remote on the table. There is a white plate with a white cup on top of the plate. There is a spoon on the plate.,0.146599039828327,0.4583333286458333,0.9083555340766907,0.4501219887462635
207,A bathroom with white walls. There is a mirror on the wall above the sink. The sink is white. On the other side of the toilet there are two white towels on a white towel rack.,A very detailed and neat bathroom. There are wooden accents in a majority white room. The bathroom is vintage and is black on the outside.,0.01670157087178451,0.4166666617013889,0.8782918453216553,0.2631328963617365
208,A man is standing on top of a wooden bench. The bench is made of wood. There is a black and white picture hanging on the wall behind the man.,A clock sits on the ground. There is a white face with golden hands. There is an ornate black and gold design around the face of the clock which more than doubles the side of the clock. The clock sits on a black surface that appears to be the street. People are standing around the clock and five pairs of shoes are visible.,0.019958161808884437,0.3809523764071554,0.8739315867424011,0.1956283474988109
209,There are two horses in the field. One of the horses is white and the other one is brown and black. There are trees behind them.,There are brown and white cows in a field. There is tall grass and yellow flowers in the field. There are trees in the distance around the field.,0.07792875713441709,0.48648648149013884,0.9188556671142578,0.36394884092725815
210,There is a train on the tracks. The train is red and white. There are trees behind the train.,"A gray train is riding on it's tracks. Three train cars with red stickers labeled ""Ringling Bros. and Barnum Bailey"". All around the train tracks there is tall over grown grass, and gavel beside the road near the train tracks. Behind the tracks are a number of trees.",0.007324467123550816,0.35294117248750484,0.8959361910820007,0.22434097068243414
211,This is an image of a cat. The cat is black and white. It is sitting on a bed. There is a white pillow on the bed with a black headboard on it.,There is a silver laptop with black buttons on it sitting on a couch. There is a dog laying on the couch next to the laptop. The dog is white and has black spots on its ears.,0.0579615050777692,0.4888888839111111,0.9061521887779236,0.2984272588286939
212,There is a white and blue train on the tracks. There are trees behind the train.,there is a big yellow bus that is parked. the bus is two stories. there is an ad on the side of the bus. there are four black tires. there is a white bus next to the yellow one. the buses are parked on green grass.,0.01276973876059301,0.2999999956125,0.88909912109375,0.16006316393913295
213,This is an image of a building. The building is made of brick. There is a clock on the top of the building with a black face and white numbers on it. It has black hands and a white face. On the bottom there is,"The cement side of this building has a silhouette of a man painted in black, to resemble a shadow next to the electrical box on the outside.  On the ground by his feet is a silhouette of a cat.  The man holds a red umbrella in his outstretched hand, to protect the cat from rain.  A bowler hat is on his head and he wears a calf length raincoat.  Graffiti is written over the black silhouette of the man, as well as a few places on the wall.  Some is spray painted onto the electrical box.",0.007582318519605869,0.24999999566115708,0.8494579195976257,0.13751375137513752
214,This is an image of a person. The person is wearing a black jacket and black pants. They are holding a red and white frisbee in their hand. There is a tree behind the person that has green leaves on it.,The blue water is off to the side of the park. There are a lot of people standing by the water. Some people are sitting down on park benches underneath the trees. Each tree has leafs that are changing color due to the fall weather.,0.007439692148937028,0.2424242374288339,0.8620598912239075,0.13452914798206278
215,A baseball player is standing on a baseball field. He is wearing a blue and white uniform and a black helmet. There is a catcher's helmet on his head.,"A man wearing a blue baseball shirt, white pants and a blue hard hat is holding a black bat. He is wearing white gloves on his hands. He is standing on top of dirt.",0.08087372054638,0.5777777728395063,0.9063798189163208,0.3486272341993735
216,There is a toilet in the bathroom. The toilet is white. There is also a mirror on the wall behind the toilet.,"The counter top in a bathroom of a hotel room is made of marble and has two white inset sinks. there is a basket of toiletries on the left, and a box of Kleenex on the right. There is a glass shelf behind the counter with a small bottle in front of a card, and two glasses turned upside down. There is a mirror with a decorative frame on the wall behind the sink.",0.025998863636947735,0.40677965739729965,0.8933486342430115,0.20363925323891527
217,There is a train on the tracks. The train is red and white. There are trees behind the train.,"A sign is shown on a sidewalk. The sign is triangular, red and white, and has two people walking on it. There are a couple of cars parked on the street near the sidewalk.",0.019706779976970124,0.44999999545,0.9141677021980286,0.21131595677050224
218,A group of people are sitting at a table. There is a white table cloth on top of the table with a black handle on it. The table is made of wood and there are a lot of chairs behind the tables.,"There are tables that have vegetables on them. There is a pile of raddishes, a pile of carrots, a pile of peas and some potatoes. There is a lady standing there with an apron on.",0.03250804687495712,0.3396226365539339,0.8809652328491211,0.2918266071860843
219,A woman is standing on a beach. She is holding a surfboard in her hand. There is a large body of water behind the woman. The water is calm and clear.,A person in a black suit is sitting on a surf board in the middle of the ocean.  The ocean has a lot of waves that are white.  The man is sitting waiting on a wave to roll by.  The water is very choppy.,0.03134244806461385,0.3272727223537191,0.9063622355461121,0.23695029924538122
220,"This is an image of a bus. The bus is red and white. There is a white sign on the side of the bus that says ""Blue Line"". The sign is black and has white writing on it.",There is a white and red truck parked on the street. There is graffiti on the side of the van. There is a building behind it.,0.17548433488411244,0.5238095189115648,0.9003911018371582,0.4103271931610014
221,A man in a blue shirt and blue jeans is standing on a bench. There is a black laptop on the bench next to the man. The bench is made of wood.,Some people are gaming together in a room. They all have there own computers and are focused on the game they are playing. They all appear to have some snacks and drinks next to them.,0.02022236686101141,0.2799999950720001,0.8791128396987915,0.16828548048528838
222,A man is standing outside on a sunny day. He is wearing a black jacket and black pants. There is a white building behind the man. The building is made of brick and has a clock on the top of it.,A man in a yellow rain coat is walking on the sidewalk. There is a woman standing next to him carrying a blue and white umbrella. There is a lady and a little boy crossing the street.,0.04089820196551589,0.3571428521428572,0.8932797908782959,0.2272727272727273
223,A man is surfing in the ocean. He is wearing a black wet suit and white surfboard. There is a small wave in front of him.,"People are in the water at the beach.  A man is entering the water carrying a white surfboard with a red edge.  He is wearing a blue and white bathing suit.  A bit further down the beach, a couple is standing in the shallow water together looking down at something.  Low waives roll in towards the shore.",0.05135243866133588,0.36065573309325455,0.89751797914505,0.2710494972399734
224,There is a table with a white table cloth on it. There are two glasses on top of the table. The table is made of wood.,A wooden table that has a silver trophy in the middle of it. In front of the trophy are several bowls and dishes containing food. There is a loaf of bread on a block of wood at the front of the table.,0.03886839046783249,0.3749999953125,0.9098964929580688,0.1608910891089109
225,This is an image of a cat. The cat is black and white. There is a small window on the wall behind the cat that has a white curtain on it. On the other side of the window there is another window with a black curtain,A cat is positioned in front of an apple computer and keyboard.  It's fur is blackish brown.  His eyes are green.  A white mouse is sitting on the black mouse pad.  A router is positioned against the wall on the computer desk.,0.0187105881760243,0.30508474077563924,0.8643918037414551,0.25760466210212724
226,There is a bed in a room. The bed has a white bedspread on it. There are two pillows on the bed. One is white and the other one is black and white.,A brown sectional couch in a room with colorful pillows on it. There is a brown leather ottoman in front of the couch. There is a tan and brown rug under the ottoman. There is a fireplace on the wall. Behind the couch is a window and a door that has blue curtains on them.,0.03654128065412989,0.40740740265432096,0.8906797170639038,0.2068643498698901
227,There is a plane in the sky. The plane is white and has a blue tail. There is an engine on the back of the plane.,A lone dark grey plane is flying through a cloudy sky. The sky is completely overcast. The plane has four propellers. Two propellers on each wing. It has a top tail and two side tails.,0.023540590642181947,0.3478260821928167,0.8980938196182251,0.23130715438407742
228,There are two boats in the water. One boat is white and the other is blue. The water is calm and calm. There is a large body of water behind the boats.,The sky is partly cloudy. The water is calm and clear. The train is in motion above the water on the bridge. The train is a royal blue color.,0.1458003009978682,0.43902438524687687,0.9062113761901855,0.327366441457129
229,A baseball player is standing on a baseball field. He is wearing a red and white uniform and a black helmet. There is a white and blue catcher's mask on his head.,"There is a man in a white baseball uniform with green trim that plays for the Spartans and is #14. He is wearing white Nike cleats with green socks and a green hat as well. He has a brown leather baseball glove on his left hand, and has just thrown the baseball, which is in the air, from his right hand. The man is white and has medium length hair. He is standing on the dirt part of the baseball field with neatly trimmed green grass behind him.",0.0162503571135928,0.3333333292833663,0.8759894967079163,0.15088411698627938
230,A cat is laying on a bed. The bed is made of wood. There is a white blanket on the bed and a blue scarf around the neck of the cat.,There is a bed with purple blankets on it. There is one purple pillow and one pink pillow on the bed. There is a blanket on the wall behind the bed. There is a book on top of the bed.,0.05152488025589808,0.3999999950000001,0.9109014868736267,0.2986959679201794
231,A large elephant is standing on top of a large rock wall. The elephant has a long trunk and is looking down at the ground. There is a white building behind the elephant.,Three elephants are in the water. They are all walking in the same direction. They all have very long tusks showing that are not in the water.,0.007434360163166208,0.0930232509464578,0.8786237835884094,0.09057971014492752
232,There is a man sitting on a bench. The bench is made of wood. There are a lot of people standing on the bench watching the man.,"A bald man and a woman with short brown hair sit at a dark brown wood table. On the table there are 4 wine glasses, and a wine bottle. The man appears to be pouring something into one of the glasses. there is also a brown beer bottle on the table.",0.009293654886009422,0.3333333290192044,0.8807952404022217,0.1646090534979424
233,Two giraffes are standing next to each other. The giraffe is brown and white. There are trees behind them.,"This is an image of zebras in the wild. The zebras have black and white stripes. The long and beige grasses are visible. Beside the zebra is a small, bare tree.",0.007657288208606183,0.22727272243801666,0.8892503976821899,0.06711409395973153
234,A large brown and white polar bear is standing on top of a rock wall. The bear has a black nose and black eyes. There is a large boulder in front of the bear.,a bunch of zebras are roaming in the grass. the grass is yellow in color. there are three zebras. they all have stripes.,0.008186841244220632,0.2325581346673879,0.8789675235748291,0.16597510373443983
235,There is a toilet in the bathroom. The toilet is white. There is also a mirror on the wall behind the toilet.,The room is an image of a bathroom. It has a white sink and a silver metal faucet. On the sink is a bottle of hand soap. The bottle is orange and white with orange pump lid on it. On the other side is an orange cup that is full of toothbrushes. The wall is made of tiles. On the wall is a mirror with wooden frame.,0.00499263867512667,0.264150939508722,0.887124240398407,0.12620118343195263
236,A man is standing on a skateboard. He is wearing a white shirt and blue shorts. There is a black and white fence behind the man.,People are playing frisbee outside in the park. A man has his shirt off and he is reaching out to catch the frisbee. Others are running around to position themselves to be catching the frisbee later. The grass is green and there is shade from a nearby tree. There is a stone fence along the park and trees are behind it. There is also a stone pillar by the fence.,0.010955447636244715,0.2985074586233014,0.8696770071983337,0.1701356654570006
237,A man is standing on a skateboard. He is wearing a blue shirt and blue shorts. There is a white fence behind the man.,The woman is reaching up to catch the frisbee. There is a man to the right that is catching a yellow frisbee as he bends down. The trees and the grass are green around and under the people's feet. Three of the people playing are wearing green shirts.,0.01946783934705145,0.2641509389106444,0.8861386775970459,0.1206140350877193
238,Two men are standing on a tennis court playing tennis. One of the men is wearing a white shirt and blue shorts. He is holding a black and white racket in his hand. The other man is standing in front of him with his back to,there are people playing tennis. one of the players is wearing a blue shirt. his shorts are white in color. he is holding a black racket. the stands are filled with people.,0.09771116348904384,0.499999995088889,0.9038402438163757,0.48970087036810733
239,There are two elephants standing in a field. There are trees behind the elephants. The elephants are standing on the grass.,"There are three elephants outside. People are on top of the elephants riding them over the field. There is green grass, green bushes, and trees with green leafs by the field. Off in the distance you can see mountains. The sky is blue, but also cloudy.",0.011153399222276488,0.35999999596800003,0.9014215469360352,0.16091954022988506
240,There are many boats in the water. There is a man in a blue shirt and blue shorts standing in front of the boats. He is holding a white frisbee in his hand.,There are several long boats in the water. There is a woman wearing a white hat. There are several bananas and fruits in the boat. There is a man on the dock.,0.26146674157382505,0.49999999501033066,0.925051748752594,0.3476915780055838
241,This is an image of a street. The street is very busy with traffic. There are many cars on the road. Some of the cars are red and some of them are blue. A lot of people are walking down the street and there are,A sign is on a pole near the street. The pole is black and the sign is white and red. A bunch of cars are parked on both sides of the street. The sky is filled with cloud.,0.01943331140402382,0.46428570934311225,0.8867125511169434,0.26920438957475995
242,A black and white cat is sitting on top of a wooden bench. The bench is made of wood. There is a silver chain link fence behind the cat.,a bird is on a rock. the bird is brown and red. the bird is very small. the bird has very jagged feet. the bird has black eyes.,0.01120952841014909,0.30769230285338595,0.8746339082717896,0.17793594306049826
243,A woman is sitting at a table. She is wearing a white t-shirt and blue jeans. There is a glass of water in front of her. The table is made of wood.,"There is a table full of food and drinks. There are white plates, silverware, and white cups and saucers. One of the cups holds coffee. There are two clear vessels with silver lids and black handles. Several people can be seen sitting around the table.",0.02599067953654517,0.2758620641141499,0.8820129632949829,0.14874141876430202
244,There are two elephants standing in a field. There are trees behind the elephants. The elephants are standing on the grass.,A large elephant is walking on a field. The elephant has large white trunks on the mouth of it. There is a large tree next to the elephant.,0.022513775571164657,0.3529411716262976,0.9209823608398438,0.18315018315018317
245,This is an image of a pizza. The pizza has cheese on top of it. There is a black and white pizza cutter on the table.,A teenage boy sits at a table in a restaurant. He has short black hair and is wearing a short sleeve t-shirt. He is putting food up to his mouth. A large circular white plate with a black stripe around it sits before him. French fries and a foot-long hot dog with chili are on the plate. A full glass with a straw  and utensils also sit on the wooden table. A white shopping bag is visible beside the boy in the booth he sits in.,0.0028452580887961573,0.23376622992072865,0.8545440435409546,0.08125
246,A black and white cat is sitting on top of a wooden bench. The bench is made of wood. There is a white wall behind the cat.,An average sized cat is standing in the tub. The tub is white and is not filled with water. The shower curtain is clear and on the right side. The washcloth is dark colored and hanging from the tub. The tub has a silver drain and stopped. The cat is standing in the middle of the tub while facing the wall.,0.006417069354326289,0.35087718842720844,0.882387101650238,0.11284722222222221
247,A black and white cat is laying on a bed. The bed is made of wood. There is a white blanket on top of the bed and a blue blanket next to it.,A gray and black cat is standing on a counter. The counter is white and brown. There is a coffee mug sitting on top of the counter in front of the cat.,0.1419732444669404,0.5909090859090911,0.926845371723175,0.44627678394214754
248,A man is skiing down a hill. He is wearing a black jacket and black pants. There is snow all around him.,A man is skiing down the mountain. There is a log of white fluffy snow. The man is wearing a red hat and blue snowsuit. He is holding ski poles in his hands. He gas black gloves on his hands and sunglasses on his face. Behind the man are trees that are covered in snow.,0.05963879864653084,0.4210526272576177,0.9162992238998413,0.20511783049776972
249,A man is standing on top of a snowboard. He is wearing a black jacket and black pants. There is snow on the ground behind him.,A man stands in the snow. He is holding a black pole. There are trees behind the man. There are tracks in the snow. The man is wearing a dark colored cap.,0.05313714444445726,0.46511627407247164,0.9204061627388,0.3377258546730794
250,There are two giraffes standing in a field. There are trees in the distance behind them.,"The head and neck of a giraffe is seen behind a small knoll which is partially grassy area and partially rocky. There are two wooden poles in the grassy area, as well as two light green rectangles which may be steps. There is a strip of black material suspended between the poles. The giraffe is seen in profile. Its mouth is closed. There is grass and rocks visible behind the giraffe's head, as well as some dirt pathways and more grass. A number of tree trunks are seen rising upward from the grass behind the giraffe.",0.0006133907842534444,0.19718309560007938,0.8712535500526428,0.06818181818181818
251,This is an image of a clock. The clock has a white face and black hands. There is a black clock on the side of the clock with white numbers on it.,There are two clocks at a tower near a larger building behind it.  The two clocks are black with white faces.  The numbers are roman numerals and the right clock reads 12:15 while the left clock reads 11:40.  The tower has detailed architecture which makes it appear very old.  There are ornate golden decorations also visible on the clock tower.,0.011557852324807768,0.34374999559082037,0.8769309520721436,0.19512062332131536
252,There is a bed in a room. The bed has a white blanket on it. There are two pillows on top of the bed.,A bed covered in white blankets and pillows sits in the corner. There is a silver laptop sitting on the bed. The apple logo on the screen is lit up. There is a poster hanging on the wall. The walls of the room are white as well. The laptop on the bed is open. There is nobody in the room.,0.01626470302369707,0.4528301841936633,0.8977444171905518,0.2344566668274875
253,A man is skateboarding on a skateboard. He is wearing a black helmet and black pants. There is a white line painted on the ground behind him.,two legs are riding on a skateboard. the skateboard is in the air. the skateboard is black in color. there is another person skateboarding in the background. the skate park is surrounded by mountains. there is a grey rail next to the ramp.,0.02856265209833548,0.2857142808163266,0.8901004791259766,0.19293727791751505
254,A man is standing on a snowboard. He is wearing a black jacket and black pants. There is snow on the ground behind him.,There are two people dressed in winter gear on snowboards in mid air. The hill is covered in white snow. There are people standing on top of the hill in the back round. You can also see trees covered with snow. The sky is cloudy and looks cold.,0.008706282431010433,0.25925925469821676,0.892991304397583,0.09868421052631579
255,This is an image of a man. The man is wearing a white shirt and blue jeans. He is holding a black and white frisbee in his hand. There is a large white building behind the man with many windows on it.,There is a cake in a white box. The box is sitting on a table. There is an empty white plate sitting next to the cake. There is a person holding a knife cutting the cake.,0.04217599091817322,0.30769230287721894,0.8839867115020752,0.2708605139259175
256,There is a train on the tracks. The train is red and white. There are trees behind the train.,"This is a large, black and red train. A jet of steam comes out the side and hits the ground. the train has three headlights on the front as well as an identification number. the door to the front car is slid open and a man stands at the rear of the car doing something. There are trees in the background behind he train.",0.008247191143717247,0.3666666630888889,0.8990570306777954,0.17004668534080303
257,This is a bathroom. The bathroom is white. There are two sinks on the wall. One of the sinks is black and the other sink is silver. Both sinks are made of metal.,Black cabinets are above a kitchen cabinet that isn't finished. There is a ladder leaning against the wall. There is a white door on the hall leading into the kitchen.,0.02350951106162626,0.34782608195652176,0.8791925311088562,0.22665902953931755
258,A black and white truck is parked on a dirt road. The truck has a black seat with a white stripe down the side of the seat. There is a green fence behind the truck.,"The image is a black and white photo. A young boy is sitting in the space between the poles of two parking meters off the ground. His arms are wrapped around the two meters and his feet are tucked behind the main bar supporting the two meters. He is smiling with his mouth wide open. He is dressed in warm weather clothing including dark shorts, a striped t-shirt, tennis shoes, and socks. His hair appears to be light colored. To the boy's left there is an older model car parked in a parking space. In the distance behind him there are several older model cars parked in a parking lot. The area is surrounded by mature trees. The concrete of the parking area in the foreground is stained from previous vehicles' fluid leakage. From the content of the photo and the models of vehicles, it appears this is a vintage photograph.",0.001968689485579598,0.20168066904879606,0.8518239855766296,0.09640149250757211
259,There are two motorcycles parked on the street. The motorcycles are red and white. There is a black motorcycle next to the red motorcycle.,a bunch of cars are in a parking lot. there is  black motorcycle that are parked. the motorcycle is clean and shiny. there is a white building in the background. the sky is blue in color.,0.017580273289595463,0.4285714236734694,0.8953170776367188,0.20114942528735633
260,There are two tables in the room. There is a white table cloth on top of the table. The table is made of wood and the wood is light brown in color.,A tall brown and white cake is sitting on a table. There are red and yellow flower petals around the cake. There is a white plate on the table with a fork on top of it.,0.11927614121441535,0.46808510140334997,0.8981658220291138,0.29889396067415724
261,A man is walking on a sidewalk. He is wearing a black jacket and black pants. There is a red stop sign in front of the man.,"This photo is taken outside on a sunny day. A woman is walking on a sidewalk while looking at her phone. She has a large black purse on her shoulder. A tall red fire hydrant is sitting on the sidewalk beside the woman. There is a gray car on the road in front of the woman. A gray fence can be seen across the street, surrounded by vehicles.",0.05142759185150255,0.35294117220155713,0.9019323587417603,0.19757433489827853
262,This is an image of a street. The street is very busy. There are many cars on the road. Some of the cars are red and some of them are blue. One car is white and the other one is black and white. A,a yellow taxi got into an accident. he hit a tree and crashed. there is a cop car next to him. The man is talking with the cop. there is a store right next to the accident.,0.007443229846793787,0.2499999950255103,0.8651823401451111,0.15915119363395228
263,A man is surfing in the ocean. He is wearing a white surfboard. There is a large wave behind him.,A surfer is wearing a black wet suit. He is standing on top of a white surfboard. There are large waves in the water behind the man. The sky is blue.,0.13162531321077406,0.5454545407128101,0.9446961283683777,0.44817359949832775
264,A man is standing on a baseball field. He is wearing a blue and white uniform and a black helmet. There is a man in a white shirt and black pants standing in front of him.,"A batter is swinging his bat to hit the baseball. He is wearing a black helmet and a white uniform. The catcher is behind him with a red mask on his face, and behind him is the umpire with a black helmet. There is green grass on the field.",0.14383097648667353,0.5090909042247935,0.9041839838027954,0.30032462818748284
265,This is an image of a kitchen. The kitchen has a white counter top. There is a silver microwave on top of the counter.  The microwave is white and black. It is sitting on a metal rack. A white refrigerator is next to,"The plate is colorful. At the center of the plate is a white, creamy dip. On the plate, there is  cucumber, broccoli, carrots, tomatoes and red peppers. Beside the plate is a knife with black handle.",0.016120076571734802,0.1851851801851853,0.8576347827911377,0.17711171662125338
266,A man is standing on top of a snowboard. He is wearing a black jacket and black pants. There is snow on the ground behind him.,A child in a blue and black coat and black pants is stanind on a snow board apparently watching an older man in a white coat who is walking off.  Snow covers the ground and is well tracked.  To the right of the boy on the board is a line of people waiting.,0.012039240355086585,0.38596490762696223,0.8998779058456421,0.19708737196199963
267,This is an image of a bathroom. The bathroom is white. There is a mirror on the wall behind the toilet. It is made of glass. On top of the mirror there are two white towels on a white towel rack. Next to the,A gray cat is sitting on a closed toilet and looking down at an orange cat. The orange cat is looking up at the gray cat. The toilet seat and lid are light wood. The toilet itself is white and so are the tiles on the floor. The toilet paper roll hangs on a metallic holder.,0.01303487853087222,0.290322575665973,0.8620023727416992,0.19931455607901816
268,There is a plane in the sky. The plane is white in color. There are people standing on the ground behind the plane.,A white airplane is taking off from the ground. There is blue writing on the side of the airplane. There are white vans on the ground below it.,0.05427519262013437,0.3999999950367347,0.9196892380714417,0.286820871436256
269,The image is of a plane flying in the sky. The plane is white and has a blue tail. There is a large body of water behind the plane.,Two people are skiing on snow. One of the people is wearing a white coat and orange pants. They are holding black ski poles. There is a person standing behind them also in the snow.,0.0407613265240788,0.3265306074135777,0.8953636288642883,0.24790051679586564
270,There are two boats in the water. One boat is white and the other is blue. The water is calm. There is a large white building behind the boats.,A boy is sitting at a small dock. The boat has small wooden benches on it. Above the boat is a bridge that has people walking on it.,0.021420126246974036,0.24390243402736475,0.8938360810279846,0.17067325150700852
271,A man is standing on top of a snowboard. He is wearing a black jacket and black pants. There is snow on the ground behind him.,There is a man in a brown shirt standing on the grass. There is a yellow frisbee in front of the man. There are trees behind the man.,0.02867530913598866,0.4102564052859961,0.9115940928459167,0.26541266986410866
272,This is an image of a train. The train is red and white. There is a yellow line on the side of the train and a blue line in the middle of it. On the left side there are two yellow lines. Behind the trains,"An abandoned train is shown on the tracks. There are some graffiti words on the train. The color of the writings are green, yellow, black, white, and a gray color.",0.0206482193474776,0.3773584856105376,0.8788751363754272,0.282610229276896
273,A woman is standing on a tennis court playing tennis. She is wearing a white tank top and white shorts. There is a green tennis ball in front of her.,Two people are playing tennis. They are wearing white uniforms. The woman is wearing a tennis skort. She is swinging her racket. The dirt under her is light brown.,0.05628280349126577,0.3999999950024692,0.9104944467544556,0.30530232029763427
274,This is an image of a bathroom. The bathroom is white. There is a mirror on the wall above the toilet. It is made of glass. On top of the mirror there are two white towels on a white towel rack. Next to the,A wooden desk with a laptop on top of it. There is a silver keyboard in front of the laptop and a mouse next to the keyboard. There are wires coming off of the laptop. There is a wall behind the desk and there is a blue note stuck to the wall.,0.03489786008674962,0.33333332833888896,0.874389111995697,0.29129406637396693
275,A woman is standing on a tennis court playing tennis. She is wearing a white tank top and white shorts. There is a green tennis ball in front of her.,There are people on the tennis court. There are bushes and trees behind them. They are all wearing white shirts and holding tennis rackets.,0.010156971830473335,0.33333332837868485,0.9036028385162354,0.14227642276422764
276,The image is of a large brown and white bird. The bird is standing on the ground. There is a white building behind the bird and there are trees behind it.,three birds are perched onto a handrail. the handrail is made out of wood. the wood is dark brown in color. the birds have white necks.,0.010448426281447131,0.29268292183224276,0.8856676816940308,0.2784329140461216
277,A motorcycle is parked on the side of a road. The motorcycle has a black seat and the front wheel is down. There is a red and white sign with black writing on it.,A bicycle is parked at a metal bicycle stand. There is a gold color lock attached to the bicycle stand. The bike is leaning onto the side of it. There is a black and gray bag attached to the bicycle. Behind the bicycle is a road with a large bus on it. The bus is white and blue and has an orange digital sign on the front.,0.029035917852102834,0.5538461491124261,0.9110832214355469,0.22673543700593574
278,A black motorcycle is parked on the street. There is a white building behind the motorcycle.,A black vehicle with rain on it.  The inside of the car has black interior  A bird is sitting by the window.  The bird is white on top and with wings and tail are light blue.  The bird is looking into the mirror.  There is a bush on side of the car with purple flowers on it.,0.0070198857890864524,0.3265306083465223,0.8773177266120911,0.15099439141370744
279,A wooden bench is sitting on top of a hill. There is a white building behind the bench.  There are trees in front of the building.,A large barn is surrounded by wooden and metal fences. In front of the barn is a paved street. The roof of the barn is grey and the walls are painted white. The doors are bright white. There are many pastures surrounding the barn.,0.030264380618511964,0.4081632605581008,0.8968249559402466,0.21474242126812307
280,A wooden bench is sitting on top of a hill. There is a white building behind the bench.  The bench has a red and white sign on the side of the building.,"A single red bench sits on the brick patio near the water. There is a short wall at the end of the patio, looking out over the water. The water spans as far as the eye can see, and is a bright blue. The sky is light blue above the water. There are dark shadows cast on the patio from unseen objects as well as from the bench.",0.018187194365106532,0.27692307254911247,0.8747354745864868,0.18936787047710807
281,There is a train on the tracks. The train is red and white. There are trees behind the train.,There is a white and yellow train with red doors next to a red and yellow train. They are on top of the railroad tracks. There is a brick walkway next to the trains.,0.03722198291259415,0.540540535836377,0.9173510074615479,0.29513343799058084
282,A baseball player is standing on a baseball field. He is wearing a blue and white uniform and a black helmet. There is a white fence behind the player.,A man is standing on a field. The turf is green. It is night time. He is dressed in pants and a long sleeve shirt. He also has a winter hat on. He just got done throwing a Frisbee in the air. In back of him is a white brick wall and a blue trash can.,0.06446865610173108,0.32258064079084287,0.8996788859367371,0.18599427410297523
283,There is a red and white sign on the side of the building. The sign is white and has a black arrow on it. There are a lot of trees behind the sign.,"A bricked sidewalk is showing little action. The gray brick sidewalk lines a red brick building. The building contains a street light at the top of the wall. There is also a sign on the wall that reads Copper Alley Nite Club Now Open, with a black double door for its entrance. On the sidewalk is a pole that has a no parking sign. There are two bicycles parked against the silver pole.",0.01998955970778233,0.356164379463314,0.8825591802597046,0.1916428407111637
284,A man is standing on top of a skateboard. He is wearing a black jacket and black pants. There is a white building behind him.,A man with skis is skiing up a hill with ski poles. The slope is white and smooth and the sky is cloudy and grey. There are skinny pine trees in front of the skis. The skier is wearing a black jacket and a red and black backpack. His ski pants are grey.,0.08416171091761178,0.4285714239795918,0.9032084345817566,0.2669400522908366
285,"This is an image of a street. The street is made of concrete. There is a red and white sign on the side of the street that says ""Road to the Sun"". The sign is white and black. It says that the sky is",The back of a stop sign on a pole is at the intersection of 13th Street and an unknown avenue at dusk. Six power lines run from a building in the distance. The windows on the building are small and high privacy windows.,0.01927811464498836,0.3103448226397147,0.8446828126907349,0.19721577726218095
286,A man is sitting on a bench. The bench is made of wood. There is a black and white picture hanging on the wall behind the man.,There is a black bear sitting in a green chair. There is a woman in a blue shirt and a man in a pink shirt kneeling behind the chair. There is a silver fence behind them.,0.08804017361919018,0.43902438524687687,0.8999847769737244,0.2860803452519429
287,A man is standing on a baseball field. He is wearing a blue and white uniform and a black helmet. There is a white fence behind the man.,The picture is of a baseball team and the coaches together. They have old style uniforms on. In front of the row of players there are baseball bats on the ground. The picture was taken out in a open field.,0.013085415044256945,0.2745097991541715,0.8876515626907349,0.1288659793814433
288,There is a plane in the sky. The plane is white and has a blue tail. There are trees behind the plane.,a plane is flying in the sky. the plane is very white in color. there is a logo on the tail. the logo is in the shape of a leaf.,0.05315035301891676,0.4848484798530762,0.9215583205223083,0.2875139781940173
289,A man is standing in front of a building. He is wearing a black jacket and black pants. There is a white building behind him.,"Four people wearing old-fashioned clothing stand posing in front of the camera. They are in a large building with a bright ceiling, and there is a black train behind them. There are two men on either side of two women. The man on the far left has a black suit, black shoes, and a black top hat. The woman to his right is wearing a white, pink, and green dress, with a white hat, and a broach pinned to her chest. She is holding a white satchel in her white-gloved hands. The woman next to her is also wearing white gloves and holding a white satchel. This woman has a green dress on, with lace on the trim. The man next to her is wearing a checkered vest underneath a dark long coat and dark pants. He has a black top hat.",0.0009093182149620599,0.3092783473652886,0.8742233514785767,0.08442056792018418
290,There is a large white boat in the water. The boat is blue and white. There are two people on the boat. One of the people is wearing a blue shirt and blue shorts.,a bunch of birds are on the ocean shore. the shore is very shallow. the birds are white in color. you can see their reflections in the wet sand.,0.020588815727980117,0.37209301825851815,0.8776284456253052,0.18644067796610167
291,This is an image of a bathroom. The bathroom is white. There is a mirror on the wall above the bathroom wall. It is made of glass and has a black and white picture frame. On top of the mirror there is another mirror.,There are wooden cabinets on the wall above a wooden counter. There is a window above the counter with white curtains on it. There are red peppers hanging from a white planter on the ceiling.,0.0902349678619119,0.32653060729695965,0.8825570344924927,0.2671820817463476
292,A young boy is playing tennis on a tennis court. He is wearing a blue and white shirt and blue shorts. There is a white net in front of the boy.,Two men are jumping in the air trying to catch a frisbee. The frisbee is white. There is a house behind them with some trees in front of it.,0.055567822622152444,0.3404255269352649,0.8913639783859253,0.2817943514290546
293,This is an image of a cat. The cat is sitting on a bed. There is a black and white bedspread on the bed with a white blanket on top of it.  The bed is made of wood and has white sheets on it,A cat is lounging on a flat screen TV.  The cat has white paws.  The TV is mounted on the wall.  A bed is reflected on the screen of the TV.,0.022925671099658314,0.45454544963842974,0.8841565847396851,0.34553868897768536
294,A man is standing on top of a horse. The horse is wearing a black helmet. There is a man in a blue shirt and blue pants standing behind the man.,There is a man in a yellow shirt riding on top of a brown horse. There is rope in his hands and he is trying to rope a white cow. There is a wood fence behind the man.,0.23115413552816272,0.5106382929289273,0.9177281856536865,0.4230898123324397
295,A man is standing on top of a skateboard. He is wearing a blue shirt and blue shorts. There is a white building behind him.,There are several people sitting on bicycles. They are on a beach and there is water behind them. A lady in a yellow shirt is standing next to a bike.,0.020528677556972845,0.355555550617284,0.915522575378418,0.2033898305084746
296,This is a picture of a kitchen. The kitchen is made of wood. There are pots and pans on top of the wooden counter top. They are all white in color. On the left side there is an oven with a white oven door.,"A wooden table is next to a white stove. On the table are an apple, a pomegranate, a plastic container with brown food items, a container with cooking utensils and several other food related items. The tiles behind the table are beige and brown.",0.017419743019031778,0.34374999500000003,0.8714740872383118,0.18181818181818182
297,A woman is sitting at a table. She is wearing a white t-shirt and blue jeans. There is a glass of water in front of her. The table is made of wood.,"A girl in a purple and black shirt sits at a table in front of a plate. On the round yellow plate there is a slice of pizza with macaroni on top of it, and a long handled silver fork. the table is wooden with a white pebbled section n the middle. Near the camera there is a green water bottle.",0.023689884183441385,0.3333333287052342,0.8946141600608826,0.23853270223752146
298,A black and white photo of a man riding a motorcycle. The man is wearing a black helmet. There is a white building behind the man.,This image is of a bench sitting along what appears to be a paved walkway.  There is a area of grass behind the bench that has small red flowers blooming in it.  In the background are trees and 2 bright red double decker buses.  you can also see some city building in the far distance.,0.01939745159846623,0.2499999959570313,0.8742762207984924,0.1739372394916467
299,A man is skateboarding outside on a sunny day. He is wearing a black helmet and black pants. The skateboard is black and white. There is a white fence behind the man.,A young man flying through the air on a skateboard. The skateboard is gray in color. The young man on the skateboard is wearing gray pants and a white shirt. There is a crowd watching the young man on the skate board. There is a wall separating the man from the crowd.,0.03878845281281712,0.479999995072,0.9202587008476257,0.25583333333333336
300,There is a large airplane in the sky. The plane is white and has a blue tail. There are two large windows on the side of the plane.,A plane that is red and blue is flying in the air. There are several white clouds behind the plane. There is a white stripe on the plane.,0.06648275686882005,0.536585360856633,0.9241079688072205,0.35405338606030645
301,A man is sitting on a bench. The bench is made of wood. There is a white wall behind the man.,A man is in a blue shirt and jean overalls. He is wearing a white and black hat on his head. There is a white refrigerator in front of him. There are white trucks behind him.,0.09210621438754298,0.42857142385487534,0.89175945520401,0.2471819645732689
302,A young boy is standing on a grassy field. He is wearing a blue shirt and blue jeans. There is a white fence behind the boy.,There is a large brown dog standing next to a woman. The woman is holding a blue frisbee in her hand. There is also another person standing next to the dog.,0.04436587338963163,0.29268292183224276,0.8994321823120117,0.20836065573770488
303,A man is sitting on a bench. The bench is made of wood. There is a black and white picture hanging on the wall.,a little girl is eating a slice of pizza. she is holding it in her hands. the pizza is pepperoni. The table is blue and there is a red plate on the table beside a plastic white fork. the kid is wearing a bib which is white in color and there is a mess on top of the table.,0.00724538433300206,0.25925925469821676,0.8824992179870605,0.18230230230230227
304,A man is skateboarding outside on a sunny day. He is wearing a black helmet and black pants. His skateboard is black with a red stripe down the side of it. There is a white fence behind the man.,A man is wearing a black cap and jumping off of a skateboard. The skateboard is green and red. There is a red brick building behind the person.,0.13623513331226458,0.47999999512800007,0.9273397922515869,0.5269186712485683
305,There are two boats in the water. The boats are white and blue. There is a large body of water behind the boats.,a kite is in the sky. the kite is light blue in color. people are flying the kites. the sky is very blue and has wispy clouds in the sky.,0.01767046494249928,0.3428571378612245,0.8878518342971802,0.136518771331058
306,A man is sitting on a bench. The bench is made of wood. There is a black and white picture hanging on the wall behind the man.,A little girl with a brown hat on and she has long hair underneath the hat.  She is wearing a blue and pink top that is a little off her shoulder .  She is eating a piece of cake out of her hands her fingers have cartoon character wrapped around them and a person in black clothing is sitting on the right side of her.,0.014780721882870905,0.276923072662722,0.8659439086914062,0.12254901960784315
307,There is a plane in the sky. The plane is white and blue. There are people on the ground behind the plane.,Some planes sit on the ground. The ground is covered in mostly green grass. The plane in the front is mostly silver with some red and black signs. There is a black plane and a red plane behind it. Many tall trees are behind the planes. The sky above is blue. There are no clouds in the sky.,0.028082340918871778,0.5490196035371012,0.89402174949646,0.2449792243767313
308,There are two motorcycles parked on the street. The motorcycles are red and white. There is a man riding the motorcycle. He is wearing a black helmet.,A hot rod truck sits in a parking lot.  A surfboard is resting on top.  The truck is antique looking.  It has fancy wheels with fenders.  The hood has exhaust pipes sticking out.  The truck bed is covered up.  The truck is painted black.  A modern conventional car is parked nearby.,0.0044913425808808735,0.2033898259235853,0.8775303363800049,0.10288065843621398
309,There are two boats in the water. The boats are white and blue. There is a large body of water behind the boats.,"A person stands, wearing a wetsuit, on a surfboard surfing in the waves of the ocean. While another surfer sits on the surfboard looking on at the surfer. Two heads can be seen bobbing in the distance behind the ocean wave. A concrete pillar is in the foreground of the beach.",0.008432876329337452,0.23529411320261448,0.8744432926177979,0.1037344398340249
310,A large brown bear is standing on top of a rock wall. The wall is made of stone. There is a small brown building behind the bear.,"A man in an elaborate blue, red and gold eastern style costume is standing in front of a stand on which two large brown bears are on four paws and appear to be kissing the man on his cheeks. Behind them is a cloth with has small bears and trees painted on it. A large large with rope on it is in front of them.",0.008788669813993252,0.31249999570312503,0.8772218823432922,0.15372880923202614
311,A black and white dog is sitting on a bench. The bench is made of wood. There is a white fence behind the dog.,A red fire hydrant is in the dirt. There are green bushes all around the hydrant. There is a brown leaf on the ground in front of the hydrant.,0.040635603613651344,0.3589743540039448,0.8948876261711121,0.24149880875027072
312,There is a table with white plates on it. There are two glasses on top of the plates. The table is made of wood and has a white table cloth.,Two people are sitting next to each other at the table. On the table are drinks and many dishes of various foods. In the middle of the table is a cutting board with a whole pizza on it.,0.02283908558964583,0.3529411716262976,0.8964075446128845,0.2150537634408602
313,A man is riding a motorcycle. The motorcycle is red and black. There is a large white building behind the man.,"A parade is going down the street in a town in a residential area. There are there police officers on motorcycles in the front, and behind them there is a police car. People are standing on the sidewalk watching as the parade goes by.",0.009409919694450196,0.21276595295608883,0.8790031671524048,0.19154923994688547
314,A man is riding a motorcycle down a street. The motorcycle is red and black. There is a red stop sign on the side of the motorcycle.,"A man in a black t-shirt, black leather vest, and blue jeans is sitting on a dark red Kawasaki motorcycle with a USA flag on the back. The rider is wearing a helmet with a design painted on it, and looking off to his left. On the left of him there is a white car in front. And there is a gray car behind him. There are two trucks and two cars going the opposite direction on the left of the street.",0.004715601409756022,0.3561643797110152,0.8904284238815308,0.1811601307189542
315,A plane is flying in the sky. The plane has a red and white logo on the side of the plane. There is a large white building behind the planes.,There is a large gray plane with people standing next to it. There is a person in a blue shirt next to the plane. There are cars next to the plane.,0.12172624952548478,0.34146340966091615,0.9082914590835571,0.1941747572815534
316,A man is standing in front of a brick building. He is wearing a white shirt and blue jeans. There is a black and white sign on the building behind the man.,A white and brown building is in front of a brick sidewalk. There is a person standing behind a silver table. There is a yellow cart in front of the window on the building.,0.18048898145940426,0.5652173863043478,0.9142442345619202,0.4565001543023521
317,A black and white photo of a man riding a skateboard. The man is wearing a black helmet and black pants. There is a white building behind the man.,An old steam locomotive is chugging down the tracks through a wooded area. There is a steamstack on it that has smoke billowing from it. The train has many open windows and it is filled with people.,0.031063567867098525,0.1999999952880001,0.8548194766044617,0.11049723756906078
318,A white desk sits against a white wall. There is a laptop on top of the desk. The desk is made of wood and has a black keyboard and mouse on it.,A flat screen computer is positioned on a contemporary desk.  There is a flexible desk lamp to the side.  On the opposite side is a set of speakers.  On the front left edge is a large pair of headphones hanging from the corner.  An ergonomic office chair is in front of the computer and facing a red wall.,0.021204651085543244,0.2903225759781478,0.8854551315307617,0.17894394963336788
319,There are two horses in the field. One of the horses is white and the other one is brown. There is a fence behind them.,There is a wood fence with bushes and trees in front of them. There is a large brown cow behind the fence. The cow is standing in a field of grass. The sky is blue and there are no clouds in the sky.,0.030201996970640046,0.46808510156631966,0.9023590087890625,0.1941747572815534
320,There is a red and white sign on the side of the building. The sign is on top of a metal pole. There are trees behind the sign.,There is a black steel fence with a white and black sign on the front of it. There is a yellow and orange building behind the fence. There is a brick building next to them.,0.05689834056337247,0.47619047123582764,0.9281262159347534,0.30917177366573456
321,A black and white dog is sitting on top of a white bench. The bench is made of wood. There is a black fence behind the dog.,"Two birds stand next to each other.  The birds seem to be of the same species, only male and female.  One bird has an elaborate growth coming from the top of its head.  Its head is black with white stripes.  The other bird's head does not have a growth or any stripes.  The birds are standing on flat ground next to some green grass.",0.005742245956975765,0.2898550684730099,0.8647695779800415,0.1077943615257048
322,There are two giraffes standing in a field. The field is green and brown. There are trees in the distance behind them.,There are two zebras standing on dirt. They are both facing away in the same direction. There are several bushes on the ground next to them.,0.05610565011832769,0.3589743540039448,0.922254204750061,0.24824218750000002
323,There is a bed in a room. The bed has a white blanket on it. There are two pillows on top of the bed.,The image contains a bed with an intricately carved headboard and foot board.  A flowery blanket covers the bed along with two pillows.  A blue piece of material is draped over the foot board.  Two gold-framed mirrors of differing sizes are standing against the wall.,0.010431507268735632,0.32727272286942155,0.8928362727165222,0.19569715998287424
324,This is an image of a train station. The train is red and white. There is a yellow line on the side of the train. It is dark blue and has a white stripe down the middle of it. On the left side there is,a train is on the tracks. the train is red in color. the tracks are black in color. there is nobody on the platform. there is a sign above the platform.,0.039830420674981895,0.3111111065283951,0.8728200197219849,0.33711227386204307
325,A black and white dog is sitting on a bench. The bench is made of wood. There is a white fence behind the dog.,A rear view mirror on a car. It is black around the rim. There is a white and gray dog in the reflection of the mirror. There is a large tree in front of them.,0.09153930374092882,0.5116279021092484,0.89793860912323,0.31388274336283184
326,A woman is sitting at a table. She is wearing a white t-shirt and blue jeans. There is a pizza on top of the woman's plate.,There is a man sitting at a table wearing a green shirt and a gray jacket. There is a pizza on the table in front of him on a wood serving board. There is a salad and a sandwich on a plate on the table.,0.10764524470445223,0.4999999950347222,0.9281710982322693,0.2589535882593791
327,A woman is sitting at a table. She is wearing a white t-shirt and blue jeans. There is a pizza on top of the woman's plate.,A man is presenting a woman with some desert. There is some cheesecake and icecream with a candle. They are in a very nice restaurant and they are both smiling.,0.019188144621297375,0.2222222172246915,0.8781745433807373,0.19728061394728064
328,A wooden bench is sitting on the ground. There is a black and white clock on top of the bench. The clock is black with white numbers on it.,The sun's rays are shinning through the trees in the back ground. The trees are tall and they produce a lot of shade. There is a white table in the foreground. On the white table is a zip lock bag. In the bag is three or four rolls of what appears to be some kind of processed meat. The meat are in rolls such as what you would expect bologna or sausage to be.,0.009791851559214183,0.23529411349480975,0.8665856122970581,0.12808952837729817
329,This is an image of a bathroom. The bathroom is white. There is a mirror on the wall above the toilet. It is made of glass. On top of the mirror there are two white towels on a white towel rack. Next to the,The room is being finished. There are bare walls. There is no sheetrock. The bath tub is white. It is just sitting in place. The wood beams are thin.,0.016966894962302866,0.23529411274125347,0.8710627555847168,0.2586089824425259
330,A man is skateboarding outside on a sunny day. He is wearing a black helmet and black pants. The skateboard is black and white. There is a white fence behind the man.,A person is riding on a skateboard. The skateboard is black with yellow wheels. The person's shoes are black with green socks. Pants are black. Two hands are hanging by the side of the body. The ground is nicely tiled with a sort of brick.,0.06841131583404646,0.30188678759700965,0.8986202478408813,0.16884375794558862
331,A large brown bear is standing on top of a rock wall. The wall is made of stone. There is a large boulder in front of the bear.,A white polar bear is relaxing in water. The water is blue and calm. The polar bears back paw is sticking out of the water. The paw has black padding. The water is enclosed by a rock like wall. The polar bear has closed eyes. The mouth is in a frown.,0.014105878930817831,0.38461537988165684,0.8906031847000122,0.1969576331559318
332,There are two horses in the field. One of the horses is black and the other one is white. There is a fence behind the horse.,There is a road that has sheep standing on it. There is a person riding a bicycle going down the road in front of them. There is tall grass and trees around the road.,0.03658166684688232,0.272727267820248,0.8890106081962585,0.20686049985064228
333,A boy is standing on a skateboard. He is wearing a blue shirt and blue shorts. There is a white fence behind the boy.,three kids are all standing outside in the grass. they are all holding bats and balls. the bat is red in color. the ball is white.,0.01088694505097879,0.2631578897506926,0.8862786293029785,0.09689922480620157
334,A woman is sitting at a table. She is wearing a white t-shirt and white pants. There is a silver laptop on the table in front of her.,A lady is holding her phone and sitting with her legs crossed. She has a gray flip phone. She is wearing a brown tank with some short white shorts. She has blond hair and sunglasses on the top of her hair and she is in a building that has a lot of wooden furniture.,0.05019613248625475,0.4406779614248779,0.8978099822998047,0.2070160505836576
335,A wooden bench sits in the middle of a grassy area. The bench is made of wood. There is a black and white picture hanging on the wall above the bench.,A large swimming pool is free of people swimming. The light blue pool is decorated on the bottom with three blue triangles and a curvy stripe. People stand around the pool by a few white tents set up on the far end of the pool. A set of stairs leads into the pool. The stairs have a metal railing.,0.008409230964844118,0.25396824925170075,0.8785873651504517,0.13345195729537365
336,There is a stop sign on the side of the road. The sign is red and white. There are trees behind the sign.,"The view is an industrial area of a city and is under construction. To the right is a business with a yellow and blue billboard. In addition there is a flagpole with an American flag adjacent to the building. There are several vehicles in a parking lot in front of the business. To the left is a construction site that is fenced and barricaded off from the street. A tall, blue crane stretches into the blue, cloudy sky. In the foreground a stop sign with a sticker under the silver letters stands on a street corner. The sign casts a dark shadow on the sidewalk behind it.",0.002209711502985192,0.28235293797647065,0.8771671652793884,0.12426567095039903
337,This is an image of a bathroom. The bathroom is white. There is a mirror on the wall above the toilet. It is made of glass. On top of the mirror there is another mirror with a white frame. Next to the other mirror,A room with a lot of machine in it.  Some of the machines are silver and some of white.  The floor is black and shiny.  The wall in the room are white.  There is writing on top of the silver machines and black dials on top of the white machines.,0.04230167669484507,0.3928571378571429,0.8570103645324707,0.31945850202429155
338,A man is standing on a snowboard. He is wearing a black jacket and black pants. There is snow on the ground behind him.,Two children are posing for a camera in the snow.  The boy is standing on skis with a blue helmet and a snow jacket.  The girl has a graphic designed ski jacket and blue helmet.  There is a ski lift on the right side of the mountain.  Trees and mountains are seen in the distance.,0.019139423114891415,0.3272727227504133,0.8939350247383118,0.1746075178711906
339,A large airplane is flying in the sky. The plane is white and has a blue tail. There is a large white building behind the plane.,there is a plane in the air. it is a green military plane. it has really shorts wings. the tail wings are also small. it has propellers on the front. it is being surrounded by clouds. the sky is very blue.,0.01571585643363959,0.38297871858759625,0.8925698399543762,0.17721518987341772
340,A black and white cat is sitting on top of a white couch. The cat has a black nose and black eyes. There is a red and green light above the cat.,A cat is black and white. It has a pink mouth and white whiskers. It is looking up. The cat is laying in green grass. The ears of the cat are pointing up.,0.0295927879450049,0.4782608645746692,0.9140092730522156,0.2279635258358663
341,There are two boats in the water. The boats are white and blue. There is a large white building behind the boats.,Many narrow kayaks sit in the water. They are all bright colors.The water is still and flat. Next to the water is a fence. There is a bridge over part of the water. There are many trees next to the water. A tree branch covers some of the boats. There are the reflections of many trees in the water. The sky above is clear.,0.029432463997208228,0.3636363595107438,0.8960219025611877,0.13189923017553581
342,A large brown bear is standing on top of a rock wall. The wall is made of stone. There is a large boulder in front of the bear.,A group of animals is gathered in a field. There are elephants and rhinoceroses standing together near a watering hole. There are both younger and older animals here together. Some of the elephants are caked with mud after being in the water.  The rhinoceroses are walking toward the water while the elephants are facing the direction the rhinos are walking from. The elephants have large flapped ears and long trunks. The water hole is surrounded by tall green grass and trees with many green leaves on them.,0.002809006249629314,0.2933333294222223,0.8627538084983826,0.11097410604192354
343,There is a toilet in the bathroom. The toilet is white. There is also a mirror on the wall behind the toilet.,A man is taking a selfie in the mirror. He has on a black suit with a orange shirt. His tie is green and white. The bathroom has very dim lighting.,0.017774128265848343,0.3902438979417014,0.8859348297119141,0.16611295681063123
344,A man is sitting on a bench. The bench is made of wood. There is a black and white picture hanging on the wall behind him.,A woman in a blue shirt is standing on the sidewalk. There is a hot dog in her hands and she is taking a bite out of it. There are people walking on the sidewalk behind her.,0.03761084320365675,0.37499999507812504,0.901269793510437,0.2479727638502012
345,This is an image of a pizza. The pizza is on a white plate. There is cheese on top of the pizza and there is pepperoni on the top.,A hot dog is sitting on a white piece of paper. There are chopped onions on top of the hot dog. There is mustard on top of the hot dog.,0.13751656232892745,0.44444443944444445,0.9101888537406921,0.4027499070977333
346,This is an image of a bathroom. The bathroom is white. There is a mirror on the wall above the toilet. It is made of glass. On top of the mirror there are two white tiles. Behind the tiles there is another tile.,a toilet is in the ground. the toilet is bright white. there is a bowl in water in front of the toilet. the bathroom is made of cement.,0.04477095330043835,0.40909090446281,0.8900445103645325,0.28813559322033894
347,A man is riding on a motorcycle. He is wearing a black helmet. The motorcycle is red and black. There are trees behind the man.,there is a motorcycle on a road. there are white lines on a road. a man is riding the motorcycle. the man is wearing red and black. he is also wearing a helmet. there are many people on the sidewalk.,0.051640698541439385,0.6341463364901846,0.920922577381134,0.4248314044232412
348,A man is skateboarding on a skateboard. He is wearing a black helmet and black pants. There is a white line painted on the ground behind him.,A man is wearing a t shirt and jeans. He is jumping off of a skateboard. The man is wearing a white cap. There is a skating ramp behind the man.,0.08677785738189438,0.5116279019794485,0.9302944540977478,0.4379212622549019
349,A black and white photo of a man riding a horse. The man is wearing a black helmet and black pants. There is a large white building behind the man.,Two donkeys are pulling a carriage. The donkies are wearing reigns. The reigns are black in color. There is a man pulling on the reigns. He is wearing a cowboy hat and blue jeans.,0.057197772832832394,0.4090909041322315,0.8889099359512329,0.1785714285714286
350,A black motorcycle is parked on the street. There is a red fire hydrant in front of the motorcycle. The motorcycle has a black handle bar.,A white cat with black paws is standing on top of a parked car and standing at the camera. On the windshield of the car is the reflection of a building and the fluffy clouds in the sky. Behind the car there are two buildings and a gray car parked on the street.,0.046189909401717216,0.33962263681025284,0.8813496232032776,0.17698254914954714
351,A man is sitting on a bench. The bench is made of wood. There is a silver chain link fence behind the man.,a woman is on the phone. her phone is white. her hat has a bow on it. she is smiling at somebody. she is wearing neutral colors.,0.011321268308445147,0.21621621121986864,0.8823122382164001,0.13157894736842105
352,There is a train on the tracks. The train is red and white. There are people sitting on top of the train.,A person is wearing a tan jacket. They have a brown backpack on their back and a gray scarf. They are holding a cell phone in their hands. There is a silver train in front of the person.,0.03106872194695241,0.399999995417284,0.8859803080558777,0.17458791208791208
353,There are two giraffes standing in a field. There is a fence behind them. The grass is very green.,There is a large elephant standing in the grass. There is a giraffe in front of the elephant. There are trees behind a fence in front of the animals.,0.05180430799471114,0.4848484798530762,0.9339987635612488,0.2816990701606086
354,There is a clock on the side of the building. The clock is black and white. There are two clocks on each side. One is white and the other one is red and black.,"The sky is gray and cloudy. The clock tower is visible. The tower has compass on its top, and has two clock faces. Below of the tower is row of trees and a field. On the field a person is walking.",0.018847241372577383,0.2978723354821186,0.8719693422317505,0.22332506203473945
355,A man is standing on a snowboard. He is wearing a black jacket and black pants. There is snow all around him.,a man is getting ready to ski down a mountain. he is wearing a really yellow jacket. his hat is red in color. there are two ski sticks in the ground. his skis are pointed forward. he is a happy man.,0.02479567432497578,0.21276595272068824,0.8907755017280579,0.12787723785166238
356,A man is sitting on a bench. The bench is made of wood. There is a silver chain link fence behind the man.,A bed with a colorful quilt on it. The headboard on the bed is wooden. Next to the bed is a small table with a small lamp on it.,0.019082195118584694,0.2777777727777779,0.8858683109283447,0.1408450704225352
357,A man is skiing down a hill. He is wearing a black jacket and black pants. There are mountains in the distance behind him.,A man is being shown laying on the side of a mountain. He has ski equipment. Behind him are very tall and sharp mountains and clouds in a very clear blue sky.,0.038832520446102504,0.35999999512800007,0.9094021916389465,0.28532763532763533
358,A white plate sits on top of a white table. There is a silver fork on the table next to the plate.,Two octagon-shaped waffles are in a pile on a floral bordered plate. There is a neat square of butter on top of the waffles. The waffles are slightly browned. Next to the plate is a bottle of syrup with a light colored label. The counter beneath the plate is a dark granite.,0.02372245857805647,0.35999999564800006,0.8776737451553345,0.206485260770975
359,"This is an image of a city street. The street is made up of many different types of buildings. There is a red and white sign on the side of the street that says ""Easton Street"". The sign is white and the letters are",The square sign is black white and blue. It has a white triangle has a icon of a person walking across the crosswalk. The sign is on top of a silver pole. Behind the sign is a stop sign and a paved street.,0.0413230464595646,0.35714285214923475,0.8711920976638794,0.22041763341067283
360,There is a red and white bus on the street. There are trees on both sides of the road. The bus is white and has a blue stripe down the side of it.,A bunch of cars are driving in a snow storm. A couple of cars that are parked near the sidewalks are completely covered in snow. The signs are all covered and so are the houses.,0.008941593091345701,0.2127659524490721,0.8751773238182068,0.12931034482758616
361,This is an image of a kitchen. The kitchen is made of wood. There is a microwave on top of the stove. It is white and black. On the counter there are a bunch of pots and pans.,"I see a wooden table with broccoli, onions and carrots on top of it. There is also a sharp kitchen knife next to the carrots. The broccoli carrots and onions appears to be chopped.",0.03775605923188284,0.3636363586380166,0.8823995590209961,0.188953488372093
362,There is a black and white dog laying on the ground. The dog has a white collar around its neck. There are trees behind the dog.,A sheep is laying down in some hay. There is a hand of a person reaching in and petting the sheep. The person is wearing a blue jacket. The sheep is looking up.,0.03510681653071518,0.32558139037317474,0.8927001357078552,0.15479876160990713
363,There is a train on the tracks. The train is red and white. There are trees behind the train.,There are two red trolleys on the tracks. There is a fence next to the trolleys. There is a building behind the trolley.,0.09036733051727698,0.5999999950222225,0.9302411079406738,0.4797874011624862
364,A man is standing on the side of the road. He is wearing a black jacket and black pants. There is a red and white bus on front the man.,"A man is walking by an MBTA commuter rail coach.  The coach has a purple stripe and a ""T"" logo, signifying transit.  He is wearing sunglasses, a t shirt, pants and sneakers.  He is carrying a red bag over is shoulder.  A yellow tactile warning strip runs along the side of the train.",0.07759757072572587,0.34920634476190476,0.8837372064590454,0.2303552730903158
365,This is an image of a bathroom. The bathroom is white. There is a mirror on the wall above the toilet. It is made of glass. On top of the mirror there is another mirror with a white frame. Next to the bathroom there,A note is hanging on the wall above a range top. The walls have white tiles and all the cabinets in the kitchen are white. The refrigerator has a bunch of gray magnets on it.,0.06994957511751763,0.32142856643494905,0.8689170479774475,0.27614191670441735
366,A man is standing on top of a skateboard. He is wearing a black jacket and black pants. There is a white building behind him.,There are two people waking in snow shoes in the snow wearing black snow suits. There are trees next to the people on both sides. There are tracks in the snow.,0.008427696365267533,0.20512820013149255,0.8882077932357788,0.06578947368421052
367,A man is standing in front of a white wall. There is a silver clock on the wall behind the man. The man has short brown hair and is wearing a black and white striped shirt.,A woman is wearing a grey tie and holding up a bottle of beer. She is having a good time dancing at a party. The woman has dark brown hair. There is a picture on the wall behind the woman's head.,0.15759824192231342,0.5084745713415685,0.9158557653427124,0.29456062260295074
368,There is a clock on the side of the building. The clock is black and white. There are two clocks on each side. One is white and the other one is red and black.,"A contrail is the only mark on this bright blue sky above a distinctive building. The building is made of different sized grey, tan stones. A peak of a rooftop in one area of the building can be seen. The roof is shingled with rust colored shingles. Behind the roof is a square tower with a black round clock. The tower is topped with a flag resting without a breeze.",0.008596961348920606,0.2608695609829868,0.8562240600585938,0.11295180722891567
369,This is an image of a building. The building is made up of brick. There is a clock on the top of the building that is black and white. It has a white face and black numbers on it. On the left side there is,There are several benches on the ground. There are trees and bushes behind the benches. There is a person walking on the sidewalk in front of the benches.,0.032521402298035726,0.2916666618836806,0.8659760355949402,0.2655748809594963
370,A bathroom with white walls. There is a white toilet in the middle of the bathroom. The wall behind the toilet is made of tiles.,An open door of a bathroom. The toilet is cleaned and the lid is closed. The wall appears to have very nice and neat wallpaper on it. The light is on and the overall appearance of the doorway and room is very clean.,0.01726008144030951,0.29166666197916674,0.8870164155960083,0.16990291262135923
371,There is a white bowl on the table. The bowl is sitting on top of a blue table cloth. There is also a silver fork and spoon.,"A white cup of tea with a tea bag inside sits on a saucer with a spoon on it. Beside the saucer there is a small container of cream, and a pair of silver over sized sunglasses. Next tot eh glasses there is a black flip phone. Closest to the camera there is a black leather portfolio open with pages of paper clipped inside.",0.005987140604708126,0.19354838284599382,0.8769217133522034,0.16440289899981064
372,There is a train on the tracks. The train is red and white. There are trees behind the train.,A black steam locomotive is riding on train tracks. It is black and green and yellow. There is steam coming from the stack. Around the locomotive is green grass. A few people are walking by the train.,0.015206176955170105,0.35897435437212366,0.9143741130828857,0.22407880580957504
373,The image is of a man and a dog. The man is wearing a white shirt and blue jeans. He is holding a red and white frisbee in his hand. There is a large white building behind the man.,"Inside of a white bowl is some yogurt, blueberries and almonds.  A silver spoon is inside the bowl and used for eating with.  The juice from the blueberries is making the white yogurt tinted blue.  The almonds are whole and there are more berries than anything else in the bowl.  The bowl is round and is sitting on a wooden table.  Residue of the food can be seen on the insides of the bowl.",0.008178957082913897,0.249999995466821,0.843844473361969,0.14184397163120568
374,A black and white photo of a man and a dog. The man is wearing a blue shirt and blue jeans. He is holding a white surfboard in his hand. There is a black fence behind the man.,A person is skiing down a hill. There are trees on the other side of the hill. The person has a red jacket on. There are many tracks in the snow in front of the person.,0.008442511500499855,0.32653060724698046,0.8856185078620911,0.13812154696132597
375,A black and white photo of a man riding a skateboard. The man is wearing a black jacket and black pants. There is a white building behind the man.,Tug boats are docked at the shore. Three men are on the pavement wearing jackets. Two are standing and one is sitting on a green park bench. There are two green metal park benches which are curved into a half circle.,0.006959742364074856,0.23529411297193395,0.8634613752365112,0.11306532663316582
376,This is an image of a desk. The desk is white. There is a laptop on top of the desk with a black keyboard and mouse on it.  The laptop has a white keyboard with black keys and black mouse pad. On the left,There is a white desk with various items on top of it. There is a computer monitor that is turned on. There is a black keyboard in front of the computer. There is a black mouse and several black wires.,0.06783810423754817,0.5599999950000001,0.907927930355072,0.35264088790731624
377,The image is of a train on the tracks. The train is red and white. There is a large white building behind the train.,A kite is flying hair in the air. It is flying over a building. The sky is gray and cloudy. The kite is red and green in color.,0.04363052605295101,0.38888888395061727,0.8830220103263855,0.23025362318840578
378,A large brown bear is standing on top of a rock wall. The wall is made of wood. There is a large boulder in front of the bear.,"This image shows a bird perched on a wood stand to the right of a corn cob. The corn cop has about 1/3 of its kernels still attached to it. The cob has been attached to the wood below it at a ninety degree angle, so it is standing straight up. The bird has black plumage on its head and shoulders, and dark blue feathers on its wings and tail. The bird's beak is slightly curved upwards and it has a small crest of feathers on its head. Its eyes are shiny and black, and its feet are thin and black.",0.0019075640353501632,0.14999999625000007,0.8557594418525696,0.07470651013874066
379,There is a pizza on a white plate. The pizza has cheese and pepperoni on top of it. There are slices of meat on the pizza.,A pizza sits on a yellow plate. There are cut up tomatoes on top of the pizza. There is spinach on top of the pizza.,0.07076972675308511,0.5555555505709877,0.9370079636573792,0.5096281540504648
380,A man is walking on a sidewalk. He is wearing a black jacket and black pants. There is a red and white sign on the sidewalk next to the man.,Two people are walking down the street. They are huddled under a clear umbrella. There is a man wearing an orange vest and a woman carrying a black bag.,0.04732800769623463,0.3999999950617284,0.9072749614715576,0.2535557464681176
381,A man is sitting on a bench. The bench is made of wood. There is a white wall behind the man.,A girl is pointing at a fuzzy teddy bear. She is crouched down and wearing a sweater. The bear is sitting on the ground and facing the girl.,0.04376972545357901,0.37837837346968595,0.8955786824226379,0.2327838827838828
382,There is a train on the tracks. The train is red and white. There are trees behind the train.,"A multi-colored train traveling down tracks. The train has a single headlight on it's engine. There is smoke billowing out of the train engine's smoke stack. The train track is on top of a hillside. There are plants to the left of the train,. There are large gray clouds above the train. The sky above the train is partially blue.",0.011265728800115393,0.34615384221893497,0.8929897546768188,0.17158920813405862
383,This is a bathroom. The bathroom is white. There are two sinks on the wall. One of the sinks has a white soap dispenser on top of it. On the other wall there are white tiles.,A man is shaving in the bathroom. He is looking into a very big mirror. He has on a white tank and the door is open.,0.016308317181772742,0.31111110613333337,0.8763005137443542,0.18518518518518523
384,A black and white cat is laying on a bed. The bed has a white blanket on it. There is a black dog sitting on the bed next to the cat.,"The dog is a husky. His nose is black. His fur is combination of white, beige and gray. There is a stuffed elephant toy on his head. The elephant is gray with white tusks. The dog is looking sad and lying on the carpeted floor. Behind the dog are the feet of brown chairs and table, they are made of wood. The dog has whiskers.",0.01621733910817684,0.354838705306972,0.8767977356910706,0.12175324675324678
385,A man in a blue shirt and blue shorts is standing on a beach. He is holding a surfboard in his hand. There is a large wave in the water behind him.,A man is walking with his surfboard and sun on the beach. They are walking towards the water. The man has a black and white shirt on and some blue shorts. His son has no shirt on and plaid shorts.,0.015038826875777147,0.4905660327803489,0.9059243202209473,0.1530612244897959
386,"This is an image of a street. The street is made up of many different types of buildings. There is a red and white sign on the side of the street that says ""Roadside Tourists Only"". The sign is white and has a",a sign is on a pole. the pole is silver. there is a light on the pole. the light is red in color. the cars are going down the road.,0.01867175871928893,0.26666666196543215,0.8797323107719421,0.28441604543840965
387,A woman is standing on a tennis court playing tennis. She is wearing a white tank top and white shorts. There is a green tennis ball in front of her.,a blonde haired woman with a white top and shorts is waiting to hit the tennis ball that is in the air. there is a bald man with brown shorts with a stripe on the side holding a tennis racket waiting for the ball to come to him/. The court is made up of green and white with white lines. there is a long net separating the man from the other player.,0.008947540567776496,0.3582089507150813,0.8889307379722595,0.19503474939631704
388,This is an image of a bathroom. The bathroom is white. There is a mirror on the wall above the toilet. It is made of glass. On top of the mirror there are two white towels on a white towel rack. Next to the,There are women standing in a kitchen wearing white. There is a large sink behind them. There are ovens next to the women. One of the women is holding a basket.,0.07790345908226494,0.313725485290273,0.8780533671379089,0.41424148606811145
389,A man is sitting on a bench. The bench is made of wood. There is a black and white picture hanging on the wall behind him.,A black and white photo of a foreign scene. The scene appears to be somewhere in Asia. There is a person wearing a big triangular hat in the foreground.,0.06270420380210047,0.4347826037334594,0.89028000831604,0.32992160278745647
390,A white plate is sitting on top of a white table. There is a glass on the table behind the plate. The table is made of wood.,The half eaten sandwich is on the plate. The sandwich has meat in between. The plate is white. Behind the plate is a bowl of salad. The bowl is blue. There are two glasses of water behind the bowl.,0.04284774405598156,0.47619047137188214,0.8997266888618469,0.23550852439741332
391,A woman is standing on a tennis court playing tennis. She is wearing a white tank top and white shorts. There is a green tennis ball in front of her.,"A tennis match is about to begin on an outdoor court. It is a clear day with a blue sky and small fluffy clouds. In the background there are white outbuildings with gray, metal roofs surrounded by trees. Nearer to the court, on a grassy slope,there are several rows of spectators dressed casually and for mild weather. The spectators sit on the ground or in chairs. In the foreground is the tennis court. The playing surface is natural grass with white lines that shows wear in some areas where play is frequent. The court is surrounded on the spectator side by a low green carrier. To the left of the spectator side, the court is surrounded by a higher, dark barrier. People wait along this barrier to enter the court to retrieve balls. On the court two players are present along with one official or coach. One player is warming up by tossing the ball in the air to hit. The other is standing next to the official. A full court net separates them. Because of the time of day, and direction of the sun, people cast shadows across the court.",0.00015507740145620716,0.18571428296836737,0.8430783152580261,0.07396070776603643
392,There is a train on the tracks. The train is red and white. There are trees behind the train.,A red and yellow train moves along the track.  One side of the track is lined with trees.  There is a single light near the window on the front of the train.,0.04423775344686227,0.47368420587257637,0.9118936657905579,0.2777777777777778
393,This is an image of a pizza. The pizza is on a white plate. There is cheese and pepperoni on top of the crust.  The plate is sitting on the table.,"A paper plate is filled with a salad. The salad has large, soggy pieces of lettuce. They all have salad dressing on top of them. There is a toasted piece of bread in front of the lettuce. The paper plate is white.",0.038695483004408754,0.39999999520000007,0.8895114064216614,0.23451923556708745
394,A black and white striped cat is sitting on a wooden bench. The bench is made of wood. There is a white fence behind the cat.,A brown and white spotted bird is standing on a fence. The fence under the bird is steel. There is a field of grass behind the bird.,0.06506517067455138,0.5999999950000001,0.9401833415031433,0.44766625361420903
395,There is a large airplane in the sky. The plane is white and has a blue tail. There are two large windows on the plane.,a plane is flying in the air. the plane is all white in color. the plane is very pointy. the sky is very blue. the clouds are very fluffy.,0.023645884688016223,0.44444443945987655,0.8975017666816711,0.17482517482517484
396,A man is sitting on a bench. The bench is made of wood. There is a silver chain link fence behind the man.,There are three old people in the picture. At the center is a classic and shiny tricycle. At the front of the tricycle is an old man holding a plaque.,0.018270311986426934,0.24999999505000006,0.8820376992225647,0.17064846416382248
397,A man is standing on top of a skateboard. He is wearing a black jacket and black pants. There is a white building behind him.,A man is wearing a gray shirt and jeans. He is jumping in the air on top of a black skateboard. There is a black skateboard ramp on the side of him. There are small clouds in the sky above him.,0.12771889792284497,0.5833333284722223,0.9348506927490234,0.38577274069491124
398,This is an image of a building. The building has a clock on the side of it. There is a white building behind the clock.,there is a big gray building. the building has a clock on it. the clock is made of glass. the clock has big hands.,0.18931747781986427,0.5624999950195313,0.9127764105796814,0.36938681420009223
399,This is an image of a pizza. The pizza is on a white plate. There is cheese and pepperoni on top of the crust.  The plate is sitting on the table.,A piece of food sitting on a white towel. There is a bottle of alcohol behind the piece of food. There is a remote control near the bottle of alcohol. There is a cap for the bottle next to the towel with food.,0.034783805859537845,0.37209301828015146,0.8776074647903442,0.2129718234981393
400,A black and white striped zebra is standing on a grassy field.  The field is surrounded by tall trees and is covered in a thick layer of green grass and weeds. There is a white fence behind the zebie and there is,There is a bird in a tree and the bird has a fish in its mouth. The bird has a white breast and belly with brown wings and a yellow eye. The fish is silver with darker spots on its back.,0.03799772281879578,0.31578946872268393,0.8507330417633057,0.22891005170316303
401,There is a bus on the road. The bus is red and white. There are trees behind the bus.,"Colorful boats with teal canopies are lined up on a murky river on a gray, overcast day. The boats have oars in front sitting in the water. Behind the boats small buildings can be seen lining the river.",0.005862658242334444,0.22727272293388434,0.882023811340332,0.11080332409972297
402,There are two boats in the water. The boats are white and blue. There is a man in a blue shirt standing in front of the boats. He is holding a white surfboard.,There is a pool of water with a splash in it. There is a brown dog in the water. There are people standing next to the pool. There is trees behind the people.,0.06251526810911488,0.3902438974419989,0.9043287634849548,0.2850970643939394
403,There is a toilet in the bathroom. The toilet is white. There is also a mirror on the wall behind the toilet.,A bathroom with a white sink in it and a bar of soap on top of the sink. There is a bath with shelves on the side of the wall. There are bottles inside of the shelves. The shower curtain has orange circles on them.,0.023146586417571054,0.39999999571358025,0.9071191549301147,0.1405152224824356
404,A woman is sitting at a table. She is wearing a white t-shirt and white pants. There is a glass of water in front of her.,three men are talking. they all have bears on their face. there is a blue shirt on the man. the shirt has flowers on it.,0.015365418390819783,0.09756097061273078,0.8833603262901306,0.14940239043824705
405,A white plate is sitting on top of a white table. There is a silver fork on the table next to the plate.,"A white dinner plate with spaghetti shaped noodles and three tiny meatballs sit on a table that has pink back chairs next to it. There are vegetables on the past in the dinner plate. Next to the pasta plate is a black bowl with chunks of sliced orange carrots. 
Against the wall of the room is a radiator painted white and above that a shelf and window.",0.007009414793299627,0.3749999962500001,0.8810256123542786,0.21288929402706364
406,This is an image of a bathroom. The bathroom is white. There is a mirror on the wall above the toilet. It is made of glass. On top of the mirror there are two white towels on a white towel rack. Next to the,A brown door on a house has some stickers on it. Next to the door on both sides is red toilets. There are plants growing out of the toilets. There are some dead leaves scattered around on the porch.,0.03683827136968715,0.31034482258620694,0.862771213054657,0.2825316455696203
407,There is a train on the tracks. The train is red and white. There are trees behind the train.,"A train is opening it's doors. The train is currently parked at a train station. The train is blue, the doors are red, and it has white stripes on it. There is a long yellow line near the train area.",0.03528879821978061,0.47619047174603185,0.9132251143455505,0.15831134564643798
408,A man is flying a kite in the air. He is wearing a black jacket and black pants. There is a large white building behind him.,There are people standing on the beach. There is water in front of them. There is kites in the sky above the water. There are clouds in the sky.,0.0204727408787047,0.21052631084487544,0.8824692964553833,0.1485675571041425
409,This is a bathroom stall. The stall is made of metal. It has a white toilet lid. There are white tiles on the wall behind the toilet.,A white toilet sits next to a white wall. There is a white sink on the wall. The tile on the floor is black and white.,0.03267294026204632,0.4102564052859961,0.917849600315094,0.30220589902287515
410,This is an image of a train station. The train is red and white. There is a yellow line on the platform. It is surrounded by a blue line. On the left side of the train there is another train with a red stripe.,RED AND YELLOW TRAIN ON THE TRACKS WITH TWO LARGE WINDOWS IN THE FRONT.NUMBER ON THE FRONT IS IN BLACK NUMBERS. THERE IS ASLO A SQUARE BOX WITH THE INITALOS OF DB OUTLINED IN RED.THERE ARE MANY WIRES CONNECTING THE OTHER BRIDGES RUNNING ALONG THE TRACKS. A GRAY BRICK BUILDINGIS ON THE SIDE OF THE TRAIN WITH A WHITE ELECTICAL BOX ON THE GROUND.,0.0,0.0,0.8282241821289062,0.2638065979079804
411,A man is standing on a skateboard. He is wearing a white shirt and black pants. There is a red and white sign on the ground behind him.,a man is standing on the sidewalk. he has a cut on his arm. his arm is bleeding. he is smiling at something off camera.,0.11295714543953923,0.3076923027218935,0.884977400302887,0.35115800476921566
412,A black and white photo of a man riding a motorcycle. The man is wearing a black helmet. There is a white building behind the man.,There are black cows walking along the street. There is a man riding a brown horse down the street next to them. There is a white car on the street in front of them.,0.1471510755957709,0.4285714236734694,0.8926754593849182,0.3024524132031083
413,A bathroom with white walls. There is a mirror on the wall above the sink. The sink is white. On the other side of the toilet there are two white towels on a white towel rack.,A man stands in front of a group of white sinks which are mounted on a wall. The wall is maroon square tiles.  A mirror covers the wall.  The man is wearing black dress pants and a white shirt and he is adjusting his tie while looking into the mirror.  Next to the man is a partition all with a large yellow trash bin.  The floor is tan tile and the room is a bathroom with stalls on the far side.,0.008308852456670797,0.35443037533087646,0.8740473389625549,0.15594385902509156
414,There is a yellow bus on the street. There is an orange pole next to the bus. The bus has a red stripe down the side of it.,A large orange truck is parked next to the brick building. The word Allied is on the back of the truck behind the cab.  There is snow on the hood of the truck.  The ground is covered with snow and footprints.   A red and white stop sign is next to the driveway.  The trees have no leaves but do not have snow on them and the sky is clear and blue.,0.012279757990335458,0.28124999559082037,0.8779873251914978,0.16731634182908542
415,A laptop is sitting on top of a desk. The desk is made of wood. There is a black keyboard on the desk with white keys on it.,"On the white table, there is a monitor with black frame. Beside the monitor is a laptop that has a stand underneath it. In front of the monitor is a silver keyboard with white keypads. In front of the monitor is a cellphone, mp3 player and a hard drive. Beside the keyboard is a mouse on a mouse pad. Behind the laptop is a lamp and behind the lamp is a white curtains.",0.006201133283554732,0.35087718842720844,0.8769266605377197,0.15945164486321456
416,There are two giraffes standing in front of a fence. There are trees behind them.,There are three giraffes in a pen. The pen is surrounded by a rope fence. The giraffe in front is eating food out of a net hanging from the tree.,0.019139137179741358,0.43243242787436087,0.917080819606781,0.24643640350877197
417,A man is standing in front of a white wall. He is wearing a black shirt and black pants. There is a silver chain link fence behind the man.,Three people are all together drinking wine. One lady has the glass up to her lips and is preparing to drink. A lady is talking and looking at someone and a man is smiling and looking at the same person.,0.01324545317624318,0.2264150894268424,0.8611493110656738,0.11568123393316194
418,A man is skateboarding on a skateboard. He is wearing a black helmet and black pants. There is a white line painted on the ground in front of him.,"a young black man is jumping off of a skateboard, he is wearing a white tank top and blue jeans with green shoes. there is another white guy holding a skateboard watching dressed in a black shirt and pants. with one other black kid watching the both of them.",0.030710421389809003,0.4067796562596955,0.9046919345855713,0.3165957446808511
419,A wooden bench is sitting on the ground. There is a black and white clock on top of the bench. The clock is black with white numbers on it.,There is a brick building with a white glass door. There are two white chairs on the porch of the house. There is a gray cat sitting on the porch. There is grass in front of the porch.,0.051615207484217024,0.4186046461871282,0.8937743306159973,0.2535903807277628
420,A man is riding a motorcycle down a street. He is wearing a black helmet and black pants. There is a red stop sign on the side of the motorcycle.,This photo is taken outside on a sunny day. A red and black motorcycle is sitting on a brick paved sidewalk in front of a bench. There are numerous cars lined up on the street across from the motorcycle.A brown brick building is surrounded by large green trees in the background. Two people can be seen walking past some of the vehicles.,0.010058948854502543,0.2253521083991272,0.8875448703765869,0.18981121860508904
421,A man is surfing in the ocean. He is wearing a white surfboard. The man has on a blue shirt and blue shorts. There is a large wave behind him.,"A person is surfing a large wave during the day. The spray from the wave is large and white, the wave is a light green. The person is wearing a pink and black long wetsuit. The hair on the person's head is very dark. Under the surfer is a white and blue surfboard. The sky above the surfer is blue. The bare hands of the surfer are a little tan and dark.",0.020659210266619644,0.4307692261112427,0.8996144533157349,0.15366091263338066
422,A woman is standing on a tennis court playing tennis. She is wearing a white tank top and white shorts. There is a green tennis ball in front of her.,There is a person standing on top of a tennis court. The person is wearing a white shirt and blue shorts. The person is wearing a white hat and dark colored shoes. They are holding a blue tennis racket in their hand. There is a green fence behind them. There is a bush behind the fence. There are cars parked in a lot behind the bush.,0.06326140776423003,0.4666666619388889,0.9160206913948059,0.19118117332403048
423,This is an image of a man. The man is wearing a white shirt and black pants. He is holding a black phone. There is a red and white cat sitting on top of the man's lap.,"A stuffed bunny rabbit sits on a windowsill. The stuffed critter has a black button nose, two deep set eyes, and two multicolored buttons going down its torso. It is ""wearing"" a black and white plaid jumper. This same black and white plaid fabric is used to represent the underside of the bunny's floppy ears and the underside of its feet and paws. The windowsill is of a rustic marble look, and the window panes behind the bunny are rectangular and feature dirty glass and dirty white window frames. The black box surrounding the tableau says 'left behind"" along with some writing underneath that.",0.004302941667154325,0.18947368023490313,0.8549288511276245,0.11743319630010278
424,This is an image of a train station. The train is red and white. There is a yellow line on the platform. It is dark outside and there are no trains on either side of the train.,There is a train on the train tracks. The train is blue with a yellow front and red doors on the side of it. There are black poles on the platform next to the train. There is a cement bridge over top of the train tracks. There is empty tracks on the other side of the platform. There is a white building in the distance.,0.03902944393698536,0.49180327375436717,0.8923856019973755,0.27332378850434746
425,A man in a blue shirt and black pants is standing in front of a white wall. The man is holding a black and white frisbee in his hand. There is a large white building behind the man.,A man in a straw hat holding up his tiger neck tie. The man is wearing a black watch. There is a pink and brown stripe around the rim. There are people standing behind the man in the straw hat. There is a white umbrella above the man in the hat and tie. The man in the straw hat is wearing a white shirt. The man in the hat is wearing glasses.,0.06299872502846744,0.47457626630278654,0.8902888298034668,0.2032186588921283
426,There is a boat in the water. The boat is white and blue. There are two people on the boat. One of the people is wearing a blue shirt and black pants.,"There are four birds on a small boat. These birds are gray with black beaks. The boat is white with blue in the inside. It is tied to a narrow dock. On the dock, there are three birds resting. They are few inches apart for each other. The water is gray and calm. On the other side of the dock is a bigger boat with paddle inside of it.",0.04274901444006406,0.4242424199035813,0.8938813209533691,0.19039588422158377
427,"A man is skateboarding outside on a sunny day. He is wearing a black helmet, black pants, and black sneakers. The skateboard he is riding is white. There are trees behind the man.","A man is suspended in the air with his skateboard doing tricks. He is bald, wearing a white shirt with red logo on it. He is also wearing jeans and black shoes. Underneath him is a big gray, cemented ramps. The skate park has few people skateboarding. Farther down the skate park are trees and beyond the trees is a mountain.",0.02465056821216457,0.4444444398302469,0.9002854824066162,0.1632302405498282
428,A man is standing on a sidewalk. He is wearing a black jacket and black pants. There is a red and white sign on the sidewalk next to the man.,A picture of a woman seducing a man. The woman is wearing a short skirt. The woman is wearing boos. The woman is wearing socks. The woman has white hair. The woman is wearing a blue sweater. The man is wearing a blue wig. The man is wearing a blue jacket. The man is holding a suite case. There are many other people standing around. There are escalators near the man.,0.013772124903206014,0.3703703657064472,0.8769319653511047,0.16681614349775786
429,A man is standing on a tennis court. He is wearing a white shirt and blue shorts. There is a black and white net in front of him.,"A woman walking is holding a golf pole. She is wearing a white visor, gray windbreaker, pink pants, and white shoes. Behind him is a man carrying a big gray umbrella. He is wearing a white vest, blue windbreaker and white shorts. Beside him is a thin yellow pole with a small yellow flag. The woman is holding a white golf ball in her hand.",0.05011179168715437,0.32258064058272634,0.8970351219177246,0.13866231647634583
430,A man is skateboarding on a skateboard. He is wearing a black helmet and black pants. There is a white fence behind the man.,A picture of a man with blue hair riding a skateboard. The skateboard has four yellow wheels. The man is wearing black shoes. The man is wearing a white shirt. The man is wearing black knee pads. The man is wearing gray shorts. There is a tree to the left of the man. There is a park with a gray sidewalk behind the man. There are many trees and bushes behind the man.,0.015252085696760783,0.4285714242091837,0.9039144515991211,0.19569559186628757
431,A man is standing on a tennis court playing tennis. He is wearing a white shirt and blue shorts. There is a green tennis ball in front of him.,Four men are standing together on a tennis court. Three of the men are holding rackets in their hands. One of them is holding a green ball in his hand. Another man can be seen sitting in the background of the photo. A tall fence and a green bush can be seen behind the men with a net on it. One of the men is wearing eyeglasses on his face. Another man is wearing a necklace around his neck.,0.014334658941935734,0.3714285670163266,0.8898582458496094,0.11486486486486487
432,A motorcycle is parked on the street. The motorcycle has a red and white stripe down the side of it. There is a black motorcycle next to the motorcycle.,"A motorcycle is parked at the curb. It has a sharp looking features. The motorcycle has two boxes attached to it. The first one placed behind the seat, it is medium and black. The second box is beside the wheel. It has silver color in front and the rest is black. The handles of the the motorcycle is black. It also have plastic shield in the front.",0.04105646403411797,0.3749999954882812,0.8919816017150879,0.13449367088607597
433,This is an image of a train. The train is red and white. There is a yellow line on the side of the train and a blue line in the middle of it. On the left side there are a lot of trees and bushes.,"An antique steam locomotive is traveling along a set of tracks.  The locomotive is black and green.  It has a red sign in front with the number ""823"" on it, in yellow.  Smoke is coming out of the smokestack.  A man is behind the locomotive in the background, taking photos of something behind the train.  He is dressed in a red shirt and blue jeans.  Three buildings with gabled roofs are in the background.  Two are brick.  A switch throw is in front of one of the buildings, a single story structure.  It is sunny.",0.006301082283561463,0.2696629170357278,0.8571228384971619,0.15555555555555553
434,There is a toilet in the corner of the room. The toilet is white. There is also a white toilet seat on the wall behind the toilet.,Inside of a white ceramic toilet bowl with no lid are many clear ice cubes. The light is reflecting off the rim of the toilet seat. The hinge that connects the seat and the toilet is long silver and shiny. Under the toilet are off white ceramic tiles with black grouting between them. The drain of the toilet is covered in ice cubes.,0.008612493546901516,0.3272727231471075,0.8794282674789429,0.15838725799663297
435,A man is standing on the beach. He is wearing a blue shirt and blue shorts. There is a white surfboard in front of him.,There is a woman wearing a white shirt. She has many gold necklaces around her neck. The woman has dark hair and there are many gold headbands and decorations in her hair. The woman is wearing large gold earrings. There is a water behind the woman with many small waves in it. there is a large white boat in the water. There is a black engine on the black of the boat.,0.010863620423509666,0.37288135134731404,0.8833273649215698,0.15033845137857021
436,A man is sitting on a bench. The bench is made of wood. There is a white wall behind the man.,A red fire hydrant with a white top and a black knit cap on top of it sits on a sidewalk at the side of a parking lot.  The hydrant is casting a shadow on the sidewalk where leaves are scattered around it. There is a manhole cover a bit down from the hydrant.  Behind the manhole cover is a small area with small green shrubs and mostly covered by leaves.  At the end of the sidewalk are rows of cars with a store in the far back. A couple of people are near their cars in the parking lot.  At the end of one row of cars is a wooden fence with a brick building behind it.,0.0007649888306240395,0.2499999968,0.8659079074859619,0.06925207756232687
437,A group of people are sitting at a table in a restaurant. There is a white table cloth on top of the table. The table is made of wood and the chairs are white.,There are four men sitting at a table eating and socializing. The man at the far left is wearing a brown long sleeve shirt. The man to his right has on a black and white jacket and a plaid shirt. He is also wearing eye glasses and has a beard on his face. The man next to the man wearing eye glasses is wearing a long sleeve black shirt and is facing the man wearing eye glasses. His face is not visible. The man to the far right is wearing a long sleeve gray shirt. His eyes are squinting in the direction of the other three men probably because of the brightness of the shining sun. It is a very sunny day. It appears the setting is an outdoor area of a restaurant.,0.006748566085531381,0.3409090870480372,0.85912024974823,0.09341998375304629
438,A red bus is driving down the street. There is a red stop sign on the side of the bus. The sky is very clear and has no clouds.,A large white bus is positioned near the stop sign on the corner.  No one is in it.  On the sidewalk near the bus are several colorful bicycles parked on the sidewalk.  A blue sign referring to bike rental is near the bikes closest to the street by the stop sign.  Several buildings are hovering in the background.,0.04100651869202747,0.2711864359207125,0.8816037178039551,0.13611615245009076
439,There is a red and white bus on the street. The bus is white. There are trees behind the bus.,"The image is black and white. There is a car with its hood open. On the front bumper, there is a sign that says ""is your camera loaded"". There is also a license plate that says A1400. At the top of the car, there is a sign that says D. Monosson & Son. On one side, there is a flash of a camera, and between the hood and the bumper, there appears to be a camera lens. This car is parked in front of a multilevel building.",0.0025004463663608587,0.2153846120047338,0.8582290410995483,0.09188632904386329
440,This is an image of a desk. The desk is white. There is a laptop on top of the desk with a black keyboard and mouse on it.  The laptop has a white keyboard with black keys and a silver mouse pad on the top,"In the center of this room is a column going half way up and stopping and then begins again with an snit object encased in glass, finishing up almost to the ceiling. The object is fragile and is sitting upon a satin pillow with wire connectors coming out and down out the bottom. These are motion sensor wires, which will indicate if anyone tries to pick up the object. There is a commuter laptop open on one side, as if is keeping track of the monitoring of the security of this object.",0.012503353818883402,0.2471910072970585,0.8304561376571655,0.12027491408934707
441,A baseball player is standing on a baseball field. He is wearing a blue and white uniform and a black helmet. There is a catcher's mask on his head.,"This is a picture of a catcher on a baseball field. The catcher is crouched down and holding the mitt in his left hand. His uniform is white and black and he is also wearing a helmet and knee pads. The field has green grass, brown dirt and white lines painted on it. The catcher is a man. He is wearing white shoes and has a bracelet on his right wrist. The helmet the man is wearing is black and his shoes are white. His last name is on the back of his uniform and so is his number.",0.015911033982247594,0.3380281648482444,0.8913748860359192,0.15638864241348713
442,There is a toilet in the bathroom. The toilet is white. There are two white towels hanging from the wall above the toilet.  There is also a white towel next to the towel rack.,There is a white sink sitting in front of a blue wall. There is a roll of toilet paper sitting on the top of the sink. There is a white bar on the wall next to the sink. There is a white shelf on the wall above the sink. there is a hole in the top of the sink where the faucet should go.  There is a pipe coming out of the wall above the sink.,0.047606356627228064,0.42307691826183436,0.9016867280006409,0.2277995692241614
443,This is an image of a toilet. The toilet is white. There is a black handle on the side of the toilet that has a white handle.  The handle is black and the handles are silver. On the right side there is the handle,"The bike is leaning on the white wall. The body of the bike is blue with red and linings and white text. The bike is surrounded by shoes and slippers. The seat of the bike is black, and so are the handles and break. There are reflectors on the bike's spokes. The wheels of the bike is black. On the wall there is an umbrella with black handle.",0.015097197822105403,0.4590163886697125,0.8692916631698608,0.21251219512195127
444,There is a white bowl on a table. The bowl is sitting on top of a blue table cloth. There are two glasses on the table next to the bowl.,"The image is of a light blue strainer on a wooden table that is holding two bananas and three peaches. There is a white curtain to the right of the strainer and a yellow squared tiled wall directly behind the wooden table. The handle on the strainer is silver appearing chrome and there are holes in the shape of circles near the bottom of the strainer. The strainer is resting on a cylinder shaped bottom, allowing it to stand on the wooden table. There is one silver screw on to the left of the bananas and one silver screw directly in front of the silver handle on the strainer.",0.010800215511316021,0.3055555516705248,0.8757203817367554,0.11799906246705741
445,A cat is laying on a bed. The bed is made of wood. There is a white blanket on top of the cat.,"A cat is sitting on a wooden stool near the window, its tail hanging down behind it. A dog is lying on the ground next to the cat, in front of the window. There are black bars on the window. Outside is bright, with green grass and trees visible. There are brown bamboo shades on the other half of the window.",0.013210837299341879,0.26666666275555556,0.8912881016731262,0.2047025240384615
446,A man is standing on a skateboard. He is wearing a black jacket and black pants. There is a white building behind him.,There are two people in the photo. One person is wearing a red and black jacket. There is snow on the ground. The person wearing the red jacket is also wearing black gloves. She is throwing a white frisbee to a person wearing a black hoodie. The person in the black hoodie has his hands in his pockets. There is a small house in the background.,0.016722261990775138,0.30188678796724816,0.8905979990959167,0.19517377993877186
447,There are two horses in the field. One of the horses is black and the other one is white. There are trees behind them.,There is a large grey elephant standing in a field. There is dirt and grass in the field. There is a large log on the ground next to the elephant. There is a large tree in front of the elephant. There are tall trees behind the elephant. There is tall grass and weeds in front of the elephant. There are white clouds in the sky.,0.013963542915495685,0.4255319101674967,0.8876924514770508,0.1832512315270936
448,There are two boats in the water. The boats are white and blue. There is a white building behind the boats.,Many people are flying kites in a large open field. Huge billowy white clouds float above the kite flyers in a blue sky. Many of the kites are yellow and orange and have flags hanging from the strings. Beyond the dark green grass field is a city skyline. The sky line has many tall skyscrapers mostly all grey and white colors. There is also a large square like sculpture in front of all the kite flyers.,0.0026199682750482306,0.29411764362024223,0.876764178276062,0.1046591804570528
449,A person is standing on top of a snowboard. The person has on a black jacket and black pants. There is snow on the ground and there are mountains behind the person.,The sky is cloudy in the background of a snow speckled mountain top. There are snow dunes and there is a bright yellow sign on a metal pole stuck in one of the dunes. There are two people standing at the bottom of the snow dunes. There is also a ski lift in the background with a light blue sign in front.,0.011307823070489876,0.3606557330072561,0.8794568777084351,0.16101694915254236
450,A man is standing on top of a snowboard. He is wearing a black jacket and black pants. There is snow on the ground behind him.,A Man is standing in ice and snow while holding skiis. The sun is shining behind the man. There is a red pole to the right in the picture and a man in front of the first man. The man is kneeling and crouching. They are both atop of a mountain. The mountain is covered in snow. The clothing they are wearing is white and grey.,0.007721103021687083,0.3278688479441011,0.8908805251121521,0.15174521169354838
451,A large crowd of people are gathered around a large white building. There is a man in a blue shirt and blue jeans standing in front of the building and holding a white umbrella.,"The crowd is covering the whole street. The crowds have colorful umbrellas. At the center of the crowd is a bus parked with a sign ""DANCE"" on it. There are white placards with number on them. The scene is taken at night. There are buildings surrounding the crowd. There are some people standing and watching from a building porch.",0.010735671094909381,0.3333333287052342,0.8853419423103333,0.1415929203539823
452,A man is sitting on a bench. The bench is made of wood. There is a white wall behind the man.,There are three woman in the living room of a home. In the living room there are hardwood floors. Two woman are standing up in front of the television. They have game controllers in their hands. They are playing a game together while the third woman sits down on the couch and watches them. They are all smiling and look like they are having a great time with one another.,0.0013863253744617263,0.1562499962500001,0.8787094950675964,0.09216589861751152
453,A man is standing on top of a skateboard. He is wearing a black jacket and black pants. There is a white building behind him.,A person is standing on top of a hill. There is a lot of snow on the hill and on the trees in front of the person. There is a ski lift in the air next to the man. There are wires hanging from the ski lift. The person is wearing a red jacket and black ski pants. They are holding black ski poles and standing on top of black skis.,0.0543305163763588,0.4561403463219453,0.9101760387420654,0.19264558232931725
454,This is an image of a train. The train is red and white. There is a blue line on the side of the train with a yellow line next to it. On the left side there are two yellow lines. Behind the trains there is,A model train car is driving around on model train car tracks. The plastic train car has a red roof with blue sides. The front has red and white stripes with two small windows. The black tracks curve around where two train cars in the center. One car is yellow and green and the other car is black. Off in the distance are four lit lights on a model pole.,0.008710998801959146,0.35616437872021023,0.8694314360618591,0.17037037037037037
455,A black and white striped zebra is standing on a grassy field.  The field is surrounded by tall grass and weeds. There is a fence surrounding the field and there are two zebras standing in front of the fence. Behind the,There are two black and white striped zebras standing on the dirt ground. The zebra in the back has its head down. Both zebras are looking down. There are a few scattered rocks in the dirt. There are a lot of trees in the background behind the zebras. There appear to be tracks in the dirt that may have came from a vehicle.,0.0575472580110112,0.41666666180555556,0.8894969820976257,0.22102579038742687
456,A red and white bus is driving down the street. There is a white building behind the bus.,This image is of a city bus. The front of the bus has a large windshield window. There is a marquee display above the window that reads 44 BEALINE. There is a blue and white license plate below the grill of the bus. The license plate reads CR-526-AX. Both front headlights are turned on. The driver is visible through the front windshield window. She has short hair and is wearing a black jacket. The passenger directly in front of her is a man that is wearing a black jacket with white sleeves and he has short hair. The door is open on the bus and there is an older man waiting on the bottom step to get on the bus. He is wearing a black jacket and jeans. He is also carrying a black and white Adidas messenger bag.,0.0001059146376667915,0.16867469599070986,0.8570232391357422,0.07015147535242097
457,There is a clock on the side of the building. The clock is black and white. There are a lot of buildings in the background.,There is a large blue clock on the side of a building. The clock has black handles. The numbers on the clock are black. The background of the clock is white. The building the clock is attached to is very tall. The building the clock is attached to has many windows. There is a tall black metal pole near the clock.,0.06749910325922744,0.5652173865406428,0.9168744683265686,0.230372055907148
458,A black and white striped zebra is standing on a grassy field.  The field is surrounded by tall grass and weeds and there is a fence surrounding the field with a yellow and black line. There are trees in the distance behind the fence,A zebra stands next to a narrow tree. The tree has some wire around it. The shadow of the zebra is on the ground. There is another zebra next to the wall. There is a fence in a background. There are some rocks on the ground. There is a black stripe on the zebras back. The zebra is looking off to the side. There are shadows on the ground.,0.02184420914345296,0.35820895025172644,0.8830589056015015,0.18696016901758525
459,A man is sitting on a bench. The bench is made of wood. There is a black and white picture hanging on the wall behind the man.,The people are standing up on the bus. Some of the seats are occupied on the bus. There's a boy on the front of the bus and a yellow shirt sitting down. There's a woman in a green shirt looking out of the window on the bus. There's a man taking a picture of the top of the bus. The camera he is holding is black. He is wearing a watch on his right wrist.,0.004128779076615912,0.29032257627471386,0.8738487362861633,0.1484075480989061
460,A man is skiing down a hill. He is wearing a black jacket and black pants. There is snow all around him.,There is a person snow boarding down a hill. There are tracks in the snow all around the snowboarder. There is a large rock in the snow next to them. There is a green pine tree in front of the snowboarder. The snowboarder is wearing blue ski pants and a blue and yellow jacket. They have a yellow snowboard on their feet.,0.015759717409720094,0.35087718866112655,0.9129319190979004,0.1534865900383142
461,A man is standing on a skateboard. He is wearing a white shirt and black pants. There is a black fence behind the man.,"People surrounding a adult giraffe that is contained behind a fence.  A gentleman with dark hair and eyeglasses is stroking the cheek of the giraffe.  On the opposite side of him, a woman with dark hair and sunglasses is holding out her hand to feed the giraffe.  Behind that lady, is a man in a short sleeved black shirt with a video camera recording the giraffe.",0.004643283828175068,0.29032257652445376,0.8599915504455566,0.12135922330097086
462,This is an image of a cat. The cat is laying on a bed. There is a white bedspread on the bed with a blue blanket on top of it.  The bed is made of wood and has a black and white striped bed,There is a white sink hanging from the wall. There is a mirror hanging above the sink. There is a black and white cat sitting on the edge of the sink. There is a red and white toilet next to the sink. There is a roll of toilet paper hanging from a roll next to the sink. There is a red bottle on the back of the toilet.,0.08082137001169773,0.38461537961538467,0.8727750182151794,0.22495342140921407
463,A black and white truck is driving down a road. The truck has a white windshield and black tires. There is a red and blue sign on the side of the truck.,This photo is taken outside on a cloudy day. Part of a blue sky can be seen in between the white clouds. An old dark truck is sitting parked in a parking lot. The truck has a trailer attached to the top of it. Part of a white building can be seen behind the truck. Another old car can be seen parked in the parking lot. Green trees can be seen in front of a mountain in the background.,0.02854498310974561,0.2686567120071286,0.8781458139419556,0.1641358123650843
464,There is a clock on the side of the building. The clock is black and white. There are two clocks on each side. One is white and the other one is red and black.,A clock is attached to the stone exterior of a building.  The clock has diamond shaped metal objects as numbers and silver metal hands.  The clock has a black face with gold borders.  A square shaped border is bordering the gold border of the clock.  The square shaped border has red and green stripes on it.  The stone portion of the building has a ridged design on it.  The sky is stark white.,0.01716498592217934,0.3870967697138397,0.8720158934593201,0.17264406968769178
465,A white plate is sitting on top of a white table. There is a glass on the table next to the plate. The plate has a red and white sandwich on it.,There is a white plate sitting on a table. There is food on top of the table. There are small pizza slices sitting on top of the plate. There are black olives slices on top of the pizza. The crust of the pizza is dark brown. There is cheese and lettuce on top of the pizza. There are sliced up onions on the top of the pizza.,0.0577013637010769,0.5306122400000001,0.9051655530929565,0.1720068924902393
466,The image is of a black and white cow. The cow is standing on the grass. There is a tree in front of the cow with a green leaf on it.,"A supermarket produce stand.  Closest to the camera is a bin of ripe oranges.  Most of the oranges have an oval, dark sticker on them.  Next to the apples are red apples with a tint of green.  The apples seem to take up two bins, then past the second bin of apples is another bin of oranges.  The setting of the store is dark and lights can be seen glowing to the left of the produce stand.",0.006192494150291068,0.23188405373661003,0.8594955205917358,0.16172630352209943
467,A man is sitting on a bench. The bench is made of wood. There is a silver chain link fence behind the man.,"A couple is posing at a formal black tie event. They are both enjoying themselves and smiling. The man is wearing a black tuxedo with a bow tie. He has short combed back brown hair and is wearing square black frame eyeglasses. The woman has on a black silk top with silver and crystal embellishments, she is also wearing a necklace and earrings that are also silver. Her hair is chin length and brown, she is wearing minimal make-up. The wall in the background is painted tan and has a framed painting hung on it.",0.0013938792928229555,0.1772151863547509,0.8499844074249268,0.07403189066059226
468,A baseball player is standing on a baseball field. He is wearing a red and white uniform and a black helmet. There is a catcher and umpire standing behind him.,"There are two grown men standing in the dirt on a baseball field.  Its a clear day.  There are a few trees in the back ground on the other side of the fence.  The fence is decorated with billboards and have a tall yellow pole standing next to it.  The grass is cut short and is very green.  The men are both wearing uniforms, cleats and a baseball cap.",0.03315106878275035,0.2647058780839101,0.8754730820655823,0.16777938053963434
469,A woman is standing on a tennis court playing tennis. She is wearing a white tank top and white shorts. There is a green tennis ball in front of her.,"A male tennis player is wiping his forehead with his wrist. He seems tired and is holding onto his tennis racket loosely. His shirt is blue and yellow, his hair short and brown. He has a white bracelet on. Near him are white and green advertisement banners that line a wall of a tennis court. Behind the banners are two fully visible red seats made of metal and cloth. Behind those are a white wall and behind the white wall are the basic seats of a sports stadium. Next to the seats is a long hallway leading down from the sports arena.",0.002564456307066776,0.20689654783458852,0.868507444858551,0.10457273006000613
470,There are two giraffes in a field. There is a fence behind them. The grass is very green.,A group of sheep are standing outside. Two faces are showing. The upper part of the face is black and the mouth and snout is white. The horns are gray and curled towards the face. The wool is very thick and white. All the sheep are standing on hay that seems to be in damp dirt. Behind the sheep is very short green and yellowish grass. In the background are dark figures of trees and buildings.,0.0011985642369516996,0.18749999641113285,0.8707656860351562,0.08318384861594738
471,A man is sitting at a table. The table is made of wood. There is a white table cloth on top of the table with a black handle.  The man has short brown hair. He is wearing a blue shirt and blue jeans.,"A man is sitting in a restaurant with others while eating pizza. The walls are painted a bright shade of green and a blue picture hangs behind the man. The man is in his late 40's or early 50's. He has silver hair with black eyebrows. He is wearing a short sleeved button up plaid shirt in white, blue and black plaid. On the table in front of him there is a pizza with one slice missing, on the pizza there is prosciutto and basil. An empty glass with a slice of lemon on its edge also sits on the table.",0.044845412820132324,0.3999999956786704,0.8865826725959778,0.16281512605042014
472,This is an image of a train station. The train is red and white. There is a yellow line on the side of the train. On the left side there are two yellow lines. In the middle there is another red line. Behind the,"A large red truck is parked in the middle of the road. The truck appears to be a fire truck, and has a blue light on the top. There is a large brown and yellow brick building on the other side of the road. On the near side, there is a small fence, and small plants growing out of the dirt. Past this, there is a concrete wall and a concrete surface covering the ground.",0.02896436643047712,0.34210525850415513,0.870634913444519,0.23644978643908782
473,The image is of a train on the tracks. The train is red and white. There is a large white building behind the train.,A sunset is shown in the background. There are a bunch of cars heading towards the direction of the camera but they are at a traffic light because it is red. There is one car going through the light. It's starting to get dark outside and the streetlights are getting ready to come on. The sky looks beautiful.,0.0062151611241963505,0.29508196334318737,0.8697593212127686,0.1444610616208249
474,There are two motorcycles parked on the side of a road. There is a red and white sign on one of the motorcycles. The road is made of gravel and there are trees in the distance.,There are people walking down a road while holding their bikes.  There are cars parked along the left side of the road.  The trash bins are on the sidewalk on the right side of road.  A blue and green bin is visible.  There is a 20 mph sign on the sidewalk.  A red light is on the traffic signals.   Green trees surround the road.  There is a house peeking out from behind the trees on the left side.,0.039977447353820854,0.37142856692244897,0.8829192519187927,0.2137553919917897
475,There are two giraffes in a field. The field is green and brown. There are trees in the background.,Two sheep are in a green field.  One of the sheep is standing up and looking to the left.  The other sheep is sitting down in the grass and is also looking to the left.  The field is covered in grass with some brown leaves on it.  Behind the sitting sheep is a metal manhole with a paved cement border.  Both sheep have tan fur and white faces.,0.0062905961582202475,0.3157894698060942,0.8810785412788391,0.11693299876738862
476,There are two giraffes standing in a field. There is a fence behind the giraffe.  There are trees in front of the fence.,Two giraffes are bending their necks to look at something in the bright green grass below. One giraffe is standing behind the other giraffe. Each has large brown spots and black hairy tails. Around them they are in a forest filled with large and small trees. The bottoms of the giraffes are off white colored.,0.009155464837917378,0.3225806413319459,0.884555459022522,0.17185757185757186
477,This is an image of a train. The train is red and white. There is a blue train on the train tracks. It has a yellow stripe down the side of it.,The image is a black train with smoke coming out of the smoke spout at the top of the front of the train. There is a blue sign on the front of the train and a black number sign below the blue sign with the numbers 60009 on it. The conductor can be seen on the left side window of the train. He is wearing a blue shirt and there are two more train cars behind where he is located. The train car behind the conductor is green and the last visible car is maroon in color. The train is on the tracks and the gravel on the tracks is light brown. There are trees on the right side of the train and atop a grassy hill.,0.008078653965079377,0.30952380554705217,0.8809195160865784,0.13139202831516714
478,A red and white bus is driving down the street. There is a red stop sign on the side of the bus. The sky is very clear and there are no clouds.,"The image is of a telephone poll between two streets. The pole has a green and sign on it with white lettering that says ""E Main st 1700"" There is also a no parking sign attached to the pole. There are vertically striped awnings on both sides of the street. One awning covers produce stands, on the opposite side the awning is attached to a multilevel brick building. Behind the produce stand is a brown multilevel building with a brown stone facade and red roof tiles. The road is paved with cobblestones. There are several vehicles parked on the street.",0.004101208098374705,0.33707864764549933,0.8515228033065796,0.133399691412762
479,There are two boats in the water. The boats are white and blue. There is a man in a blue shirt standing in front of the boats.,There are people sunbathing outside on the pier. Some of the people have umbrellas over their chairs. Some people are in the Water swimming with their pets. There are a lot of people on the pier enjoying the Sun. It is a hot sunny day out. There is a flag on a flagpole on the pier to the right. The pier to the left has more people on it.,0.012967209514132497,0.2807017500646353,0.8722939491271973,0.13160150891632372
480,There is a toilet in the bathroom. The toilet is white. There is also a mirror on the wall behind the toilet.,The small bathroom has an angled ceiling. There is a window in the angled ceiling. There is light coming into the room. There is a white sink below the window. The sink is round. The is a toilet next to the sink. There is a tub next to the toilet. There are some glass panels on the wall above the tub. There is a white shower curtain. There is a blue carpet on the groun. There are bottles on the corner of the tub.,0.007261989228690441,0.40740740356652955,0.8994067907333374,0.1274228124638635
481,This is an image of a cat. The cat is black and white. There is a white cat sitting on top of the cat's head. It has a black collar around its neck.,A black and brown bag is sitting on top of some carpet. The carpet is brown and there is a brown wall next to it. There is a cat inside of the bag looking out the top of the bag. There is an orange cat sitting in front of the bag looking down into the bag. The cat inside of the bag has its eye looking out of the bag.,0.05505535188615168,0.5172413744589776,0.8811765909194946,0.20717250663774725
482,There is a large body of water in the middle of the ocean. The water is very calm and calm. There are two people on the beach. One of them is wearing a blue shirt and blue shorts. He is holding a surfboard.,A male is surfing in the blue ocean.  There is a wave behind him with white foam surfacing on the water.  The male surfer is laying on the surfboard in preparation to ride a big wave.  He is wearing a black wet suit that covers his entire body.  The surfer has dark brown hair and the board is red.,0.037733932123576654,0.3561643787727529,0.8844823241233826,0.22142857142857142
483,A white plate is sitting on top of a white table. There is a silver fork on the table next to the plate.,A smile is represented on a blue plate utilizing food.  Two eyes are displayed using oranges.  A chili pepper represents a nose and a banana represents a smile.  The circular blue dish is sitting on top of a wooden plank table.  There is a light casted on the left of the plate.  The blue ceramic plate has swirls of white around it.,0.06829716972035003,0.4137930994530322,0.8829120397567749,0.25296440333752207
484,A man is sitting on a bench. The bench is made of wood. There is a white wall behind the man.,"A lone soda can sits on a desk. Inside the grey and silver can with tiny writing are small bright red and pink flowers. The can is being used as a vase. Behind the can is a blue white and yellow calculator, a pink notepad and a black plastic corded phone. The point of a white elbow can be seen. The desk is very large.",0.004790262279347201,0.2622950780972857,0.869027853012085,0.14954010193918799
485,A large airplane is flying in the sky. The plane is white and has a blue tail. There is a large white building behind the plane.,The plane is parked on the runway. The tail of the plane has a circle on it. The top of the plane is white. Underneath the plane is a grey color. The sun is shining outside. There are other planes parked out. All the planes are getting ready from passengers and for take off. There are baggage carts around the bottom of the Planes.,0.014023586957372096,0.30508474139615055,0.8908530473709106,0.15053372387898326
486,There is a bed in a room. The bed has a white blanket on it. There are two pillows on top of the bed.,"A small bedroom is in view. The ceiling is high and angled into three white sections. The window is covered with a white set of curtains covered in little yellow flowers. The walls of the bedroom are painted yellow. There is a lamp and a black alarm clock on the bedside table beside a photo in a frame. The bedframe is brown wood, and the covers are white and yellow. There is a striped pillow on the bed, and a small picture above the headboard. There is a large dresser of brown wood to the right, with multiple small ceramic decorative objects adorning the surface. There is another small framed picture on the wall above the dresser.",0.0015022358754227044,0.24390243559785843,0.8690999746322632,0.07892293407613743
487,A baby elephant is standing on top of a wooden bench. The bench is made of wood. There is a small wooden fence behind the baby.,"This is a black and white photo of elephants standing in a row. There are ten elephants shown in the picture. There are men standing in front of the elephants. The men are wearing denim, hoodies, and hats on their heads. They are holding hoses and they are spraying the elephants down. There are people in the background behind the elephants, too.",0.007007477960471769,0.31034482318073725,0.8823739290237427,0.13506119802220962
488,A man is standing on a beach. He is wearing a blue shirt and blue shorts. There is a white surfboard in front of him.,"Two shoe less young boys are standing on a sandy beach. One of them are wearing turquoise shorts and the other is wearing black shorts. They both have short dark hair. The boy wearing the turquoise shorts is resting his foot on a dirty, white soccer ball while resting his arm on the shoulder of the boy wearing the black shorts. A shadow of the ball is shown in the sand, a small wave is rushing up the shore and there is a small, white boat traveling in water just behind the two young boys.",0.004120453357136626,0.307692303879027,0.8859560489654541,0.13271604938271606
489,This is an image of a train station. The train is red and white. There is a large window on the side of the train. On the window there is white writing on it. In the distance there are trees with green leaves on them,Two vintage trains cars are on display behind ropes.  The train cars have information signs on poles in front of them.  The car on the left is red and has DD1631 on the front.  The right car has a back door and blue chairs can be seen inside on it.  There are lights on inside left car.  The trains are indoors and there is a low ceiling above it.,0.025416935014768563,0.3733333285333334,0.8664780259132385,0.20177729813146478
490,A man is standing in front of a mirror. He is wearing a white shirt and black pants. There is a black and white picture hanging on the wall behind him.,A bride is wearing her white gown and veil while holding a knife in her hand.  She has red hair and a bruise under her right eye.  A wedding cake is on a table  with white frosting and clusters of dark fruit o top.  The scene takes place outdoors at night. Several cars are either parked or driving down the street.,0.008020992085801624,0.23684210094182825,0.8667439222335815,0.16221039870689655
491,The image is of a clock. The clock is white and has a black face. There is a silver face on the top of the clock and silver hands. On the bottom there is an orange face with black numbers on it.,"A white topped surface is topped with several dozen long sheaves of wheat in the upper left hand corner of the image. In front of the wheat stands a small sign that says, ""Please Do Not Touch""  A larger sign in front of the wheat says ""Wheat Weaving."" Next to this sign is a spool of silver thread. In front of the spool of thread lies a pair of green handled scissors. Next to the scissors and in the foreground lie a couple of woven articles which look to be the same size as a bracelet. The wheat has been already fully woven in these.",0.004145303521649229,0.19780219381717193,0.8439904451370239,0.10638297872340426
492,A large brown bear is standing on top of a rock wall. The wall is made of stone. There is a black fence behind the bear.,"A large black bear is sitting on the side of the road. The bear is sitting on its bottom, with its front paws in front of it. The area where the bear is sitting is full of rocks and dirt, with some green grass and weeds. The roadway in front of the bear is graveled. There are trees surrounding both sides of the road.",0.006765379131625169,0.31578946912896283,0.9059770703315735,0.13289036544850497
493,A man is standing on a skateboard. He is wearing a black jacket and black pants. There is a white building behind him.,"A woman is skating around a concrete skate park. It looks like an old swimming pool and her shadow is cast below her by the sun. Both of her feet are on the black skateboard. She is wearing a sleeveless short red dress and black sneakers. Her arms and legs are bare, only the back of her head can be seen. Her hair is bleached blond and she has dark roots showing.",0.007620607665119939,0.21621621253469692,0.8849524259567261,0.1175495374738754
494,A man is standing on the side of the road. He is wearing a black jacket and black pants. There is a white truck behind him.,A white truck is on a dirt road. There are a lot of people in the back and a man is sitting in the passenger side. Another white truck is parked beside that truck. It is going in the opposite direction. A man's arm is stretched out of the passenger window. There are bushes and small trees in the background. There appear to be power lines in the air above the trucks.,0.005797356940000285,0.3582089509200267,0.8914916515350342,0.1395875834569733
495,There are two giraffes standing in a field. There is a fence behind them. The grass is very green.,There are a group of zebras all standing outside together. There appears to be four of them and they are all pretty much looking in separate directions. One of the zebras is looking directly at the camera. They are all huddled pretty closely together. They are standing in a field of grass that has some small bushes and very small trees present as well.,0.0070556879833355264,0.3333333294222222,0.8930159211158752,0.1240079365079365
496,There is a clock on the side of the building. The clock is black and white. There are two clocks on each side. One is white and the other one is red and black.,There is a reflection of a building in the window. The window is dark and has various panes and metal bars. The reflection is of a clock tower. The clock tower has a gold clock with roman numerals. The reflection in the glass made to reflection of the clock face. The tower is made of dark tan brick and has a fence like design at the top.,0.019616668348362842,0.29090908618842976,0.869732141494751,0.14128728414442698
497,A man is standing on top of a snowboard. He is wearing a black jacket and black pants. There is snow on the ground behind him.,"The man is snowboarding during the winter time. From the edge of a large cliff that leads to a range of mountains, he is trying to slide across the snow. His outfit consists of a bright green pants, that are long-sleeved, followed by a jacket with scribble patterns. His head is protected by a beanie.",0.008723678142188123,0.2258064471331947,0.8781182765960693,0.1636809554275965
498,A man is standing on a snowboard. He is wearing a black jacket and black pants. There is snow on the ground behind him.,"A woman is up in the air with her ski boards. The woman's ski boards are yellow. She is also wearing green cargo pants, black hoodie jacket, brown helmet and goggles. Her ski poles are black and white. The sky is blue with white sheets of clouds. The pants have pockets on the side. The goggles are too big on the face.",0.005261020308882814,0.25396824975560595,0.8936200737953186,0.11800289682201584
499,A man is standing on top of a mountain. He is wearing a black jacket and black pants. There is a large rock wall behind the man.,"Three men are airborne on top of white ski boards. They are jumping in different directions, one ski angled to the left, the other two towards the front. They are wearing thick winter protective clothing and helmets to protect themselves in case of a fall. The sun is glowing against the pile of white snow they are above. There is an expanse of white glowing snow in front of the pile with people wearing dark winter clothing walking and skiing. A large hill in the background displays patches of dark, snow covered trees running down the slope. The sky is heavy and grey with clouds.",0.0032979968917756313,0.2444444408666667,0.8704747557640076,0.09868144788779709
500,A man is standing on top of a snowboard. He is wearing a black jacket and black pants. There is snow on the ground behind him.,There's a man standing on a snowboard outside. The snow has lines in it. The sign says Superstar on it. The majority of the sign is black and the letters are white. The symbols on the sign are black. There is an arrow pointing to the left. The snowboard is blue and orange. The tree to the right of the man is filled with snow.,0.008023853323337247,0.37288135134731404,0.8922560214996338,0.12274959083469722
501,This is an image of a bathroom. The bathroom is white. There is a mirror on the wall above the toilet. It is made of glass. On top of the mirror there are two white towels. One is on top and the other is,A white game controller is sitting on top of a small table in a room. It is connected to a game system. Behind the table is a newspaper that is sitting beside a small decorative lamp. A wall is behind the lamp and paper. Near the lamp is a wooden cabinet with drawers and a door. The handles to the door and drawers are black.,0.014783655820697112,0.2985074578213411,0.8632929921150208,0.18966145016565186
502,A man is sitting at a desk. The desk is made of wood. There is a laptop on top of the desk with a black keyboard and mouse on it.  The laptop is black and silver.,"A chair is sitting in front of a long white table. The table has two laptops, papers, and numerous cords on top of it. A microphone is hanging on a microphone stand beside the table. A long black cord is running along the wooden floor into a white outlet that is on the wall. Part of a large picture frame can be seen hanging on the white wall.",0.01842206557746811,0.32835820444642466,0.8897110819816589,0.17633101851851854
503,There are two horses in the field. One of the horses is black and the other one is white. There is a fence behind the horse.,This is a black and white photo. A man is riding on a black bull with long horns. The bull is pulling a small wooden cart with bags on it. The man is dressed in a white tee shirt and shorts with no shoes. The road is dirt and grass and there is a tree behind the bull. There appear to be small mountains or hills in the distance.,0.006366398243741609,0.28571428150163775,0.875389575958252,0.13759230637128628
504,A man is sitting on a bench. The bench is made of wood. There is a white wall behind the man.,Two dog figurines are standing by a large blue barrel and in front of a light green color wall. Next to the wall are wooden racks stacked one on top of another. Next to those are several red fire extinguishers. There are more blue barrels laying on top of the wooden racks as well as standing up across from the racks.,0.002211709464019425,0.20689654772889424,0.8697763681411743,0.07017543859649122
505,A woman is sitting at a table. She is wearing a white t-shirt and blue jeans. There is a silver laptop sitting on top of the woman's lap.,"Two women and a man are sitting in a living room of a home. The women are sitting in chairs and the man is sitting on a sofa. There are picture frames on the white walls in the room. Two windows are above the man, one of them is halfway covered up. There is a small black t.v. sitting on a large brown entertainment center.",0.015498835967304184,0.2580645114620188,0.883834958076477,0.1910111643556281
506,This is a bathroom. The bathroom has white walls. There are two sinks on the wall. One sink is white and the other is black and silver.,A picture of a bathroom with a bath tub and toilet. There is a white sink  under a large mirror in the bathroom. There are lights mounted in teh ceiling. There is a black and white shower curtain on the bath tub. There are many white cabinets under the sink. There is a metal handle next to the shower.,0.010896468095418747,0.3272727225520662,0.8937408924102783,0.18670627018894645
507,A large brown bear is standing on top of a rock wall. The wall is made of stone. There is a large boulder in front of the bear.,Two black cubs are roaming in an enclosed area.  There are stone walls behind the two cubs.  Green shrubs  are in the front of the enclosure.  The cubs appear to be grazing on the ground.  A tub like structure is in the back of the left side.  The two cubs are on the top level and beneath them is a step to a lower level.,0.01442329206159966,0.3809523766187957,0.8718884587287903,0.13866231647634583
508,A man is standing on a skateboard. He is wearing a black jacket and black pants. There is a white building behind him.,There are two men sitting together. Both of the men are holding skis. The man on the left has a red turtleneck on. The man on the right has a black jacket on. There's a light coming off of the camera. Both of these Keys have black footholds to put your feet up. Both of the men are looking into the camera and smiling. The man on the right is wearing a watch on his left wrist.,0.00783555822990472,0.2857142816326531,0.8771182894706726,0.11016164754884135
509,A man is standing on a baseball field. He is wearing a blue and white uniform. There is a black helmet on his head.,The picture is a baseball or softball game. There players are wearing green black and white. There is a pair of legs visible from someone sitting on a bench. The legs are wearing a pair of high green socks with low shoes. There is a baseball glove next to the legs on the bench. there is also another person with his or her leg propped on the bench. It has green socks with a white front and black pants. Someone in the background is standing next to a fence with a baseball bat in their hand.,0.003899770944615296,0.2739725988890974,0.8778812289237976,0.10135135135135134
510,Two giraffes are standing next to each other.  The giraffe is looking down at the camera and is wearing a black and white striped shirt and black pants. There is a tree behind them and a large rock wall behind it.,"A giraffe is standing in the grass with his head halfway down towards the grass. The giraffe is looking at something in the grass and his mouth is open. His left front leg is standing wide and far from his body. The giraffe is young and he has a long neck and long legs. The grass is both, green and dry and there are trees casting shadows on the ground.",0.03908057037032236,0.28571428085680556,0.879082441329956,0.14903129657228018
511,A man is standing on top of a snowboard. He is wearing a black jacket and black pants. There is snow on the ground behind him.,There's a man standing at the top of the hill on skis. The man is wearing a black helmet. The man is also wearing goggles. The coat that the man is wearing is a bright red. The man is holding ski sticks. There are lines in the snow where the man is standing. A man is standing at the top of the hill looking over at the land. The land is covered with snow.,0.03528494669596235,0.44827585744946497,0.9002743363380432,0.16128467708062486
512,There is a clock on the wall. The clock is black and white. There is an umbrella over the top of the clock.,"A black tall metal steel pole is in front of a very tall buildings with many windows. The black pole has two street signs on it being held on by silver metal rings. One of the signs is black and has the numbers, 1 and 21. It also has in white writing Wall st. On the other black sign are the numbers 92 and 113 and the white word broadway. Above the street sign pole is a street light and the lamp is round. The light is turned off.",0.0039104255169017926,0.2535211232691927,0.8621252179145813,0.08954456580366775
513,A baseball player is standing on a baseball field. He is wearing a blue and white uniform and a black helmet. There is a catcher's helmet on his head.,"There is hitter getting ready to swing at the ball that has just been thrown by the pitcher. The pitcher is wearing a black shirt with gray pants and red socks while the hitter is wearing gray pants, dark blue shirt, and black socks. The umpire and the catcher is squatting down anticipating the play. The field is a mixture of dirt sand green grass. The image was taken through a metal fence.",0.012492086089053327,0.19444444043209885,0.8683804869651794,0.08746355685131195
514,There is a train on the tracks. The train is red and white. There are trees behind the train.,A worn wooden building is on the side of a set of train tracks.  The building has many windows with screens over the windows.  Many of the screens are torn or missing.  The paint on the building is severely thinned and peeling.  A small foliage bush is at the front of the building.  Tall mountains are in the far distance.  A large metal structure is suspended in the air above the building and the train tracks.,0.001995357015027777,0.29999999642222225,0.8718166351318359,0.08534850640113796
515,A man is standing on top of a skateboard. He is wearing a black jacket and black pants. There is a white building behind him.,"A man and woman are standing outside on a snow covered field. the man is wearing a dark coat, scarf, pants, gloves and eyeglasses. The woman is wearing a dark coat, gray scarf, dark pants and black gloves on her hands. They are standing behind a homemade snowman. There are colorful frisbee rings on the ground surrounding the snowman.",0.01778519260760681,0.35087718842720844,0.8928723931312561,0.19137814748201437
516,A man is sitting at a table. The table is made of wood. There is a white table cloth on top of the table with a black handle.  The man has dark brown hair. He is wearing a blue shirt and blue jeans.,"A long food banquet table is covered in a white tablecloth with long red cloth fringes.  The table is covered in food on metal platters.  In the center of the table are several raised bowls of food.  Next to the table in the foreground is another identical table with different food items.  Two large windows are on the wall next to the tables.  The windows have white sheer panels and dark blue curtains.  The room the table is in has red walls and hardwood floors.  A tall, green, decorated Christmas Trees  is against the wall next to the windows.  Another plain red table is in front of the Christmas tree with two tall glass bowls filled with oranges on it.",0.00911633895759009,0.30612244473136196,0.8653610348701477,0.11130899376669634
517,A man is sitting on a bench. The bench is made of wood. There is a black and white picture hanging on the wall.,"The woman is sitting on top of a large, white lifeguards chair. The woman has dark hair and a blue headband. The is wearing a colorful, flowered bathing suit. She is wearing sandals with a small kitten heel. The woman holds a large pink umbrella. There is a a stand of green trees in the background. The sky is blue with big white clouds.",0.015093464408722456,0.2903225763943809,0.8730592727661133,0.13333333333333333
518,A man is flying a kite. He is wearing a black jacket and black pants. There is a blue sky above the man.,"A person is in mid air in a jump pose with a snowboard attached to their feet.  The person is wearing a black hat, pants, gloves and red jacket.  The person is in the air above a snow covered steep ski slope.  The sky is white with clouds and a few sections of pastel blue.  The sun is in the background and glowing as a white round and bright circle in the sky with a white haze of clouds over it.  A ornate type graphic in green-yellow and pink lettering is at the bottom of the ski slope.  Trails of narrow white lines are in the sky with the clouds.  Another person can be see in the background at the bottom of the slope in the background.",0.0015045524974202033,0.24390243573765621,0.8764134645462036,0.05574614065180103
519,A man is riding a motorcycle. He is wearing a black helmet. The motorcycle is red and black. There is a white building behind the man.,"A woman is looking down at her hand while standing over a motorcycle.  The woman is wearing a sleeveless vest, black helmet and blue jeans with rips on the upper thigh.  The motorcycle is a pale color and is surrounded on both sides by two more motorcycles.  The woman is parked on a paved surface next to a field of grass.",0.021901700232817584,0.3174603133786848,0.8934156894683838,0.15482125603864735
520,There is a large wave in the water. The water is very calm. There are two people on the beach. One of the people is wearing a blue shirt and blue shorts. He is holding a surfboard.,A man is parasailing in the ocean. The man is standing on a flat board. He is holding on to the handles of the sail. The sail has several white cords attached to is. The sail is dark blue. There black stripes on the sail. On top of the black stripes are blue stripes. The water is dark blue. In the distance is a large land mass.,0.0339590069924598,0.4374999951757813,0.8801544904708862,0.171875
521,A man is wearing a black suit. He is holding a white remote control in his right hand. The man has short dark brown hair. His eyes are closed and he is looking down at the camera.,A man is pointing at something pink. The pink item is a wristband. The wristband is on his right wrist. There is some some writing on the man's right hand. the man is wearing a green tie. The man is wearing a white button up shirt. the man is wearing a ring. The man has a beard on his face. The man is standing in a room.,0.06320483383493054,0.3823529361807959,0.8828712105751038,0.17066308864265928
522,The image is of a young boy. The boy is wearing a white shirt and blue jeans. He is standing on a wooden bench. There is a black and white toilet in front of him.,"A bunch of small green bananas is hanging from a large banana tree. Under the bananas are a slew of large, dead brown leaves. Hanging from the center of the bunch is a long stem with a pod at the end of it that is dripping some type of fluid. Behind the banana tree is a green wall of other trees. The bananas are facing upside down.",0.0068940782867187075,0.11940298047672104,0.8490397930145264,0.12362968596390347
523,A man is standing on the sidewalk. He is wearing a black jacket and black pants. There is a red fire hydrant in front of the man.,A stop sign is locating at an intersection on 7th street. There is a street sign and a bunch of pedestrians as well. The pedestrians are all walking across the street and they all have on short sleeve shirts. There are a bunch of palm threes located in the background and the sky is very clear and monotone.,0.015812001294147733,0.29999999545000006,0.8715904355049133,0.11839708561020038
524,A man is sitting on a bed. The bed has a white blanket on it. There is a black and white picture hanging on the wall.,A little boy lays back on the bed. A little girl lays next to the boy. The boy has a blanket covering him. There is a white laptop on the boys lap. The laptop is open. The laptop has an Apple logo on the screen. The two kids are watching something on the laptop. The laptop is plugged into the wall. There is a cord attached to the laptop. The kids are resting on pilllows. There is a window in the corner of the pic.,0.0075495755076820945,0.3749999958251954,0.8916301131248474,0.1410986049807742
525,A black and white striped zebra is standing on a grassy field.  The field is surrounded by tall grass and weeds. There is a black fence surrounding the field and there are tall trees behind the fence. The grass on the ground is,A black and white zebra is standing outside by himself. No other animals appear around him. He is standing on the ground covered in dirt. You can see a tree branch next to him with green leafs. In the back of him you can see the shadow on the ground cast about by a tall tree near him. It appears to be sunny and warm outside.,0.07413374692175068,0.3466666620586667,0.8868001103401184,0.25929377131105463
526,A baseball player is standing on a baseball field. He is wearing a blue and white uniform and a black helmet. There is a catcher's mask on his head.,"The image is a pencil outlining of a baseball player on a baseball field at  home base. The sketch appears like a comic strip picture that has not been colored in. The baseball player has the baseball bat raised in the air and is looking towards the direction of where the pitcher would be standing. The uniform of the player has the letters ""ARAI"" on the back of the shirt with the number 25. Both the shirt and the pants are striped. The player is also wearing a baseball helmet on his head and gloves on his hands.",0.006260256120776066,0.3037974644512098,0.8776482343673706,0.11436015232209891
527,This is a bathroom. The bathroom has white walls. There are white tiles on the wall above the toilet. On the right side of the bathroom there is white toilet paper and a white towel on top of it.,A bedroom has a twin bed that is high up off the floor. The bedframe is metal with metal bars. In front of the bed is a chest. The windows have shutters on them that are closed and drapes that are open. A green plant in a pot is in front of one of the windows. There is a rug on the floor. The bed is made and there are two pillows on top.,0.009321995194516248,0.31428570961632657,0.8690503239631653,0.16207446808510642
528,A man is sitting at a table. He is wearing a white shirt and blue jeans. There is a silver laptop on the table behind him.,Two men are sitting in front of their laptops. Both of the laptops are black and gray. The man on the right has gray and black hair. The man on the right is wearing a watch on his right wrist. The watch is black. The man on the left is wearing a navy blue shirt. The american flag is stitched on the right shoulder of the dark blue shirt.,0.010767286227016238,0.32142856674107145,0.8875148296356201,0.1219099530834164
529,A black and white train is on the tracks. The train has a red stripe down the side of the train. There is a white and blue sign above the track.,A large plane is flying over a whole bunch of clouds high in the sky. But because it seems so far away it looks very small. It has a wing and a tail visible and is dark in color. The sky is white and blue. The clouds below the plane are fluffy and puffy and white. Far off is a patch of bright blue. The puffy clouds are a light blue color with a twinge of blue and grey to them.,0.00544286556075885,0.27777777353395067,0.8571328520774841,0.11842105263157894
530,A white and blue motorcycle is parked on the side of a road. There is a white building behind the motorcycle.  The motorcycle has a black seat and the front wheel is black. The road is paved and there are trees on both sides of,This is an old bus painted blue. There are white curtains in the windows and bicycles attached to the front. there are six windows on the side and one big window in the back. On the back of the bus is a spare tire. The bus is parked or traveling along a road next to a patch of green grass. There are many trees in the background.,0.025972094794672763,0.465753419928692,0.8845495581626892,0.21513580246913588
531,A black and white dog is sitting on a bench. The bench is made of wood. There is a white fence behind the dog.,Two light brown cows stand on a muddy path.  They have horns on their heads.  There are several cows on the ground behind them.  There is a thatched roofed building in the back ground. The building behind it had a blue tarp on part of the roof.  The roofs of several structures can be seen in the background.,0.013833916872434621,0.2711864364378053,0.8816519975662231,0.1351368538868539
532,This is an image of a plane. The plane is white and has a blue tail. There is a large black and white plane in the distance.,"Four white fire hydrants sit outside. A small brown dog with a long tail is walking toward them, with its rear facing the camera. There are wooden posts lining a parking lot, and greenish brown grass on a hill in the background. There is a wooden fence post in the foreground, and a wire fence. The sun is casting shadows on the ground.",0.014540681171580172,0.2769230727857988,0.8605746626853943,0.10942760942760943
533,A man is sitting on a bench. The bench is made of wood. There is a silver chain link fence behind the man.,"A cat stands on a tiled kitchen floor, looking into an open refrigerator. There are white cabinets to the right of the fridge, and the main source of light is coming from the fridge. The door of the fridge has eggs, bottles of drinks and condiments, and there are containers of food in the main part of the fridge where the cat is looking.",0.00429075340338634,0.22950819256113955,0.8720660209655762,0.07512520868113523
534,This is a bathroom. The bathroom is white. There are two sinks on the wall. One of the sinks has a white soap dispenser on it. On the other sink there are white towels on top of a blue towel rack.,"A man is taking a photo in a public restroom mirror with a camera. There is a long counter with four white sinks, soap dispensers, and one water knob for each. Above the sink is a long mirror reflecting the back wall. The wall is covered with beige subway tile. The man taking the picture is wearing a gray shirt, and tan pants.",0.009058847163997321,0.2535211219837335,0.8839097619056702,0.13157894736842105
535,A man is standing on a skateboard. He is wearing a white shirt and blue jeans. There is a red and white line painted on the ground behind him.,There is a guy skateboarding. He is skateboarding on a black skateboard with white wheels. He is wearing a white shirt with gray shorts. He has on a pair of red sneakers with black markings and laces. He is in mid jump and has his hands over his heads. There are wooden benches behind the guy on the skateboard. The benches have purple handles. A building with bars and window is behind the benches and is showing the reflection of trees.,0.04420079161212534,0.3768115898592733,0.8914021253585815,0.13852242744063326
536,A man is surfing in the ocean. He is wearing a white surfboard. The man has a blue shirt and blue shorts. There is a small wave behind the man.,A man in a black wetsuit is surfing. The sky above him is a dark shade of blue with a lighter area towards the water. The ocean that he is surfing in is a shade of green with white foam meeting the skyline. The man has his arm outwards for balance and his body bent. His surfboard is white and has a point on the end.,0.023696624945905582,0.36363635919191917,0.8917185664176941,0.22209535256410257
537,A large elephant is standing on the ground. The elephant has a long trunk. There is a tree behind the elephant.,"A small elephants is bathing in a small man made pond. The water is shallow coming to his under belly and covering his legs. There is water splashing to the right of the elephant. The bottom of his tail is in the water, and his trunk is raised upward as he closes his eyes. The shadow of his turns is cast on the light colored rocks in front of the elephant as the sun shines above.",0.0028370808156277746,0.28124999625,0.8870583772659302,0.12854085358177011
538,There is a bus on the road. The bus is red and white. There are trees behind the bus.,People are gathered to board a bus.  The bus is yellow with side doors opened for passengers to enter.  The bus has two front windshields that are high up on the front of the bus.  There are street light poles above the walkway.  People entering the bus are wearing jackets and some have hats on.  The sky is blue with white clouds in the distance.,0.008121379190431849,0.3333333297555556,0.8919703364372253,0.1076158940397351
539,This is an image of a cat. The cat is black and white. It is sitting on a bed. There is a white pillow on the bed with a black headboard on top of it.,A cat is looking outside of a window. The cat is peeking with it's head tilted to the side. It appears to be focused on something that is moving outside. The cat is white and has black spots all around its body. The tail is black and the cat has on a pink collar. The cat is looking out of a glass door that is behind an open door.,0.02533152566111422,0.338461533983432,0.8813591003417969,0.1676829268292683
540,There are two giraffes standing in a field. There is a fence behind the giraffe.  There are trees in front of the fence.,A single giraffe stands just in front of a series of high boulders which form an enclosure behind it which is higher than it's head.  The giraffe is standing in a depression and a small grass hill rises in front of the animal.  Trees are behind the rocks and cast shadows onto the rocks.  The area in front of the giraffe is grass.,0.03136669311053828,0.3571428530612245,0.8987523317337036,0.1797388446904185
541,There is a toilet in the bathroom. The toilet is white. There is also a mirror on the wall behind the toilet.,"A bathroom has brown tiles going halfway up the walls and on the floor. The tiles are rectangular. There is a small white toilet attached to the wall and a metal gray flusher. There is a small white sink on another wall. The wall above the tiles is a light yellow color, almost white. The walls outside the bathroom are white.",0.01373324760673546,0.39999999596800007,0.9036256074905396,0.1647671300350263
542,There are two elephants standing in the water. The water is calm and clear. There is a large body of water behind the elephants.,A bunch of elephants are gathered together outside. Two of the elephants are very close to eachother and the other one is a couple steps away. Two of the elephants look like parents and the smallest one looks like a child. They are in an enclosed area that appears to be a zoo. There is a small body of water in the very front.,0.015959395531546055,0.3666666624666668,0.9032177329063416,0.20070370370370372
543,A group of people are standing on a beach. There is a large body of water behind them. The sky is blue and has a lot of clouds.,"The image is of a train-station. It is an aerial view. There is a train in the station and there are three platforms. All three platforms are crowded with passengers. There is a metal archway that goes above the train tracks. On the outside of the station there are trees. On the right side of the image there are large white buildings in the background. It is daytime. Some of the people at the train station are wearing backpacks, many of the people are wearing white shirts.",0.006574050246275101,0.2571428527306123,0.8733540177345276,0.10976846143307303
544,A large airplane is flying in the sky. The plane is white and has a blue tail. There is a white building behind the plane.,"The image is of a jet plane. It is gray in color and has two small black wheels below its body. These small black wheels extend to each side of the plane. On the front of the plane there is a propeller that is moving in full motion, as the plane is up in the air. The letters ""TF-FTE"" are on the bottom of the left wing. The tail has a small wing on each side. The sky appears gray and dark.",0.004095027193865625,0.2686567123546448,0.8850498199462891,0.10484927916120576
545,A white plate is sitting on top of a white table. There is a silver fork on the table next to the plate.,"Chopped tomato pieces sit on a cutting mat next to a silver chef's knife. There is a glass measuring cup in the background, and two bunches of green broccoli next to the tomatoes. The flash from the camera gives a bright light on the food, and the kitchen counter that everything is sitting on is a creamy white color.",0.023848463151135427,0.3333333294222222,0.8831501603126526,0.21135350857400723
546,A room with a bed in it. The bed is made of wood. There is a lamp next to the bed.,The room is a little dark. There are two windows in the room. The two windows are letting in the only light that is coming into the room. The two windows have drapes. There's a cream chair to the left of the room. There are two lamp shades on both sides of the windows. There is a silver kettle on a table closest to the camera.,0.008300910730966574,0.3396226371520114,0.8880131840705872,0.155964824954372
547,A laptop is sitting on top of a desk. The laptop has a black keyboard and mouse. There is a white wall behind the laptop.,The room shows computer desktops on long table. A man with balding head is looking at the his computer. He is wearing a stripe shirt. He is also wearing eyeglasses. In front of him is a woman wearing a white blouse. She is also looking at her computer. The wall is white and there is a green poster. The room is dark except fro the lights coming from the desktops.,0.005028492743689578,0.2153846111242604,0.8762220740318298,0.1145038167938931
548,There is a wooden table in a room. There are books on top of the table. The table is made of wood and the books are black and white.,"A vintage ad for Gold Seal floors and walls shows a woman in a red and black party dress entering a bedroom. There is a platform, and a bed on the platform with a ottoman, and a nightstand. A tall window behind the bed has closed curtains. A bookcase on the wall has white books on the shelves. The floors appear to be terrazzo.",0.01643913787579615,0.31249999582519533,0.873034656047821,0.11570247933884298
549,A wooden bench is sitting on top of a concrete platform. The platform is made of metal. There is a clock on the side of the bench.,A little brown teddy bear sits on the corner of a couch. The couch is black and made of leather. The bear has a pink bow around its neck. there is a painting on the wall behind the couch. The painting is of a tidal wave. There is a mountain in the background as well. The bear sits alone on the couch. The bear is cute.,0.015571704530315712,0.32142856706632655,0.8914774060249329,0.1797246321091665
550,A man is standing on a tennis court playing tennis. He is wearing a white shirt and blue shorts. There is a black and white net in front of him.,"This is photo inside a stadium at a soccer game. There are spectators in the background. The ground is covered with green astro-turf. There are two men play soccer. One of the men is wearing a black pair of shorts, white shirt, white socks and black shoes with yellow at the bottom. The other player is wearing a purple pair of shorts, a purple shirt with white writing and purple socks. They are both trying to kick the white ball that has multi-colored swirls.",0.008591519494985277,0.21333332908088895,0.8787221908569336,0.1325471994471146
551,A baseball player is standing on a baseball field. He is wearing a blue and white uniform and a black helmet. There is a white and black umpire in the stands behind him.,There is a baseball game going on. There are batters on the side warming up. They are wearing grey uniforms. They are wearing red helmets. The other team has red and white uniforms. There are many people watching the game. The ground is green. The sky is blue. There are many trees. Many people are playing.,0.0229158704812832,0.34482758142092745,0.893079400062561,0.10242085661080073
552,"The image is of a large body of water. The water appears to be calm and calm. There are small waves in the water, but none of the waves are large enough to cause any serious damage.",A cow eats grass on the side of a hill. The cow is white. The grass is green. The grass is all over the hill. There are some weeds in the grass. There are  some trees by the grass. There is a rock by the trees. There are many mountains.  There is some snow on the mountains. there is some fog near the top. There is just one cow.,0.008995175685605322,0.2666666617166667,0.855777382850647,0.0911854103343465
553,A man is standing on a wooden bench. The bench is made of wood. There is a white wall behind the man.,A woman has a bunch of bananas o her head. She is seen in the forefront of three village type cottages. There is three other people behind the woman. There appears to be two men and a child as the man is wearing a blue shirt and stands in the doorway of one of the cottages. The child sits on the dirt ground a few feet away from the man in the blue shirt. A man wearing a red shirt is seen a few yards behind the others. Trees protrude from the tops of each cottage.,0.001435772831164024,0.27397259916682304,0.8661456108093262,0.09475629981112083
554,A man is standing on a skateboard. He is wearing a black jacket and black pants. There is a white building behind him.,A little girl is gesturing while standing in a grassy area. The girl has red paint on her cheeks. The girl has short black hair. She is wearing an orange shirt. She is also wearing a short that are a floral print. Behind the girl is a wooden fence. The fence is discolored and gray. On the ground behind the girl is a black bat and a small white plate.,0.005311491957289889,0.2857142816326531,0.8868259787559509,0.11485451761102601
555,This is an image of a bathroom. The bathroom is white. There is a mirror on the wall behind the toilet. It is made of glass. On top of the mirror there is another mirror with a blue and white design on it.,"Multiple hair styling tools are sitting on a metal grate. A silver pair of shears is laying on top of a smaller pair of thinning shears. The thinning shears are different colors of blues, yellows, and pinks. Next to the shears is a gray comb. The comb has 2 varying ends. One side of the comb has small teeth the other has wider teeth. A golden comb is laying on top of the gray comb. The golden comb is large with large teeth. The metal grate is dark gray.",0.013908746805898545,0.2432432385390797,0.8496317267417908,0.14730866397712586
556,A group of people are standing on a grassy field. There is a large black and white cow in front of the people. The cow has a white head and a black collar around its neck.,"Black and white cows are lined up at a feeding station in a green field. The line up shows seven cow rumps and no heads, but the eighth cow is turned, looking at the camera. A farmer is in a green tractor in the distance, directly behind the feeding area. Bushes are to the left, behind the cows. The one cow with a visible face has yellow id tags in her ears.",0.006850572990281724,0.3157894691031856,0.8779340982437134,0.1388888888888889
557,A man and woman are standing in front of a building. The man is wearing a white shirt and blue jeans. He is holding a black and white frisbee in his hand. There is a large white building behind the man.,"A group of 24 young men are posing on the stairs in front of a building. They are mostly dressed in jackets and ties, although one seems to be wearing a sweater under his jacket.  Two of the men are wearing glasses. The men appear to be Caucasian. Most of the men are standing on the stairs, but a few are sitting on the stones on the side of the stairs. They are in front of a porch.",0.05109054718749266,0.3287671185588291,0.8757668733596802,0.1641358123650843
558,A man is standing on a snowboard. He is wearing a black jacket and black pants. There is snow on the ground behind him.,"Two young men are seen on a ski slope skiing in a black and white photo. The boy in the foreground is wearing a winter hat with white specks, and white pine trees knitted into the design and a white pom pom on the top. The man is bending his right leg as he holds of his ski poles in the air. The boy on the left side of him is barely visible.",0.009462443373898144,0.2686567123546448,0.8711004257202148,0.12328058976894721
559,A little girl is laying on a bed. She is wearing a white t-shirt and blue jeans. There is a pink blanket on her head. The bed is made of wood.,"A boy is sleeping on the couch with a black cat. The cat's ears are perked up. The boy has short brown hair and is wearing a white and gray shirt. The couch is light brown and there are some wooden bars at the top, where the boy's head is. The surface behind the wooden bars is white. The boy's ear is red.",0.03519811438786968,0.28124999531250006,0.897523045539856,0.10869565217391304
560,There is a white building with a clock on top of it. The clock has a black face and black hands. There are two windows on the building. One of the windows is white and the other one is black.,The building is painted burgundy and orange. There is an old sign attach to the wall for a restaurant. The writing on the sign is yellow. There are lights attached to the wall as well. The windows on the building are very big. The windows are reflecting the trees. There is a aqua blue square small sign in the sign on the wall.,0.0301176664642122,0.3333333285333334,0.8868601322174072,0.14827018121911034
561,A white desk sits against a white wall. There is a laptop on top of the desk. The desk is made of wood and has a black keyboard and mouse on it. A black and white computer monitor is sitting on the wall next to the,The desk has laptops on it. Two of the laptops are turned off. There are two desktops to the right of the laptops. The two desktops are on. The desk is made of wood. There is a glass on a coaster to the right of the desktop computer. There's a garbage can underneath the cabinet under the desk. There is a shelf over the desk that has books on it.,0.08737620156098089,0.38095237601410936,0.8889351487159729,0.1849112426035503
562,A man is riding a motorcycle down a road. The motorcycle is red and black. There is a red stop sign on the side of the motorcycle.,"A man in a red and black jacket, blue jeans, and a black motorcycle helmet is seen standing on the side of the road near his motorcycle. The man is holding his riding gloves in his right hand just below the license plate on his bike. The man has the face plate of the helmet down obscuring his face. Across the road there is dry grass and bushes on an incline. The road is empty otherwise.",0.03513278348116348,0.49230768817041426,0.8897262215614319,0.14064697609001406
563,There is a white and blue train on the tracks. There are trees behind the train.,A train is traveling on the railway track that is up on a small hill. The train is dark gray and light gray colors with yellow on its front. The hill has dry yellow as well as green grass. Next to the hill is a fence with wooden posts and green plants are growing on that side of the fence. There are also some green trees. There are some white clouds in the sky.,0.001397141299686584,0.3333333299388889,0.8888058662414551,0.12504072987943957
564,A man is standing on a surfboard. He is wearing a black wet suit. There is a large wave in the water behind him.,"The surfer is wearing a blue and black wetsuit on a cloudy day.  His surfboard is baby blue and cutting through the wave.  The surfer is focused on riding the wave as the spray from the wave is hitting him.  The surfer is keeping his body bent and low to the surfboard to keep himself on the surfboard.  The spray from the wave is small, so the surfer is coming to the end of the wave.",0.007021970237983426,0.3050847412812411,0.8836811184883118,0.10421570935342123
565,A man is standing on a sidewalk. He is wearing a black jacket and black pants. There is a red and white sign on the sidewalk next to the man.,A woman in a white hat with a light brown ribbon walks down a city sidewalk with her purse over her shoulder and carrying a large wooden basket.  There is a railing on the sidewalk and two bicycles are leaning against the railing.  There are a couple of signs and both signs are in the Asian language.  A statue of Colonel Sander from KY Fried Chicken stands in a glass showcase in front of one of the windows.,0.012731421651113076,0.24999999598765438,0.8728038668632507,0.10245901639344263
566,A man is riding his motorcycle down a street. He is wearing a black helmet. There is a red stop sign on the side of the road. The street is lined with tall buildings.,A picture of people having a bike race. There are orange cones on and around the street. There are tall buildings behind the bike race. There is a large green tree to the right of the bike race. There is a tall street light to the left of the bike race. There are white lines and words painted on the street. The two men at the lead of the bike race are wearing helmets.,0.015100251359342015,0.36363635880165296,0.8948234915733337,0.12142857142857144
567,There is a red and white bus on the road. There are trees behind the bus. The bus is white and has a blue stripe down the side of it.,There's a truck and motioned down the street. The front of the truck is ready. This guy is blue with no clouds. The back and top of the truck is white. Their trees to the left side of the truck. The truck has big black wheels. The headlights on the truck on. There's a puff of black smoke behind the truck.,0.01150937915830872,0.491228065521699,0.8872153162956238,0.15544041450777202
568,A man is standing on a sidewalk. He is wearing a black jacket and black pants. There is a red stop sign on the side of the street.,There are a bunch of motorcycles sitting in front of a store. There is a large white sign on the store front. There is a large red sign on the store front. The sky above the store is blue. The road in front of the store is gray and paved. There are yellow lines on the road in front of the store. There are people standing around the motorcycles.,0.017467872045023557,0.3921568579008074,0.8826690316200256,0.13097072419106318
569,A little girl is sitting on a bed. She is wearing a pink shirt and blue jeans. The bed has a white blanket on it. There is a black and white stuffed animal on the bed next to her.,"A young child is brushing his teeth.  He appears to be about three or four years old.  He looks Asian, with epicanthic folds in his eyes.  He has brown hair and light eyebrows. He is wearing a white t-shirt. The toothbrush is blue and gray.  The sink is white.  A mirror in the background reflects a bathtub or another sink.  Nobody else is visible.",0.020467798022130432,0.2368421006094184,0.8705934286117554,0.152978912601626
570,There are two giraffes standing in a field. There is a fence behind the giraffe. The fence is made of metal bars. Behind the fence there are trees.,"A giraffe stands in an outdoor enclosure. The giraffe is standing in a side view, with its head turned toward the camera. There is a metal fence behind it, with wooden posts. There are tall palm trees with brown trunks, and green leaves and branches. It is a clear sunny day, and blue sky is visible in the background above a tan building. The giraffe is standing on beige dirt or sand and its hooves are dusty.",0.013738875113489783,0.3421052591585873,0.8912987112998962,0.12482662968099861
571,A man is standing on a snowboard. He is wearing a black jacket and black pants. There is snow on the ground behind him.,A person is in fast motion skiing on the snow. The skis are multicolored. The trees in the background are a blur because the person is moving. The person is wearing a hat and gloves. The hat and gloves are both black. The trees in the background have snow on them. The person is wearing black pants. The hood on the person's jacket is bright red.,0.012796898025240797,0.37735848596653615,0.8902559876441956,0.1894657665857605
572,A man is surfing in the water. He is wearing a black wet suit. The water is calm and calm. There is a small wave in front of the man.,There is a man surfing in the ocean. He is in the wave. He is on his stomach on his surfboard. He is holding on with his two hands. The wave is big. The surfboard is red. The man is soaking wet. The water is a greenish color. The man has short sleeves on. The Water behind the waves is calm. The man is wearing some sort of paddle on his feet.,0.02347339480085744,0.46666666211666674,0.9027634263038635,0.16852876106194695
573,There are two motorcycles parked on the side of the road. The motorcycles are red and white. There are trees behind the motorcycles.,The man is sitting on a pink bicycle with a basket on the front.  He is wearing an orange short sleeve t-shirt and blue jean shorts. He also is wearing a pair of thong shoes.  He is sitting on a bicycle on the beach near the blue water.  The sky is clear blue. There is a  boat in the water.  The man is near a white pick up truck that has a license plate on the back of it.  There is a board in sand near the water.,0.0015113209581921812,0.21874999625000005,0.8667137026786804,0.05521472392638037
574,Two giraffes are standing next to each other. The giraffe is brown and white. There are trees behind them.,"In the image only the head, neck, and a partial hoof of a Zebra is visible. The Zebra is white and black, and is leaning down to eat from the grass. The Zebra is striped. The grass that the Zebra is eating from is green with various twigs and clumps of dirt scattered across it. The picture was taken while the sun was shining.",0.0013482612455441784,0.13559321609882233,0.8723366260528564,0.03361344537815126
575,A man is standing on a tennis court. He is wearing a white shirt and blue shorts. There is a green tennis ball in front of him.,A woman is standing in the middle of a concrete path crouching and holding a tennis racket as she poses for the camera.  She has short blonde hair and is wearing a short-sleeved button-up light blue shirt and a dark blue denim skirt that falls to her knees.  She is wearing black thong sandals and has red painted toenails.  The path is long and winding as it stretches between two areas of dense green shrubbery lining each side.,0.009984271559264315,0.24390243509815587,0.8804053664207458,0.1290562842935528
576,The image is of a man and a woman. The man is wearing a blue shirt and blue pants. He is holding a white frisbee in his hand. There is a black and white picture hanging on the wall behind the man.,"The image is of a man's forearm outstretched holding some fruit. The man has light skin and blond hairs on his forearm. He is holding out his left hand, he is holding a bushel of miniature bananas in the open palm of his left hand. They are lying across his fingers, there are seven small bananas. The man is standing on sand that has many shoe and paw prints in it.",0.0854577249307566,0.36842104805055403,0.8794043660163879,0.24254057610152976
577,There is a large white airplane in the sky. The plane is white and has a black tail. There are trees behind the plane.,Two people are standing on a beachy sand area flying a kite.  There is a woman and a man.  Both are wearing jeans.  The woman has a black long sleeved turtle neck on .  The man is also wearing a lightweight jacket.  In the distance are sandy hills with grass growing on top.  The sky is blue with white clouds in the distance.,0.01694955156350746,0.36065573354474606,0.8647223114967346,0.11844331641285955
578,A man is standing on a skateboard. He is wearing a black jacket and black pants. There is a white fence behind the man.,"A woman is posing in a very weird position to take a photograph. She has on a hat that looks like it may be corduroy. She has her hands up, one is an all the way opened palm and the other has her two fingers in the middle pointed downward while the outside fingers are pointed up. She is looking directly at the camera.",0.0047264013771423675,0.18181817785123974,0.8526673913002014,0.08333333333333334
579,A man is standing on a sidewalk. He is wearing a black jacket and black pants. There is a red stop sign on the sidewalk next to the man.,"A woman is standing on a train platform. She is wearing a scarf on her head, a coat, and a red skirt. She is holding on to a black suitcase. A lot of people are standing across from her on another train platform. They are standing near their luggage. A large building with windows is over a platform.",0.0564039957509001,0.35087718842720844,0.9110972285270691,0.13611615245009076
580,A black and white striped zebra is standing on a grassy field.  The field is surrounded by tall grass and weeds. There is a fence surrounding the field and there are two zebras standing in front of the fence. Behind the,"Two zebras with dark brown and white stripes are standing close to each other, and they are leaning their heads on each others backs. The horse on the right is taller than the one on the left, and he has a longer face as well. The one on the left appears more white, and brown, than black and white. There are mountains in the distance behind the dry grass , and the plains.",0.008988579531033002,0.2926829221891732,0.8678198456764221,0.21367129223992987
581,This is an image of a kitchen. The kitchen has a white counter top. There is a silver microwave on top of the counter. A white refrigerator is on the wall behind the microwave.,Two black microwaves are sitting on a yellow counter top in a kitchen. A brown shelf is hanging above the microwaves. Objects are sitting on the shelves. A phone outlet is hanging from a white painted wall above the counter top. Two wooden chairs are sitting in front of the counter top. Part of a room can be seen in the background of the photo.,0.012782791347013317,0.37288135134731404,0.9026375412940979,0.20897783179773463
582,There are three giraffes in a field. The field is covered with grass and weeds. There are trees in the distance.,Brown cows are lying on the green grass. Behind the meadow there is a small rocky mountain. Some parts of the mountain is covered with grass and shrubs. The cow on the front has two long horns and a long tail. On back a cow is stand facing to the right. On back the meadow is covered with dark green vegetation.,0.02931345466064194,0.3214285672002552,0.8868323564529419,0.13052631578947368
583,A man is sitting on a bench. The bench is made of wood. There is a white wall behind the man.,Three men and a woman are standing in a room of a home. They are holding white game controllers in their hands. A blue and brown futon is sitting in front of a window. A tall cabinet is leaning against a wall beside the window. A brown table is sitting near the cabinet with different items on it. A long picture frame can be seen hanging on a wall in the room.,0.003169704606302793,0.28571428192491816,0.8838385939598083,0.11210762331838564
584,A black and white photo of a man riding a skateboard. The man is wearing a black helmet and black pants. There is a white building behind the man.,The sky is mostly cloudy and overcast. There is a bench to the right of the walkway. The bench is made of wood. There is a red sculpture made of metal to the left of the bench. Some of the grass is cut short and some is not. There are trees behind the bench the trees directly behind the bench is a reddish wine color. The trees in the distance are tall and bushy.,0.010621775287270221,0.24561403064327492,0.8537376523017883,0.10616506794564348
585,There is a large body of water in the middle of the ocean. The water is calm and calm. There are two small boats on the water. One boat is white and the other one is blue and white.,The image is of a seagull flying in the air in the direction of the west. The seagull in the air is white and its wings are spread open. There is another seagull on the ground. The ground is made of sand and the seagull is located near the shoreline of the water. There are waves in the water in front of the seagull on the ground. The clouds are gray and the sun is orange. The sun can be seen in the distance.,0.018428281357267758,0.37499999523925787,0.8676877021789551,0.16271355708528015
586,A red and white stop sign is on a pole. The sign has a black arrow on it. There is a green sign on the pole with a white arrow.,"The image is of a sign hanging on a black pole. The sign says ""Objazd"" in black lettering. To the left of the lettering is a solid black arrow which is pointing to the left. The sign's background is yellow. It has markings and scratches on it making it look worn. The sign is near the bottom of the picture. The pole does not have a top or bottom. In the background is blue sky with numerous clouds. The clouds are large and puffy. The picture was taken during the daytime since the clouds are out and the sky is blue.",0.006370763351229539,0.3421052594078948,0.8755069971084595,0.12704691390223113
587,There are two boats in the water. The boats are white and blue. There is a large body of water behind the boats.,"There is a single person in black on the ocean as they para-ski on a mostly cloudy day. The sail in the air is yellow, with white, and black stripes on it, and is high in the air and far from the skier. Beyond the sand, and near the camera there is a swatch of area where there are small pebbles and small rocks on the sand. There is a red, white, and black kite on the beach on the damp sand near the rock covered ground. rocks.",0.0037189861634652414,0.2686567126308755,0.8756210803985596,0.09800740252497082
588,There are two elephants standing in a field. There is a fence behind the elephants. The elephants are standing on the grass.,"Four elephants are seen in a muddy field on a sunny day. The Elephant nearest the elephant is small and his head, trunk, and front legs are wet. The taller elephants on the right are facing away from the camera, and are fully wet. The fourth elephant is far in the distance behind a wooden post fence. A person in a tan hat is standing near the two wet elephants.",0.00458830542495826,0.39344261924213925,0.8927486538887024,0.1226993865030675
589,There are two giraffes standing in a field. There is a fence behind the giraffe.  The fence is made of wood. The grass is green and brown. Behind the fence there are trees and bushes.,There are two giraffes in the outside wooded area. One of the draft is sitting down. The other draft is standing with his face in the trees. The giraffe sitting down is looking to the right. The giraffe has two furry horns on its head. The top of the horns is a dark brown color. The giraffe is brown and tan. The giraffe's neck is very long. The giraffe ears are white. The eyes of the giraffe are very dark.,0.028197031377713646,0.4225352067050189,0.8873589038848877,0.1313045670157428
590,A large airplane is flying in the sky. The plane is white and has a blue tail. There is a white building behind the plane.,The picture was taken in black and white. There are planes parked on the grass. There's a big plane and a small plane parked next to each other. The big plane has two propellers under the weight. The windows are on the side of the plane. The windows are circle-shaped. The grass is high. Some of the grass is brown colored.,0.006060749611657856,0.3508771885380117,0.8785370588302612,0.11324041811846688
591,A little girl is sitting on a bed. She is wearing a white t-shirt and blue jeans. There is a blue blanket on top of her head.,A Caucasian couple are sitting in bed reading a book together. They are both under a yellow bed sheet.The man does not have a shirt on. He also has blue eyes and short brown hair. The woman looks older with reddish-brown hair. The bed frame is made of metal and is black and gold. Above the bed a brown curtain with a funky print hangs.,0.003038425824052689,0.2535211225947233,0.8811215758323669,0.08169934640522876
592,A bathroom with white walls. There is a mirror on the wall above the sink. The sink is white. On the other side of the bathroom there are two white towels on a white towel rack.,This photo takes place inside of a bathroom. A long green curtain hangs inside of a white tub. Part of a window can seen above the tub. A window sits over a white toilet. Two small shelves are on a corner wall near the window. A roll of tissue hanging on a tissue holder near the toilet. The floor is blue in color. A small trash can is on the floor near the toilet.,0.009296518127621412,0.3529411718209342,0.8867176175117493,0.15669515669515668
593,A man is sitting on a bench. The bench is made of wood. There is a black and white picture hanging on the wall behind the man.,"In this black-and-white image, a man is holding a cell phone to his right ear and looking straight ahead. He has very short, dark hair and has an East Asian appearance. He is standing next to a motorcycle outside a building. He appears to be wearing a robe. The appearance of him is reminiscent of a Buddhist monk.",0.006820310262532375,0.1904761861426053,0.8729512691497803,0.13439840113337384
594,A man is skateboarding on a skateboard. He is wearing a black helmet and black pants. There is a white building behind him.,"A man is riding a skateboard on a skateboard ramp. The ramp is covered in graffiti. Above the skateboard ramp, there is a metal chain link fence. The man is wearing a black shirt with green writing on it and black pants. He is wearing red and black checkered shoes. He is holding his arm out as he is doing the trick.",0.04472012220712002,0.37288135169204256,0.9113051295280457,0.17062813786038866
595,A man is standing on a snowboard. He is wearing a black jacket and black pants. There is snow on the ground behind him. The man has a white helmet on his head.,"There is a large amount of snow on the ground. There are trunks that are partially covered with snow. There is a guy snowboarding through the trees. He is wearing a kaki colored puffy jumpsuit. The jumpsuit has a hat attached, but he is not wearing it. He is wearing a black cap with goggles. He is also wearing tan gloves on his hands. His snow board is bright orange and stands out on the white snow.",0.05158157479933762,0.3999999955555556,0.8951172828674316,0.17817806870908778
596,There is a train on the tracks. The train is red and white. There are trees behind the train.,"A train with red and white cars is coming around a curving bend of a train track. The tops of the train is silvery white, and four cars are in view. There is a silver door at the front end of the train, and it is juxtaposed by a black metal fence. People are standing alongside the fence, watching the train. Numerous green trees and a giant cherry blossom tree flank the train tracks. There is a long wooden posted fence with wiring, and a wooden track near the cherry blossom tree.",0.002161792177763677,0.3428571396571429,0.8856475353240967,0.11107677833530107
597,A man is sitting on a bench. The bench is made of wood. There is a white wall behind the man.,The man in the picture is wearing a tie. That is black with pictures on it. The picture is of Santa Claus and a snowman. But I also have snow drawing on it. The man is wearing a white button down shirt. He is also wearing a dark-colored blazer. The man has gray hair. The man is wearing silver glasses. The wall behind the man is a green color.,0.008341350847761542,0.3448275822116528,0.8825200200080872,0.17383177570093455
598,There is a clock on the side of the building. The clock is black and white. There are two clocks on each side. One is white and the other one is red and black.,"The image is a large clock tower. It is made of stone, red bricks, and grey bricks. There are two clocks that are visible on the tower. The clocks are white and black. The time on clock reads, 1:27. Based off of what the clouds in the image look like, it appears to be an overcast day. The trees in the image are bare. There is a lookout area at the top of the tower. Below the tower is a newer red brick building.",0.03606047600556672,0.4324324283674216,0.8874430060386658,0.17646582278481018
599,There are two giraffes standing in a field. There is a fence behind the giraffe.  There are trees in front of the fence.,"There are two giraffes standing together. They look to be lower than the foreground, so they are standing in some type of pit. The foreground is green and grassy with sticks scattered on it. The two giraffes are tall and have white ears. They also have brown and white bodies with patterns on them. Behind the two giraffes are tall, green-leafed trees.",0.036422197985772564,0.327868848589089,0.8940413594245911,0.13575858802920895
600,A wooden bench is sitting on the ground. There is a black and white picture hanging from the wall above the bench. The picture is of a man and a dog.,"This is a light colored bench on the shore. The bench has numerous slats in it.The bench is low to the ground and has rocks on it. There are also sticks and pieces of trash in the rocks. The rocks are light gray and brown in color. The bench is against a cement wall. In the background there is blue water, likely the ocean.",0.009582523726736514,0.3548387050988554,0.8846364617347717,0.12355848434925865
601,A little girl is sitting on a wooden bench. The bench is made of wood. There is a black and white picture hanging on the wall behind her.,"A woman and two children are standing in front of elephants. The woman is wearing a black coat. The children are wearing black and white coats and blue jeans. The woman is helping a little boy put food in an elephant's trunk. A blue bag is being held by the woman, as she helps the boy. The little girl is standing near them with her hand out.",0.018145253906511935,0.35294117199394465,0.8776236176490784,0.13304925773796045
602,This is an image of a kitchen. The kitchen is white. There is a white microwave on top of the kitchen counter. A white refrigerator is on the counter next to the microwave.,"In a small kitchen with white walls, sink, door, and appliances, a younger man with brown hair and dressed in a black t-shirt and sweatpants with a red, white and green design going up the side, is turning a nob on the old gas stove. There is a pot and a baking pan on the stove, and several dish rags are hanging from the door handle. A cluttered rack is above it, full of scissors and other kitchen items. Bottles of flavorings and sauces line the small kitchen window. A large wood cutting board is on the small cabinet next to the stove. More items, that appear to be kitchen related are shoved in between the stove and the cabinet.",0.005641285164911625,0.2291666634917535,0.8548339009284973,0.11170576136270817
603,This is an image of a train. The train is red and white. There is a blue line on the side of the train with a yellow line next to it. On the left side there are two yellow lines. Behind the trains there is,"A train is on the tracks with gravel underneath on a gray, dark, stormy looking day. The train in the front has many cars on the back and they appear to be open on the top. In the distance there is another train. The first train looks like a commercial train, the other one looks like it is a passenger train. The sun is on the right side casting shadows to the left. There is a small town, or a large farm in the distance on the right.",0.0175203162538664,0.285714281122449,0.8576815724372864,0.19691278375149346
604,There is a white table in a room. There are two chairs in front of the table. The chairs are made of wood.,The room has a fireplace in it. There are two windows in this room. The sunlight is coming from one of the windows. There is a sheer shade over the window. There are two light fixtures on the walls. Both of the lights are on. There's a small rocking chair on a square rug on the floor. The rocking chair is made of wood. There's a footstool in front of the small rocking chair. There's a picture over a small table by the door on the wall.,0.01558367832653852,0.45901638957269564,0.8833863139152527,0.1785081278168836
605,A red and white motorcycle is parked on a paved road. There is a large white building behind the motorcycle. The motorcycle has a black seat and the front wheel is black.,"A road runs through a wooded area.  The road has two lanes, each running in opposite directions, separated by a double yellow stripe.  A sign points the way to two separate routes coming up at an intersection.  A pole is over the sign.  It holds overhead wiring.A car is in the background, heading away from the sign.  A stop sign is in the distance in front of the car.  It is partly cloudy.",0.0029505340790257177,0.19178081770688696,0.8518253564834595,0.08708272859216255
606,This is an image of a kitchen. The kitchen has a white counter top. There is a silver microwave on top of the counter. A white refrigerator is next to the microwave.,A picture of odd wooden shapes on the ground. There is a large framed mirror behind the objects. The floor under the objects is made out of wood. There are brown nail marks in the wooden floor boards. The wall next to the mirror is white. The wall above the mirror is brown. The floor in the reflection is shiny.,0.025020103552621464,0.38596490762696223,0.8841955661773682,0.1467728699871557
607,A man is walking on a sidewalk. He is wearing a black jacket and black pants. There is a red stop sign in front of the man.,"A couple of women walk on a sidewalk. The women have a dark complexion. There is a cross walk signal to the left of the women. The sidewalk they are walking on is gray. There are green, leafy trees behind them. There is a tall building directly behind them. There is a fence around the building that is behind them.",0.02298024699249733,0.3272727225520662,0.8925033211708069,0.15700568293160885
608,A white bowl is sitting on top of a white table. There is a silver fork on the table next to the bowl. The table is made of wood.,"A clear glass bowl is next the the computer keyboard. In the clear glass bowl is a variety of fresh nuts, dates, and a part of a peeled banana. Outside of the bowl next to it on the desk is a unpeeled small orange. The desk is painted red but the paint has started to chip. You can see part of the keyboard and part of the computer monitor.",0.008526389320130954,0.30508474139615055,0.8732663989067078,0.1525153047644397
609,A baseball player is standing on a baseball field. He is wearing a blue and white uniform and a black helmet. There is a catcher and umpire standing behind him.,A boy is standing on a baseball field holding a bat in his hands. He is wearing a black helmet and a black and white uniform. A catcher is squatting behind the boy. He is wearing a black face mask and a brown baseball glove. The field is surrounded by a gray chain link fence. A silver vehicle is parked outside of the fence.,0.08864663919371453,0.426229503681806,0.9233379364013672,0.17326732673267325
610,A black and white picture of a dog. The dog is wearing a black collar. There is a red and black umbrella over the dog's head.,A teddy bear sits on  a small table. The table is blue. The bear is wearing a hat. The bear is wearing overalls. The bear has a tag on its ear. The bear is wearing a tie. There is a bench sitting on the yard. There are trees behind the fence. There are people outside. The bear is inside a car. The bear is little.,0.015332665646975253,0.26923076459319534,0.8649219274520874,0.09001636661211129
611,A man is sitting at a table. The table is made of wood. There is a white table cloth on top of the table with a black handle.  The man has short brown hair. He is wearing a blue shirt and blue jeans.,"A picture of a man touching a cake. The cake has white frosting on it. The cake also has heart decorations on it. The man touching the cake is wearing a shirt, tie and pants. There are metal bars obscuring the view of the cake. There is another man behind the man touching the cake. There are candles behind the cake.",0.02784471728364726,0.4193548337148804,0.8847408294677734,0.1845006363704425
612,A man is sitting on a bench. The bench is made of wood. There is a black and white picture hanging on the wall.,A woman is sitting in the drivers seat of a vehicle.  The woman has long red hair and is wearing dark sunglasses.  The woman is parked in front of a large camel.  The camel is standing still on top of some grass.  A person in the back seat is holding a camera in their hands filming the camel .  The hands have a watch on the wrist.  The windshield of the vehicle has two black windshield wipers on it.,0.0032725482377275027,0.2812499958251954,0.8762072324752808,0.10204081632653061
613,A black and white dog is sitting on a wooden bench. The bench is made of wood. There is a white fence behind the dog.,Two giraffes behind a cage.  The giraffes heads are hanging over the cage.  The picture is in black and white.  The giraffes are standing next to each other.  The cage is made of iron and very tall.  The giraffes has spot over their body.  The giraffes heads are to the top of the ceiling.  The ceiling is made of concrete.,0.014159266909173598,0.33962263690993244,0.8717338442802429,0.12155342646090836
614,A man is sitting on a bench. The bench is made of wood. There is a black and white picture hanging on the wall.,A person holds on to a Nintendo Wii mote. The Wii mote is red.  The Wii mote is in the right hand. The bottom half of the Wii mote is white. The Wii mote is in the left hand. The person is sitting down. The person is wearing jeans. The person is wearing a blue shirt. The person is sitting near a wall. The two parts of the Wiimote are connected.,0.003695359440695292,0.37735848596653615,0.8604939579963684,0.09803921568627451
615,This is an image of a kitchen. The kitchen has a white counter top. There is a silver microwave on top of the counter.,"A healthy breakfast sits on a dark gray table under a bright light. There is an orange on the left upper side next to a cup of tea and an apple near that. Below the apple there are three old brown bananas. A knife sits in between the apple and tea. There is a bowl of fiber cereal on a plate, and a silver spoon on the plate.",0.010530730435009699,0.25396825002771484,0.8625343441963196,0.14248632354583005
616,A man is riding a skateboard down a street. He is wearing a black jacket and black pants. There is a white building behind the man.,"Four people roller blade down a street. Each person is wearing safety gear: helmet, knee pads and gloves.  Each person also holds two ski poles.  One man wears a red and white jacket.  Two of them wear black and one wears an open blue jacket.  A car and a white house are visible behind them.  A tree sits upon a landscaped median directly to their left.",0.013495486384680781,0.3333333294483025,0.8897399306297302,0.12096774193548386
617,There is a train on the tracks. The train is red and white. There are trees behind the train.,"The photo was taken outside. There are two red train cars, a blue cargo car and a white cargo car on the train tracks. The train tracks are black in color. The train tracks are surrounded by a rocky ground. The rocks are gray. Surrounding the rocks are tall green bushes. The bushes are behind the train. In the front are green leaves with yellow and purple flowers.",0.00879338233610209,0.39999999620495874,0.9041540622711182,0.11093502377179079
618,A woman is standing on a tennis court playing tennis. She is wearing a white tank top and white shorts. There is a green tennis ball in front of her.,Two men play tennis on a grey court.  The court is surrounded by a grey netting.  One man has a blue tee shirt.  The other man has a grey tee shirt.  There are two benches in the area.  Both men are wearing shorts.  Both men are holding rackets.  Yellow tennis balls are in the air.  There is a green covered area near the fence.,0.036778484597361244,0.3225806404942768,0.8840284943580627,0.22715234486411603
619,A large elephant is standing on top of a large rock wall. The elephant has a long trunk and is looking down at the ground. There are many trees behind the elephant.,Three elephants are on an enclosure. The enclosure are circled with grey wires and poles. The big elephnat has a long trunk and small ears. Two stones are in the enclosure the are covered with green powder. Behind the elephants there is a grey building with windows that have red frames and metal roof.,0.06796149666415403,0.30769230289230776,0.879697322845459,0.22546355879689217
620,A wooden bench is sitting on top of a hill. There is a white building behind the bench.  There are trees in front of the building.,The sky is a golden yellow color. There is a bird flying in the sky high up. To the left there is a clock tower. The clock on the clock tower has a face that is gold colored. The hands on the clock are black. The water is reflecting the gold light coming from the sky. There are weeping willow trees next to the Clock Tower. The weeping willow trees are also next to the water. The water is calm.,0.007052876594081564,0.2622950776780436,0.8733919262886047,0.09383378016085789
621,A man is sitting at a table. The table is made of wood. There is a white table cloth on top of the table and a black and silver laptop on it.,A man sits down in a chair. The man is sitting in a room. There are many wires outside. There are many windows in the room. There are blinds on the windows. There are boats outside. There are many buildings outside. There are clouds in the sky. There is a tv in the room. The man's foot is in a chair. The buildings have many windows.,0.02152981112325992,0.3599999950720001,0.8778602480888367,0.1532242289887201
622,A large brown bear is standing on top of a rock wall. The wall is made of wood. There is a large boulder on the ground next to the bear.,A bear sits on a tree. The bear is alone. the bear is black. The bear has a leg in the air. The tree has bark on it. The tree is brown. There are leaves on the tree. There are many branches on the tree. The bear is small. There is sunlight all over. The bear is laying down. There are many trees. The bear is in the woods. The trees are standing up.,0.006521339655268537,0.3703703656172839,0.8845991492271423,0.10057471264367816
623,This is an image of a city street. The street is lined with tall buildings. There is a red and white bus on the road. It is parked in front of the building and has a yellow and green sign on it.,The bus is making a right turn at the corner. There are stripes on the side of the bus. The bus is mostly white. The windows are black. There is a silver car by the bus. There is a pole above the bus. There is a traffic light on the pole. There is a colorful sign by the bus. There are many trees by the side of the road. There are many cars on the road. The sky is bright and blue.,0.019896888745994174,0.3529411715095156,0.8843129873275757,0.14649038461538466
624,A man is riding a skateboard on a paved road. He is wearing a black helmet and black pants. There is a red stop sign on the side of the road with a white arrow pointing to the left.,A red fire hydrant of the corner of a sidewalk.  A black car is riding along the road.  There is a white truck on the other side of the road.  White lines are painted in the road.  The hydrant has chain on each side.  The edge of the sidewalk is painted red.  There is a tree across the street covered in snow.  There is snow on top of the hill behind the trees.,0.025664670835132564,0.32352940692041526,0.8755183219909668,0.1899907472567571
625,This is an image of a kitchen. The kitchen has a white counter top. There is a silver microwave on top of the counter.  The microwave is white and black. It is sitting on a wooden table. A white refrigerator is next to,"A small round pizza is on a wooden table.  The pizza has red onions, red sauce, and melted cheese on it.  The pizza also has black olives and spices.  A dark shadow is on the table beneath the pizza.  The background is blurry beyond the pizza.  The pizza also has a red pepperoni curled at the top near a lone slice of red onion.",0.05123926830445766,0.3692307643739645,0.8651694059371948,0.1764529511006494
626,A man is standing on a baseball field. He is wearing a blue and white uniform. There is a black helmet on his head.,This is an enclosure with giraffes. The giraffes are tall and have dark brown and patterned skin. The ground is beige with dirt. There is a grouping of tall trees in the background with brown and green leaves. There is also a zebra laying on the ground. It is black and white. There is a little circle of water for drinking.,0.011325957022715296,0.23728813122665904,0.8660380244255066,0.13939970865244541
627,A man is standing on a skateboard. He is wearing a black jacket and black pants. There is a white fence behind the man.,The boy is sitting on the bicycle. There is a dog fighting at the boys like. The dog is being playful with the boy the bike is silver and red. The dog is a light tan color. The boy is wearing a yellow black and white T-shirt. The boy is wearing blue jeans. There are trees and trees with flowers in the background. The trees directly behind the boy have red flowers.,0.011649245069913437,0.35087718866112655,0.8851627707481384,0.12493166909620988
628,There is a clock on the side of the building. The clock is black and white. There are two clocks on each side. One is white and the other one is red and black.,A small monument with a clock on both sides.  The clock is round and black and white.  The time is noon.  The monument is beige in color.  There is a oval door on the side of the monument.  There are two small windows with balconies on the building.  The sky is clear and blue.  There is a tree on the side of the monument on the right.,0.10744491757495939,0.5263157848199447,0.8960561752319336,0.24764753420712843
629,A man is sitting on a bench. The bench is made of wood. There is a silver chain link fence behind the man.,"A young man of normal weight, with short brown hair and a small goatee, stares at the camera. He has a slight grin on his face, and one eyebrow is upturned. He  is wearing an orange t-shirt and a very wrinkled orange, tan and black checked sleeveless vest, with a pale blue striped tie. Slightly out of focus in the background is another person in a white t-shirt, sitting on a metal chair, and bed with white and beige pillows on it.",0.004362103445394438,0.20253164205095342,0.8558638691902161,0.0788436268068331
630,A man is standing on top of a skateboard. He is wearing a blue shirt and blue shorts. There is a white building behind the man.,"Men, women and children are standing outside on a grassy field. They are flying kites. One kite is blue and red in color. Another kite is pink, green and yellow. A baby stroller is sitting on the grass beside two men. All of the people are dressed warmly. The sky is bright white above all of the people.",0.00394971643853171,0.3076923034319527,0.8762516975402832,0.10948905109489052
631,There are two boats in the water. One boat is white and the other is blue. The water is calm and calm. There is a large body of water behind the boats.,"This picture is taken outside on a sunny day. Three people are sitting on a grassy field. A man and woman are sitting beside each other. The woman is waving to a man that is standing on a field with a sail above his head. The sail is blue, yellow and white in color. A large body of blue water is in front of the people. Large buildings are seen in the background behind the water.",0.015439479944769125,0.3999999958,0.885964035987854,0.15958449720670392
632,A white plate is sitting on top of a white table. There is a silver fork on the table next to the plate.,"There is some food leftover that is sitting on a  plate. The plate is very small and white and looks almost like a Frisbee or short disk. There is a piece of red pepper on the plate, a small little grape, a celery stick, an orange, and I believe a cucumber. There looks like there was some sauce or something that spilled on the plate as well.",0.01392044575722004,0.23333332942222226,0.8692725896835327,0.11980830670926518
633,There are two giraffes standing in front of a fence. There are trees behind them.,The giraffes and zebras are in a place together. All the animals at casting Shadows on the ground. The giraffe's a way taller than the zebras. The zebras are all facing towards the right. The giraffe's closest to the camera facing left. The sky is mostly cloudy with some blue showing. The zebras are black and white. The giraffes are brown and cream colored.,0.0007537220493030664,0.10909090548099185,0.8629951477050781,0.050761421319796954
634,A man is standing on top of a skateboard. He is wearing a black jacket and black pants. There is a white building behind him.,Someone is balancing themselves on a round metal food with a snowboard. The person is wearing a yellow jacket. The person is also wearing a black hat. The snowboard is multicolored. The person is wearing black pants. The trees in the background have snow on them. There is a ski lift in the background. Some people are riding on the ski lift.,0.0209065399549787,0.29090908628099177,0.8921271562576294,0.1970018370598922
635,A man is sitting on a bench. The bench is made of wood. There is a black and white picture hanging on the wall.,"A boy is standing outside in the sunlight. He is holding an older, flip-style cell phone and is looking at the screen. The phone is grey in color. He is standing in the shade under a small tree to block the light from hitting the screen of the phone. The leaves of the tree are green with some brown spots on the leaves. The boy does not have a shirt on and has short brown hair.",0.00300039664199139,0.23880596608598803,0.8718239068984985,0.09180790960451976
636,A black and white picture of a dog. The dog is wearing a white collar. There is a black dog sitting on top of the dog's head.,A vase sits on top of a white surface. The vase is half filled up with a clear liquid. The vase has long green stems placed inside of the clear liquid. There are yellow flowers on top of the long green stems. The room the vase with flowers is in is white. There are red spots on the yellow flowers. The wall behind the flowers is white.,0.030127598498547112,0.37735848596653615,0.8627570867538452,0.15225137674117264
637,A man is sitting on a bench. The bench is made of wood. There is a black and white picture hanging on the wall.,A book is open on a bed.  There are sheets on the bed with blue stripe.  It is a comforter and a pillow is under it.  The writing in the book is a black print font.  It is turned to chapter 6 on white pages.   A white wall is behind the bed.  The comforter is ruffled and messy.  Shadows are casted on the bed from the light.  Creases are visible in the comforter.,0.008886222356247583,0.32786884816984685,0.8636578917503357,0.1027900146842878
638,A baseball player is standing on a baseball field. He is wearing a blue and white uniform and a black helmet. There is a catcher and umpire standing behind him.,"The photo was taken at a baseball game. There are two players on the field. The field is green grass with brown dirt patches. The team players are wearing a black hat, white green and yellow jerseys saying SURF and white pants. Both players are wearing mitts. The player in the front is throwing the baseball. The baseball is in the air. It is a sunny day.",0.009822331976444172,0.31249999559082037,0.8827058672904968,0.17631753007866097
639,A large brown horse is standing in a field. The field is covered with grass and weeds. There are trees in the distance behind the horse.,A man stands in a snow covered field while holding a hose. There are two horses in front of the man with the hose. There is a fence in front of the man with the hose. The sky above the scene is gray and cloudy. There are large buckets near the horses. There is a forest off in the distance behind the horses. The hose is yellow.,0.042592354862805576,0.491228065521699,0.9078044295310974,0.18165739268680445
640,There is a red and white train on the tracks. There are trees behind the train.,There is a semi stuck in the side of the road. The semi is white. The semi has a logo on the side of it. There is writing on the front of it as well. The semi is stuck in dirt and grass. There is a sign by the semi. There are some trees by the side of the semi as well. There are some people standing by the side of the road. there are cars parked on the road. The sky is grey. There are many trees in the distance.,0.0009009256597831431,0.35999999615200007,0.8863081336021423,0.07610778443113773
641,A man is riding on a motorcycle. He is wearing a black helmet. The motorcycle is red and black. There is a white building behind the man.,A man and woman are riding a motorcycle on a paved road. The man is wearing a short sleeve shirt and blue jeans. The woman is wearing a tank top and blue jeans. Both of them are wearing helmets on their heads. There are two long yellow painted lines on the road. Cars sit parked under a building near the road. Two of the cars are red.,0.01500552427212179,0.4516128989750261,0.8998105525970459,0.12698412698412698
642,A white plate sits on a table. There is a white bowl on top of the plate. The table is made of wood.,A paper box sits on the table. There is a donut sitting in the box. The donut sits in the corner of the box. The donut has chocolate on the top. There is a plastic fork in the box. There is chocolate on the box. There is frosting on the box. there is plastic on the top of the box. The table is white. There is one box.,0.031315614875841793,0.5853658488994646,0.8961241245269775,0.14816067913385822
643,A large brown bear is standing on top of a rock wall. The wall is made of stone. There is a large boulder in front of the bear.,A white polar beat is swimming inside of the water on his back with his belly facing up. He is white with gray markings on his fur. His mouth is open showing his teeth and it looks like he maybe smiling and enjoying himself swimming. The water is dark blue in color and the wave in the water appears to be white in color.,0.00571904112778965,0.2187499957031251,0.860314130783081,0.08278145695364238
644,There is a plane in the sky. The plane is white and has a blue tail. There is an engine on the back of the plane.,There is a large passenger jet sitting on top of the airport tarmac. There is a red rear wing on the large jetliner. There are windows on the sides of the plane. There is a large towering light behind the jet. The tarmac under the jetliner is wet. There are buildings off in the distance behind the jetliner. There are vehicles pared off in the distance behind the jetliner.,0.016733448697440225,0.3529411719031142,0.8919288516044617,0.14541272217928902
645,A black and white dog is walking on the sidewalk. The dog has a black collar around its neck. There is a green fence behind the dog.,The two dogs stared at each others.  The only thing that separated them were the bike.   The bike was park on the side walk.  The bushes seemed to be high from the view.  It covered the view .  The blonde dog was the tallest of the two dogs.  The black dog was noticeable shorter of the two dogs.  He seems to be walking toward the taller dog.,0.0048869658509321885,0.19354838261706564,0.8601577877998352,0.10317460317460318
646,A man is sitting on a bench. The bench is made of wood. There is a white wall behind the man.,A woman washes dishes as she wears yellow gloves. The woman has dark black hair. The woman is wearing a white mask. The woman is wearing a flower print dress. The woman is standing in a kitchen. There is a crock pot next to the woman on the counter. There are two knives on the side of a cabinet. There are bottles on top of a wooden shelf.,0.007546826472802706,0.30508474180982476,0.8852962255477905,0.09478672985781991
647,A black and white cat is sitting on a wooden bench. The bench is made of wood. There is a silver chain link fence behind the cat.,"There are three pieces of fabric that looks like that are project of some kind. One fabric has white and brown sheep walking hand grazing in a grassy field. The fabric in the middle is littered with small blue, purple, pink, and white flowers. The last piece of fabric is multi-colored lines with frills on the edge. There are two fabric carrots with leaves on them in on the top of the display. There is also a second place red ribbon attached to the carrots.",0.003206282855178055,0.23076922671926373,0.8479321599006653,0.10767396184062851
648,A red and white bus is driving down the street. There is a red stop sign on the side of the bus. The street is very busy and there are many buildings in the distance.,"On a crowded street, two buses, a motorcycle and a car are driving.  The car is small and black with gray hues.  The buses are blue and white with maroon trim.  Each bus has a large rear windshield and a ladder.  Several people are crossing the street between the vehicles.  A couple - the man in a black jacket, the woman in a red jacket and blue jeans, walk behind the blue bus.  Another man walks near the bumper of the blue bus.  All vehicles are oriented in the direction of a large, brown apartment building with several windows.",0.0044196911632244625,0.3146067374371923,0.8687563538551331,0.12883050988573974
649,The image is of a black and white cow. The cow is standing on a metal fence. There is a silver chain link fence behind the cows.,"This image is of a wooden cutting board with various chopped vegetables laid out across it. Toward the top of the cutting board is a row of bright green broccoli florets. Below the broccoli is a row of a lighter green and white vegetable that looks like chopped celery, or perhaps leeks. Some of the celery is completely white. To the right of the image, there is a small pile of minced fresh garlic.",0.022296258070990553,0.17647058408304508,0.8650245666503906,0.15302441322849486
650,The image is of a brown horse. The horse is standing on a dirt road. There is a large rock wall behind the horses head.,"A brown and white cow is standing behind a fence in an enclosure on a bright sunny day. The gate to the wooden fence is open and the cow is standing in the open doorway looking out. The fence is unfinished, unpainted wood. There is a pillar painted white on the left side of the fence. Behind the cow there is a wood panel on the wall, and the corridor behind the cow is dark.",0.009541154100054424,0.29999999567222224,0.8775278329849243,0.12717460317460316
651,There are two sheep in a field. There is a fence behind the sheep. The sheep on the left is looking at the camera.,A group of sheep are running in some grass. There is one small black sheep and the rest of the sheep are white or off-white in color. The sheep are running through somewhat short green grass. Small flowers are visible in the grass. There is a dirt path as well as trees that are visible in the background. It is daylight outside.,0.01283772176123355,0.28070175020006155,0.8812710046768188,0.18220948173083665
652,A man is standing on the beach. He is wearing a blue shirt and blue shorts. There is a white surfboard in front of him.,"A small boat with ""PZ4"" written on the rear back is seen anchored in a shallow turquoise body of water. The boat has a black bottom and a white deck with an orange roof on the cabin. An orange and white life preserver is on the top of the boat. A bunch of small white birds are swimming around in the water. There is a full lush bush near the camera at the bottom of the image. A tall rock cliff is visible on the other side of the water.",0.004778149579301032,0.2666666626346667,0.8667589426040649,0.0778443113772455
653,A man is standing on a sidewalk. He is wearing a black jacket and black pants. There is a white building behind him.,"A man with short brown hair sitting on a black piece of luggage. He is wearing a long sleeve black shirt with collar and black jeans with white tennis shoes that have a black stripe. He is holding an opened newspaper that he is reading. He is sitting on the piece of luggage in a large terminal with grey, black and yellow tiles on a floor. The floor goes a long way back. There is a train coming in the background on a track that runs in front of the man. Past the tracks is rows of dark windows. To the far left alongside the floor is bright orange cones next to pillars on the wall.",0.003723579996026229,0.25287355993658345,0.8740589618682861,0.07497656982193064
654,A woman is sitting at a table. She is wearing a white t-shirt and blue jeans. There is a glass of wine in front of her. The table is made of wood.,"A woman in a black tank top is sitting at a small round table indoors and filling out an application with two large wine glasses on the table. The woman has brown hair, and is making an odd face at her companion. The table behind her is empty. The table next to that has a person in a black shirt sitting at it. On the other side of the room there are two green arm chairs and a short table between them.",0.024832438648999446,0.29999999580000003,0.8858304023742676,0.15493123656388963
655,A woman is sitting on a bench. The bench is made of wood. She is wearing a white shirt and blue shorts. There is a black and white striped umbrella in front of her.,Outside of the older style building is a in ground pool. It is empty and has no water in it. You can see the inside of the pool appears dirty. There is still a metal ladder attached to the side of the pool for people to climb in and out of it. There is also a a few chairs and a table with a umbrella for people to sit at.,0.007768231499841055,0.20588234829152263,0.8593643307685852,0.15690075115275914
656,A man is standing on top of a snowboard. He is wearing a black jacket and black pants. There is snow on the ground behind him.,People are skating and playing in the park.  There is a purple kite flying in the sky.  The sky is blue and full of clouds.  The kite has different color strings hanging from it.  There are house and trees in the background.  People are skating on the pavement.  The grass is green.  There is pond or lake behind the grass in the background.,0.006584304926126241,0.23728813100833102,0.851600706577301,0.10716694772344011
657,There are two horses standing in front of a building. The building is made of brick. There is a white building behind the horses.,This is image is in black and white and shows a royal family traveling down a road in a carriage. The front of the photo shows the back of a man head taking photos. He is behind a gate with is aligned with officers. They all wear the same black uniform with black hats. Not far from them is one royal guard with a tall fuzzy hat. In the street the carriage is being pulled by four white horses. Two of them are being ridden by men in white with black hats. The carriage is black with UK flag waving on top. Behind the carriage a band of people in amour ride on horse. On the opposite a group of spectators watch the show.,0.0005018615264951301,0.21978021674193937,0.8548970222473145,0.07017543859649122
658,This is an image of a kitchen. The kitchen is made of wood. There is a microwave on the wall behind the cabinets.  The microwave is white and black. It is on a white wall. On the other side of the kitchen there,The image is a close-up of a bottle of water sitting on a park bench. The bench is sitting outside of a fenced area. On the other side of the fence is a brown field with green grass and green trees in the distance. The bench is silver and has ridges on the seat. A plastic water bottle on the bench has a blue label and cap. The cap is on the bottle. Behind the fence is some dirt. The sky is blue with few clouds. It is a sunny day because there are shadows.,0.055055802118013614,0.31578946926939055,0.868677020072937,0.19508372515054032
659,A train is pulling into the station. The train has a red and white stripe down the side of the train. There is a yellow and green sign on the platform.,"This picture is taken inside of a train station. People are standing on a platform. Tall blue and white poles stand on the platform near benches. There is a large blue and white sign standing on the platform near the people. The ceiling of the station is rounded with windows in a row across the top. Two trains are sitting near the platforms. The trains are purple, orange, blue and white.",0.016388574519707984,0.36923076465798815,0.8907173275947571,0.185564943875663
660,There is a clock on top of a building. The clock is white and has a black face and black hands. There are many windows on the building behind the clock.,A tower has a green roof that is pointy. Arch windows are on the tower. There are two clocks on front the tower. The clocks have roman numerals color golden. The hands of the clocks are long and golden. People are in the Ferris wheel that has red flags on the top. People are in the round baskets of the Ferris wheel.,0.009861930223030228,0.385964907725454,0.8862473368644714,0.14431239388794564
661,A large black and white airplane is flying in the air. The plane is white and has a black tail. There is a large white building behind the plane.,The snow is all over the ground. The pole with a traffic light on it is coming out of the ground. The pole is leaning to the left. There are footprints in the snow. There are cars driving on the street. The cars are driving slowly down the snowy Street. The car closest to the camera has their brake lights on. The brake lights are red. Most of the trees if not all are bare.,0.004189341966929071,0.19047618626354254,0.8600130677223206,0.07102272727272728
662,"The image is of a large body of water. The water appears to be calm and calm. There are small waves in the water, but none of them are large enough to cause any serious damage.","A ski life is filled with several people, and it is riding high above a snow filled mountain. The ground is covered in snow and batches of thin  leave less tress are scattered about on the mountain. The lift is riding on wires attached to sturdy large dark green poles. A few small evergreen trees are also scattered about on the mountain, under and opposite the lift. The poles are casting a shadow on the ground, and it is a bright sunny day with a deep blue sky.",0.0023098338202275194,0.23529411322906582,0.8415162563323975,0.0785024154589372
663,A little boy is sitting on a bench. The bench is made of wood. There is a black and white picture hanging on the wall.,"A small, skinny, scruffy dog wearing a red collar is sitting on a wooden rocking chair. The small dog is looking up towards the sky as he sits on the chair. Vertical blinds on a window behind the chair are pulled open and reveals a dimly lit living room. Behind the chair on the left there is a metal table frame with no table top, and a small green plant.",0.023307183867675375,0.23188405385423233,0.8787465691566467,0.15330412394417092
664,A wooden bench sits in the middle of a wooded area. The bench is made of wood. There is a wooden fence behind the bench.,A woman is a tan lamp shade shaped hat is sitting in a canoe handling greens.  the woman is wearing a long sleeve brown shirt and the canoe is brown and wooden with water stains on the sides.  Inside the canoe are bushels of greens the woman is handling.  The canoe is in a small crowded section of water.  The water is crowded with other canoes .  A green tent with metal poles and yellow cords attached is over one of the canoes in the water.,0.0025989554360745727,0.2499999959570313,0.8601630330085754,0.08135168961201501
665,A man is standing on top of a skateboard. He is wearing a black helmet and black goggles. There is a white line on the ground behind him.,"A snowboarder is snowboarding while wearing a yellow snow coat.  The sky is blue behind the snowboarder in the sky.  The snowboard the person is using is green, white and black.  The snowboarder is wearing yellow and green gloves.  The snowboarder is also wearing a pair of white and metallic goggles and a blue winter hat.  The person is wearing brown and black pants.",0.008405719916674277,0.357142852372449,0.8749036192893982,0.13899682389512097
666,A large elephant is standing on top of a large rock wall. The elephant has a long trunk and is looking down at the ground. There are trees behind the elephant.,Two elephants are standing together outside by a concrete wall. One elephant is considerably smaller then the other one. Right by the elephants there is a large amount of bushes and trees with green leafs. The ground is mostly dirt with patches of green grass throughout. On the grass eating there is about a dozen or so large black crows.,0.010011571816646485,0.3428571382653062,0.8909775614738464,0.1751313485113835
667,There is a white bowl on the table. There are bananas on top of the bowl. The bananas are yellow and green.,A handle of yellow bananas are on a tree. The tree has dry leaves and green leaves. The tip of bananas are color black.  Some bananas have black and yellow peels. The bananas has small brown spots on the peel. Sunshine is on some bananas.  Behind the handle of bananas there are branches with green leaves.,0.008385395449074903,0.40816326090795507,0.877510130405426,0.1520912547528517
668,There is a wooden table in the middle of a room. There are a lot of books on top of the table. The table is made of wood and has a white table cloth on it.,A soft drink bottle and a vase of flowers are on a tabletop. There is about one-fourth of the cola-colored drink left in the bottle. The vase has pink carnations and another the of pink flowers in it. There is another table against the wall behind the one in the foreground. That table has a salt shaker on it. There are two red chairs in front of it. Both tables are covered with turquoise plastic tablecloths. Hanging on the wall is a decorative Mexican sombrero.,0.00846473614272047,0.3561643792456371,0.8712303638458252,0.18031270083992643
669,This is an image of a kitchen. The kitchen has a white counter top. There is a silver microwave on top of the counter. A white refrigerator is on the wall next to the microwave.,This photo was taken in the kitchen. The photo was taken in the daytime. There are three lights hanging from the ceiling. There is a long marble counter in the middle with wood cabinets a silver dishwasher and a double sink on the left. There is a bowl on apples on that long counter. On the left there is a silver stove in the middle with two woos cabinet units on each side. Above the stove is more cabinets. The walls are painted yellow and the door and trimming is white. On the right there are two windows.,0.01016916605150822,0.2894736800969529,0.8783923387527466,0.10905125408942203
670,A man is standing on a skateboard. He is wearing a black jacket and black pants. There is a white building behind him.,"A young man is on one knee on his long skateboard. He is riding his skateboard down a empty city road. He is going at a fast speed because the photo is blurry. The sun is peaking out, but it is lower in the sky. Therefore my guess is it is sunset and its late on in the evening. You can also see blurry trees with green leafs on them.",0.00813405679670271,0.23188405411468183,0.8668553829193115,0.09188361408882083
671,A cat is laying on a bed. The bed has a white blanket on it. There is a black and white picture hanging on the wall behind the cat.,An Asian baby is laying on the floor. There is a blue cellphone in front of the baby. The baby appears to be reaching for the cellphone. The floor is hardwood. There is a rug underneath the baby. Beside the baby is a stuffed animal and train toy. The stuffed animal is orange. The baby is wearing a plaid onesy. There is a reflection of the stuffed animal in the hardwood floor.,0.015376876956184062,0.29090908628099177,0.8814213275909424,0.13385716658072072
672,A man is standing on a baseball field. He is wearing a blue and white uniform and a black helmet. There is a white fence behind the man.,"Four men are on a grass field playing soccer in red uniforms. They are running towards the right side, the man in front closest to the ball, his foot resting right next to it. The three other man are racing towards the man with the ball. In teh distance is a group of trees, some pine trees, some bear trees with no leaves on them.",0.005929900232898023,0.17647058408304508,0.8742461204528809,0.07823684122915071
673,This is an image of a building. The building is made of brick. There is a clock on the top of the building with a white face and black numbers on it.  The clock has a black face with black hands and white hands.,"The top of a tower with the symbol of David is on the very top point.  An ornate tower has a clock on two sides.  The clocks read 11:58 and the numbers are gold, roman numerals.  The hands of the clock are golden.  An opening above the clock are on all sides.  A bell appears to be in the star of David.  The background is a beautiful, blue sky with no clouds to be seen.",0.02409825983662689,0.33802816453878204,0.8648669719696045,0.1808066759388039
674,A man is standing in front of a white building. There is a black and white picture hanging on the wall behind the man. The man has short brown hair and is wearing a blue shirt and blue jeans.,"Two men are sitting on a bench. The bench is in front of a building with glass pane windows for walls. There is a drawing of a tree on the wall in the building. One of the men on the bench is sitting on the back of the of the bench with feet on the seat. He has on a tan shirt and tan pant and is talking on the phone. The other man is sitting on the bench seat and wearing a blue shirt with a design and a pair of short pants. There are two rolling suit cases sitting in front of the bench, one is lime green and the other is blue.",0.03003382132215184,0.42499999545,0.8848444819450378,0.16311469756534935
675,A man is standing on top of a skateboard. He is wearing a black jacket and black pants. There is a white fence behind the man.,A large black dog stands on a field of lush green grass. There is another white dog standing to the left of the black dog. There are sheep behind the two dogs on the field. There is a forest of lush green leafy green trees behind the sheep. There are green plants in front of the two dogs. There is a brown tree trunk sticking out of the ground in front of the forest of green trees.,0.008505735448792379,0.385964907725454,0.8621382713317871,0.14799200278164118
676,A man is riding on a motorcycle. He is wearing a black helmet. The motorcycle is red and black. There is a yellow line on the road.,"A man on a motorcycle races down a race track. The motorcycle rider is wearing a red, white and blue helmet. There are black tires on the motorcycle. There is a white line around the race track. There is a field of green grass behind the motorcycle rider. There is an orange and white sign behind the motorcycle rider. There is metal scaffolding behind the motorcycle rider.",0.021481445218544146,0.5185185139574761,0.9111968874931335,0.189360400244754
677,A group of people are standing outside on a sunny day. They are all holding umbrellas. There is a man in a blue shirt standing in front of the group. He is holding a red and white frisbee.,"There are several people outside working and shopping at a booth that looks to be at a flea market. Separating the booths are big colorful sheets,in the front there is a man with a brown table with an arrangement of fruits in front of a brown door.Next to him there is a man standing on top of a brown shelf fixing his merchandise.In the back there are some more stuff but there items aren't as visible.In the middle are a large assortment of shoppers and a man walking a white horse.",0.013756623131064322,0.33333332904691365,0.8624246120452881,0.14507411014783453
678,This is an image of a bathroom. The bathroom is white. There is a white toilet in the middle of the room. A white sink is next to the toilet. Two white towels are sitting on top of one another. On the other side,A white toilet is in a bathroom. The sit of the bathroom is down. A roll of paper is on the tank of the toilet. A white used paper is on the floor. Behind the toilet there is a grey pipe that is connected to the wall. The wall of the bathroom is white. An empty bottle of soap is on a counter. On front of the counter there is a poster board.,0.03269811532387458,0.39999999502958583,0.8743681907653809,0.2467597673444256
679,A large brown bear is standing on top of a rock wall. The wall is made of stone. There is a large boulder in front of the bear.,A large bear is standing up on all four of it's legs. The bear is a dark color that looks like a dark brown or black. The bear is standing on a large rock. Underneath the rock there is a little water that can be seen. Behind the bear there are a lot of trees that look like a forest. On the ground there is grass but the sunlight is shining on it.,0.02861379618288593,0.34374999570312503,0.9002566933631897,0.1386861313868613
680,This is an image of a cat. The cat is black and white. There is a white cat sitting on top of the cat's head. It has a black nose and black eyes.,The cat is eating cat food out of a round Bowl. The bowl is a light blue color with a brown trim around the edge. The bowl is on the floor. The floor is a light tan color. The floor is made of wood. The cat is a grayish color with black stripes. The pause on the couch all right. Under the cat's neck as white as well.,0.018497814522604687,0.33333332868888893,0.8648592233657837,0.14586361434108527
681,"The image is of a large body of water. The water appears to be calm and calm. There are small waves in the water, but none of them are large enough to cause any serious damage.","A horse is galloping in a meadow of hills.  The horse is chestnut brown with a long black mane and tail.  The meadow is full of long green grass and some shorter yellow, dried grass.  Deep green trees are in the back ground.  the sky is gray and cloudy.  A  black and white tall poll with a red and white top is nearby.",0.00770350356816105,0.23529411280276827,0.8346632122993469,0.08291873963515754
682,This is an image of a kitchen. The kitchen is white. There is a white microwave on top of the kitchen counter. A white refrigerator is on the counter next to the microwave.,The two sandwiches are in the white trays. The white trays are on the left on the table. The white trays in the front are both open so that the sandwiches can be seen. On the left are fries in a red and white container. The fries in the container are curly fries. The curly fries are spilling on the tray. The food is on the black tray. The tray is on the wood table. There is sauce in a white container behind the black tray in the front. The floors are made of wood and the photo was taken at a restaurant.,0.005960330976312212,0.25806451187825186,0.8638687133789062,0.08854166666666667
683,There is a white table in the middle of a room. There are two chairs in front of the table. The chairs are made of wood and the wood is light brown in color.,"A mean is on a wooden tray near a small dipping pool on a terrace over looking the sea. On the ray there is a plate of what looks like chicken Parmesan, and two baskets of bread. There is a pat of butter on a plate, sale and pepper shakers, and a sauce of some sort in a small bowl. Near the top there is a pot of tea, and coffee mug.",0.013024930817539186,0.23188405373661003,0.8472958207130432,0.13795019244868034
684,There are two boats in the water. The boats are white and blue. There is a large body of water behind the boats.,In this photo there is a bridge with three oval openings straight in the distance to the left. The photo is of a still and calm body of water. Surrounding the body of water is grass and tree filled land. The sun is setting in the sky and it is the evening. There are more trees on the right side of the photo.,0.013064224540939102,0.3793103406837099,0.8822882771492004,0.11864406779661014
685,A man is sitting on a bench. The bench is made of wood. There is a black and white picture hanging on the wall behind the man.,"A man is sitting indoors holding up a skateboard over his right shoulder. The man has blond hair, glasses, a pink shirt with a snake on it and a set of headphones around  his neck. On the desk next to the man is a monitor, a mouse, a marker, a pencil and a lighter.  There are large fluorescent lights overhead, and a set of windows the far wall.",0.027970369381616133,0.3478260828397396,0.8731728792190552,0.1251956181533646
686,There is a stop sign on the side of the street. The sign is red and white. There are a lot of people walking down the sidewalk. Some of them are holding umbrellas.,A man and woman sit next to each other in front of a music store. There is a large green cement wall up against the front of the store. There is a yellow fire hydrant in front of the couple in front of the music store. The building the music store is in consist of multiple stories. The sidewalk in front of the music store is gray. There is a tree also in front of the music store. There are bars in the windows of the music store.,0.009390245775188426,0.24999999531250006,0.8660066723823547,0.09696969696969697
687,A baseball player is standing on a baseball field. He is wearing a blue and white uniform and a black helmet. There is a catcher and umpire standing behind him.,"Three men are on a baseball field. The batters holds a black bat over the right shoulder. The batter wears red t-shirt and white pants. The catcher is crouched, and he wears blue top with white pants. Behind the catcher, the umpire is looking the game. People are sitting on the bleachers looking the game.",0.052494001416913176,0.30508474117782247,0.8979549407958984,0.18882847256549679
688,A man is surfing in the water. He is wearing a white surfboard. The water is calm and clear. There is a large body of water behind the man.,"A person is on a surfboard. The person wears a wet suit color white, red and black. The man has extended arms. The surfboard is on a white wave.  The wave is foamy and has drops splashing. The man is facing to the left. On the background the sky is blue and has white clouds, The body of water is blue and green.",0.020137424109986275,0.4137930988287753,0.8945777416229248,0.2236051980888286
689,A man is riding his skateboard down a street. He is wearing a black helmet and black pants. There is a white building behind him.,"A man is giving a thumbs up sign as he  rides a skateboard down the side of a busy car filled street.  The man is wearing a large false mustache that covers his mouth and a long beard.  The man is wearing a black hard helmet with a strap, a green backpack, a red t-shirt and brown shorts.  The red t-shirt has write lettering on it and a pair of sea green sneakers with white soles and laces.  Tall buildings, traffic lights, street lights and many cars are in the background.  Another person is standing behind the man and is wearing pink sneakers, and green pants.  The man in the foreground has a black camera bag strapped across his chest and is also wearing a black watch.",0.0031374636091670263,0.30303029980614227,0.8819217085838318,0.1175987773123514
690,A black and white truck is driving down a road. There is a red and black stop sign on the side of the truck. The road is paved and there are trees on both sides of it.,There is a red truck in a parking lot. It is next to a white car. There is a lot of chrome on the truck. there are many cars in the parking lot. There are trees at the end of the parking lot. There are signs in the parking lot. The sun is shining on the car. There is a sidewalk by the truck. There is a big windshield in the truck. There is a building in the background.,0.03830820233705401,0.399999995088889,0.892342209815979,0.1904637950729355
691,There is a large white boat in the water. The boat is white and blue. There are two people on the boat. One of the people is wearing a blue shirt and black pants.,Grey and white birds are flying in the air. The sky is blue and have some white clouds. On the background there is brown hills covered with white snow. The bird on the foreground has the wings extended and flies to the right. The bird has a long black beck. The ground is wet and muddy and is covered with stones.,0.010625825630998967,0.34920634466112377,0.8664801120758057,0.1543739279588336
692,Two giraffes are standing next to each other.  The giraffe is facing the left and is looking directly at the camera. It has a long neck and a black and white stripe down its back. The ground is covered with dirt and,A giraffe with lots of spots on it's back. There is a rock wall behind giraffe. There are a bunch of trees off in the distance. There are animal carvings on the walls behind the giraffe. There is a lawn of grass underneath the giraffe. There is a deer on the side of a rock. The giraffe has two long horns. The giraffe has a long neck. The giraffe has long leg. The giraffe has a long and hairy tail.,0.01479407344092994,0.3243243193571951,0.8617252111434937,0.12467191601049868
693,A man is standing on top of a skateboard. He is wearing a black jacket and black pants. There is a white building behind him.,"There are two people standing on a dock. The dock is wooden and extends out over a lake. The lake is white toward the back, and dark colored in the front. You can see ripples on the water. One person is sitting on the deck. That person is holding a blue umbrella over his or her head, so it not possible to see if the person is male or female. The person is wearing a green shirt and blue jeans. The legs are draped over the edge of the dock. A girl with long hair is standing beside the sitting person. She has long black hair, and we cannot see her face. She is wearing a black jacket and a pink shirt. She is also wearing black pants and black shoes. One of the shoes is partially off her foot.",0.0027217609576735027,0.2448979559350271,0.8739237785339355,0.08107556324158138
694,There is a white toilet in the middle of the room. The wall behind the toilet is made of wood. There is also a black toilet next to the wall.,The picture was taken in black and white. The left side of the sink has dishes on it. The right side of the sink clear. There's a white Basin in the sink. The basement has dishes in it. There's a glass on the left side edge of the sink. The sink fixtures are silver and made of stainless steel. There are glasses and dishes in the basin. The basement in the sink with the dishes and it is white.,0.0060350364406516685,0.3636363591140496,0.8724861741065979,0.13654221022642077
695,There are two motorcycles parked on the street. The motorcycles are red and white. There are trees behind the motorcycles.,"An exterior scene of a street, presumably in the commercial district of an English speaking part of the world, is seen. In the foreground is parked an SUV done up in camouflage colors of shades of green. It also has an orange sign on top. Behind it is parked a small blue car. Pedestrians can be seen on either side of the road on the wide sidewalks. Several shops line the street, including one with a large red sign with white lettering reading ""WAREHOUSE"" in the near distance. A blue paper and brown bag lie on the road in front of the SUV. There is a tree further back lining the road.",0.00027999072008399903,0.15909090641528928,0.869793176651001,0.06680708750040197
696,A man is sitting at a table. He is wearing a white shirt and blue jeans. There is a silver laptop on his lap. The table is made of wood.,People are gathered around together in the living room. Most of the people are sitting down. Only two people are standing. The majority of the room has carpet on the floor. The floor closer to the door is made of hard wood. The hardwood floor is an amber color. The light above the table is turned on.,0.018789058471097075,0.2580645113839751,0.8758549094200134,0.1636150556291189
697,A man is standing on top of a skateboard. He is wearing a black jacket and black pants. There is a white building behind him.,"This picture is taken outside on a rainy day. Two women are walking while holding umbrellas above their heads. One woman is wearing a short sleeve blue shirt. She is holding a black umbrella above her head and carrying a white plastic bag in her hand. The other woman is wearing a gray shirt. She is holding a purple umbrella above her head and carrying a polka dot purse on her shoulder. Two other people can be seen in the background, a man and woman, walking under a white umbrella.",0.004683485873028732,0.2133333294222223,0.8639861941337585,0.11487229622387878
698,A man is sitting on a bench. The bench is made of wood. There is a white wall behind the man.,Two men are playing a video game together. They have both have two remote controllers in their hands and one of them is swinging one of the controllers. There are a bunch of people behind them that are watching the two young boys play the game. One boy has a light blue tee on and the other boy has a white hat on.,0.0038076131184959514,0.271186436725079,0.8776426315307617,0.12548422146636432
699,A man is standing on top of a horse. The horse is brown and white. There is a man standing next to the horse wearing a white shirt and black pants.,"A woman wearing a white shirt and blue jean pants is holding on to a brown horse that is in front of her. The horse is attached to a carriage that a man is riding in. The man is wearing a suit, shirt tie and black hat on his head. There are people sitting and watching the woman and man with the horse.",0.07870537645108999,0.49999999545000007,0.9112759828567505,0.23312374581939801
700,There is a clock on the side of the building. The clock is black and white. There are trees behind the clock.,There is a big building behind the trees. The building is wide and white. There is a clock tower in the center. THe clock says it is 4 in the afternoon. There are clocks on two sides of the tower. There are many palm trees in front of the building. There is a tile walkway in front of the trees. The ground is wet. There are steps by the walkway.,0.02819071139752469,0.5384615342011835,0.9162530303001404,0.24204371165644173
701,A man is standing on top of a building. He is wearing a black jacket and black pants. There is a white building behind him.,A couple using an umbrella walk on a sidewalk near the ocean.  The couple are in front of a parked motorcycle.  To the left of the couple is a person wearing a clear plastic rain poncho over blue jeans and a jacket.  The person is standing in front of a metal fence.  The sidewalk is wet and the sky is overcast.  Two sea birds fly over the ocean above the heads of the people.,0.00499479516916829,0.2769230727857988,0.8749439120292664,0.11414723537622345
702,This is an image of a desk. The desk is made of wood. There is a laptop on top of the desk that is black and white.  The laptop has a black keyboard and mouse. It is sitting on a white desk with a,The instruction was on the table which help with the use of the phone.  It had colorful pages.  It show you have to use the Nokia phone.  The picture of a girl was shown using the phone.  The phone was a basic one.  It was not an android phone.  The color was silver buttons with a black monitor.  All of the pamphlets were shown on the table.,0.012282355762571123,0.28124999523925787,0.8551233410835266,0.1644609737248841
703,There is a plane in the sky. The plane is white and has a blue tail. There are trees behind the plane.,A plane is flying in the blue sky. The wing of the plane is white. The sky has white clouds. Below the plane are cars in a parking lot. Next to one of the parking lots is a brown building. The brown building has many windows and a white roof. There are trees in between parking lots. The trees are green.,0.015044019004025695,0.519999995648,0.9161235690116882,0.15761821366024517
704,There is a train on the tracks. The train is red and white. There are wires above the train.,"A freight train of tanker railcars is sitting on or traveling on a set of tracks.  The tankers are cylindrical, some with a few markings.  Overhead wires used for electric trains are present.  A few signal poles are visible in the foreground.  A few tall buildings are in the distance behind the train. It is a sunny day.",0.005694823972622385,0.24999999625000005,0.8777320384979248,0.14579619158035192
705,This is an image of a cat. The cat is brown and white. There is a white bowl on top of the cat's head. It is sitting on a wooden table.,The scissor is made of metal. The roll of tape is to the left of the scissor. The tape is clear. The table is covered with a light blue paper. There is writing on the inside ring of the tape. The scissor is pointy at the tip. The paper that is covering the table is a little wrinkled. The letters inside the tape ring are dark colored.,0.008226666687827087,0.2456140303477994,0.8640449047088623,0.11041009463722397
706,There are two elephants standing next to each other. The elephants are standing on top of rocks. There are trees behind the elephants.,The elephant stands in the grass. The elephant is small. The elephant has tusks. The tusks are little. The elephant is grey. The elephant is standing by the water. The water is like a river. The grass is mostly yellow. There is a hill on the other side of the water. The water is still. there is wood in the water. The grass is short. There are trees on the other side of the river.,0.005774632764155783,0.367346934244065,0.8801366090774536,0.12982994523660163
707,There is a black and white striped zebra standing on a grassy field.  The field is surrounded by tall grass and weeds. There are trees in the distance behind the field and a few trees are in front of the fence. The z,The image is of a bird. The bird is grey and white. It is standing on the ground and looking across the field area. There is nothing on the ground with the bird other than some grass.  The bird has a white chest and a grey throat and head.  It's wings are black and grey with white stripes.  It has black eyes and it's tail feathers are held upright.,0.013485315429328735,0.3768115893299728,0.8703128695487976,0.18072289156626503
708,A large white airplane is flying in the sky. The plane is white and has a black tail. There is a white building behind the plane.,There is a large empty area. The pavement is made up of concrete squares. The pavement is wet. There are shadows on the concrete. Lights are shining in the air and is reflecting on the wet pavement. In the background is a large crane. The sky is overcast and full of gray clouds. On the left in front of the crane is a partially built building.,0.012084179280399721,0.3157894692397661,0.8763731122016907,0.12721893491124256
709,A woman is playing tennis on a tennis court. She is wearing a white tank top and white shorts. There is a green tennis ball in front of her.,"A double image of the same athlete.  The athlete is wearing a purple polo shirt and a ball cap that is covering his eyes.  He has on white shorts and white socks on his feet with white sneakers with some black.  On his left knee, he is wearing a black brace.  He has a white cuff on his left wrist.  Both hands is holding a tennis racquet.",0.01624487980959566,0.3030302985858586,0.8755049109458923,0.14886397349683542
710,A baseball player is standing on a baseball field. He is wearing a blue and white uniform and a black helmet. There is a white and black umpire in the stands behind him.,A baseball player is wearing a red and white uniform and a blue and red helmet. He is holding a black bat in his hands. A catcher is kneeling on the ground in front of him. He is wearing a red and gray uniform and a red helmet with a mask. A white base is on the ground in front of him. The baseball field is brown with green grass on it.,0.09936257504177128,0.4999999952722223,0.9139902591705322,0.2572469679664981
711,A man is sitting on a bench. The bench is made of wood. There is a silver chain link fence behind the man.,A young man is seated looking at someone out of view.  The young man has short dirty blonde hair.  He is eating bread which he is holding in his hand.  He is wearing a grey Hartford sweatshirt.  The writing on the sweatshirt is white and red and also says champions on it.  He is seated at a table that has a beer and a glass sitting on it.  The atmosphere is dark.  There is a dark structure behind the man.  The man is kind of smiling.,0.006199818010855107,0.3098591511446142,0.8671868443489075,0.11804520859473024
712,There is a train on the tracks. The train is red and white. There are trees behind the train.,"This is an image of a bay. The bay has a line of boats. The boats are parked. The boats are sail boats. The right boat is black and yellow. There are nets on the mast of the boat. The middle boat is white and black. The left boat is red, white and black. The masts have many different ropes going to the masts.",0.003585226125093772,0.32653060816326535,0.8899877071380615,0.10680672268907561
713,A man is sitting on a bed. The bed has a white blanket on it. There is a black and white picture hanging on the wall.,The man lay in the bed and read the black book. He leans his head on the brown head board. The man is wearing a blue tee shirt. The little boy lay next to the man read the blue children's book. He is wearing a green tee shirt.  The man and boy are underneath the whit blanket.  There is a white curtain hanging behind the bed.,0.014754144459876559,0.4210526271345029,0.8821390867233276,0.17162298387096775
714,A man is standing on a dirt road. He is wearing a black jacket and black pants. There are trees behind the man.,"Three people are outside with farm animals in a large open area.  Two of the three people is females.  They are all three dressed casually in white t-shirts and shorts. The animals they are caring for are goats.  The goats are mostly white with brown or black in their heads.  One goat, however, they are mostly brown with white spots.  The three people are holding a stick trying to herd the goats in the direction they want them to go in.",0.0010820496005579986,0.1739130394875027,0.8650700449943542,0.04654255319148935
715,A man is riding a motorcycle down a street. The motorcycle is red and black. There is a red stop sign on the side of the motorcycle.,"A man is riding a motorcycle through a parking lot. He is wearing pair of tan shorts, a short sleeve black shirt, and a black baseball cap. The motorcycle is red with black decals and slick black tires with white walls. He is driving past a parked Mitsubishi SUV with a man in a green jacket standing next to it.",0.08470746100730182,0.32786884816984685,0.8940507173538208,0.15700568293160885
716,A large white truck is driving down a road. There is a red and white stop sign on the side of the truck. The road is paved and has a white line painted on it.,The truck is parked on the pavement. The pavement is faded in some areas. There is a large white sign with a blue banner across the top at the other end of the pavement. At the front of the photo there is a white and orange U-haul truck. It has large black framed window protruding from the side windows. The window are rolled up and no on sitting in the diver side seat.,0.020887285964944272,0.3888888844444445,0.8783082962036133,0.20145664739884395
717,A man is sitting on a bench. The bench is made of wood. There is a white wall behind the man.,"A woman is taking an item from the oven that was baking. The individual, whom appears to be a Caucasian female, is wearing a knee length denim skirt, with a long sleeved green shirt. In addition, a brown furry dog is watching intently, the individuals actions. The cabinets in the kitchen are a dull white color, and the floor is a medium toned hardwood.",0.003630547513669888,0.17647058463667825,0.8659688234329224,0.10644891122278057
718,A pizza is sitting on top of a white plate. The pizza has cheese and onions on it. There is a glass of water behind the pizza.,"There is a sandwich in a container. The container is a plastic tupperware container. The sandwich is made of untoasted slices of bread. There is a luncheon meat slice between the bread. There are slices of banana in the sandwich as well. On the counter, beside the container, is a banana that has been sliced into seven portions.",0.014808156756722726,0.25454544982479343,0.8828590512275696,0.13439840113337384
719,Two giraffes are standing next to each other.  The giraffe is facing the left and is looking directly at the camera. It has a long neck and a black and white stripe down its back. The ground is covered with dirt and,Two trees brown tree trunks look as if the bark is peeling. One of the trees have a greenish mold on it. There are leaves of another tree in the background as well as a white wall. A chain link fence is at the bottom of the photo. There is a brown and tan giraffe in the photo that has to small horns on the top of his head.,0.00808246939145473,0.2222222173510137,0.8526856303215027,0.15082956259426847
720,A man is standing on top of a skateboard. He is wearing a black jacket and black pants. There is a white building behind him.,"A man is holding the string of a flying kite. The man is wearing a gray hat and a gray and light gray jacket. The kite is light green with two eyes, a nose, and mouth and two red spots drawn on it. The kite is a triangle shape and has three green strips hanging from the bottom of the kite. Four other kites can be seen in the sky. The sky is full of white and gray clouds, with a patch of blue. Several trees are seen in the lower portion of the image with a light pole with two lights on it close by.",0.0033158248838357036,0.22784809748437754,0.8720223307609558,0.07660878447395301
721,A man is sitting on a bench. The bench is made of wood. There is a silver chain link fence behind the man.,"A middle aged woman with long, fine, blue hair and dark brown roots holds up her iPhone as if to take a selfie. She has blue eyes, and she is wearing a blue blouse with rolled up sleeves buttoned to the upper arm of the sleeve, breast pockets, and a blue silk tie in multiple shades of blue. She is standing in front of a plain wall. Her hand holding up the phone has a ring on the ring finger. The back of the phone is covered in an abstract melange of the colors white, red and purple, along with blue.",0.0004958214184766762,0.16470587901453293,0.8471216559410095,0.06437768240343347
722,There are two boats in the water. The boats are red and white. There is a large white building behind the boats.,"A man is standing on a grassy field flying a kite in the air. He is wearing a white shirt and gray pants. The kite is blue, green, yellow and orange in color. White strings attached to the kite are being held by the man. Two people are sitting on a blanket near the man. A dog is standing behind the people. Tall trees can be seen at the back of the field. Two tall buildings are standing behind the trees.",0.0022898152284763517,0.2686567127823569,0.8886529207229614,0.10502761603857576
723,A red and white bus is driving down the street. There is a white building behind the bus.,"A bus with a Japanese advertisement on the side, is driving down a city street.  The images on the bus are cartoon like dogs and paw prints on the windows.  There is a bus driver on the right hand side of the bus.  A large stone building is behind the road with windows all along the side.  Green leaves are on trees on the sidewalk.",0.009190598882681922,0.39999999620495874,0.8937169313430786,0.14763220932375162
724,A black and white cat is laying on a bed. The bed is made of wood. There is a white blanket on top of the bed and a blue blanket next to it.,A black cat is lying on it's right side and a dead bird is in front of it.  The are laying on a side walk.  The cat has green eyes.  There is a crack the length of the sidewalk in the middle. The bird is brown and white.  It looks like the bird was in the cats mouth because it is wet.  The cat has long pointy ears.,0.026159860172129543,0.4307692262911243,0.8721011281013489,0.17715116279069767
725,A man is sitting on a bench. The bench is made of wood. There is a silver chain link fence behind the man.,An elderly man stands in the sun looking at the camera.  He is next to some kind of shelter in a park or on a golf course.  Purple columns supporting the top of the structure can be seen.  He wears a purple striped jacket and dark red tie with some white design on it.  He squints from the sun but does not smile.,0.004208523989173299,0.17647058434256063,0.8676114082336426,0.10169491525423728
726,There is a white toilet in the bathroom. There are white towels hanging from the wall above the toilet. The wall is made of wood.,It is am image of a very clean bathroom where the towels are neatly stacked and the shower fittings are golden. The tiles are gleaming and everything seems to be spick and span. The wall on the mirror has a black thick frame and the shower has a glass exterior to avoid the water to be spilled outside.,0.006399644389029407,0.2372881313530595,0.8754591941833496,0.11882998171846434
727,A white plate is sitting on top of a white table. There is a silver fork on the table next to the plate.,There's a glass dish on the tablThe glass plate has Pizza on it. Half of the pizza is gone. The pizza has mushrooms on it. The pizza also have a meat on it. The crust of the pizza is golden brown. There's a spatula on the plate. The spatula is made of metal. The light is reflecting off of the back of the spatula.,0.00536510960242897,0.25531914444545045,0.8669420480728149,0.10016694490818029
728,A man is skiing down a hill. He is wearing a black jacket and black pants. There are mountains in the distance behind him.,A lot of people are skiing on a sunny day at a ski resort. The resort is brown and white and nestled into the valley. In the front there are blue and green umbrellas as if there are stands selling items. On the left of the resort there is a hill with lots of tall pine trees. Toward the camera there is a ski slope which slopes upward on the right. A few people are standing at the bottom of the slope.,0.0012228420546857245,0.22222221809027784,0.8743707537651062,0.09186351706036747
729,There are two giraffes standing in a field. There is a fence behind them. The grass is very green.,"Three large brown bears are swimming in a river. The bear on the left has his head tilted to the left and his fur is wet up to the bottom of his ears. The one on the right of him is dry above is shoulders. The final bear is all the way in the water and only a little of his back is showing above the water. There is something in the water behind the first bear that appears to be a rock. Behind there is a green, grassy shore.",0.0009835632253819805,0.1714285679020409,0.8675083518028259,0.06634499396863691
730,A man is standing on a snowboard. He is wearing a black jacket and black pants. There is snow on the ground behind him.,"The trees are weighted down with heavy snow. The snow has turned the evergreen trees white. There is a person skiing down a slope. He is wearing a helmet, a black coat, a pair of black pants, snow boots and skis. He also holding ski poles. He is down the slope through his ski lime green ski goggles that match the lime green on both his ski poles and the tips of his skis.",0.0190592837145556,0.31746031324766943,0.8863142132759094,0.12901771336553947
731,There is a red and white bus on the street. There are trees behind the bus. The bus has a white sign on it.,Part of a woman can be seen walking on a sidewalk. A large electrical pole is on the sidewalk in front of her. The sidewalk is near a road. The road has different vehicles on it. Power lines are running through the air across the road. Buildings are sitting on both sides of the road. A row of vehicles are parked in front of a building on the side of the road. A large leafless tree is hovering over the vehicles.,0.0028347255124443775,0.2580645121488034,0.8706045746803284,0.08632138114209828
732,A cat is laying on a bed. The bed is made of wood. There is a white blanket on top of the cat.,A cat is sitting on a DVD player. The cat is looking at the small TV. The TV is black. On the screen there are colorful lines. The cat is stripes of light and dark brown. The cat is wearing a collar with circle pendant. There are wires attached to the DVD player. The player is silver. The TV has a SONY logo on it.,0.010540390751286164,0.315789469646045,0.892031729221344,0.10690789473684212
733,"The image is of a large body of water. The water appears to be calm and calm. There are small waves in the water, but none of them are large enough to cause any serious damage.",A group of people stand on the top of a hill. There is a lot of grass on the ground. There are some trees as well. There are some people sitting on the ground. There are others standing up. There are no clouds in the sky. There is a lot of sunlight. The sky is blue. The people are talking to each other. there are rocks on the hill.,0.009163724545778464,0.276923072018935,0.8703329563140869,0.0989345509893455
734,A man is standing on top of a skateboard. He is wearing a blue shirt and blue shorts. There is a white building behind him.,A man is standing on a surfboard and holding kite strings. The man is wearing a black and green wet suit. the man's hair is black.  The surfboard is black with white letters and multicolored images on it. The man's feet are on the surfboard and are above the water. The water is gray and white below the man and is moving and somewhat foamy. The water farther away from the man is green with white caps scattered around. There are dark clouds in the blue sky.,0.01816421197059974,0.3283582047672088,0.8855656981468201,0.09282178217821781
735,A man is riding a motorcycle. He is wearing a black helmet. The motorcycle is red and black. There is a white building behind the man.,"Three dirt bikers are riding along a rain covered beach.  They appear to be in a competition, as the bikes have numbers on them.  The bikers are dressed alike - crash helmets, gloves, jackets and pants.  Two bikes are red while the third is blue.  It is a cloudy day.  The edge of the beach is in the background, gentle waves coming ashore.",0.005670229115587322,0.1791044736823347,0.8716986179351807,0.10118043844856661
736,A white plate is sitting on top of a white table. There is a silver fork on the table next to the plate.,"This is an image of appetizers. The appetizers are arranged on a tray. There is celery on the tray. The celery stalks are cut and are light green. There is cauliflower on the tray. The cauliflower is white. There are silver tongs meant to serve the vegetables with. There are small red, round tomatoes behind the celery.",0.007273696568170802,0.35999999564800006,0.8751732707023621,0.10261194029850745
737,A little girl is sitting on a bed. The bed is made of wood. There is a white blanket on top of the girl.,"A woman and a little boy are sitting in bed looking at two cats.  The woman has glasses on and a long sleeved striped shirt.  The boy has short dark hair and is wearing a blue tshirt with a pattern on it and a red collar.  The two cats are lying on the bed next to eachother.  The cat on the left has white, orange, and black fur.  The cat on the right is black and grey striped.  The bed spread is blue colored and has a celestial pattern of suns and moons.  The headboard is made of wood.  Next to the bed is a nightstand made of wood.  On top of the night stand is a lamp, book, and several small items.  There is also a small table to the right of the picture with items on it.  The wall appears to be white.",0.001368724575274798,0.3260869535089793,0.8795483112335205,0.08218538504988862
738,There is a train on the tracks. The train is red and white. There are trees behind the train.,A black train with a red bumper is either pulling into or out of the station. A large amount of smoke is coming from the engine and obscured the rest of the train. Beside the engine is a small green building with windows on the side beside the train. There is a set of stairs leading to the door on the green building. The railings beside the stairs have been painted white. To the right of the green building is a brick building. The background are bare trees. The sky is a white color.,0.0017005050693001153,0.32352940849480966,0.8775776028633118,0.08670520231213873
739,This is an image of a kitchen. The kitchen has a white counter top. There is a silver microwave on top of the counter.,This is a photo of a dessert. The dessert is a cake that is brow and white and is sliced into triangles. The brown slices are chocolate and are powdered. The white slices are sugar powdered. The cake is on a white plate. The table under the plate is white and plain as well. There are speckles of brown powder on the cake on the edge of the plate.,0.006127466171386384,0.359999995512,0.8810455799102783,0.12228796844181457
740,There is a laptop on a desk. The laptop is black and has a white keyboard. There is also a black mouse on top of the laptop.,A laptop and a desktop monitor are on a desk.  Both the laptop and monitor are powered on.  The room is dark except for a lone desk lamp emitting a small yellow light.  A black keyboard is on the white desk .  the desk lamp is behind a magazine which has a black mouse on top of it.  The walls in the room are plain and light colored.,0.06163035620480739,0.49999999577168375,0.8989589214324951,0.2648605129398984
741,A man is sitting on a bench. The bench is made of wood. He is wearing a white shirt and blue jeans. There is a black phone on the bench next to him.,"The image is a portrait of a man. The man is wearing a gray suit jacket. The shirt is blue. He is wearing a patterned necktie. The man has grey and brown hair. He is smiling at the camera. The man is wearing eyeglasses. On his finger, there are two rings. The man is standing behind a blue leather chair. The background is gray.",0.04415904521920894,0.31746031267321745,0.8856220841407776,0.15599343185550082
742,A man is surfing in the ocean. He is wearing a white surfboard. There is a small wave in front of him. The water is calm and clear.,"The water is blue, but there a a lot of seaweed floating in the background. There is a dog, or what seems to be a dog, swimming in the water toward the wave. The wave has white suds spraying into the air. There is is surfer surfing the wave. The surfer is wearing a black wet suit. He standing with is knees slightly bent and his arms extended out.",0.02195094543719304,0.3714285670163266,0.8921917080879211,0.15408320493066255
743,A black and white photo of a man and a dog. The man is wearing a blue shirt and blue jeans. He is holding a white surfboard in his hand. There is a black fence behind the man.,Two giraffes are standing on a very dirt covered area. There are small white rocks scattered across the dirt terrain. There are many trees off in the distance and the sky is grey. One giraffe is looking at an animal that is next to a bare gray tree. Both giraffes have brown spots and long necks. The trees in the distance are brown and green.,0.0045479869874865434,0.22222221768904332,0.8556784391403198,0.11235955056179775
744,A white plate sits on top of a white table. There is a glass on the table behind the plate. The plate is sitting on a brown tablecloth.,A plate of food is on the table. The plate is white and round. The light is reflecting off of the plate. The plate has food on it. There is a sandwich and there are french fries to the right of the sandwich. The sandwich has cheese on it. The sandwich is also a hot dog. The french fries have salt on them. To the right of the plate that is a small container of catch-up. The ketchup is red.,0.028318629078461527,0.37931034054696794,0.8830559849739075,0.1270053475935829
745,A baseball player is standing on a baseball field. He is wearing a blue and white uniform and a black helmet. There is a catcher's mask on his head.,"A baseball player is holding a brown bat in his hands. He is wearing a blue and white uniform and a blue helmet. A white base is sitting on the ground in front of him. The field has green grass, brown dirt, and white painted lines on it. Three people can be seen sitting in a dug out watching the man play baseball.",0.1342692322857465,0.4242424199035813,0.9118692874908447,0.26804037938876246
746,There are two giraffes standing next to each other. There is a tree behind them.,A small giraffe is looking to the right inside of a pen.  The pen appears to have an Egyptian theme.  There are two egyptian statues sitting on top of a stone seat.  The bottom of the stone seat has hand painted pictures of people and animals.  The seat is grey. To the right of the statues are egyptian style pictures on the wall.  To the left of the statues is an out crop of grey rocks.  The giraffe is brown and white with spots.  The ground is covered in dirt with small sections of green grass peeking through.  To the right of the giraffe is a tree.  The pen is surrounded by a black fence.  The fence has poles and three wires between each post.,5.846455518414283e-05,0.1951219483878644,0.8560077548027039,0.03947368421052631
747,There is a red and white sign on the side of the building. The sign is on top of a white pole. There are a lot of trees behind the sign.,"This image is of a two store commercial building site.On the top,there are two stores that have green awning above them,the left one is Fleet and there it houses a green atm machine.The building on the left is The Java Stop,you can see that it has several beverages in the inside and the glass is covered with white letter.On the outside there are several railings The bottom is similar but both spaces are Bertucci's and on the outside of the rails is snow and bushes with snow on top of them.",0.008361323410932858,0.2820512783662065,0.8566712737083435,0.1344264705882353
748,A man is standing on a sidewalk. He is wearing a black jacket and black pants. There is a white building behind him.,"A man in a brown shirt, blue jeans and white sneakers is walking on the hardwood floor of a bicycle shop. Behind him on the walls are bicycle tires on a rack and three bicycles on their kickstands on the ground. In front of him are closed cardboard boxes and sporting shirts on hangers. A fitting room is directly ahead of him.",0.005852525788439668,0.22950819256113955,0.8842994570732117,0.12048192771084336
749,A woman is sitting at a table. She is wearing a white t-shirt and white pants. The table is made of wood. There is a glass table in front of the woman.,"A group of people are sitting at a long table inside of a restaurant. The table is covered with a red tablecloth. There are white plates, coffee mugs, cutlery and other items on the table. Three long blue poles are standing near the table in the room. The door of the building is white. There are windows on the side of the building.",0.02721154503973682,0.41935483413111346,0.8978212475776672,0.2634599332220367
750,There are two boats in the water. The boats are white and blue. There is a man in a blue shirt standing in front of the boats.,The beach is full of many people. A lot of the people are laying down enjoying the sun. Even more people are walking and swimming in the blue ocean water. The sky is crystal clear blue and free from any clouds. You can't see the sun but you can tell it is a sunny beautiful weather kind of day. Besides the sand you can see a green grassy area with trees.,0.00653340513585823,0.2857142818938776,0.8613271713256836,0.11843204150896458
751,There is a red and white bus on the street. The bus is white and blue. There are trees behind the bus.,The sky is overcast and grey. There is a horse standing out amongst the cars. There's a green car to the right of the horse. The horse is pulling a black cart. A man is leaning over the cart. The horses standing still. The horse is a white cream color. The horses standing in front of a short tan building. The building has a green roof.,0.007658130617508998,0.2592592552469136,0.8765945434570312,0.07305194805194805
752,A white plate sits on top of a white table. There is a glass vase on the table next to the plate.,On top of a dark brown wood table sits a small plate with a dessert.  The plate is square shaped and white.  The edges come up and the center is lower than the sides.  On top of the plate is a small piece of cake.  The cake has a small orange decoration on top of it and a white frosting.  The cake is brown colored with darker brown at the top and the bottom of the cake.  A silver fork is resting upwards on the left bottom side of the white plate.  There is light focused on the back of the table and is shining onto the plate.  There are crumbs of the cake stuck to the white frosting.,0.001455879329944708,0.3333333298765432,0.8664503693580627,0.0953175652016762
753,There is a plane in the sky. The plane is white and has a blue tail. There is an engine on the back of the plane.,An airplane starts to fly away. The plane is mostly white. The tail is blue and red. There is writing on the side. There are wheels on the bottom. There is fencing on the side. There are buildings in the distance. There are many trees around the buildings. There are poles in the distance. The sky is blue. there are no clouds.,0.017419107197588317,0.3773584860804557,0.9069397449493408,0.1284246575342466
754,There are two giraffes standing in a field. There is a fence behind the giraffe.  The fence is made of wood and has metal bars on it. Behind the fence there are trees and bushes.,"While one giraffe is seen making it's way through the trees and bushes, the two giraffes in the forefront prefer to stay in the grass covered clearing.  The temperatures look to be quite high from the look of the haze that hangs in the sky and forms a veil over the distant hills. These giraffes have spots of chestnut brown with ragged edges, while their unsides are predominately white.",0.00807336428261393,0.26829267850981564,0.8631882667541504,0.11432926829268293
755,A woman is playing tennis on a tennis court. She is wearing a white tank top and white shorts. There is a green tennis ball in front of her.,"This was captured at tennis match.Only one side of the court is visible and on it is a male player with a blue head and wristband, a blue shirt,black shorts,a white bandage on his knee,white socks,and black and white shoes.In his hand,he is holding a black and yellow tennis racket.He is also standing on top of green court with the word Gerfor painted on it in white.Behind him is a man sitting on top of something sponsored by Adidas  with a wall next to him from other companies.The wall separates the crowd of people who range from young women,young males, and adult males who are waiting for the other person to serve.",0.0015643482860486088,0.22222221876543213,0.8629040122032166,0.08196721311475409
756,A black and white cat is laying on a bed. The bed is made of wood. There is a white blanket on the bed as well.,In the picture there is a small dog. The small dog is off white in color. The dog is looking straight at the camera. The dog has a fluffy coat of hair. The dog looks happy in the picture. The dog is laying on a dog bed. The dog bed is tan and brown in color. The background in the picture is black. The dog has a small fuzzy tail.,0.02708035288691067,0.41509433502314,0.8928170204162598,0.1511203477086674
757,There is a train on the tracks. The train is red and white. There are trees behind the train.,A train in on a set of tracks. The train is white with a red nose. There is 2 reds stripes on the side of the truck. There are 3 letters in capital cursive near the front of the train. There are several utility lines above the train. The trains front is in the shape of a bullet.  There is multicolored gravel om the train tracks. The day is cloudy and overcast.,0.013613199954186472,0.3928571391071429,0.8950558304786682,0.14105252061469264
758,A black and white cat is laying on a bed. The bed is made of wood. There is a white blanket on top of the bed and a blue blanket next to it.,A black and white cat reclines on a bed.  The cat's eyes are gold.  The left ear of the cat is turned back.  The cat's right back leg is up.  The cat's whiskers are white.  The cat is resting on a light grey comforter.  Behind the cat is a person reading a book in bed.  Only one hand of the person can be seen.  The headboard of the bed is a light red colored wood.,0.07212665450392686,0.39393938949494955,0.8885707855224609,0.2032168799723279
759,A plate of food is sitting on top of a white table. There is a glass of water behind the plate.  The plate is on a wooden table with a silver handle. The table is made of wood.,A round plate with food is sitting on a wooden surface. A square piece of flat bread is on the plate. On top of the bread is an orange sauce. A pile of greens are on top of the bread. A fork is sitting face down on the plate. Next to the plate is 2 pieces of sliced lemon. There are several seeds in the lemons pieces. There is a coffee cup of next to the plate and the lemons. The cup is filled with a brown beverage.,0.04668574215612848,0.3999999955877551,0.8852149248123169,0.22475911877964536
760,This is an image of a street. The street is very busy. There are many cars on the road. Some of the cars are red and some of them are blue. One car is white and the other one is black and white. A,A blue sky is filled with white clouds. There is a street pole taking up most of the image. On the top of it is a green rectangular street sign with Naples written on it in white writing. Below that street sign is another green street sign with Chrysolite Ave written on it in white. Below that sign is the top of a red Stop sign outlined in white.,0.010329488751365546,0.32835820400980176,0.8608881235122681,0.13533834586466165
761,A man is surfing in the water. The water is calm and calm. He is wearing a blue shirt and blue shorts. There is a white surfboard behind him.,A boy is holding on the the handle of a kite while strapped to a wake board. The boy is in mid air. His legs are bent. The wake board is teal blue. The boy is in the air over a large body of water. The water is dark blue. There is water spray coming from the boy and the board.The handle the boy is holding is brown with 3 lines connected to it.,0.02652488398405513,0.3225806406815817,0.8841631412506104,0.1079136690647482
762,There is a boat in the water. The boat is white and blue. There are trees on the side of the boat.,A large boat is docked next to a pier. The boat is white. There is a blue cover over part of the boat. There is a blue line attached to the pole. There are several birds sitting on different parts of the pier. The birds are gray and white. Th posts on the pier are discolored. There are other boats at the dock.,0.01886294176868967,0.4150943354076184,0.9066874384880066,0.1806557724957555
763,There are two boats in the water. The boats are white and blue. There is a large white building behind the boats.,The boat is on the ocean. The boat is a sailboat. The sale is being pushed by the wind. The water and slightly calm and moving along slowly. The sky is partly cloudy but mostly bluish. There are people on the sailboat. The sailboat is the only boat on the water. There's a lighthouse in the far distance. The lighthouse is very tall. There is no lighthouse on at the Lighthouse.,0.004536198223650575,0.3214285673469388,0.8765390515327454,0.14511099447343234
764,A large white and blue truck is driving down a road. There is a red and white stop sign on the side of the truck. The road is paved and there are trees on both sides of it.,"A one car silver, white, and red train is on a track bordered with telephone poles strung with cables. To the left of the track is a dry, plowed field edged with green and yellow grass, and to the right of the tracks are small green bushes and a trees, then a large dry field that is not plowed, and then another field which long strips of green plats growing. Behind the field with the plants sits an expanse of more trees, some dry areas, and a forested mountain range can be seen in the distance. The day is sunny and bright.",0.00394042731378478,0.21052631172077566,0.8562158346176147,0.09414225941422595
765,A man is standing on a skateboard. He is wearing a white shirt and blue jeans. There is a black and white fence behind the man.,"Two small toddler boys are standing outside on a dirt and grass field. Several blow up amusement structures can be seen. One is a boucy one with a yellow front and another looks like a huge yellow and red blow up slide. One of the toddlers, who is dressed in an orange shirt and jeans, is holding a tennis racket in one hand, and a red and yellow ball in the other. Another racket lies on the ground next to him. An adult wearing white shorts and shirt stands near the toddlers, and another child and adult can be seen behind him.",0.0017993425164908182,0.23809523459467125,0.8702710270881653,0.08474576271186442
766,There are two boats in the water. The boats are white and blue. There is a white building behind the boats.,"Two older women are sitting side by side on a park bench overlooking a body of water.  The woman on the right has grey hair and is wearing a white shirt, blue pants and sunglasses. The woman on the left has a sleeveless top and is wearing a straw hat. Flowers are planted in a stone structure to the left of the women  There are two boats docked in the water nearby. Across the water is a very large building and some smaller ones, as well as other boats.",0.007797515768633774,0.3661971797659195,0.8823281526565552,0.1144550258515815
767,A man is standing on a sidewalk. He is wearing a black jacket and black pants. There is a white building behind him.,The man is walking at the sidewalk. He is carrying a big umbrella. The umbrella is green. The handle of the umbrella is brown. The man is wearing a suit. The suit jacket is black. The fence is blue. There is graffiti on the fence. The sidewalk is paved and gray. The shirt is white. The sky is white.,0.01934932956555181,0.4489795871886714,0.8950862288475037,0.14237498130861084
768,A man is standing on a skateboard. He is wearing a black jacket and black pants. There is a white building behind him.,A man in blue shorts and a white shirt is running on a tennis court getting ready to hit a tennis ball coming at him. The sunny sky is casting shadows on the court of his body. Around him is a tall brown post fence enclosing the court. Opposite the fence is a small white house with a black car parked in front of it.,0.006734709986595482,0.2499999959570313,0.8863133788108826,0.10690789473684212
769,A black and white dog is sitting on a bench. The bench is made of wood. There is a white fence behind the dog.,A dog is seen very closely to the camera and through a clear object. The dog is a golden brown color and is standing in what appears to be the kitchen. The floor of the room is tiled with a beige and darker beige design going diagonally across the tiles. There is a wooden cabinet located directly behind the tail of the dog.,0.014252817149911416,0.2950819630529428,0.8824067115783691,0.18883248730964466
770,There are two horses standing on the grass. There are trees behind the horses. The horses are brown and white. One horse is black and the other one is brown.,A herd of sheep stand in a field. There is a white fence around the herd of sheep. There is green grass and dirt under the sheep. There is a large crowd of people standing around the fence near the sheep. There is a large white building off in the distance in front of the sheep. There are trees in front of the large white building.,0.012880776061925824,0.31999999520000005,0.8914848566055298,0.09615384615384616
771,A man is standing on a snowboard. He is wearing a black jacket and black pants. There is snow all over the ground. The man has a white helmet on his head.,The clear blue sky in the background reflects off the vibrant white snow. There is a man skiing on the snow. He is wearing a yellow backpack on his back. He has a grey vest over a black long sleeve shirt with black long pants. He snow shoes are yellow and match his yellow skis. He is also wearing a helmet and goggles. The skiers shadow is cast under him on the snow.,0.03900652692738966,0.47222221768904327,0.8961716294288635,0.2215732946298984
772,A bathroom with white walls. There is a mirror on the wall above the sink. The sink is white. On the other side of the bathroom there are white towels on a white towel rack.,This photo is taken inside of a bathroom. A large window is sitting above a tub. There is a gray shower rod hanging on a wall above the tub. A white toilet is sitting beside a sink in the bathroom. A silver faucet is hanging over the sink. There is a mirror hanging on a wall above the sink. Part of a light can be seen hanging over the mirror.,0.06275353642940497,0.39999999520000007,0.8966492414474487,0.20208072263993315
773,A brown and white dog is sitting on a bench. The bench is made of wood. There is a black fence behind the dog.,The brown bear stands in the yard covered in snow. The bear has a camera on its neck.  The house behind the bear has snow on its roof.  The house has two large windows in the front of it.  There is a large shrub covered in snow in front of the window.  The house has glass windows around the front door.,0.0125342318603419,0.35999999528800003,0.8826640248298645,0.12984293193717275
774,A baseball player is standing on a baseball field. He is wearing a blue and white uniform and a black helmet. There is a catcher's helmet on his head.,A baseball player is holding a bat in his hand while standing on a baseball field. He is wearing a black helmet and a gray and black uniform. A catcher dressed in red and white is squatting behind the player. People are sitting in stands watching the baseball game. A wall separates the field from the people.,0.16356136301671242,0.48275861617122473,0.9302685260772705,0.31226174865054435
775,A black and white polar bear is standing on top of a rock wall. The bear has a black nose and black eyes. There is a white and brown building behind the bear.,"A white polar bear is sleeping on the grass. A grass stain blemished the center of his forehead. His black eyes are closed. His black snout is still. His fur has flecks of beige, brown and black in it. Beneath his is green grass with bare patches of dirt in the bald spots. A huge front paw tramps down on weeds.",0.04500557421707442,0.3582089507150813,0.873826265335083,0.15463917525773194
776,A man is sitting on a bench. The bench is made of wood. There is a white wall behind the man.,"A white refrigerator is against a wall in a kitchen. Someone has positioned two magnets to appear as eyes on the refrigerator so the appliance appears to have a face. There are two white handles in between the magnets to appear as if they are the nose on the  refrigerator. The refrigerator has a bottom drawer for the freezer and the handle is curved upwards. The refrigerator appears to have eyes, a nose, and a smiling mouth.",0.0011558745558769147,0.29508196334318737,0.8634373545646667,0.09103641456582634
777,A man is standing in front of a building. He is wearing a white shirt and black pants. There is a black clock on the wall behind him.,This picture is taken inside of a building. People are shopping at different booths and tables that are set up in the building. A man is wearing a black leather jacket and blue jean pants. A clock is hanging from a ceiling above his head. There is a tall brown and white pole standing near the clock in the room.,0.035086317200090734,0.4705882308174741,0.9088978171348572,0.2439920774647887
778,A kitchen with a white counter top and white cabinets. There is a silver microwave on top of the counter. The cabinets are made of wood.,This picture is taken inside of a kitchen. A white door is leading into the kitchen. A rug is on the floor in front of the door. The kitchen has white cabinets with black counter tops. A white sink drops inside of the kitchen. White tiles are on a wall behind the sink. A window is hanging above the sink with brown curtains on top of it.,0.012686167602046819,0.4333333288888889,0.8941298127174377,0.1656313175921019
779,This is an image of a street. The street is very busy. There are many cars on the road. Some of the cars are red and some of them are blue. One car is white and the other one is black and white. A,"This image is taken outside of a busy downtown city streets.On the left,there are a bunch of buildings,street lights,birds,peoples,and red and black banners swinging from the pole.On the other side,the exact same thing is visible but there stores are different.The middle of the road has three cards and a big silver charter bus on the side of the road waiting at a red light.",0.014749787002748252,0.32499999531250007,0.8605324625968933,0.1774193548387097
780,There are two boats in the water. One boat is white and the other is blue. The water is calm and calm. There are trees on both sides of the boats.,"A bench is sitting on a walkway near a tall pole. A motorcycle is sitting on the other side of the pole. A body of water is seen in front of the bench, pole and motorcycle. Boats are sitting on the water. Different color flags are standing near the boats. Homes can be seen sitting on the other side of the water. Green trees surround the homes.",0.010197718231284809,0.38596490762696223,0.8869317770004272,0.21859227129337533
781,"This is an image of a street. The street is made up of concrete. There is a red and white sign on the side of the street that says, ""In the distance you can see a building with a clock on top of it.","A tall, rusty metal fence with bobbed wire is enclosing a lot.The lot has many small weeds growing and there is a cage inside this lot that encloses two trucks and there are some tall buildings behind this small cage. Trash is lying on the sidewalk in front of the fence. There are two manholes on the sidewalk and the sidewalk appears to be cracked. There is also a sign posted on the bobbed fence.",0.01056594766505888,0.22499999525312508,0.8575642108917236,0.19103667858251247
782,There is a plane in the sky. The plane is white and has a blue tail. There is an engine on the back of the plane.,"The sky is filled with fluffy white clouds. There are airplanes parked on the tarmac. The closest airplane is white and has a blue tail with gold world. The next plane is also white, however it has a blue and red tail and a blue engine. There are also dark brown or black trucks on the tarmac. The truck have yellow stairs placed at the back of the truck.",0.06423501702149512,0.4761904721088436,0.903496503829956,0.2349218853690804
783,A large airplane is sitting on a runway. The plane is white and blue. There is a large white building behind the plane.,"Two men can be seen standing on a tarmac under an airplane. Both of the men are wearing green reflective vests. The plane has over ten small windows on the side of it. The airplane is blue, black and white in color. There is a large propeller on one of the wings of the plane. The sky above the tarmac is blue with numerous white clouds in them.",0.02546862258609939,0.30769230382958584,0.9026572108268738,0.17576219927526363
784,A man is surfing on a wave. He is wearing a black wet suit. The wave is white in color. There is a large body of water behind the man.,"A man with dark hair and wearing a black wet suit is standing on a yellow surfboard edged with lime green. He is riding on a large wave with a with lots of white foamy water filling the back of the wave. He is standing very close to the edge of the surfboard, and is tilting. The ocean water is a pale green color with lots of small white cresting waves surrounding the surfer.",0.03999181448105447,0.4927536187439613,0.9083528518676758,0.2512602394454946
785,A man is sitting on a bench. The bench is made of wood. There is a white wall behind the man.,The room is dimly lit. The door is closed. There are two windows by the door. The windows are on the left side of the door. The door is white. The door has a chain on it. The chain is black. There are two lights on in the room. There is light coming through the windows. The floor by the door is made of square tiles. The square tiles are two different colors.,0.00568284230211311,0.35999999564800006,0.8792356252670288,0.0937315634218289
786,Two giraffes are standing next to each other.  The giraffe is facing the left and is looking directly at the camera. It has a long neck and a black and white stripe down its back. The ground is covered with dirt and,The are two giraffes in the forest. One giraffe is smaller than the other. The giraffes have horns. Their ears are pointy and white. They have brown spots. Their necks are long. Their legs are long. The end of their tail is black. Behind them are trees and bushes. On the ground is grass. The grass are dry. The face of the giraffes are brown.,0.012357472134401056,0.3243243193571951,0.8822952508926392,0.19541619068116975
787,A man is standing on the beach. He is wearing a blue shirt and blue shorts. There is a white surfboard in front of him.,There is a dirt road. Across the dirt road there is green trees that are tall and some have fallen onto the ground. In the fore forefront of the photo there are two giraffes. They are tan and brown have they both have two small horns on top of their head. They are playing in the sand. There is no vegetation on this side of the road.,0.009442072428652401,0.2461538417798817,0.8616306781768799,0.10119426751592356
788,A herd of sheep are grazing in a field.  The field is surrounded by tall grass and weeds. The sheep have long necks and long ears. There is a fence in front of the sheep that is made of metal bars. Behind the fence,The photo was taken outdoors in a dirt field. On the field are a group of goat. The housing structures are behind the animals. The sky is clear in the picture. There are also a few chicken on the field. The buildings are made of clay. The buildings on the right are dome shaped. The picture was taken in the day time.,0.013013850553268308,0.30303029807162535,0.877280056476593,0.1730599647266314
789,A large elephant is standing on the ground. The elephant has a long trunk. There is a tree behind the elephant.,In the field are three elephants. The elephant in the middle is large and there are two smaller ones on the sides. The field is grassy as well being filled with small bushes. There are two small white birds in the picture. The grass is dark green. The elephants are looking to the side. The sky is clear and is gray in color. The picture was taken in the day.,0.003244482873827788,0.19999999608888894,0.8842106461524963,0.07680491551459293
790,A black and white photo of a man and a dog. The man is wearing a blue shirt and blue jeans. There is a white building behind the man.,"This is an outdoor image of a bird sitting on a cobblestone balcony.The bird is small,he has a long sharp pointy black beak,grey feathers,and a blue tail with white lines.Next to he bird is beige crumpled up rocks that are going down a hill.On the side of the rocks,there is a small patch of grass that appears to be about eight inches long.",0.008540481549170151,0.20289854673387955,0.8594529628753662,0.14936614466815812
791,There is a clock on the side of the building. The clock is black and white. There are two clocks on each side. One is white and the other one is red and black.,"The sky is blue and clear. There is a building that looks like a castle. The building has three peaks at the top. There is a brown fence surrounding the building which is mounted in in a rock wall. The building on top of a hill. The hill is mostly dirt, but has some patches of grass. There is a black clock with a white face black numbers and black clock hands.",0.013869523557809063,0.3749999955908203,0.8740602135658264,0.1675403225806452
792,A woman is standing on a tennis court playing tennis. She is wearing a white tank top and white shorts. There is a green tennis ball in front of her.,"A crowd is sitting in red chairs at a tennis match. There is a green wall separating the crowd and the tennis player. The tennis player is wearing a white shirt with black stripe and black design as well as white shorts with a black line.He has white, black and red sneakers as well as white socks with a black logo. He is wearing white wrist bands on his wrist as he about to serve the ball. His tennis racket red and black with a white handle. He is playing on a brown, sandy ground with white lines outlining the court.",0.019187685166503876,0.33333332917488495,0.8842118382453918,0.12437712828199163
793,A man is sitting at a table. He is wearing a white shirt and blue jeans. There is a silver laptop on the table behind him.,Three men are sitting in a room working on laptops that are on their laps. all of the men are wearing short sleeve shirts. The wall in the room is painted white. There is a black rack with shelves standing in front of the wall. Different objects are sitting on top of two of the shelves. The floor in front of the rack is brown in color.,0.010039114316731212,0.26666666211666673,0.8956032991409302,0.08744038155802862
794,A black and white truck is driving down a road. There is a red and blue sign on the side of the truck. The sign is on a metal pole.,This is an image of a truck. The truck is for industrial work. The truck is for carrying concrete. The truck has a large white drum on the back. The truck cab is light blue. The truck has large rubber wheels. The wheels are black. The drum on the truck has concrete in it. The truck is on a cracked and damaged gray road.,0.019303855437578104,0.36363635891570256,0.8869510889053345,0.18417326161681907
795,There is a toilet in the bathroom. The toilet is white in color. There is also a mirror on the wall behind the toilet.,A white porcelain toilet sits with the lid open on a concrete platform over warped linoleum. The pipes running to the toilet are exposed against the yellow walls. Above the toilet are small square cutouts showing a view of the outside. On the opposite side of the room is a black trash can filled with water with a red plastic pot floating on top of it. A smaller blue waste can is on the floor behind it.,0.003491653126628838,0.2028985473219912,0.8744289875030518,0.09065550906555091
796,A man is skateboarding on a skateboard. He is wearing a black helmet and black pants. There is a white line painted on the ground in front of him.,"A white male in blue swimming trunks is on a small surf board. His left arm is stretched out to his side. He is wearing a white band on his wrist. The background is blue and contains text. The word ""Flow"" can be made out. The surfboard appears to be resting on a column of water, jetting up from below .",0.042250128304744575,0.2647058778762976,0.8839921951293945,0.2119826151506807
797,A man is sitting on a bench. The bench is made of wood. There is a black and white picture hanging on the wall behind him.,A woman's hand is reaching for a smart phone turned on on a white counter. She is wearing a ring on her middle finger and two silver bangle bracelets on her wrist. Next to the phone is a pack of cigarettes with the top open and two cigarettes halfway pulled out. A keyfob and two keys are laying on the pack. Beside that is a tall pilsner glass on a square coaster. The glass is half filled with foamy beer. Lastly is a floral pocketbook with a black strap on its side.,0.0027918627193825,0.24691357640603573,0.8522907495498657,0.10424147801196984
798,A man is sitting on a bench. The bench is made of wood. There is a black and white picture hanging on the wall behind the man.,The woman is holding a banana. The banana is yellow. The woman is wearing a hoodie. The hoodie is dark blue. The woman has blue eyes. The woman is wearing a cap. The cap is green. The woman is wearing a necklace. The woman's mouth is open. The bottom part of the banana is brown. The ceiling is white.,0.003588649309010654,0.17391303856332718,0.8745147585868835,0.11648745519713263
799,There is a train on the tracks. The train is red and white. There are trees behind the train.,"This picture is taken outside on a cloudy day. Men, women and children are standing on a platform of a train station. A little boy is wearing a green shirt and blue jean pants. A long black train is sitting on a track near the platform. White smoke is coming out of the front of the train. Electrical lines can be seen running across the air above the train.",0.0031231979930542698,0.19354838360041626,0.8855185508728027,0.12324334319526624
800,There is a toilet in the bathroom. The toilet is white. There is also a mirror on the wall behind the toilet.,"This image is of a bathroom. There is a white toilet and sink which are situated next to each other on one wall. There is a window above the toilet which has a board over it. There is a mirror over the sink with an arched shaped to it. An empty toilet roll holder is hanging on the wall to the left of the toilet. There is a dirty rag laid flat under the sink which looks as though it has been placed to catch drips from under the sink. The bathroom door is visible and ajar, it has a brass colored door knob. The flooring is tile, mostly beige but with some accent colors included, and the walls are papered with an orange floral patterned paper.",0.0009257092939289847,0.2499999973243802,0.8784257769584656,0.089426694219255
801,"A man is riding a skateboard on a paved road. He is wearing a black helmet and black pants. There is a red and white sign on the side of the road that says ""Motorcyclists Only"" on it.",A cycling race with seven riders leaning to their right as they cross a street. They are a mixture of men and women and all are wearing cycling shorts and shirts which are covered in advertisements. One shirt clearly shows the word Mexico on the shoulders. They are all wearing cycling helmets and protective glasses. Six of the seven helmets are predominantly white but there is one bright yellow one visible. Behind the racers on the street is a white car with it's headlights on. The leaders of the race are wearing the same style of shirt.,0.004752420218174984,0.20454545029183893,0.8652233481407166,0.1088199210723225
802,A white plate is sitting on top of a white table. There is a silver fork on the table next to the plate.,"This is an image of a lunch. The lunch is rice, meat and vegetables. The vegetables are various. The vegetables are green. There is broccoli on the plate. The rice is in a clump. The rice is white. The meat is cooked well done. The meat is pink and dark brown. There are carrot slices on the plate. The slices are orange.",0.0069598653083493625,0.32653060784673055,0.8609656691551208,0.1374802634386424
803,There are two boats in the water. The boats are white and blue. There is a white building behind the boats.,Cruise ships are at a port.  The boats are docked by a pier and anchored down.  A small red boat with an umbrella is in the ocean in the foreground.  The cruise ships are large and a pier is surrounded by a metal fence.  Buildings can be seen in the background and have pointed roofs.  The sky is blue and no clouds can be seen.,0.008317850714079112,0.2758620651307967,0.8830729722976685,0.10726072607260725
804,There is a wooden table in the middle of a room. There are books on top of the table. The book on the left has a picture of an owl on it.,There is a vase on the table. The vase is tan and black. There's a rock to the left side of the face. There are flowers in the vase. The flowers are bright yellow. The flowers have leaves on them. The leaves are thick and green and healthy. The table that the flowers are on has a tablecloth on it. The tablecloth is red white and blue. The tablecloth is red with white lines and a big blue line on it. There are chairs at the table. There are two chairs all together. To the right of the table are two windows. The wall under the windows is green.,0.0078015790278813425,0.361111106867284,0.8718860745429993,0.12273298360976724
805,A man is sitting on a bench. The bench is made of wood. There is a silver chain link fence behind the man.,"A man is sitting at a table in a restaurant. He is wearing a long sleeve brown shirt. The man is looking a gray cellphone that he is holding in his hand. There are clear glasses and white plates on the table, along with a red and white checkered tablecloth. Different picture frames are on walls across from the man. Christmas lights surround some of the frames.",0.02236816345145616,0.29411764316609,0.8841874599456787,0.11980830670926518
806,A man is sitting at a table. He is wearing a white shirt and blue jeans. There is a pizza on top of the man's plate.,A woman is holding a tray. The tray is made of wood. On the tray is pizza. There are chopped tomatoes on top of the pizza. The woman is looking on the pizza. The woman is wearing a knitted blue jacket. The pizza has mushroom on it. The cheese is melted on the pizza. Behind the woman is a stove. The stove is white.,0.038405174568439684,0.44444443961591223,0.9013195633888245,0.16806939830195647
807,There is a toilet in the bathroom. The toilet is white. There is also a mirror on the wall behind the toilet.,"An old, dirty and rusted white toilet is attached to a wall.  The toilet has red, orange and grey stains inside the bowl.  The seat is covered in grey dirt and the exterior of the toilet has white lumpy drippings on it.  Above the toilet is a white sink bowl with a blue backdrop , two water handles and a faucet.  The wall the toilet and sink are attached to is white with dark marks on it including dirt smudges at the base of the wall.  The floor is a dirt floor.",0.0016325250380384185,0.2857142822574956,0.8720748424530029,0.08823529411764706
808,A man is standing on a skateboard. He is wearing a black jacket and black pants. There is a red and white sign on the side of the man.,"A man is in an indoor skateboard and is performing a trick in the air at the top of a ramp. He is doing some variable flip with his board and he is wearing a light blue slate colored shirt, a hat, and some khaki pants with black and white shoes. There are a lot of painted murals and design displays on the wall of the park.",0.02304992849922859,0.3823529370242214,0.9014449119567871,0.19296346295452152
809,There is a clock on the side of the building. The clock is black and white. There are two clocks on each side. One is white and the other one is red and black.,Building has multiple floors. There is a clock tower at the very top. The building is tan and off white with red letter in the front. On the top level there is metal fence that lines the roof. The window is just below the top level and is next to a large half circle display window above the bottom floor. There is glass awning covering the ground floor although the whole ground floor is not visible in the photo.,0.02565311782194924,0.21621621215120532,0.8691775798797607,0.11409395973154363
810,A man is standing on a motorcycle. He is wearing a black helmet. There is a red and black motorcycle in front of him.,The man standing is looking down. There is someone squatting down next to a motorcycle. The man standing has gray hair. The man is standing by a parked car. The car is white. The mirror on the car is black. There are a bunch of trees in the background. The motorcycle has a big beige bag on yhe back of it.,0.014650903814916402,0.370370365925926,0.8882700204849243,0.1857002617801047
811,There are two giraffes standing in a field. There is a fence behind them. The grass is very green.,"This is an outdoor image taken in a wild area that is full of wild life.In the middle there is paved road and on the side there are trees and dead grass on the side.In the middle of the road,there is a large giraffe walking west and behind him,there are three elephants walking across the road.The first on is on the side in the grass,the second is in the road and the third one is on the right in the grass also walking west.",0.0011834147090031412,0.2295081928513841,0.8772534132003784,0.09520609318996417
812,A man is riding a motorcycle down a street. He is wearing a black helmet and black pants. There is a red stop sign on the side of the motorcycle.,"This is an outdoor image taken of a city street.In the middle of the street,there is a large truck on the side that has a picture of a island on the back with water and a palm tree.To the left of the truck,there is female dressed in all black riding a bicycle and she has a long blond braid going down her back.On the side of the street,there are benches,trees,and people sitting down and walking down the sidewalk.There are also large antique like buildings with several stories.",0.021636068327675576,0.2716049343148911,0.8667436242103577,0.12193720553122488
813,A man is standing on a snowboard. He is wearing a black jacket and black pants. There is snow on the ground. The man has a white helmet on his head.,"A crowd of people is sitting in a stand watch a man in red and white ski with two ski poles in his hand.  The man has on a hat and the number sixteen in the middle of his shirt, there is also some writing on his shirt.  There is some writing on the wall by the people in the stands.  There is a pole in the middle of the people.",0.01715285797687247,0.3870967695265349,0.8743815422058105,0.18970149253731344
814,A wooden bench is sitting on top of a hill. There is a white building behind the bench.  The building is made of brick and has a clock on the side of the building. The clock is black with white numbers on it.,There is a broken phone on the ground. There are three pieces that are big and the phone has many buttons on it. The color of the phone is white and silver. The ground next to the phone is very dark. There are many tiny things on the street. It looks like an older kind of phone. The phone at the bottom of the frame is on its front. The buttons on the phone are dark and light.,0.01922699519347979,0.32352940704152255,0.8743559718132019,0.1610738255033557
815,A man is sitting on a bench. The bench is made of wood. There is a silver chain link fence behind the man.,This is an image of a laptop. The laptop is being cut by knives. The knives have black handles. The knives have silver blades. The laptop is black at the bottom. There are inputs on the back of the laptop. The inputs are different various types. There are two hands holding knives. The one wrist has a silver watch one it.,0.005140060205341881,0.2962962918518519,0.873928427696228,0.12899426961926963
816,A man is sitting on a bench. The bench is made of wood. There is a silver chain link fence behind the man.,This is a toy shop. The shop has lots of stuffed animals. The stuffed animals are bears. There are many teddy bears in the window display. The bears are various different colors. The window is framed white. The letters on the window are red with a white and blue border on them. The bear in the front of the window has a red scarf on it.,0.003933406381845308,0.25454545014214885,0.8599771857261658,0.08103727714748785
817,A man is sitting on a bench. The bench is made out of wood. There is a white wall behind the man.,A man is sitting with his guitar. His left hand is holding the guitar neck. The man is wearing a straw hat. The man's head is down. You cannot see the man's face. There's a bottle on the table in front of the man. The guitar is made of wood. The guitar is a light brown color. There is a television behind the man. The television is not on. The television is gray color. The man is sitting on the side of a fireplace. The fireplace is made of thin brick.,0.013627005047596416,0.41269840875787356,0.9027274250984192,0.11787746503791417
818,There is a white table in the middle of a room. There are two chairs in front of the table. The table is made of wood and the chairs are white.,This is a picture of a bedroom. The bedroom is very tidy. The bedroom is decorated fancy. There are many different pictures that are framed on the wall. The pictures have black and gold frames. The bed has a white comforter on it. The bed has a white pillow on it. The headboards and bed frame are dark brown.,0.011442859913908155,0.33333332888888895,0.8808585405349731,0.13345195729537365
819,A man is sitting on a bench. The bench is made of wood. There is a silver chain link fence behind the man.,There are two people kissing in the photograph. One of the men is dressed as a groom the other as a bride. The one dressed like a bride has a veil on his head and is wearing a pink dress. He has whit pearls around his neck and has a blue ring on. The woman has a grey hat on and white sunglasses. They are standing against a white wall with the sun shining down on them.,0.001371079891721603,0.17391303962192828,0.8568692803382874,0.06983240223463687
820,There is a bed in a room with a white bedspread on it. The bed is made of wood. There are two pillows on the bed. One is white and the other one is black and white.,This is a hotel room. There is a patterned comforter on the bed. The comforter is tan and gray. The headboard on the bed is wooden. The headboard is brown. The wall in the room is a dark tan color. There is a small lamp by the bed. The lamp has a white lampshade on it. There is a rolling office chair by a desk with a yellow lamp on it.,0.027386810295336503,0.4406779612754956,0.8983609676361084,0.21074987975526005
821,Two giraffes are standing next to each other.  The giraffe is facing the left and is looking down at the ground. The ground is made of dirt and rocks. There is a tree in the distance.,This picture is of a giraffe. The giraffe is eating some grass. The giraffe has it's mouth full. The giraffe is spotted brown and tan. The giraffes eye is closed. The eye is lined in black. There are brown and tan horns on the giraffe. There is a piece of wood in front of the giraffe. The wood piece is light brown.,0.027048099213132865,0.36065573273851115,0.8789876103401184,0.15993265993265995
822,This is a bathroom. The bathroom is white. There are two sinks on the wall. One of the sinks has a white soap dispenser on it. On the other sink there are white towels on top of a towel rack.,The picture was taken inside. The picture was taken in a bathroom. There are lights lined along the ceiling. The floor in the bathroom is tiled. There are urinals on the wall on the right side. The urinals are white in color. The stalls are on the left of the bathroom. There are windows in the bathroom.,0.0168157086327673,0.39285713786352044,0.8955478072166443,0.21119371330341796
823,This is an image of a cat. The cat is black and white. It is sitting on a white desk. There is a laptop on the desk with a black keyboard and mouse on top of it.,"Two black cats lay on a desk; on is reading its grass on the other cat's hind quarters. One the desk area several items: a red notebook, a vup filled with pens, done papers, a basket with Witeout in it, a teddy bear, and a box of envelopes. There is also an LCD computer monitor, as well as a keyboard drawer. The keyboard drawer is slightly open, showing the bottom of a purple mousepad.",0.010495183742300596,0.30379746422688675,0.8623318672180176,0.16358463726884778
824,A large elephant is standing on top of a large rock wall. The elephant has a long trunk and is looking down at the ground. There are trees behind the elephant.,The elephant is in the wild. He has a long trunks. The trunks are brown with touch of white. The elephant's ears are wide and has spots. The elephants body is wrinkled and brown. Behind him are long brown trees. The ground is covered with green and brown grass. The sky is blue with touch of white/gray puffy clouds.,0.019910741822754194,0.35483870486472424,0.8843427896499634,0.15124555160142347
825,A man is sitting on a bench. He is wearing a white shirt and blue jeans. There is a black and white picture hanging on the wall behind him.,"Two men are sitting at a table outdoors. The man on the right is wearing a plaid shirt and a visor. He has his arms out and palms turned up. The man on the left is wearing a t-shirt that says ""BRONX."" Empty glasses and three bottles are on the table. There is also a cruet of oil. A brick structure, perhaps an oven, is to the left rear of the man on the left.",0.012903467719619437,0.3333333290895062,0.8757749795913696,0.15514826240241758
826,This is an image of a street. The street is very busy. There are many cars on the road. Some of the cars are red and some of them are blue. One car is white and the other one is black and white. A,This is an image of a street. The street signs are on a white pole. The pole is metal. The top sign is blue and white with a red slash in the middle of it. The bottom sign is white and black with a red circle and red slash in the middle. The top sign has a white border. The street is concrete with rail road tracks embedded in it.,0.14093259314187462,0.4923076873372781,0.8945769667625427,0.20683679525222556
827,A woman is standing on a tennis court playing tennis. She is wearing a white tank top and white shorts. There is a green tennis ball in front of her.,This picture was taken at a tennis match. The man is wearing a yellow head band and a yellow shirt. The man is holding a black tennis racket. The crowd is behind the man on the court. The man is looking towards to the left. The man is wearing two sleeves on their arms with yellow checks. There is a white logo on the left of the picture.,0.020031372848823736,0.3225806404942768,0.8887941837310791,0.18238293419003115
828,There is a white table in a room. There are two chairs in front of the table. One chair is white and the other is black. The table is made of wood.,"This is an image taken in a kitchen.Directly in the middle is a wooden table with a white top.On the ends,there are two wooden chairs and on the sides,there are two computer cars.Behind the table,there is a side by side microwave with several magnets on the front,and an air freshener and bottles on the top.To the left there is a counter with average kitchen supplies including a toaster.The floor is hard wood,the walls are yellow and the drapes over the windows are black.",0.00640015025141931,0.31578946968490307,0.8755953907966614,0.1402110099246495
829,There is a red bus on the street. The bus is red and white. There are trees behind the bus.,This is a traffic or warning sign. The sign says do not enter. It is red and white. The text of the sign is very bold in white lettering and is centered in the middle of a filled red circle. The circle is inside of a white square. The sign is attached to a metal pole with bolts. Behind the sign a grey sky can be seen along with trees that have orange dying leaves.,0.010603142229488037,0.2580645126326743,0.8871092200279236,0.120797239759213
830,A man is sitting at a table. The table is made of wood. There is a laptop on top of the table with a black keyboard on it.,Four people are sitting around a television set. The two men on the right are playing guitars. The woman on the left has her hand to her mouth. Another woman has blonde hair and is facing away from the camera. A  small coffee table is in the middle. There are two glasses and a paper cup on the table. A floor lamp in the corner is casting bright light into the room.,0.004799659887790386,0.25714285306122453,0.8782591223716736,0.11094674556213019
831,A man is sitting on a bench. The bench is made out of wood. There is a white wall behind the man.,Two men are standing in a living room holding white game controllers in their hands. A white covered sofa is sitting in front of a window in the living room. There are three pillow sitting on the couch. The walls in the room are painted white. Part of a chandelier is hanging in the room. A brown cabinet can be seen sitting against a wall near the sofa.,0.004310887244535798,0.3728813518299339,0.8854111433029175,0.12618296529968454
832,There are two giraffes standing in a field. There is a fence behind the giraffe.  The fence is made of metal. The grass is green and brown. Behind the fence there are trees with green leaves.,"Ann adult Zebra stands on a field facing to the left. The legs on the outside have strips and on the inside are white. The zebra is in an open field. The field is covered with grass that is tall. The zebra has stripes white and black, and the tail of the zebra is long and have a turf on the end. On back the field there are green with green leaves.",0.016902455645223743,0.37681158950640625,0.8786383867263794,0.2333470394736842
833,A woman is sitting at a table. She is wearing a white t-shirt and blue jeans. There is a silver laptop on top of the woman's head.,"This picture is taken inside of a home. A black chair is sitting in front of a desk. There is a laptop sitting on the desk, along with other papers. Part of a wooden table can be seen behind the desk. Two chairs are sitting near the table. There is a white lamp sitting on top of the table near bottles and a book. The walls of the room are painted yellow with white trim. The floor of the room is hardwood.",0.02225210080994312,0.36111110676311736,0.8767052292823792,0.14589411312391162
834,This is an image of a bathroom. The bathroom is white. There is a mirror on the wall above the toilet. It is made of glass. On top of the mirror there are two white towels on a white towel rack. Next to the,A desktop computer is on a desk with the monitor turned on. On the keyboard is a grey bird with a green head and orange cheeks. To the right of the desk is a tray with a blue mouse pad and a white mouse on it. Next to the desk is a grey upholstered chair. To the left of the desk is a blue drapery. In front of the bird are a yellow and blue stuffed bear.,0.020947548521092214,0.2857142808612245,0.8621179461479187,0.14925373134328357
835,A man is sitting at a desk. The desk is made of wood. There is a laptop on top of the desk with a black keyboard on it.  The laptop is turned on and the screen is on.,"A Man sitting in a chair working on his laptop. The chair he is sitting in has a red towel drapped over the back and wooden arms. The man has short dark hair, and glasses. He is casually dressed in a sweatshirt, with a yellowish t-shirt underneath and shorts. He is using a plug in keyboard with his lap top, the key board is on a make shift lap table, made from two grey boxes. This allows him to put his keyboard and mouse on his lap. The laptop is on the table in front of him, propped up on a few books so that he can see it. Also on the table are a few other items.",0.0059375442754857856,0.3061224453873386,0.8687939047813416,0.13586482105000625
836,A bus is driving down the street. There is a red and white sign on the side of the bus. The bus has a white and blue sign.,"Passengers are seated in a mass transit bus traveling down the street.  The driver is seated on the left hand side in an enclosure.  He is visible through the reflection from a rear view mirror.  The farebox is next to the enclosure.  A television monitor is behind the driver, and is turned on.  A woman sits on a seat mounted atop the wheel well.  She has placed a white plastic bag on the floor. A passenger seated behind her is resting his or her foot on the well.  The bus has blue vertical poles for standing passengers to use.  Some bus straps are also suspended from the ceiling for passenger use. It is daytime.",0.0038257839739101857,0.3043478228095463,0.8579930067062378,0.10362844092153888
837,A man is sitting at a table. He is wearing a white shirt and blue jeans. There is a pizza on top of the man's plate.,A metal pan has pizza slices on it. The pan is round. There are other pizza pans next to it. The pans are on the table. There are napkins on the table. There is hot sauce on the one pizza. There is a lot of cheese on the pizza. There is a knife on the table. There are other slices of pizza on the other pans. The pizza slices are triangular. The table is made of wood.,0.007915478738883168,0.3396226366536135,0.8758624196052551,0.08344923504867872
838,A man is surfing in the water. He is wearing a white surfboard. The water is calm and calm. There is a large body of water behind the man.,"A guy with short, dark hair is wearing a blue wet suit and black shoes is surfing on a white surf board in a large body of water. The waves behind his surfboard are large, white and foamy. The body of water appears to be dirty and a reflection of the guy and the surfboard is in the water just near the surfboard. The sun is shining brightly into the body of water.",0.04395862634181033,0.49230768804733727,0.913810670375824,0.20767772407369642
839,There are two giraffes in a field. The field is green and brown. There are trees in the background.,There is a white and brown cow in a cage. The bars next to the cow are blue in color. The girl next to the cow is wearing the color purple. The girl appears to be smiling. The bottom half of the cow is not visible. Only the top half of the animal is visible to the people. The roof of the structure is blue and there are bars above the ground to support the structure.,0.001603126531813887,0.33962263745105026,0.8802890181541443,0.11362166864559206
840,A man is skateboarding on a skateboard. He is wearing a black helmet and black pants. There is a white building behind him.,"A boy is skating down a ramp. The picture has a progression of him starting from the top, then in the middle, then on the bottom. The boy is wearing a white helmet, gray t-shirt and blue jeans. He is slightly heavyset. His shoes are white. Next to the boy on the ramp is a boy on roller blades and he is wearing a blue graphic shirt with blue jeans. his hair is orange.",0.007937560583845232,0.2769230729183432,0.8852881789207458,0.13152583711922777
841,A large elephant is standing on top of a large rock wall. The elephant has a long trunk and is looking down at the ground. There are many trees behind the elephant.,This is an image of some animals. The animals are elephants. The elephants are very large. The elephants are dark brown. The elephants are in water. The water is shallow and murky brown. There is a long bamboo pole by the elephants. The shore by the elephants is sand. The sand is tan color. The elephants are drinking water.,0.008126517426405954,0.3508771880209296,0.8846448659896851,0.16096145963614197
842,A man is sitting on a bench. The bench is made of wood. There is a white wall behind the man.,"A man is sitting in a white chair on the beach. The chair is in the sand.  He is wearing a black shirt and dark colored shorts. He is reading. His arm is resting around the top of his head. He has a wedding ring on. Beside the man is a black and white umbrella. To the right of the umbrella is a boy wearing green. He looks like he is playing in the sand. Behind him is another umbrella which is red and white. In front of the boy is the water. In the distance is a building, and beyond that are hills. Also on the beach are gray stones and other white chairs. Behind the chairs are two poles.",0.0014828527520107044,0.2499999968,0.8872511386871338,0.08641294355580072
843,A man is standing on a snowboard. He is wearing a black jacket and black pants. There is snow on the ground behind him.,There are people in the snow in the picture. The trees in the background have a little snow on them. Some people are sitting in the snow. The snow is covering the entire ground. Most of the people have goggles on. Two people are walking together on the snow. The person on the right is carrying ski sticks.,0.006825495997376373,0.2745097992464437,0.8835893273353577,0.1069506625062181
844,A man is sitting on a bench. The bench is made of wood. There is a white wall behind the man.,The woman is sitting on a bench. She is carrying a bag. The suitcase is black. The bags are black. The woman is wearing a scarf. The scarf is pink. The jacket is black. An old man is looking at the camera. The man's jacket is yellow. The woman's shoes are black. The woman is wearing eyeglasses. Her pants are gray. Her hair is curly.,0.026937624381774466,0.31372548589004234,0.8866409659385681,0.12175696736340304
845,This is an image of a street. The street is very busy. There are many cars on the road. Some of the cars are red and some of them are blue. One car is white and the other one is black and white. A,There is a big brown and beige building near the street.  It has many windows  all around it.  It has a traffic sign  on the corner near the building. There is street sign on the front of the building.  There is a small car near the building. There is a gray car behind the    maroon car.  The person walks  across the street  near the building. There is a large black sign near the  building.,0.009219920607498832,0.33846153349112423,0.858455240726471,0.14788732394366197
846,A man is standing on a skateboard. He is wearing a white shirt and black pants. There is a black and white fence behind the man.,"A small cell with iron gates is painted a light green on the bottom of its cement walls, and white on top. A lidless white toilet sits against the back wall, and a rusted small white sink is next to the toilet. On the back wall are two empty white shelves, and two metal shelves that fold up are attached to the left wall. The floor is tiled, and the walls and floor are dirty.",0.003652617040329089,0.20895521995099137,0.8490915298461914,0.09985734664764621
847,A man is sitting at a table. The table is made of wood. There is a white table cloth on top of the table with a black handle.  The man has dark brown hair. He is wearing a blue shirt and blue jeans.,Three men are standing in a room. One man is leaning over a table in front of a small cake. He is wearing a short sleeve shirt and green pants. The table is white and has brown and gray chairs sitting around it. There is are white coffee mugs and bottles that are also on the table near the man. A gray door can be seen near a wall with a gray door handle on it.,0.059694606129958236,0.49382715582990394,0.8954025506973267,0.2124768408050978
848,A black and white photo of a man riding a skateboard. The man is wearing a black helmet and black pants. He is also wearing black shoes. There is a white building behind the man.,"This is a beautiful autumn photo of a family riding a trail on horse back. Both the horses and the human riders are uniformed in matching colors and coats, which made for a beautiful photograph. The trees are evergreens and tall, and grass is brown in preparation for winter. The air is most likely brisk but still mild.",0.023815010107773697,0.21212120767676776,0.8613477945327759,0.15982445641332538
849,There is a toilet in the bathroom. The toilet is white. There is also a mirror on the wall behind the toilet.,A blue shower curtain is hanging inside of a white tub. A white toilet can be seen sitting near the tub against a white painted wall. A box of tissues is sitting on top of the toilet's tank. There is a vanity cabinet near the toilet with a white sink in it. A mirror can be seen hanging on a wall above the sink.,0.009529415718760249,0.39999999596800007,0.9022428393363953,0.1657775051787388
850,A white bowl is sitting on top of a white table. There is a silver fork on the table next to the bowl.,The photo is of various fruits. The orange slices are peeled and sectioned. The raspberries are deep red and have small red portions that have fibers protruding from them. There are also small round blueberries in the photo. The fruit is mixed together as a fruit salad. The photo is a close up and does not show what the fruit is in.,0.0045447517189828235,0.17543859245306256,0.8496585488319397,0.06884681583476764
851,There are two boats in the water. One boat is white and the other is blue. The water is calm and calm. There is a white building behind the boats.,"A man is relaxing on a lounge chair in front of a swimming pool on a warm sunny day.  He is white.  He is wearing a baseball cap and swim trunks.  There are no other people sitting on the chairs, which are white.  Four large white umbrellas provide shade.  The water in the pool is calm and is blue, reflecting the sky.  The side of the pool is made up of blue tiles.",0.014506465448210333,0.35294117244377166,0.8782671689987183,0.17000017970420686
852,A red and white bus is driving down the street. There is a white building behind the bus.,"A young woman wearing a black bra mostly covered by a white tank top, and also wearing blue jeans and holding a pink cell phone to her ear is walking along a sidewalk. She is in front of a North Pacific Cellular store and another store in which numerous red shopping carts are lined up along its wall. Both stores have the same exterior of large windows and brown siding, and a white and red trim above the siding. The woman is being photographed at through the interior of a car, as the grey interior of a car window can be seen around the outside edges of the photograph.",0.00021772933805224798,0.15217391046313802,0.8626737594604492,0.060060060060060066
853,This is an image of a train station. The train is red and white. There is a yellow line on the side of the train. On the left side there are two yellow lines. Behind the lines there is another train with a blue line,"The image is a transit center. There are many buses parked at the station. The roadway is brown with white lines. The cross walk has white painted stripes. There are shelters over the bus stop. There are blue poles holding the shelter roof up. The roof is dark gray. The bus is orange, white, red, and blue.",0.0134496856302101,0.32352940692041526,0.8881502747535706,0.17921146953405018
854,This is an image of a building. The building is made of brick. There is a clock on the top of the building with a white face and black numbers on it.  The clock has black hands and a black face. It has a,There is a tall building with a clock on each side of the top of the building.  The very top of the building is green in color and it looks like a palace on top.  The building tan and it has a couple of barrier gates at the top of the building.  The design of the building holds a arch in front and a light pole on the top of the building.,0.12042603035450748,0.3999999951388889,0.8846442699432373,0.24996907067693983
855,There is a train on the tracks. The train is red and white. There are trees behind the train.,"There is a train in the picture. There are many train tracks. The train is blue, yellow, and white. There are many poles in this picture. The tracks are brown. There are green bushes near the tracks. In the background there is graffiti on the walls in different colors. The poles are grey and tall. The bushes are short.",0.051491576346140364,0.47826086533081297,0.9222238659858704,0.16185858585858584
856,A man is sitting on a bench. He is wearing a black jacket and black pants. There is a red and white picture hanging on the wall behind him.,"A woman is sitting on a stone structure with her legs stretched out in front of her. She is holding a blue cellphone to her ear. The woman is wearing sunglasses, a necklace, red sweater, a long black skirt and red boots. She has a large black purse and a plastic bottle of water at her side. Two people are sitting on the ground having a picnic. The trees are bare.",0.0308788224127981,0.27777777353395067,0.896687388420105,0.12724550898203593
857,A man is sitting on a bench. The bench is made of wood. There is a silver chain link fence behind the man.,"This is a picture of a man. the man is taking a picture. The man has a hat on. The hat is light brown with a brown designed band. The man has a mustache. The mustache is gray. The man has glasses on. The man is wearing an unusual jacket. The jacket is purple with flower designs on it. The flowers on the shirt are orange, white and red.",0.0043168479756802965,0.2641509389106444,0.8703433871269226,0.10093167701863354
858,A man is sitting on a bench. The bench is made of wood. There is a white wall behind the man.,"A young girl in a bright orange t-shirt is standing on a tiny child's skateboard while a woman in a pair of blue jeans and a patterned top kneels with one knee on the floor anf holds the girl steady, her right hand under the girls right arm and her left hand on the girls left hip. They are in a living room on a beige mat with a black border. Behind them is a small table with a telephone, calendar and writing pads. In the far distance is a wooden rocking chair. Both the people in the shot are looking up at something.",0.0006426907349666275,0.14117646753218,0.8598305583000183,0.0771000232207129
859,There are two boats in the water. One boat is white and the other is blue. The water is calm and calm. There is a large body of water behind the boats.,"A large flock of birds is flying over the beach, and the ocean on a cloudy day. A single person holding a yellow surfboard is walking out of the water and onto the sand. A large, curved blue, white, and green kite is flying over ruins on the beach. There is a tall mountain covered in grass jutting out into the sea.",0.01871303890337899,0.28124999559082037,0.8755719065666199,0.18034957627118645
860,There is a white boat in the water. The boat is white. There are trees on the other side of the boat.,"In a black and white photograph, a surfer in the middle of riding in on a wave is shown perpendicular to the wave. The surfer is a man and his surfboard and he are fairly high above the wave with his board upright above the water. The wave is large and cresting with a lot of white foam to the right and left side of him. The surfer is wearing a wet suit with a cap.",0.006826098808877122,0.34482758237217603,0.8671430349349976,0.15020668323986816
861,A man is surfing in the water. He is wearing a black wet suit. The water is calm and calm. There is a white surfboard behind him.,"Two people are enjoying their time out in the water. A woman is wakeboarding and her board is white, a peach color, yellow, and blue and is in a tie-dye like pattern. She is wearing a pink shirt that is a very bright color, and some short polka dot shorts. A man is wakeboarding far in the background more out into the water.",0.02365153118481261,0.28124999559082037,0.8803658485412598,0.16147873290730433
862,A little girl is laying on a bed. She is wearing a pink shirt and blue jeans. There is a white blanket on the bed and a blue scarf around her neck.,A young  child is sitting on a blue sofa. He is holding his left hand up to his mouth. He is holding a silver clamshell cellphone in his right hand. He is wearing a blue and white striped polo shirt and blue denim overall shorts. There is a stain on the left knee area of the shorts. The child is barefoot.,0.03547661997614372,0.3548387050104059,0.8954233527183533,0.18799376373718069
863,A man is sitting on a bench. The bench is made of wood. There is a black door on the front of the bench and a white door behind it.,"Outside, an old man lies down against a bare, tan wall. The man has a beard, but little hair on his head, and is dressed almost entirely in red. His shoes are black. His is resting his head with one arm. Next to him is a red metal object attached to the brick ground. There is a white bag next to the man. It is around noon, as the man cast a very short shadow.",0.011216576887982473,0.23376622992072865,0.87714022397995,0.10638297872340426
864,"The image is of a large body of water. The water appears to be calm and calm. There are small waves in the water, but none of them are large enough to cause any serious damage. It is a sunny day and the sky is",There is a traffic light in the picture. The green light is bright. THe traffic light is made of metal. The traffic light is black. There are three different lights in the traffic light. There is red on the top. There is yellow in the middle. There is green on the bottom. Green means to go. There is nothing else in the picture. There is just a traffic light.,0.010860326074228079,0.2769230719242604,0.8495712280273438,0.1126126126126126
865,"The image is of a large body of water. The water appears to be calm and calm. There are small waves in the water, but none of them are large enough to cause any serious damage.",Image of an outdoor farm. The farm has multiple rolling hills on it. There are white sheep and livestock walking around the field. There is a small stone wall down the middle of the farm. There are large green trees with lots of leaves on the hillside. In the distance the sky is covered with a light patch of puffy white clouds that can be seen on the horizon.,0.008435199961276233,0.2857142810861866,0.8660580515861511,0.1585724486536257
866,A man is riding on a motorcycle. He is wearing a black helmet. The motorcycle is red and black. There is a white building behind the man.,"This is a man on a motorcycle. The man is int he middle of a track. The man is doing a trick. The man is doing a wheelie. The man has a helmet on. The helmet is blue, red, and orange. There are banners on the fence. The banners are white with blue letters. The motorcycle is white and black. The wheels on the bike are black and rubber.",0.01856345674857477,0.4528301840797437,0.9025523662567139,0.15432098765432098
867,This is an image of a bathroom. The bathroom is made up of tiles. There is a toilet in the middle of the tiles and the wall behind the toilet is white.,A wooden slatted bench sits in front of a brick and stone wall. The frame and arms of the bench are metal. The wall is mostly stone with a brick inlay that has two large openings in the center of it. There is also a brick border along the bottom of the wall. Many stones on the wall are chipped showing a dull gray underneath.,0.01106365389094065,0.2857142813807005,0.8715912699699402,0.16067252527858314
868,There is a train on the tracks. The train is red and white. There are trees behind the train.,This is an image of a train track. The train track has one train on it. There is one empty track. The track is made up of wooden planks and metal rails. The rails are light gray. The plants are dark brown. The train cars are light gray and brown. The cars are filled with coal. The coal is black. There are lots of bright green and yellow plants by the tracks.,0.0033069061490278435,0.37037036652949246,0.8968949913978577,0.14380564819631
869,There is a white couch in a room. There are books on top of the couch. The books are on a black shelf.,This is a picture of a living room. The room has a couch in it. The couch is a dark gray color. There are pillows on the couch. The pillows are white. There is a dog on the couch. The dog is blonde colored. The dogs eyes are black. There is a large flat screen TV in the corner. The TV is black and silver.,0.016169775762506357,0.519999995648,0.9009047746658325,0.1480263157894737
870,A man is standing on a beach. He is wearing a blue shirt and blue shorts. There is a white surfboard in front of him.,"The man is holding a little child that are stand on a surfboard. The surfboard is color white, The child is wearing a wet suit color black. There is a wave formed behind the surfboard. There are ripples in the big ocean. On back there is a man that is in the water. Behind the man there is a big wave color white.",0.01815045718231207,0.33962263681025284,0.8869842290878296,0.16202426916712628
871,This is an image of a man. The man is wearing a white shirt and blue jeans. He is holding a black and white frisbee in his hand. There is a building behind the man that has a clock on top of it.,"A orange,blue and red train is sitting on some tracks and next to the tracks is a pile of trash on the ground.Some flowerpots is sitting near the trash. People are sitting on chairs Just behind the pile of trash. A man standing near the tracks is wearing a brown uniform hat, shirt and pants and he is holding a red flag in one hand and a green flag in his other hand. There are some children standing near the tracks behind him.",0.024119306692446937,0.389610384800135,0.8665090799331665,0.1996854168227099
872,There is a toilet in the bathroom. The toilet is white. There is also a mirror on the wall behind the toilet.,This picture is taken inside of a bathroom. A small window is hanging above a white tile wall. There is a shower near the window. Two white curtains hang on a rod that is surrounding the shower. A white toilet sits near the shower. Part of a white sink can be seen near the toilet. The floor of the bathroom has large white tiles on it.,0.00946492039677557,0.37037036652949246,0.8966453671455383,0.137987012987013
873,A young girl is standing on a grassy field. She is wearing a blue shirt and blue shorts. There is a white fence behind her.,This is a picture of a group of kids. The kids are standing under an umbrella. The umbrella is purple with a cartoon on it. The girl in the middle has a blue jacket on. The girl has dark blue jeans on. The girl has long brown hair. The girl to the right has a long purple and white jacket on. There is a large red house with green trim in the background.,0.008941110774538573,0.29508196280569743,0.8840259313583374,0.1483545128706419
874,There is a stop sign on a pole. The sign is red and white. There are people standing on the sidewalk. They are holding umbrellas.,A traffic in the middle of a city road is directing traffic while in a reflector jacket.  There are people on the corners ready to cross a street.  The car is turning right on a city street.  The traffic light is red signifying to stop.  A store sits on the corner and buildings line up the street.  Cars and buses are driving to the left of the store.,0.012408307836940776,0.3606557334157485,0.8642258644104004,0.16647710889693393
875,There is a bus on the road. The bus is red and white. There are trees behind the bus.,The bus is a pastel yellow with a green stripe under the window on the side and over the wheel wells. The front of the bus is unique. The driver side is sunken into the bus while the passenger sides is of normal length. There is small black display with white letter at the top of the front of the bus that says SPECIAL. Next the bus there is a red truck with red grill on the bumper. On the opposite side of the bus there is small vehicle that looks like a toy tractor. it is yellow and gray.,0.0012616041557752355,0.2898550692291536,0.8671671152114868,0.07072905331882481
876,A young boy is sitting on a bench. He is wearing a blue shirt and blue jeans. The bench is made of wood. There is a white wall behind the boy.,This picture is taken outside at nighttime. A boy can be seen in this photo. He is wearing a short sleeve shirt and pants. A green frisbee is soaring in the air towards the boy. The ground has brown dirt on it. There are gray stones scattered throughout different parts of the ground. Part of a tree trunk is leaning near the boy.,0.04425928569311124,0.3561643792456371,0.8916333913803101,0.24882943143812705
877,A black and white photo of a man riding a skateboard. The man is wearing a black helmet and black pants. There is a white building behind the man.,"A painting has a cat walking on a brick sidewalk in front of an apartment building that looks french. There is a brown dark shiny wood door to the left of the cat, and tall bushes, and plants growing on the sides. There is a bike next to the plants, and in between the two apartment doors. There is a black metal pole on a fence in between two cement pole.",0.012242238106274431,0.24615384201656812,0.8716544508934021,0.1408413641467066
878,This is an image of a kitchen. The kitchen has a white counter top. There is a silver microwave on top of the counter.,"On a wooden board there are pieces of brown bread. On the corner of the board there is a bowl color white with yellow sauce. Somebody is holding a fork with the index finger that push on one bread. The fork is metal color silver. Back the board, there is a black phone on a white table next to a glass.",0.007218482291291656,0.24999999577168372,0.8615013360977173,0.1488268373085127
879,A man is standing in front of a building. He is wearing a black jacket and black pants. There is a white building behind him.,"This is a photo of a group of people watching a fire. The photo conveys a sense of urgency, hopefully this is not a house burning down. In the distance you can see a painting that looks as though it may be a religous building. The people are all holding umbrellas to protect them from the rain, which is ironic.",0.006644193610097812,0.12307691893964512,0.8554149270057678,0.10619469026548672
880,A man is standing on top of a mountain. He is wearing a black jacket and black pants. There is a large rock wall behind the man.,"A woman is on a surfboard holding a row. The surfboard is long and color white and black. The is bend forward holding a black row. The right hand is on the top of the tow, and the left hand is on the middle of the row. The woman has long hair black on the back. The reflection of the woman can be seen in the water.",0.006490351008297647,0.3333333285802469,0.8720637559890747,0.11904761904761907
881,A woman is standing on a tennis court playing tennis. She is wearing a white tank top and white shorts. There is a green tennis ball in front of her.,"A man is standing on a tennis court on a sunny day. He is wearing a yellow shirt, black shorts and a hat. The man is holding a racket in his hands. A tennis ball is soaring in the air in front of him. The court is green with white painted lines on it. Part of a building can be seen behind the court.",0.08757193586734566,0.4545454500045915,0.9256801605224609,0.2097359735973597
882,A man is walking on a sidewalk. He is wearing a black jacket and black pants. There is a red and white sign on the side of the street.,This is an image of a person. The person is crossing the road. The person is carrying some vegetables over her back. The vegetables are bright green. The vegetables are carried on a wooden bar with wires attached to a basket. The pole on her back is dark brown. The crosswalk is light gray with white stripes.,0.007980977304978557,0.1724137884839478,0.8656704425811768,0.1199261992619926
883,A little girl is sitting on a bed. She is wearing a white t-shirt and blue jeans. The bed is made of wood. There is a black and white bedspread on the bed with a blue blanket.,"There is a very large light brown stuffed teddy bear sitting in the corner of a room and on a bed. There's a big brown bow wrapped around the teddy bear, and it matches the bears big, brown nose. The teddy bear has small black eyes, and long and fat arms that hang to his side and legs that are in front of him. The bed sheet the bear is sitting on is green, and there's a nearby pillow with a yellow pillowcase that has white polkadots. The walls are painted blue with a painted treed on the right side of the corner and it has 3 large branches with 13 green leaves and 2 red flowers scattered on it. To the left corner of the wall is a green lamp that has 2 white clouds on it and it hangs above and to the left of the sitting teddy bear. At the lower half of the wall there is white bead boarding and a white chair rail.",0.002380581793580034,0.23423423074425778,0.8585777878761292,0.0932411061154171
884,A man is sitting on a bench. The bench is made of wood. There is a black and white picture hanging on the wall.,"A little girl stand on front a gigantic suitcase. The little girl wears a white top with blue jeans, and she is smiling. The gigantic suitcase has several stickers. A red sticker on the suitcase has yellow stars. On the suitcase, there are three oval stickers color white and blue letters. The brown suitcase is outdoors.",0.006755283794315925,0.24561403064327492,0.8608273863792419,0.11363636363636363
885,There is a bed in the room. The bed has a white blanket on it. There are two pillows on the bed.,This is a picture of a bedroom. A large bed is sitting against a painted white wall. There are two large white blankets and four white pillows on the bed. Two slim lamps sit on nightstands that are standing near the bed. Part of a picture frame can be seen hanging over the bed. A long green curtain is hanging on the floor in the room.,0.03145010743794445,0.3999999960888889,0.9166979193687439,0.1461038961038961
886,There is a white toilet in the middle of the room. There is also a black and white mirror on the wall behind the toilet.,"A table with a white lace table cloth is sitting in a room with a white wall. There is a blue glazed vase with etched flowers on it with a flower with green leaves on it sitting on the table. There is a clear glass bowl on a black metal base to the left of the vase, and there is a bear statue on the right of the vase and a clear glass cup. There is another flower on the ground near the table.",0.007470958453077214,0.3999999959388889,0.8800712823867798,0.17939027686091383
887,A large white and red train is on the tracks. There is a large black and white building behind the train.,This is a picture of a street. The street looks to be at a bus station. There are many large buses parked. The buses are public transportation. The buses are painted white. There is black text on the bus. There are people walking by the station. There is a large walkway above the station. The walkway is metal with blue windows.,0.022867888345020907,0.3137254860438293,0.8813548684120178,0.12048716833405827
888,A baseball player is standing on a baseball field. He is wearing a blue and white uniform and a black helmet. There is a catcher and umpire standing behind him.,A boy in a white baseball uniform and a blue helmet is has swung a baseball bat and is holding the bat behind him. There is a player in the sane uniform on the left leaning down and walking towards the home base. In the distance there is a fence covered with a blue tarp. There are people standing on the other side of the fence on the left watching the game.,0.02109177497081875,0.4615384571644971,0.8847650289535522,0.20258904410151396
889,This is an image of a train station. The train is red and white. There is a yellow line on the side of the train. On the left side there are two yellow lines. In the middle there is another red line. Behind the,A trailer with gray siding on it and  two windows is sitting on the gravel in between two train tracks. There is a white and blue train on the tracks on the right side of the screen near the trailer. There are traffic lights on the gravel in between the tracks for the trains. There are metal support columns in between the tracks and over the tracks. There is an apartment building in the distance and cars parked near the tracks.,0.02218415872930167,0.3142857094857143,0.8602043390274048,0.2344664987714047
890,A man is standing on the side of a building. He is wearing a black jacket and black pants. There is a white building behind him.,A boy is skating on a skating ramp. He has a skate board under his feet but his body is parallel to the ground. His knees are bent and his arms are in the air. His has brownish-red curly hair. He is wearing gray shorts and a black shirt. The skate board is green. The skating ramp is gray. There are trees surrounding the skating ramp.,0.012558965205530159,0.32786884805159905,0.8880216479301453,0.11290322580645162
891,A man is sitting on a bench. The bench is made of wood. There is a white wall behind the man.,"Two boys and two girls are standing in a line bending down. They are opening bananas that are in their hands. One of the boys is wearing a baseball cap, a short sleeve shirt and blue jean shorts. Part of a black door can be seen behind them. A white painted wall is above the door. Cords and other objects are on the ground in front of the children.",0.001691828048160276,0.2686567127823569,0.8783605694770813,0.12285940754668287
892,A kitchen with a white counter top and white cabinets. There is a silver microwave on top of the counter. The cabinets are made of wood.,Two skillets and a pot is sitting on top of a stove in this kitchen. The burner under the pot is on. The door of a dishwasher is down with a rack sitting on top of it. The cabinets in the kitchen are white with green counter tops. There are numerous items sitting on top of the counter tops. The floor of the kitchen is hardwood.,0.03213362054244874,0.4727272680991737,0.8977473378181458,0.1966982396568671
893,There is a plane in the sky. The plane is white and has a blue tail. There is an engine on the back of the plane.,The airplanes are at the runway and airport. The planes are blue and white. The tail of the planes are white with blue logo on them. The sky is blue with white and gray clouds on them. There are two cones on the ground. The cones are stripe of orange and white. The grass is green. The ground is paved.,0.008732316936711386,0.3749999953125,0.8957447409629822,0.13250883392226148
894,There is a tall brick building with a clock on top of it. The clock is white and has a black face. There are two windows on the building. One of the windows is red and the other is blue.,A building has a large arch above the doorway. There are windows under the arch and above the doors. The doors themselves are gray and have panels in them. There are two doors. In front of the doors is a bench that has wooden slats. There are gray pipes on each side of the doorway. The building and doorway are made of red brick.,0.02535980040511024,0.4374999951757813,0.896787703037262,0.17045454545454544
895,This is an image of a bathroom. The bathroom is white. There is a mirror on the wall above the bathroom sink. It is made of glass and has a black handle. On the other side of the mirror there is another mirror with a,"A cute grey white tan and brown kitten is laying sideways in a white ceramic bathroom sink. He looks very happy. The faucet above him is silver and shiny. On the sides next to the faucet are two small jars, a tube of toothpaste and a wooden square brush with black plastic bristles. The floor of the bathroom is dingy and white. There is a soap dish filled with a dark brown soap.",0.05627267041019706,0.32098764972412747,0.8683353662490845,0.24217577841838195
896,This is an image of a man. The man is wearing a white t-shirt and blue jeans. He is holding a black phone to his ear. There is a red and white cat sitting on the man's lap.,"A man is standing in a room of a building. He is wearing a suit and tie, and holding an electronic device in his hand. The carpet in the room is red. A long picture frame is hanging on a wall at the back of the room. A sofa, chair, plant and a table can be seen near the picture frame. A small green lamp sits on top of the table.",0.020453166907878535,0.3783783736121257,0.8847156167030334,0.19532283617533672
897,A woman is sitting on a bed. She is wearing a white t-shirt and blue jeans. There is a black and white bedspread on top of her head.,This is an image of a plane. The people are sitting in cushioned chairs. The chairs are blue and gray. The man has long black hair. The hair is parted down the middle. The man is Asian. The man has a black suit jacket on. The man has a light blue dress shirt on. The man has black pants on. The man has black shoes on.,0.005598732645218573,0.24999999531250006,0.8742921352386475,0.08842443729903535
898,This is an image of a man. The man is wearing a white t-shirt and blue jeans. He is holding a black and white frisbee in his hand. There is a silver chain link fence behind him.,Five lit candles are decorating a square cake. There is a pink candle in each corner and a white one in the center of the cake. The frosting is white. Some chocolate crumbs are visible along the bottom edges of the cake and on the plate. The cake is on a round blue plate. It is on a wood-looking table.,0.022404263544056873,0.276923072018935,0.844750702381134,0.14731369150779894
899,A black and white truck is driving down a road. There is a white building behind the truck.,A fire hydrant is standing on the sidewalk. The hydrant has an orange base and red top. The hydrant is casting a shadow onto the sidewalk. The sidewalk is made of concrete squares. There is a manhole next to the hydrant that is dark gray and metal. On the road there is a white carriage with large wheels.,0.010034977989060233,0.25925925541838135,0.8811172842979431,0.15342592592592594
900,This is an image of a bathroom. The bathroom is white. There is a mirror on the wall above the toilet. It is made of glass. On top of the mirror there are two white tiles. Behind the tiles there is another wall.,"In a dark sepia color photograph the top half of a large, very tall clock tower is shown. The tower appears to be at least a few centuries old and could be the Big Ben clock tower in London. The time shown on the clock is eight o'clock, and  the clock face is on two sides of the tower. The tower tapers off high into the sky. Above the clock face are poles and a gable decorated, and in a deep ivory color.",0.007914528438670737,0.20512820060157802,0.8489839434623718,0.12658227848101264
901,A red bus is driving down the street. There is a red stop sign on the side of the bus. The sky is very clear and blue.,A bus is in the street that is red and yellow. The bus has the words LOVE written on it in red letters. There are street lights that are visible. The cars are black beneath the bus. There is also a double decker bus to the left of the bus that is red. There are windows on both buses. There is a red building with letters on it in white.,0.03017388816396432,0.40677965643205977,0.8857126832008362,0.1585724486536257
902,A man is standing on a snowboard. He is wearing a black jacket and black pants. There is snow on the ground behind him.,"A group of seven people dressed in ski clothes are standing together with their arms draped around each other. They are on top of a snow covered mountain, and another mountain with snow on it can be seen in the background. All but one of the group is wearing ski shoes, and five are holding their ski poles. Part of a building with a white roof is in the background, as well as part of the poles and cables of a ski lift. Three of the group are wearing red jackets, one is wearing a green jacket, one  is wearing a blue jacket, and two are wearing black jackets.",0.001845188627323027,0.24390243546400955,0.8733016848564148,0.08857932559425098
903,A man is walking on a sidewalk. He is wearing a black jacket and black pants. There is a red light on the sidewalk next to the man.,A bike is sitting on a stone paved walkway. The bike has an orange wooden crate sitting on the front of it. A small pile of snow is in front of the bike on the walkway. A snow covered road can be seen below the walkway. Part of a vehicle is sitting near the walkway. There are tall buildings standing on the other side of the road. Vehicles are parked in front of the buildings.,0.0048278367161834704,0.1999999956722223,0.8711673617362976,0.08534850640113799
904,A man in a blue shirt and black pants is standing on top of a white bench. The bench is made of wood. There is a black and white clock on the bench next to the man.,There are three umbrellas. The umbrellas are blue. The gate is purple. The umbrellas have points on them. There is a shadow on the gate. There is a white umbrella also. There is a grey umbrella. The ceiling is black. There is a shadow on the blue umbrella. There are objects on the floor that are made of wood.,0.03304955329924896,0.4615384565680473,0.8701966404914856,0.22520539906103287
905,A man is standing on a skateboard. He is wearing a blue shirt and blue shorts. There is a black and white surfboard in front of him.,"On a beach with grey sand several people are walking about, and some are standing in the waves by the shore. One man is getting ready to throw a white Frisbee. He is wearing grey long swim trunks. Behind him a woman sits in a beach chair set low to the sand. The water is mild, with only a few small waves rolling into the shore. The day is sunny and the sky is a medium blue.",0.009477108998134299,0.27027026620525935,0.8733257055282593,0.13768742791234143
906,A man is standing on a skateboard. He is wearing a black jacket and black pants. There is a white fence behind the man.,"A young boy, dressed in knee-high shorts and a red-striped white short-sleeved shirt, zooms around the skateboard apparatus.  He is smart, as he has on both a helmet and white knee protectors.  He wears gloves, to protect his hands, and simple shoes.  He seems to be alone, though in the distance he can see an open concrete lot and beyond that a parking lot and some cars.",0.0041710345756997055,0.25352112297560014,0.8647034168243408,0.10366826156299841
907,There are two horses in the field. One of the horses is black and the other one is brown and white. There is a fence behind them.,"A horse and cattle eat from the same hay bale.  The animals have torn the bale apart exposing the yellow fibers, which they eat in small amounts at one time.  The horse is rust colored.  The cattle are black with a couple rust colored as well.  Some of the cattle have small flecks of snow and dirt on their backs.  Snow covers the ground in the background.  A fence stretches across the snow covered ground.",0.004737423035170212,0.27777777376543217,0.8674983978271484,0.12681228236783793
908,"The image is of a large body of water. The water appears to be calm and calm. There are small waves in the water, but none of them are large enough to cause any serious damage. It is a sunny day and the sky is",An animal is laying down. The animal is brown. There are trees on the mountains that are green. The trees are tall. The mountains are tall with grass on them. The animal has horns on its head. The clouds in the sky are white. There are clouds near the mountains. The animal has a large bone in his back.,0.014306759052387909,0.3076923026934912,0.8562601208686829,0.12152777777777776
909,There is a black and white striped zebra standing on a grassy field. There are two zebras in front of the fence. The fence is made of metal bars.,There is a bamboo fence next to a concrete are brick tan wall. There are plant growing out of the fence. The ground is made of compacted dirt. There is black and white zebra munching on leaves of the plants that are on the fence. Directly behind the zebra there is small pond. there is small amount of water in the pond and there is greenery growing in the pond. The zebras reflection can be seen in the pond.,0.03694370519088379,0.4637681114051671,0.8873984217643738,0.1612122326408041
910,A baseball player is standing on a baseball field. He is wearing a blue and white uniform and a black helmet. There is a catcher's mask on his head.,"This photo is taken on a baseball field. The field has a white marking painted on it.  A baseball player is swinging a bat towards a white ball that is soaring towards him. He is wearing a black helmet and a black, yellow and white uniform.  People can be seen sitting in the stands behind the player.",0.11235149125775423,0.3934426184359043,0.9069299101829529,0.243973358100928
911,There is a clock on the side of the building. The clock is black and white. There are two clocks on each side. One is white and the other one is red and black.,The clouds in the sky are white. The sky is blue. The building is brown. Part of the building is really tall. There are windows on the brown building. There is a tall light pole in the image. There are vans parked that are white near the building. There is a clock on the building. The windows are clear on the building.,0.09615933048735689,0.44897958693877554,0.877554714679718,0.160472972972973
912,A red and white bus is driving down the street. There is a red stop sign on the side of the bus. The street is very busy with traffic.,"The street runs directly beneath the red-and-yellow arch with the ""towne center"" sign at its apex.  A shopping center is far in the distance behind the sign, and between the sign and the buildings is a vast, mostly empty parking lot.  More cars are visible toward the buildings, whereas there are very few in the proximity of the arch/sign.  Just before the red arch is a street sign that says ""end of city street"".  A sidewalk follows the road on its right, and just a few plants hint at a larger bit of decoration that's mostly unseen.  The road is appropriately painted with direction paint - yellow lane lines and brake-here marks on the road that goes off to the left from the arch.",0.0012487201587107375,0.24999999666420122,0.8517301082611084,0.09098873254622891
913,A man is sitting at a desk. The desk is made of wood. There is a laptop on top of the desk with a black keyboard and mouse on it.  The laptop is black and silver.,This is an image of a table. The table has many items on top. The items are strewn throughout the table. The table is covered in a white cloth. There is a tiny pair of scissors on the table. The scissors are metal and silver. The equipment looks to be medical equipment. There is a shoulder bag that is black on the table.,0.02243992557396117,0.36666666193888897,0.8948586583137512,0.2298300165837479
914,A man and woman are sitting at a table in a room. The man is wearing a white shirt and blue jeans. He is holding a cell phone to his ear. There is a black and white television in front of him.,"Three people are sitting in a room. A man wearing a green t-shirt is looking to his right. He is wearing glasses. On the dresser behind him is a flower arrangement. To the right of that is a guitar case leaning against the wall.  A woman with long brown hair, a pink shirt and blue jeans is sitting next to the man. She is holding a toy wheel, perhaps from a video game, in her hands. The man sitting next to her on her left is holding a finger to his ear. A photo collage is on the wall.",0.02288960140657403,0.40860214609318996,0.8927732110023499,0.21125898964255538
915,A man is sitting on a bench. The bench is made of wood. There is a black and white picture hanging on the wall.,A man with black hair is wearing a white shirt and a red tie is eating a waffle with his hand and reading the weekday funny paper of a newspaper. The man is sitting on a wooden chair that has checkered wooden slats on the back. There is a round white and blue plate on the white tablecloth on the table. Their is a window at the end of the table showing a deck outside.,0.03052363041975201,0.3636363595362718,0.8743281364440918,0.15966952294677023
916,This is an image of a desk. The desk is made of wood. There is a laptop on top of the desk with a black keyboard and mouse on it.  The laptop is black and silver. It has a white keyboard with black keys,A black cat is on the brown desk. The cat is on the border of the desk. A glass with black drink is on back the cat. Behind the cat there is a  laptop open with a blue screen. on the screen of the laptop there is icons color white on the right. Next to the wall there is a black box and a tan horizontal box.,0.028253430086341257,0.40677965608733124,0.8737038969993591,0.2009273570324575
917,Two giraffes are standing in a grassy field.  The giraffe has a long neck and a black and white stripe down its back. The grass is green and brown and there is a small patch of dirt in front of the gir,Some of the trees in the distance are have green leaves while most of the them do not have leaves and are brown. There is fence in the distance as well. The grass in the photo is brown and is low. There are two large black and white zebras standing in the brown grass field. The zebra closest tot the camera is grazing on the brown grass.,0.02634716870898898,0.36619717814719305,0.8643036484718323,0.20055391919813598
918,A man is standing on top of a skateboard. He is wearing a black jacket and black pants. There is a white building behind him.,"There is a large man wearing a gray tee shirt and khaki colored shorts standing barefoot on grass and holding a kite handle. The kite is blue and white and is off the ground about a foot and a half. There is a lamppost along side a path behind the man, and lush trees growing behind that. In the distance, there is a building behind the trees and two cars parked along side the street in front of the building.",0.007507955528170834,0.3142857102040817,0.8834702968597412,0.1644643645061657
919,There are two boats in the water. One boat is white and the other is blue. The water is calm and calm. There is a large body of water behind the boats.,Cattle are wading in a body of water. The cows are brown and white. One solid brown cow has large horns. There is a white cow on the bank drinking water alone. There is a small patch of land in the water near the cows that is covered in tall green grass. The water is calm except for a few ripples. There are trees past the cows with only a few brown leaves.,0.044160830606591824,0.4545454502066116,0.8930624723434448,0.1669085631349782
920,A red and white bus is driving down the street. There is a white sign on the side of the bus. The street is very busy with traffic.,Busses are parked on a grassy field. The bus in the foreground is a red double-decker with the number 229 on it. The back door is open but a white strip of material is across the opening blocking the entrance. To the right is white and red bus that has the name Chalkwell advertised on the back. Next to that is a mostly yellow double-decker.,0.00838614533288376,0.28124999559082037,0.8762444257736206,0.13866231647634583
921,This is an image of a kitchen. The kitchen has a white counter top. There is a silver microwave on top of the counter.,"A small, round, white plate is sitting on a light wood surface. Brown crumbs left over from a meal are scattered on the plate, and one chopstick sits on the edge of the plate. A black plastic fork is next to the chopstick, as well as some small torn pieces of paper. A used tea bag sits next to the fork.",0.005216485899229609,0.1639344222090837,0.8678574562072754,0.09598603839441536
922,A baseball player is standing on a baseball field. He is wearing a red and white uniform and a black helmet. There is a white and blue catcher's mask on his head.,"This is a photo of three young boys wearing cubs uniforms, how unfortunate. They are ready to play a baseball game, as two of the boys are wearing baseball mitts and one of the boys is even wearing war paint. The boy in front looks very happy, which is to be expected when playing team sports. Go team.",0.00948300825328788,0.1515151470707072,0.8522171974182129,0.08122743682310471
923,There are two elephants standing in a field. There are trees behind the elephants. The elephants are brown and white. They are standing on dirt.,"There is a woman, in a brown jacket, with a fur collar on it. The woman has black hair with silver streaks in it. There is a big brown bear, in a cage. The woman is kissing the bear on his nose. The bear has fluffy brown hair and a black nose. The bear and the woman are in a building and there is snow on the ground outside. There are trees in the background.",0.007941658711897013,0.36363635923305787,0.8820589780807495,0.09999999999999999
924,A man is standing on top of a rock wall. He is wearing a black jacket and black pants. There is a large boulder in front of the man.,This is a picture of a stream. The stream is murky green and brown dirty water. There are animals walking in the stream. The animals are cows. The cows are large. The cows are black. The cow in the front has long horns. The horns are sharp. The horns are gray. There are bright green lush and leafy plants along the side of the stream.,0.007971334159408677,0.3508771882425362,0.8609157800674438,0.12017055736518278
925,A large airplane is flying in the sky. The plane is white and has a blue tail. There is a white building behind the plane.,"This is a black and white photograph of a very old biplane taking off from a flat field. There is some sort of crop growing in the field, but it is indiscernable. The plane itself says ""America"" on its side. There is a star emblem on its tail as well as underneath the visible wing. The plane is only about 20 feet off the ground.",0.016331994508599294,0.2686567123546448,0.8712051510810852,0.14593806921675775
926,This is an image of a train station. The train is red and white. There is a large white building behind the train. It has a clock on the side of the building. On the left side there are two large windows. Behind the,There are three trains in the image. The buildings are short and some are tall. The clouds in the sky are white. There are tall poles near the train. The trains are on the train tracks. The train is red and white. There are windows on the trains. There is a bridge above the trains. There is a fence along the bridge.,0.1301385055326831,0.44827585706896556,0.901874840259552,0.23665601115374715
927,There are two sheep in a field. There is a fence behind the sheep. The sheep on the left is looking at the camera.,"A flock of white sheep are grazing on both green and brown grass, in a pasture. A rooster is behind the flock, standing in a narrow dirt road. Some of the sheep are also in the road. The dirt road curves around and then straightens out to the left, going all the through to into the background. A few sheep are lying on the green grass, next to a wire mesh fence, and a planted field of green vegetables are behind the grazing sheep.",0.0029405654791901555,0.30303029920569335,0.8785887956619263,0.10763343799058082
928,A man is standing on a beach. He is wearing a blue shirt and blue shorts. There is a white surfboard in front of him.,"Two people stand on the sand holding a big C-kite. The C-kite is color red, orange and green. The men wears black clothes. Shadows are cast on the ground. There are foot prints are on the sand. On front the men there is a body of water. Next to the body there are three people. Behind the body of water there are small hills.",0.004903269834342336,0.19999999555555567,0.8740594983100891,0.11427235599070418
