Index,Hypothesis,Reference,Sentence BLEU,ROUGE-L F1,BERTScore F1,METEOR
1,This is an image of a street. The street is very busy with traffic. There is a large white building with a clock on the top of it. This clock has a white face and black numbers.,A large building with bars on the windows in front of it. There is people walking in front of the building. There is a street in front of the building with many cars on it.,0.04584180542277473,0.47826086465028356,0.8944488167762756,0.31707101289713746
2,A man is skiing down a hill. He is wearing a black jacket and black pants. There is snow on the hill behind him.,A person is skiing through the snow. There is loose snow all around them from him jumping. The person is wearing a yellow snow suit. The person is holding two ski poles in their hands.,0.039794045939494004,0.3478260821077505,0.9119793176651001,0.21946902654867256
3,A bed is in the corner of the room. The bed has a white blanket on it. There is a window on the wall behind the bed.,There is a bed in a room against a wall. There is a brown blanket on top of the bed. There is a small brown book shelf next to the bed. There is a picture hanging on the wall above the shelf.,0.04974477106130838,0.5365853608804284,0.9270251989364624,0.37860082304526754
4,There is a train on the tracks. The train is yellow and blue. There is an orange pole with a sign on it.,A black and red train is on the tracks and has steam coming out off of it. There is another train next to the first train that is orange. There is an overpass over the train tracks with cars on it.,0.03625243910350577,0.4888888841876543,0.9151027798652649,0.3418466996173469
5,"This is an image of a bus. The bus is white with a red stripe down the side of it. There is a blue sign on the front of the bus with the word ""Birmingham"" written on it in white lettering.","A white and yellow public transportation bus with ""122"" on front is stopped with it's doors open. There is a gray car on the street beside the bus. Behind the car there is a  building with an ""Urban Outfitters"" on the first floor.",0.040049333085639405,0.31578946872268393,0.8758339285850525,0.29696261682242986
6,This is a picture of a house. The house is made of wood. There is grass on the ground. the grass is green and brown.,A large white house with a brown door sits behind some grass. There are four sheep grazing on the grass in front of the house. The house ahs a gray roof.,0.0485352254904014,0.32558139056787455,0.8915460109710693,0.18092105263157895
7,A man is sitting in a chair. He is wearing a white shirt. There is a large window behind the man.,A man in a red and yellow t-shirt is holding a Wii remote in each of his hands. Behind him there is a fireplace which has been painted white. In front of him a light which is on and illuminating the room.,0.013985145293181466,0.29166666222222226,0.8990600109100342,0.15037593984962405
8,A man is riding his bike down the street. He is wearing a black jacket and black pants. There is a red stop sign on the side of the road.,There are three men riding bicycles. Two of the men are wearing yellow and the third man has a blue shirt. The two men are way ahead of the third man. The men are bicycling in the bicycle lane. The cars are on the left side of the men.,0.025675102809136065,0.33333332839506175,0.8964816331863403,0.21319363308584283
9,This is a picture of a computer. The computer is sitting on a black desk. There are buttons on the computer that are black and white. One of the buttons is red and the other button is green.,TWO CELL PHONES ON THE TABLE.THEY BOTH ARE DARK IN COLOR A ND ARE BLACBERRYS.THERE ARE THREE CUTTING KNIVES.ONE KNIFE IS BETWEEN THE TWO PHONES.THERE IS A THIRD PHONE WITH A KNIFE LYING OVER IT.,0.0,0.0,0.8252106308937073,0.1558073654390935
10,The image is of a woman in a wedding dress. She is wearing a white wedding ring. The woman is holding a mirror in her hand. There is a large window behind the woman.,"A painted mannequin head sits on a table. It is a feminine head with arched eyebrows a small nose, big eyes and it is wearing a black top hat and a brown wig. To the right of the head is a metal sculpture clock with a white face.",0.03018957766048109,0.14035087245306266,0.866235077381134,0.1394849785407725
11,There is a train on the tracks. The train is yellow and blue. There are wires above the train.,A white and yellow train is on the tracks. There is a large yellow door on the front of the train. There is a platform next to the train.,0.06722895395987659,0.4999999950781251,0.9276030659675598,0.3787354227405248
12,There are two elephants standing in the water. There is a man standing behind the elephants. The man is wearing a white shirt.,A man is sitting on the back of an elephant. They are walking through a very high swamp area. They are being seen from in between the perspective of two logs of a tree.,0.01581264856901815,0.2727272680991736,0.8862656950950623,0.193161094224924
13,A white plate is sitting on a table. There is food on top of the plate.,There is a black place mat on top of a wood table. There is a white plate on the mat with food on it. There is a fork on the mat next to the plate. There is an orange towel next to the plate.,0.025291699728587386,0.6111111064969137,0.9208594560623169,0.31014023732470336
14,A black and white cow standing in a field. There is a fence behind the cow.,A goat has its head turned back and it's looking at something. The goat is white but has a black nose and mouth and black ears. The horns of the goat are pointed upwards and has black tops. The goat is standing in green grass.,0.006184879198048316,0.34782608272211724,0.8805962800979614,0.13870560980616406
15,A man is skateboarding outside on a sunny day. He is wearing a black shirt and black pants. There are trees behind the man.,A woman is walking her dog. She is on a skateboard while she is holding the leash of her dog. She is wearing a gray hoodie and some black shorts.,0.04561014258099834,0.37209301828015146,0.9171896576881409,0.3021869904986788
16,There is a train on the tracks. The train is yellow and blue. There is gravel on top of the train.,There are some portable bathrooms sitting near a railroad track. There are some trains sitting on the track. The portable bathrooms are blue with a white roof and the trains are yellow.,0.016179535970405747,0.3529411716262976,0.922626793384552,0.16181229773462785
17,A bathroom with white walls. There is a mirror on the wall above the sink. The sink is white.,A very white bathroom has a very white sink and toilet. The shower curtain that hangs from the ceiling is also white. There is one wall that is all mirrored. The door is made of glass and the faucet is silver. The floor is made of black tile.,0.007472510957392158,0.41666666236979166,0.907906174659729,0.1441241685144124
18,A man in a black wet suit is surfing on a white surfboard. The man is holding his arms out to balance himself. There is a large wave in the water behind him.,A man is in a black wetsuit. The man is riding a white surfboard. There is a large wave in the water the man is surfing on.,0.34661236387446376,0.7111111063111111,0.9500686526298523,0.6481481481481483
19,A pizza is sitting on top of a white plate. There is cheese and onions on the pizza.,A pizza is on a brown wooden tray. The tray is placed on the stove top. The pizza has melted cheese and spinach on top of it. The stove is white with black burners.,0.04963161909270677,0.5641025593688364,0.9254395365715027,0.27969537584922194
20,This is a picture of a building. The building is made up of brick. There are many windows on the side of the building . The windows are black and white.,a flood is occuring. there is a lot of water on the road. the hydrant on the sidewalk is red. the garage doors are red in color . there are some pieces of grass growing.,0.0208691647855645,0.27906976246619797,0.8757532835006714,0.2167630057803468
21,A large white and blue airplane is flying in the sky. There are people standing on the grass behind the airplane.,there are four airplanes in the sky. There is a small hill under them. There is a field of grass under the airplanes. There are smoke trails coming out from behind the airplanes.,0.09173031302402399,0.39024389751338495,0.9159582853317261,0.32145352900069885
22,There is a large airplane in the sky. The airplane is white and blue. There is writing on the side of the airplane.,There is a large white airplane that is in the sky. There is a silver fence under the airplane. There are light poles on both sides of a fence under the plane.,0.13689127963348485,0.5405405356318481,0.9305366277694702,0.33499067127148585
23,A man is standing on a beach. He is wearing a white shirt and blue shorts. There is sand on the beach behind him.,"A young lady is having a very fun time by herself. This young lady has on very short jean shorts, a turquoise top and some shades on. She is surfing a fake wave on a plastic board and having so much fun.",0.011179087926279332,0.20408162790503967,0.8844849467277527,0.09950248756218906
24,A woman is playing tennis on a tennis court. She is wearing a white tank top and white shorts. There is a green ball in the air in front of her.,A man is jumping in the air. The man is holding a green frisbee in his hand. There are trees behind the man.,0.022095731396358693,0.38095237605442184,0.9059869647026062,0.24535740222014737
25,A woman is standing on a tennis court playing tennis. She is wearing a short sleeve shirt and white shorts. A green tennis ball is soaring in the air towards her. There is a fence behind the woman.,A tennis player has just forehand swung to hit a ball. The player has on a light blue shirt and headband. He has on brown nike shorts and white shoes.,0.01918509013698504,0.3076923027218935,0.8858242630958557,0.20633116883116884
26,A vase is sitting on a table. The table is made of wood. There is a white candle on the table next to it.,"There is a vase on a table.  The vase has a white enamel base and three flower holders.  In the vase is an assortment of artificial fall colored leaves and berries.  The colors depicted are different shades of orange.  The table appears to be in the backyard of a house.  Behind the vase is a picket fence, a sidewalk, some monkey grass, and some pink flowers.  On the other side of the fence the eaves of the neighboring house are seen.",0.01802938726608589,0.3098591511446142,0.880988359451294,0.11288180610889774
27,This is an image of a beach. The water is calm and clear. There is a person surfing on a wave in the water. They are wearing a white shirt and blue shorts.,A person is standing on the beach. They are flying a large yellow and red kite. There are small waves in the water. The person is wearing a black wet suit.,0.05052522739739306,0.4999999950000001,0.9092276096343994,0.3743273187717633
28,A white plate is sitting on a white table. There is broccoli on top of the broccoli.,A white plate of food. There is rice under a pile of broccoli. There are onions cut up on top of the broccoli.,0.22642153116852506,0.6874999951757813,0.9287440180778503,0.42779663518299893
29,There is a sign on the pole. The sign is red and white. There are trees behind the sign.,"A stop sign is on a piece of wood and attached to a round sign that is white, with a red border around the outside. Below the stop sign there are two signs in Russian. The signs are attached to a rusty metal fence.",0.009040791450521335,0.30434782185255205,0.9050120115280151,0.1566265060240964
30,A man is standing on a tennis court playing tennis. He is wearing a short sleeve shirt and white shorts. A green tennis ball is soaring in the air towards the man. The court is green with white lines on it.,a man is playing tennis. he is wearing  a sweatband in his hair. his hair is brown in color. his hair is very long. his uniform is white. he is also wearing white shorts.,0.040439458001950056,0.38297871858759625,0.8786393404006958,0.24194259836499438
31,There is a boat in the water. The boat is white and blue. There is water behind the boat.,Four sailboats with masts but no sails are lined up along the shore of a lake.  A hill rises beyond them in the sun.  Part of the hill is bare rock and dirt and part has low green bushes.  The sky is very blue beyond the hill.,0.006976069899398811,0.279999996352,0.8737054467201233,0.0904977375565611
32,A man in a blue shirt and black pants is flying a kite. There is a white building behind the man.,"A man is standing outside flying a black and white kite. He is wearing a white hat on his head, a suit coat, and dark colored pants. A shadow of the man can be seen beside him on the ground. The sky is clear and blue. Tall trees are seen below the sky.",0.008844336035294054,0.3928571386288266,0.9075679779052734,0.1506024096385542
33,A herd of sheep are grazing in a field.  The sheep have long wool coats and black and white fur. The field has green grass and weeds on it. There are trees in the distance behind the sheep.,Five off white sheep are standing on a rocky grassy hill. The stones are medium sized and are grey and white. Beyond the sheep is a bright blue body of water and a set of beautiful grass covered mountains and a blue sky.,0.014699380491209208,0.33333332833888896,0.8879006505012512,0.17647058823529413
34,This picture is taken outside on a sunny day. A truck is parked on the side of a street. The truck has a large white truck bed on top of it. There is a white building behind the truck.,A large white truck sits in a parking space in a small parking lot. The trailer of the truck has a cover on it. On the other side of the parking lot are a few more cars. The other cars are parked next to a building that looks to be made of brick. There are a few bare plants in the front of the building.,0.029321559293392765,0.4615384567384616,0.8976866006851196,0.1923076923076923
35,This is an image of a street. The street is very busy with traffic. There is a car parked on the side of the street with a red license plate on it.,there is a big yellow sign. the sign is a warning sign. the sign is shaped like a diamond. there is a light above the sign.,0.017448767890681335,0.17142856675918378,0.8777745366096497,0.23890977443609024
36,This is a picture of a cake. The cake has white frosting on top of it. There are two people sitting at the table. One of the people is wearing a white shirt.,An image of a peeled large banana dominates the picture. Three men are walking down the street.  The man in the front is by himself while two other men are in close proximity.  Two buses are parked along the side of the street.,0.015281888305799917,0.24561403021237313,0.8830398917198181,0.15130952380952378
37,A group of people are standing outside on a cloudy day. They are all wearing jackets and pants. There is a man in a blue shirt standing in front of them.,"the scene takes place outdoors in a winter snowy landscape, three persons and a child are interacting. A man is leading a child into the ski lift provider. they are standing by the entrance about to enter, a man in a green jacket seems to the entrance attendant. a building with woodside panelling is above the people. a man is standing in the foreground, wearing an orange jacket. the ground is filled with snow, the people are wearing winter clothes. there are signs above the man and child.",0.019759088895079657,0.2631578903220222,0.8713675141334534,0.14190780492927113
38,This is an image of an animal. The animal is a zebra. There is grass and weeds in the image. Grass is tall and brown. Some of the grass is green and some of it is brown and white.,A large white cow is grazing in the grass. The cow is in a field with weeds and grass. There are trees behind the cow.,0.01500243980428485,0.38095237599773246,0.8935673832893372,0.1893939393939394
39,This is an image of a mountain. The mountain is covered in snow. There is snow on the ground. the snow is white. there are mountains in the background.,there is a big mountain. there are a lot of trees on the mountain. there are two girls walking along the trail. the trail is made of dirt. they are holding umbrellas in their hands.,0.02071216486510775,0.4090909041322315,0.8893346786499023,0.24405256288561936
40,"This is an image of a street. The street is very busy. There is a bus going down the road. It is white and red and has a sign on the side of it that says ""North Pole"". The bus is traveling in the","There is a large strip of grass along a road, with buildings, people, buses, trees and flags. The grass is very green and has something more overgrown like bushes that run along the road. The strip of road that is showing to the right of the picture is black. There are two large buses on the road. One bus is red with yellow words on it and the other is black. There are people in both buses, and along the grass and road. There are large trees running by the roads and buildings in the middle and back of the picture. There are two buildings showing. One building is on a street corner and is white with many stories. The other is to the left and is grey with many stories. There are two flag poles and one of them has a flag hanging on it.",0.00537758591962442,0.34693877118492294,0.8703446984291077,0.12113811160202911
41,A man is standing in a kitchen. He is wearing a white chef's shirt. There is a silver fork on the table in front of him.,A menu is see hanging on the wall. The menu is over the kitchen area. There is a range top that has a couple of things on it. On the counter is some fish and chicken.,0.03660419547279838,0.2857142808163266,0.8674424886703491,0.18157142857142855
42,This is an image of a man and a woman. The man is wearing a white shirt and white pants. He is standing on a wooden bench. There is water in front of the man.,An elephant relaxes in the water. A man lays on the back of the elephant. A few other men stand around the elephant and look at it. The water is a brown color. The men are all wearing swim trunks. The sun is reflecting on the water.,0.012476467119372779,0.3859649074053555,0.8811813592910767,0.185589519650655
43,A woman is standing on a grassy field. She is wearing a white shirt and black pants. There is a red and white soccer ball in the air in front of her.,a boy is playing frisbee. the frisbee is white in color. the shorts are red in color. his shirt is black and red. he is wearing white shoes.,0.020068932752887545,0.272727267820248,0.8930063843727112,0.24647887323943662
44,This is a picture of a boat. The boat is white and has a blue sail on it. There are trees on the other side of the water.,A bunch of planes are in formation in the air. One plane is way farther away from the rest. The sky is a pretty blue color and a couple of clouds are seen.,0.018594475706794466,0.2916666617447917,0.8875129818916321,0.2
45,A man is skateboarding outside on a sunny day. He is wearing a black shirt and black pants. The skateboard is black and the wheels are black. There are trees behind the man.,A person with a black shirt on is jumping on a skateboard. There is a boy in a red jacket standing in front of him. There is a black fence behind the people.,0.04796938153932737,0.43478260369565225,0.9169459939002991,0.23901739286354667
46,There is a large white boat in the water. There are people standing on the sand behind the boat.,There are many boats in the water. There are small waves in the water around the boats. There is a bird flying in the air above the water. There is a hill on the other side of the water.,0.09956216670595233,0.4444444395833333,0.9252932667732239,0.2304804804804805
47,This is an image of a bus stop. The bus is white with a red stripe down the side of it. There is a man standing in front of the bus. He is wearing a black shirt and black pants.,"In this image, a downtown business district in an English speaking country is depicted. The image shows a narrow street with sidewalks on both sides, with customers walking up and down the sidewalks and going in and out of stores. The narrow street does not have any cars driving down it, but instead there is a train or streetcar running on rails. The train is white on the top and red on the bottom with a large glass windshield in front and smaller glass windows on the sides. It is coming up to an intersection. At the intersection, there is a sign that indicates only bicycles are allowed on the cross street. All the people in the picture are wearing lightweight jackets, so it must be fall or spring, as there is no snow or rain. There is a store called Dreams, and a sign advertising beds, though it is difficult to tell if they are beds for sale or rooms for rent. If I had to guess, I'd say this is an English speaking country in Europe.",0.0016523917831073552,0.21276595426387007,0.8554685115814209,0.07308160779537148
48,This is an image of a bus. The bus is white with a red stripe down the side of it. There is a man in a blue shirt standing in front of the bus with his arms crossed.,"A bus is on the street. It is currently getting ready to pick some people up and drop some off. The bus is white, purple, and red on the top. The building has a lot of moss on it.",0.03323035966357463,0.285714280739796,0.8771172165870667,0.16709511568123392
49,A man is riding a horse. The horse is brown and has a black mane on it. There are trees behind the man.,A young boy is walking with a horse. The young boy has on a black sweater with a blue shirt tied around his waist. The horse is a dark brown color and looks very friendly.,0.052486481582384184,0.39999999512098766,0.9101532101631165,0.28378215191402006
50,This is an image of a street. The street is very busy with traffic. There is a red and white sign on the side of the road. This sign is white and has a black arrow on it.,a sign is on a pole. the pole is green in color. there is an arrow on the sign. the arrow is white in color. there is writing on the sign.,0.025071801663833316,0.41025640565417487,0.8977358341217041,0.25236593059936907
51,A black truck is parked on the side of a street. The truck has a red license plate on it. There is a white building behind the truck.,A vintage pick-up truck is parked at the sidewalk. The truck is beige with black roof. At the sidewalk is a black parking meter. The parking meter is attached to silver pole with blue painted letters on it.,0.042195329151290505,0.37499999507812504,0.904885470867157,0.2131776747161362
52,A man is standing on a beach. He is wearing a short sleeve shirt and shorts. There is a white surfboard in the water behind him.,A man wearing striped swim shorts is standing on sand. There is also a black and white dog standing on the sand. There is a white frisbee in the air above the sand.,0.13150403915662864,0.5909090859090911,0.9207646250724792,0.3908668730650155
53,A white plate is sitting on a table. There is a white bowl on the table next to the plate.,There are plates and bowls on top of a table. The table is wooden and there are small bowls in the middle. There is food on the plates. There are knives and forks on top of the plate.,0.017931717142921775,0.39999999533061226,0.9156556725502014,0.217888783549642
54,A man is standing on a skateboard in the middle of the street. He is wearing a black shirt and black pants. There is a white building behind the man.,A group of people have gather around the skateboarding ramp to watch other skateboarder's skate on it. There is one person in the ramp. It looks like that person fell down off of their board.,0.018799111337210333,0.22641508948380215,0.8728588223457336,0.16926104848810164
55,A man in a blue shirt is standing in front of a counter. There is a pizza on the counter next to the man.,a bunch of donuts are being displayed. the top row of donuts are all glazed types. there is a person waiting in a grey shirt.,0.026109054343513675,0.3243243193571951,0.8892603516578674,0.2345183201943577
56,A white plate is sitting on a table. There is a glass on the table behind the plate.,A bag of potato chips is sitting on a couple of tan napkins on an oval plate. There are two half sandwiches on the plate with the chips. The sandwiches have black grill marks on the tops. There is a yellow mug on the table next to the plate.,0.049932663039010235,0.3999999960888889,0.9061819314956665,0.2765550664710328
57,There are two motorcycles parked on the street. There is a man in a blue shirt standing in front of the motorcycles. He is wearing a black helmet on his head.,there is a big motorcycle in the parking lot. it looks just like a race car. it is blue and gray in  color. the seats are very big. the wheels are very spaced apart. it doesn't look like a motorcycle.,0.014613455859203697,0.2399999950320001,0.881039023399353,0.25876669508383066
58,A man is surfing in the water. He is wearing a black wet suit. The man has a white surfboard in his hand.,A large splash is in front of a wave in the water. There is a large white and black surf board in the water. There is a black dog that is riding on top of the surf board.,0.03269964226436034,0.3902438974657942,0.905398428440094,0.23001118255521383
59,This is an image of a street. The street is made up of brick. There is a car parked on the side of the street with a red license plate on it.  The car has a black windshield and black tires. On the front,A black parking meter with a white sign on it. There is a car parked in front of the parking meter. There is a shadow of a tree on top of the car.,0.13101747895628205,0.399999995128,0.8962283134460449,0.37272727272727274
60,This is an image of a zoo. The zoo has a lot of animals. There is a giraffe in the middle of the ground. It is brown and black and has horns on its head.,brown baby bears are walking in the grass. There is a large log above them next to two large rocks.,0.03459516500691777,0.272727267820248,0.8738347291946411,0.13953488372093023
61,A large white and blue airplane is flying in the sky. There are people standing on the ground next to the airplane.,There are four jets flying in the sky together. Each jet is leaving a trail of puffy white smoke behind the other one. The sky is a bright blue.,0.04423456996060749,0.36363635872933886,0.8983238339424133,0.2927561837455831
62,"This is a picture of a store. The store has a lot of different things on the shelves. There are many different shades of red, white, blue, green, and yellow. Some of the shades are black and some of them are white",The tall large building is in the city. On the front of the building are many windows. It also has a clocks telling the time of different countries. The sky is blue but mostly cloudy.,0.02011748715736858,0.31578946868574953,0.8616956472396851,0.2066798941798942
63,A white plate is sitting on a table. There is a white bowl on the table behind the plate.,A plate with a colorful rim on it is sitting on a table. There is a piece of chicken on the plate with salad next to it. There is also a pile of french fries on the plate.,0.16516944730294222,0.514285709779592,0.9202477335929871,0.2657018486064786
64,This is a picture of a cake. The cake is on a table. There are candles on the table in front of the cake and the candles are white.,A display window is seen with women's underwear on white mannequins inside in a mall. Beside the window there is a toy table with chairs around it which three plastic bears are sitting. There is a toy teapot with slots for coins so children can ride with the bears.,0.010747528127137952,0.29090908663801657,0.8582450151443481,0.1276595744680851
65,A white plate is sitting on a table. There is a white bowl on the table behind the plate.,A piece of wood is sitting on a counter. There is a knife with a black handle on top of the wood. There is a white plate of food behind the wood.,0.1580445025490224,0.6249999953125001,0.9297428131103516,0.395449710828957
66,This is a picture of a clock. The clock has a white face and a black hour hand. There are black lines on the face of the clock and the hands are white.,A tall brick tower has two clocks on separate sides of the tower walls.  The clocks on the tower have roman numerals and gold clock hands.  The center of the clock is burgundy and the outer part of the clock is blue.  The tower has a narrowing tiled and reddish steeple at the tower top. Black metal grills cover arched window openings under the clock.  Full view of the clock is obstructed by stray green leaves on thin brown branches.  The sky is white with clouds.,0.010720931502291878,0.28947368033241,0.8597912788391113,0.15111884583303298
67,A man is skiing down a hill. He is wearing a black jacket and black pants. There is snow on the hill behind him.,A person is jumping in the air on a snowboard. There is a ski lift behind them. There are trees next to the ski lift. There is a lot of snow on the ground under them.,0.03637776228665808,0.3720930183234181,0.9132951498031616,0.2720905172413793
68,A woman is standing on a tennis court playing tennis. She is wearing a short sleeve white shirt and white shorts. A green tennis ball is soaring in the air towards her. There is a green fence behind the woman.,a woman is playing some tennis. her hat is white in color. she is wearing a skirt. the skirt is white in color.,0.037199306444897044,0.37209301871281775,0.895489513874054,0.3604138551506973
69,The kitchen is clean and modern. There is a stainless steel refrigerator. The cabinets are made of wood.,a kitchen that is empty isn't being used by anyone. the counters are clean and empty. the grill is black and has nothing on it.,0.021178687608474595,0.27027026536157783,0.8960761427879333,0.18518518518518517
70,This is a picture of a cat. The cat is black and white. There is grass on the ground. the grass is green and healthy looking.,A brown teddy bear is sitting in a window sill. There is a book on its lap. There is a white bar in front of the bear. There is a window behind the bear.,0.020571383012347667,0.3589743540039448,0.8806988596916199,0.16566265060240967
71,A woman is standing on a tennis court playing tennis. She is wearing a short sleeve shirt and white shorts. A green tennis ball is soaring in the air towards her. There is a green fence behind the woman.,A woman in a white shirt and red skirt is playing tennis. She is swinging a tennis racket a ball. There is a black fence behind the woman.,0.1849544938482822,0.5714285665306124,0.9331846237182617,0.6780196529493625
72,A man and a woman are sitting at a table. The man is wearing a white shirt and black pants. He is holding a wine glass in his hand. There is a large window behind the man.,"Three caucasian men are standing against a white wall. They are all wearing black shirts. The man on the far left is holding a white video game controller in his right hand. He has brown hair, and a brown beard and mustache. His shirt has long sleeves. The man in the middle has dark hair that is thinning around his temples. His arms are crossed across his chest, and his right hand is covering his mouth. The man on the far right is wearing a black sweatshirt with gray lettering. He also has a white video game controller in his right hand. He has brown hair, and brown facial hair.",0.009754808194500916,0.3448275818417228,0.8776691555976868,0.14368981932273073
73,A man in a blue shirt and black pants is standing on top of a surfboard. There is a large wave in the water behind him.,A man is wearing a black wet suit. He is carrying a large white surf board. There are large boulders next to the man.,0.027324007151028215,0.3809523759637189,0.9191259145736694,0.20661157024793386
74,The image is of a bathroom. The bathroom is very clean. There is a mirror on the wall above the sink.  The sink is made of glass and has a white faucet in the middle of it. On the other side of,"The vanity in this fancy, large bathroom is very long and is made of medium stained wood. The lighting above the vanity are three hanging, glass covered globes. The counter of the vanity has a sink as well as a vase filled with purple flowers. The walls are white and the tiles are all made of stone. The shower is also tiled with stone like tiles and is very large and open.",0.028299615381698874,0.35616437890035657,0.8649510145187378,0.1956521739130435
75,A woman is walking on a sidewalk. She is wearing a black jacket and black pants. There is a red and white sign on the sidewalk next to her.,A woman is holding an umbrella. The woman is coming out of the train station. The picture is in black and white. There are tall buildings in the near distance.,0.04072575733125919,0.3555555505777778,0.8962923884391785,0.1505016722408027
76,This is a picture of a train. The train is red and white. There are many windows on the side of the building. You can see many trees in the background.,"An old fashioned bus is seen on the street. The bus is red on the bottom and beige on the top. A chain link fence is on the right side of the bus, and behind the fence is a large green metal crane. The sky above is gray and cloudy.",0.028763887350766598,0.3157894688088643,0.8920649290084839,0.17454071025499598
77,A toilet is in the corner of the room. The toilet has a white tank. There is a toilet seat next to the toilet.,there is a toilet in a bathroom. the toilet is white. there are tiles on the floor. the tiles are white and green. there is a bucket next to the toilet.,0.1324450244947073,0.47058823029411767,0.9144729375839233,0.46238879943357647
78,This is a picture of a lake. The lake is blue and has a lot of water in it. There are people standing on the shore of the lake and they are all holding kites in their hands.,a bird is eating out of a hand. the hand is white in color. the bird is eating corn. the corn is yellow. the bird is a pigeon.,0.017853738103790047,0.24390243452706728,0.8709952235221863,0.17241379310344826
79,A little boy is laying on a bed. He is wearing a blue shirt and blue jeans. There is a blanket on the bed behind him.,A baby is sleeping on a covered mattress. His shirt is black white and blue. The mattress cover has designs all over it. There is a doll with a blue and purple hoody nearby.,0.044459863949964804,0.3043478212381853,0.9155168533325195,0.2528737398573887
80,A wooden bench is sitting in the middle of a garden. The bench has a green leaf on the top of it. There is a white wall behind the bench.,There is a bush that is shaped into a person. It is in front of a red building. There is houses behind the bush in the distance.,0.05377499892078465,0.34999999505000007,0.8960624933242798,0.2515666152029788
81,A man is skiing down a hill. He is wearing a black jacket and black pants. There is snow on the hill behind him.,"A young child is attempting to ski. However, no ski poles are being held by the blonde haired child. The child is wearing a yellow vest over a light blue jacket along with pink gloves. The bottom half of the outfit is black pants and grey and red skiis. There is a smooth surface of snow featured.",0.01581124163500845,0.31249999582519533,0.8952288031578064,0.1846088418936421
82,A herd of cows are grazing in a field.  The field has green grass and weeds on it. There is a fence in front of the cows and there are trees in the distance behind the fence.,"A green pasture is depicted in this image.  The pasture has a lake running through it with clear, calm water.  Grass on both sides of the water is tall and a fence can be seen at the front of the image.  The grass around the fence is really tall.  Cows are on the far side of the lake.",0.024686780447920234,0.48484848007346204,0.9019925594329834,0.20572450805008946
83,A black laptop is sitting on a desk. There is a black mouse on the desk in front of the laptop.,A hand is reaching for a black and silver mouse. There is a laptop next to the mouse on the desk. There is a speaker next to the laptop.,0.14531902206165798,0.6249999950781252,0.9261855483055115,0.4501375018092343
84,A stop sign is in the middle of the street. There is a red fire hydrant next to the sign.,A yellow hydrant is near street. The hydrant has blue and red accents on it. There are a bunch of trees on a sidewalk overlooking some parked cars and a motorcycle.,0.00934403111466065,0.3333333286167801,0.9088136553764343,0.15050167224080266
85,There are two giraffes standing in a field. There is a fence behind them.,"Two giraffes are standing together but facing opposite directions. The both have brown patches laid out in different patterns. Some of the spots have smooth edges and some have irregular edges. There are small and large patches, with the smaller patches on their heads and upper part of their necks. Both animals have short furry manes running down the length of their necks. They also have short horns on the top of their heads. They are standing near the wooden fence of their pen surrounded by trees with many green leaves.",0.00016246388425962996,0.13513513241782327,0.8690693974494934,0.05757405002817454
86,"This is an image of a produce stand. The stand is made out of wood. There are many different types of produce in the stands. Some of the produce are green, some are brown, and some have yellow flowers.",a stand is selling fruit. most of the fruit is oranges. there are bags of oranges next to the pile. the truck is bright yellow.,0.01737720878556081,0.3043478213232515,0.8903356194496155,0.20833333333333337
87,There is a train on the tracks. The train is blue and white. There are wires above the train.,There is a train on the train tracks. The train is black with white numbers on the front of it. In the distance you can see trees with green leads and a black metal fence.,0.1709032010411521,0.49999999545000007,0.9263330101966858,0.2209123419827013
88,The kitchen is very clean. The stove is white. There is a window on the wall behind the stove.,A kitchen sink and dishwasher is shown. The tiles on the wall are white and have some red ones. There is fruit sitting on the table and the area is pretty tidy.,0.038017425636369444,0.41025640565417487,0.9126741290092468,0.24034111473036557
89,A man is surfing in the water. He is wearing a black wet suit. The man has a white surfboard in his hand.,"A man wearing blue trunks is surfing. He is facing towards the wave. His face is not visible, and his body is turned to the side. He is using a white surfboard and only the front of which is visible.",0.03221164825834998,0.399999995288,0.9092131853103638,0.22265738323179574
90,A man is surfing in the water. He is wearing a black wet suit. The man has a white surfboard in his hand. There is a wave coming up behind the man.,A person is standing on top of a white surfboard. There are three small hooks on the bottom of the surfboard. There is a large white splash in the water from the man.,0.0486980127016543,0.4255319098958805,0.9137831926345825,0.30521033794356217
91,A man is standing on a beach flying a kite. He is wearing a blue shirt and blue shorts. There is sand on the beach behind him.,"There is a boy in the foreground of the picture. He has his back to the camera. He is wearing a blue short-sleeved shirt, blue shorts, blue socks, and white sneakers. He is standing in a green grassy field. The day is sunny and the sky is bright blue. The boy is getting a kite up into the air. The kite is black, white, red, orange, yellow, green, blue, and purple. In the distance there is a fence separating the grassy area from a hill. Behind the hill is an orange spherical hot air balloon. The hot air balloon's basket cannot be seen.",0.011143638159048605,0.23529411404844294,0.8847960233688354,0.08385744234800836
92,There is a white van on the street. There are cars behind the van. The van is parked in front of a building.,A dark street with a wire fence surrounding a building. There is a light in the distance. A sign on a pole is halfway on the sidewalk.There is a microwave and other debris on the walk.,0.03742779584589562,0.3333333285147393,0.8892171382904053,0.1585014409221902
93,There is a white van on the street. There are cars parked in front of the van.,A blue car is parked in a parking space. There is a blue and gray building behind the car. There is a white surfboard strapped to the top of the car.,0.08977360619549608,0.4571428523428571,0.9136687517166138,0.3237379941925396
94,This is an image of a man. The man is wearing a black shirt and black pants. He is holding a camera in his left hand. There is a white bag on the ground behind him.,the keyboard is very old fashioned. the buttons stick up straight. the color of the typewriter is dark black. the letters are labeled in white. it's sitting on a wooden table.,0.008388487457231183,0.22222221722908106,0.8574233055114746,0.14285714285714288
95,There is a boat in the water. The boat is white. There are people standing on the sand behind the boat.,There is sand and a little bit of water on the ground. There is a bunch of trees behind a building on the other side of the water. There is a blue building behind the water.,0.039355788616142987,0.4117647009515571,0.9128535389900208,0.262670439927965
96,There is a train on the tracks. The train is yellow and blue. There are wires above the train.,a train is sitting on some tracks. the train is yellow in color. the train has some black numbers on it. the train has black wheels.,0.05213487432541705,0.46666666168888893,0.9204645752906799,0.2714533041518309
97,A man is standing on a beach. He is wearing a blue shirt and blue shorts. There is a white surfboard in front of him.,A man is sitting on his surfboard. He is on the beach surrounded by other surfboards and some glass bottles of beer. The ocean is in the background and the horizon is very bright but cloudy.,0.03610898657746202,0.4081632604748022,0.905920684337616,0.15759312320916904
98,A man in a blue shirt and black pants is standing in the doorway of a store. The man is holding a white Frisbee in his hand. There is a large window behind the man.,A couple of people are sitting in a vehicle. The car looks very retro and vintage. There is a woman and man in the front. On the woman's lap is a small brown dog.,0.04942681158143398,0.3018867874688502,0.8864681124687195,0.26106223525578365
99,A white plate is sitting on top of a table. There is a white bowl on the table behind the plate.,"A square slice of pizza is on a round green plate. There are mushrooms, black olives, and tomatoes on the pizza. There is purple and white cabbage on the plate next to the slice of pizza.",0.01795618799491876,0.47368420587257637,0.8999469876289368,0.262670439927965
100,This is a picture of a cat. The cat is black and white. There are two white curtains on the window. One of the curtains is white and the other one is blue.,This photo is taken inside of a living room of a home. A brown and black dog is sitting on a red leather couch. A red and white tie is hanging around the dog's neck. There is a colorful area rug on the floor. Different objects can be seen on top of a brown cabinet behind the dog.,0.012765879835652437,0.2950819626981994,0.8782339692115784,0.17117117117117117
101,A large white airplane is sitting on the ground. There is a large window behind the airplane.,"A plane sitting near a body of water. The plane is vintage and it is white, red, and black. There are a lot of clouds in the sky and there is a little box near the plane.",0.010608177122967296,0.30769230324786334,0.90389484167099,0.18035714285714288
102,A person is sitting on a bench. The bench is made of wood. There is a white blanket on the ground.,A woman in a black jacket and jeans is sitting on a cement bench. There is a white dog with a red harness on that is next to the woman. The woman has dark hair.,0.13427458369037085,0.46511627439697134,0.9096518754959106,0.2854713313896987
103,A woman is standing on a tennis court playing tennis. She is wearing a short sleeve shirt and white shorts. A green tennis ball is soaring in the air towards her. There is a green fence behind the woman.,a tennis racket is being held up. the logo is red in color. the rim of the racket is black in color. thee is a man in the background.,0.019744321157303357,0.2173912995841211,0.8767444491386414,0.21183333333333335
104,This is an image of a beach. The water is calm and clear. There is a person surfing on a wave in the water. They are wearing a white shirt and blue shorts.,"There is a rectangular parachute in the top right of the image. The parachute is printed with what looks like a television channel 'stand-by' pattern. The sky behind the parachute is a deep blue color. There are some wispy clouds close to the ground. A person is looking into the distance from the ground with their hand shielding their eyes from the sun. This person is wearing a dark t-shirt and what looks to be denim shorts. It is difficult to ascertain the gender of this person, but they are probably male. The ground is sandy and covered in grey rocks and pebbles. Green grass and woodlands lie behind the sandy ground, and some low buildings or houses can be seen in the distance (lower right corner of the frame).",0.0028260068619388777,0.2616822393117303,0.8681241273880005,0.10991983382435824
105,There is a train on the tracks. The train is yellow and blue. There are wires above the train.,a train is waiting on  track. the train is very bright and is yellow in color. there is a smaller train next to it. a man is riding on the smaller train. the small train is red and black. it has its own set of tracks.,0.01216840746039433,0.372093018864251,0.90409255027771,0.19388933402460287
106,A white plate is sitting on a table. There is a large white bowl on the table next to the plate.,Bowls sitting on a white and brown cloth. There is broccoli and rice in the front bowl and the back bowl has tomatoes and broccoli in it. There is a fruit cup next to the bowl.,0.05530632113321942,0.5263157848199447,0.8919963836669922,0.31429551496441127
107,A woman is standing on a tennis court playing tennis. She is wearing a short sleeve white shirt and white shorts. A green tennis ball is soaring in the air towards her. There is a fence behind the woman.,A woman is bent over on the tennis court. She is dressed in white. She has a tennis racket in her hands. The tennis court is green with white lines on it.,0.04414964427731762,0.4705882303421761,0.9176109433174133,0.25993883792048933
108,A white plate is sitting on a table. There is a large white bowl on the table behind the plate.,"On a small rectangular, white plate, chopped carrots and peppers are covered in a brown sauce. A shine is on all of the vegetables.The plate is on a black surface and a part of a silver spoon is behind it.",0.013643787054297404,0.3555555514469136,0.8900324106216431,0.18073075250108744
109,This is an image of a train. The train is blue and white. There is a bridge over the water. the bridge is made out of concrete. there are trees in the distance.,A bridge over the water. The water has small waves in it. There is a train on the bridge going over the water. The train is white and green. There is buildings and trees next to the water.,0.13184413462213385,0.4999999950000001,0.9211938381195068,0.3389333333333333
110,A man is sitting on a bench. The bench is made of wood. There is a white wall behind the man.,A person is sitting on a bench. There is a black bag sitting on the bench. The person is wearing a straw hat. There is a large tree in front of the person.,0.1506765682559553,0.555555550617284,0.9346988201141357,0.34098098321610654
111,A group of people are standing in front of a building. There is a man in a blue shirt standing with his arms crossed.,"A man with his face painted red and white has a red and white small umbrella attached to his head. He has a phone in his hand, which he is holding by his ear. He also has a red and white scarf around his neck and a red and white cape. His shirt and pants are black. Behind the man are people gathered on the street, standing around.",0.004272027351651132,0.2903225763943809,0.8752387166023254,0.110062893081761
112,There is a train on the tracks. The train is yellow and blue. There are wires above the train.,A grey train with many cars and a yellow front is riding down the tracks. The tracks are in an isolated location with a field on the right and bushes and trees on the left. The trees are bare of leaves. The sky above is blue with puffy white clouds scattered throughout it. The train is about to pass an exchange box.,0.011521426961810851,0.3793103411652795,0.8809866309165955,0.14550100802886146
113,This is a picture of a building. The building has a clock on the front of it. There are trees behind the clock.,A white station wagon is parked near a field at night.  There is a palm tree in the field in front of the tree. Across from the tree are three houses with windows in the front illuminated. In the field there is a patch of concrete with a bench sitting on it which is lit up by a park light.,0.0072206788337787755,0.3157894694983072,0.8807586431503296,0.14911915032442816
114,A baseball player is standing on a baseball field. He is wearing a blue and white uniform with white writing on the side of the uniform. The player has a black helmet on his head. There is a fence behind the player.,a baseball player is on a field which is brown in color and is about to take a swing for a white ball which is coming straight for him. the uniform is white and blue in color and the field also contains a grassy area which is green in color.,0.03296970288097425,0.35087718798399514,0.8790961503982544,0.1829268292682927
115,A large white and blue airplane is flying in the sky. There is a large body of water behind the airplane.,there is a person doing a jump on a snowboard. the rider is wearing a blue jump suit. the snowboard is white in color.,0.023681629309837835,0.30303029803489445,0.8784252405166626,0.21097046413502107
116,A woman is standing on a tennis court playing tennis. She is wearing a short sleeve shirt and white shorts. A green tennis ball is soaring in the air towards her. There is a green fence behind the woman.,A woman is wearing a dark colored shirt and skirt and is holding a tennis racket. There is another lady behind her swinging a tennis racket. They are standing on a blue tennis court.,0.06944085576005507,0.490566032751869,0.9165567755699158,0.3989980318482735
117,A woman is playing tennis on a tennis court. She is wearing a short sleeve white shirt and white shorts. A green tennis ball is soaring in the air towards her. There is a fence behind the woman.,A bunch of people are on a tennis court goofing off. There are two men and two ladies. The men both have on shorts and the ladies both have on pants.,0.029815564924567654,0.32653060729695965,0.8932137489318848,0.14195583596214512
118,A bed is in the corner of the room. The bed has a white blanket on it. There is a window behind the bed.,"There is someone standing at a desk in a small bedroom. There's a bed against the wall that is messy, not made. Above the desk is a window and a shelf with lots of things on it.There's a couple shelves above the bed with things on it too.",0.023435411161075573,0.3921568581776241,0.8974563479423523,0.16447368421052633
119,Two elephants are walking in the sand on the beach. One of the elephants is a baby and the other is an adult. The sand is very wet and muddy. There are people standing behind the elephant.,"A herd of elephants is walking along the banks of a river. A baby elephant is trailing the herd, while an adult emerges from the river.  There are buildings withe terraces nearby.  Several people are gathered on the terrace looking at the elephants.  Most are standing, while one man chooses to sit.  It is a partly sunny day.",0.014917606217058864,0.28169013613171995,0.8914991021156311,0.21341154231519685
120,A man is jumping in the air on a skateboard. He is wearing a black shirt and black pants. There are trees behind the man.,A boy is in silhouette against a blue sky. He is doing a trick on a skateboard and is in the air with his knees bent. His long hair is wild and in the air. The boy is suspended in the air over the skateboard but is not touching it. There is a fence beside the boy and palm trees on either side of the fencing.  A couple of white clouds show low in the sky and the foreground is dark in shadow.,0.006440333646851173,0.3478260828397396,0.8910991549491882,0.09715025906735751
121,There are people standing on the sidewalk. There is a man in a blue shirt and black pants. He is holding a white bag in his hand.,A woman is walking on the sidewalk and on the phone. She is holding a black phone to her ears and has sunglasses on her head. There are a bunch of people in the background behind her.,0.04092879297956548,0.4489795868887963,0.9081353545188904,0.23320578231292513
122,A brown and white cow standing in a field. There is a white fence behind the cow.,A large white bottom boat has an orange cover with small white framed windows. It is sitting in a very blue sea. There are black numbers on top of an orange cover. One person wearing a blue shirt is hanging out a window.,0.007453501738286667,0.24489795510204085,0.8689645528793335,0.11138613861386139
123,A man and a woman are sitting at a table in a restaurant. The man is wearing a white shirt and white pants. He is holding a wine glass in his hand. There is food on the table behind the man.,"There is a bald white man with a goatee and beard. He is handing a styrofoam plate with something white on it to an unseen person with his left hand. In his right hand he is holding a large butcher knife. The blade is red and sticky looking.It has unidentified white chunks hanging from it. O the coffee table in front of the man are several more plates holding triangular shaped food - maybe pizza or cake. There is also a water bottle. There are more people sitting across from the man, but only there legs are visible.",0.012199267113591698,0.31683167916086663,0.8718197345733643,0.15709642470205848
124,This is an image of a street. The street is made up of brick. There is a car parked on the side of the street with a red license plate on it.,A metal street meter with the road behind it. There is a white car parked on the road and many cars behind a fence in the background.,0.12017396628208415,0.45454544954545456,0.8952444791793823,0.3856215213358071
125,There are many boats in the water. The water is calm. There is a man in a blue shirt standing on a boat.,There are lines of purple trees. There is a puddle of water in front of the trees. There are people on the grass in front of the trees.,0.04931948329501792,0.42424241924701567,0.9140113592147827,0.2
126,This is an image of a plane. The plane is flying in the sky. There is a large body of water behind the plane and the water is blue and has small waves in it.,ARIAL VIEW FROM A PLANE OF A CITY BELOW. THE CITY IS  LINED WITH WATER AROUND IT. THERE ARE MANY WINDING ROADS AND MANMADE LAKES.,0.0,0.0,0.8522864580154419,0.19230769230769232
127,A white plate is sitting on top of a white table. There is a sandwich on the plate.,There is a plate sitting on top of a green cloth. There is a carton of milk sitting next to the plate on the table. There is a hot dog on the plate.,0.18218622086465186,0.6451612854526535,0.9317485690116882,0.40564373897707234
128,A man is standing on a beach. He is wearing a white shirt and blue shorts. There is sand on the beach behind him.,"A crowd of people stand on a wet and sandy beach. There are men, women and children in the crowd. There are many buildings off in the distance. The sky above the beach is gray and blue.",0.016862812792477352,0.38297871858759625,0.9052310585975647,0.17801120448179275
129,There are two giraffes standing in a field. There are trees behind them.,"A lone giraffe stands in a grassy overgrown field on a clear day.  The filed is dry and brown, with patches of green bushes throughout. Behind the giraffe there is a short thick bushy tree. And in front of the giraffe there are some branches of bushes.",0.002659523831372466,0.17021276237211413,0.8965909481048584,0.12202551605504586
130,This is a picture of a clock. The clock is white with black numbers on it. There are people standing in front of the clock with umbrellas.,a restaurant is sitting outside. there are umbrellas above the door. there is chinese writing on the signs. the doors are red in color.,0.011354092273667685,0.2499999950125001,0.8930369019508362,0.1851851851851852
131,A man is skiing down a hill. He is wearing a black jacket and black pants. There is snow on the hill behind him.,"It is a bright, sunny winter day. We are standing at the bottom of a snow-covered mountain and looking up toward the top. There is a ski lift at the top left of the picture, and many skiers can be seen at different spots on the mountain. In the foreground, one large skiier jumps up and the picture is snapped as he is sailing through the air on his skiis. We are looking into the sun and as the picture is snapped, the sun makes a bright starburst in the middle of the picture.",0.0015684859185473234,0.15789473309210533,0.866741955280304,0.09066176970686254
132,There is a train on the tracks. The train is blue and white. There is an orange pole with a sign on it.,The people are waiting at a train platform. The train is yellow and blue and has a white number 2 on it. There are dotted warning lines on the platform. There is a large metal pole next to the people. The man has a gray hat on and a tan heavy jacket. The other man has on a puffy black jacket. The man has a grey and black bicycle.,0.014178199262974582,0.4285714243431124,0.8994927406311035,0.1652270962732919
133,This is an image of a laptop. The laptop is a desktop computer with a black keyboard and mouse. There is also a white mouse pad on the keyboard.,A small infant has their hand on a mouse. The mouse is for a laptop. Just half of the keyboard of the laptop is being shown and it all is on top of a wooden table.,0.02379618416972924,0.255319143992757,0.8925527930259705,0.2808355470166737
134,There is a cat sitting on the couch. The cat is black and white. There is another cat behind the cat.,An orange cat is curled up on a blue blanket. There is a red and white hat on top of the cat. There is a blue pillow in front of the cat. The cat has one eye open.,0.038920575106323164,0.44999999545,0.9126510620117188,0.2312784617979423
135,This is an image of an animal. The animal is a giraffe. There are two giraffes in the image. One of them is brown and the other one is black and white.,A bird is walking in the grass. The bird has no hair on its neck. The body of the bird is white with black and brown spots. The bird has a dark colored eye and white hair on its head.,0.017884279921968324,0.35999999503200003,0.8724762797355652,0.1530612244897959
136,This picture is taken outside on a sunny day. A car is sitting on the side of a road. There is a large white truck in the back of the truck. The truck has a black seat and wheels on it. Two large windows can,A blue car is sitting in a driveway. There is a pink surfboard on the roof. The driveway is surrounded by plants. There is a black shadow under the car. The car is very long.,0.04813706123750426,0.36363635877024797,0.8897406458854675,0.2753748558246828
137,A woman is sitting at a table in a restaurant. She is wearing a white shirt and a black skirt. There is a glass of wine in front of her.,A bride and a groom are cutting a cake. There is a tall white cake on a table. There are purple flowers behind the couple.,0.04501224551366848,0.2926829218560381,0.8927773237228394,0.17647058823529413
138,A white plate is sitting on a table. There is a white bowl on the table behind the plate.,a pile of vegetables are on the plate. the plate is blue in color. there are some shredded orange carrots. there is also some yellow pasta.,0.027726868821260815,0.3124999953125,0.8913885354995728,0.30303030303030304
139,A woman is standing on a tennis court playing tennis. She is wearing a short sleeve white shirt and white shorts. A green tennis ball is soaring in the air towards her. There is a fence behind the woman.,A tennis player stands on the court. The man has just hit the tennis ball. THe man holds a tennis racket. The man wears a colorful shirt. There are a few people watch the game. The sky is blue and sunny. There is a ferris wheel behind the stands. There is a tree by the ferris wheel. The court is blue. There are tall buildings in the background.,0.021967751026242415,0.38235293633218,0.8893679976463318,0.18325200023685875
140,The kitchen is very clean. The cabinets are made of wood. There is a white sink in the kitchen.,An island kitchen featuring wood cabinetry with black drawer handles is neatly organized.   Three stainless steel pots rest side by side on a gas range on the island area with silver handled cooking utensils in them.  A pink dish containing some green leafy vegetable and other items also rest on the counter of the island.   In the corner is a pot holder with several pots and pans hung from it.  To the right of the pot holders is a large gas oven with range hood.  Along  the far wall are wooden cabinets and bottles resting on the counter beneath them.,0.00044151547051086564,0.18604650859924285,0.866946280002594,0.08028805464877281
141,A woman is standing on a tennis court playing tennis. She is wearing a white tank top and white shorts. There is a green ball in the air in front of her.,A little girls in a white dress and white stockings holding a yellow and white tennis racket stands on a green air grate in front of a white tarp. The wind from the grate blows her hair all around her face. She is smiling at the camera as she stands on the grate.,0.03206853728964818,0.4444444396573444,0.888956606388092,0.26182455414723343
142,A man is standing on a surfboard in the water. He is wearing a black wet suit. There is a white board behind him.,"Five people at the beach are carrying surfboards. The people are wearing black wetsuits. Four of the surfboards are white, while the other one is yellow.",0.010296236929641845,0.19999999500000015,0.9135869741439819,0.09689922480620157
143,There is a white couch in the room. There are white towels hanging on the wall above the couch.,A living room is empty excepts for a white refrigerator on wooden slats so it doesn't scratch the hardwood floors. the kitchen is closed off excepts for a counter which shows the dark room behind the walls. Windows on the wall opposite the kitchen fill the room with light.,0.014695214463172724,0.2857142816326531,0.8734272718429565,0.09782608695652174
144,A cake is sitting on a white plate. The cake has white frosting on top of it. There is a blue ribbon around the cake.,"A pile of donuts are seen. There are six donuts total. All are chocolate of some sort. Three are chocolate cake and one of them has vanilla frosting, while the others have chocolate, and sprinkles. The other three are covered with milk chocolate. The one in the middle has white filling inside.",0.007694121046415294,0.2807017499415205,0.8777110576629639,0.12890466531440162
145,This is a picture of a cake. The cake has white frosting on top of it. There is chocolate sprinkles on the top.,"A flower container sits off to the right side. Two bags that are ink and denim blue are above the plates of food. The bowl in the middle contains a salad. The bottom bowl contains various cuts of vegetables, such as cucumbers and tomatoes and cheeses. To the left of the bowls are two oranges and one red apple. All items are sitting on a black table.",0.0019888422253054824,0.14705881977941188,0.8436622023582458,0.05591054313099042
146,A baseball player is standing on a baseball field. He is wearing a blue and white uniform with a black helmet. The player has a white glove on his right hand. There is a fence behind the player.,a man in a baseball uniform standing on the field putting gloves him with a bat under his arms with the blue baseball helmets is uniform has black and red  writing on but the number 38  he has black and white baseball cleats and brown hair... the field is light and dark green trimmed very well... there is a white base on the ground in the drawer with 2 white squares outlined on the both sides of the home plate.,0.00972847631335569,0.30769230316568047,0.8644912242889404,0.20811540803422274
147,A man is standing on a snowboard. He is wearing a black jacket and black pants. There is snow on the ground behind him.,"A snowboarder is shown in midair after making a jump in front of a white brick wall.  Snow has been pushed up to the wall by what looks like it was a bulldozer.  The snowboarder casts a shadow on the wall.  He is dressed mostly in black and gray, with some bright orange accents, the only color in the picture.  The entire image is white and gray.",0.005079833293533271,0.2318840539802563,0.8760278224945068,0.11767898281056174
148,There is a stop sign on the right. The sign is red and white. There are trees behind the sign.,"A red and white stop sign is mounted on a yellow pole on sidewalk.  Under the stop sign is a triangular ""caution"" traffic sign.  A bicycle is parked behind the yellow pole of the stop sign.  A white wall building with a red roof is directly behind the stop sign as well.  Three human silhouettes and the silhouette of a shopping cart are on the triangular caution sign.",0.004703128114121332,0.4230769189718936,0.887615978717804,0.11867088607594935
149,This is an image of a zoo. The zoo has a lot of animals in it. There is a giraffe in the middle of the ground. It is brown and white.,"There are three elephants in front of a wooden fence. One elephant is large, the other is a baby and the third is slightly smaller than the large one. Al elephants are a light brownish-gray color. Behind the enclosure are trees with green leaves.",0.0156105992053751,0.2499999952295919,0.8697543740272522,0.1522248243559719
150,There is a cat sitting on top of a table. The cat is black and white. There is another cat behind the cat.,"A black cat lays on the keyboard of a laptop. the cat is yawnin as it lays down. The cat has a long tail. The laptop is turned on. The laptop is on the desk. There is a bookshelf on the wall, which is filled with many things. There are books on the floor. There are other items next to the wall.",0.014141744341557546,0.3018867882378071,0.8939922451972961,0.12908777969018934
151,A woman is sitting at a table in a room. She is wearing a white shirt and black pants. There is a silver laptop on the table next to her.,two girls are sitting on a bench. the bench is wood and brown. they are looking at a baby. the baby is blonde and little.,0.01923314763670773,0.23809523319727902,0.8910171389579773,0.17647058823529413
152,A man is standing in front of a building. He is wearing a white shirt and black pants. There is a large window behind the man.,"A man in a black button down shirt, and a gray tie is seen standing in front of a tan building in a city. The building has a picture of a man on the front and Korean letters on either side of the image. A large concrete platform is in front of the building and two men are walking on the platform. A blue and white public transport bus is on the side of the building.",0.028787479081751974,0.35483870519771077,0.8966235518455505,0.14673535037384802
153,A man is riding his bike down the street. He is wearing a black shirt and black pants. There is a red stop sign on the sidewalk in front of him.,A white and blue fire hydrant is sitting on the corner of a rural street. The house in the background is brick and has blue doors and window decorations. It appears to be fall according to the colors of the leaves on the trees.,0.012844432903661412,0.2711864357483482,0.8701167106628418,0.1966137743153467
154,This is a picture of a clock tower. The tower is made of brick. There is an old building in the middle of the towers. the building is tall and gray in color.,A large brown building has a clock tower. The clock tower contains two clocks. The clocks have a white face with black hands and numbers. The numbers are roman numerals. The clock tower also has a flag. The flag is blue on a white pole. The building is huge with many windows. The sky is overcast with clouds.,0.04661440234924789,0.2456140303477994,0.882120668888092,0.14414414414414414
155,This is a picture of food. The food is on a white plate. There are white bowls on the table. One of the bowls has a piece of meat on it.,the table is full of snack foods. there is a big black tray on the side. the tray is full of small plastic cups. the cups are full of shredded cheese and hot sauce. there is another tray of hot sauce next to it.,0.015274690997209212,0.3404255270258036,0.8917522430419922,0.1522248243559719
156,A man is sitting at a table. He is wearing a white shirt and a black tie. There is a cake on the table behind him.,"The man is bending over the table. On the table is a birthday cake. The candles are lit. The man is trying to blow the candles out. The man seems to be holding his infant in his other arm while doing this. This is taking place inside a house, in the kitchen area.",0.010426287989771769,0.21428570969387764,0.8891777396202087,0.09940357852882704
157,Two zebras are standing in a field. There is a fence behind them.,There is a zebra standing on a gravel type road. The zebra appears to be standing near a tree. There are a lot of trees ad bushes to the right of the zebra. It is very sunny outside which is evident by the shadows cast by the trees.,0.006193150248068386,0.22727272330578516,0.8878310322761536,0.07865168539325842
158,A baseball player is standing on a baseball field. He is wearing a blue and white uniform with white writing on the side of the uniform. The player has a black helmet on his head.,There is a man in a white uniform wearing a black cap pitching a baseball. There is a man standing behind him wearing a black shirt and gray pants. There is a player in a white uniform that is swinging a baseball bat about to hit the baseball. Behind that man is another man in a black shirt and gray pants who is crouched down wearing a helmet and face guard.,0.00955079180105232,0.3999999951388889,0.8731814026832581,0.16205397141142722
159,A large white truck is driving down the street. There is a red fire hydrant on the ground next to the truck.,"Modern fire engines park along a tree lined street.  The truck at the front of the procession is a ladder truck, with the long, white ladder and bucket on top of the rig.  The sky is deep blue, and it seems like a grassy park like area.  Two people can be seen in the distance, side by side.",0.005477445695693562,0.19354838297606666,0.8786448836326599,0.11029411764705882
160,A white desk sits against a white wall. There is a laptop sitting on top of the desk.,"An open laptop sits on a rustic wooden table. A lamp sits on the left of the laptop shining light on the table. A bunch of small glasses are on the table near a brown wall. In the distance a shelf with liquor is on a white wall. A table in front of the shelf is covered with empty, upturned glasses.",0.007510417080270216,0.3999999958,0.8984915614128113,0.17709735658453604
161,This is a picture of a cat. The cat is black and white with a white belly and eyes. It is sitting on a table. There is food on top of the table with food inside of it.,A picture of a tooth brush holder. The holder is red and in the shape of a bird. There are three toothbrushes inside of the holder. There are different colored bristles on each toothbrush. There is a keyboard beside the holder and a calendar is under the holder.,0.03819257594361086,0.33962263659665365,0.8773900270462036,0.24848962437614922
162,There are two giraffes standing in a field. There are trees behind them.,There are two giraffes behind a fence. The fence is silver. There is man in a blue floral print shirt standing in front of the fence. The man is wearing a black cap.,0.05778111919814835,0.47058823091695506,0.9122188687324524,0.2220230983671844
163,This is a picture of a clock. The clock is black and has white numbers. There is writing on the clock with white writing.,The clock is lit up because it is night time. The sky is very dark. On top of the clock is a baseball team sign. The face of the clock is white. The letters and clock hands are black. Around the circle of the face is yellow.,0.024136308936316138,0.34042552729741965,0.8913897275924683,0.15364135559376563
164,A man is jumping in the air on a skateboard. He is wearing a black shirt and black pants. There are people standing behind him.,"A man in a taupe tank top and black shorts is doing a trick with a skateboard. He is in the air, and holding the skateboard with one hand. In front of him is a black and white wall with a cartoon face painted on it. The sky above is mostly clear with one long wispy cloud.",0.04431917212009703,0.38709676961498435,0.9047194719314575,0.1560484788711023
165,A woman is sitting on a bench. She is wearing a black shirt and black pants. There is a white wall behind her.,A teenage girl sits on a low brick wall and texts.  She is dressed in a cool summer top and bluejeans.  She has slipped off her shoes to be more comfortable.  The wind is blowing her long hair.  She has put her purple backpack on the wall next to her.  She enjoys the shade of a nearby tree.,0.006964225277502555,0.26229507780704114,0.8794856071472168,0.11926605504587155
166,"This is an image of a street. The street is very busy with traffic. There is a red and white bus on the road. It is parked in the middle of the street and it has a sign on it that says ""Stop"". The",This photo is taken outside on a sunny day. Two men can be seen on a sidewalk near a brick building. A large black trash can is near one of the men. Large green trees line the sidewalk. A road is beside the sidewalk and across from it is a large building. Vehicles are lined up on the street in front of the building.,0.013949487292433258,0.2777777729166667,0.8765006065368652,0.20052985870434553
167,A large white and blue airplane is flying in the sky. There is a large propeller on the front of the airplane.,A white airplane with a blue tail on it. There is a black and yellow sign on the ground in front of the plane. There is a orange and white flag hanging from the plane.,0.054112181814800736,0.5714285666099773,0.9154219627380371,0.34744760756676557
168,This is a picture of a clock tower. The tower is made of brick. There are many windows on the tower above the clock. Some of the windows are white.,There are three buildings in a line and a tall clock tower across the street from the houses. The photo is in black and white. There are large gray clouds covering the sky.,0.019078583531883637,0.39999999512098766,0.8944907188415527,0.21406727828746175
169,This is a picture of a building. The building has a clock on the front of it. There are trees behind the clock. Some of the trees are green and some are brown.,"This is a street corner. There are two street signs on a pole, with black text on a white background with a black rim. The one on top says ""Sandridge JMI School"" and the one on the bottom says ""HOSDB."" They are both pointing in the same direction, indicated with a black arrow on the sign. Behind the street corner is a building with a shingled overhang supported by dark green columns. There are three or four hanging baskets with flowers hanging from the underside of the overhang. The building is brick and two stories, with two windows flanking a dark sign with pale text reading ""GREEN MAN Good Food."" Behind the sign is a large amount of green climbing vine which obscures the sign for the next shop. There are the tops of two standing signs just visible in the foreground of the picture, and a couple of benches sitting on the sidewalk in front of the building.",0.0013823823143568658,0.24074073749657068,0.860051691532135,0.0917921315270188
170,This is an image of a bus stop. The bus is white with a red stripe down the side of it. There is a man standing in front of the bus. He is wearing a white shirt and black pants.,"A commercial garage for buses is shown on a cloudy day. There are three buses in the parking lot, two of which are near the garage doors as if they were entering the garage. There are four garage bays that are empty with their doors open. There is a small cart in front of the door farthest right. On top of the building there is a blue sign with white writing.",0.047119113083701085,0.23376622913813466,0.8656700253486633,0.1962720148172928
171,This is an image of a polar bear. The bear is brown and black and has a black nose and fuzzy ears. There is a rock on the ground in front of the bear that is gray and white.,A large black bear is standing on a field. There is grass and dirt behind the bear. The bear has brown eyes and brown fur around its mouth.,0.04175415561574823,0.3265306072636402,0.8997605443000793,0.3233059493127147
172,A man is surfing in the water. He is wearing a black wet suit. There is a white surfboard behind him.,A woman is wearing a pink shirt. She is standing in the water. There is a wave behind the woman. She is holding a white surfboard.,0.09253762831077327,0.6111111061111112,0.9463655352592468,0.3093166260587074
173,"This is an image of a bus. The bus is white. There is a blue sign on the side of the bus that says ""FREE"". The sign is on a black pole.",A young woman is walking between rows of buses.  The woman is wearing a red hoodie and black pants.  She is looking away from the camera.  The woman has dark hair.  The buses seem to be stopped at a red traffic light.,0.007590584918139479,0.22641508964044152,0.8695841431617737,0.17073170731707316
174,A white plate is sitting on top of a table. There is a glass on the table behind the plate.,"A cake shaped like a high school track is half eaten and below it is written in blue frosting is ""Thank You Coaches"". On the table near the cake is a tray of cookies, cupcakes, a cobbler, and a dessert bar. beneath the cake there is a beige table runner with plums on it.",0.006615773435545696,0.264150939508722,0.8641366958618164,0.16853315766359242
175,This is a picture of a store. The store has a lot of different things on the shelves. There are many different fruits and vegetables. Some of the fruits are green and some are yellow.,There are many people at a market. The middle aisle has fruit. There are green watermelons. There are also yellow bananas. The man on the left is wearing a striped shirt and blue jeans.,0.04594563803674671,0.4615384565680473,0.9028306007385254,0.2967090257412838
176,A group of people are sitting at a table in a restaurant. There is a woman sitting in front of the table with her head down. She is wearing a white shirt and black pants.,There are several people sitting around a table. There is a lady standing in front of the table. There is a white sign behind the table. There is a picture in a frame on the wall next to the sign.,0.11085110600701722,0.4313725440369089,0.9104006886482239,0.2509745521440147
177,This is a picture of a street. The street is made up of tall buildings. There are cars parked on the side of the building. A man is standing on a sidewalk. He is wearing a white shirt and black pants.,"A brick building has a window with white metal bars over it. There are two cameras on the building, one on one wall and another behind the corner. Under the camera there is a street sign that says Playhouse Yard. There is another building to the right of the brick building.",0.017749923971776833,0.35294117153979243,0.8718958497047424,0.20836419753086421
178,A group of people are standing in front of a building. There is a man in a blue shirt standing next to a woman.,"A group of people is standing outside at an amusement park that looks like Six Flags as there are large roller coasters in the background. It looks like a nice day with a sunny sky and no clouds. The group consists of 6 men, most of whom appear to be on the spectrum from overweight to obese. Their ages appear to range from 45 - 70 years old. Three gentleman are standing in front and three others are standing in back. They are wearing laynards with colorful badges around their necks. Four guys are wearing glasses and one is wearing sunglasses. Most are in casual, vacation attire, except for one guy who is wearing a tie. There are a couple other people in the background who appear to be in in line for something.",0.0024658508084749627,0.22222221944444445,0.8589195609092712,0.07723577235772357
179,A little girl is sitting on a bed. She is wearing a pink shirt and pink pants. There is a white blanket on the bed behind her.,A woman is smiling in the camera. In front of the woman is a small brown bear figurine with a laptop. The laptop has an Apple logo on it.,0.018749187738493576,0.22727272231404969,0.8798229098320007,0.13888888888888887
180,"This is an outdoor image taken of a beach.The water is calm and clear.There is a person surfing on a white surfboard. The person is wearing a short sleeve shirt, shorts and sandals. There is sand on the ground near",There are a lot of people standing on the beach. There are waves in the water. There are a lot of surf boards surrounding the people.,0.01286057341226582,0.30434782155009454,0.8876327276229858,0.145985401459854
181,A man is standing in a room. He is wearing a white shirt and a black tie. There is a large window behind the man.,A doll is dressed up in a black suit with a silver vest. There is a green couch with red throw pillows on it behind him. There is a gold table in front of the couch.,0.0414319927548485,0.3043478212381853,0.8924705386161804,0.2596598904732032
182,This is a picture of a road. The road is paved. There is grass on the ground. the grass is green and brown. there are trees in the background.,The fire hydrant is red orange. It has two silver chains. Behind the hydrant is a wooden fence. Inside the fence is the foggy area of the forest.,0.019933673568014454,0.2380952330952382,0.8708906769752502,0.16014234875444844
183,There is a toilet in the corner of the room. The toilet is white. There are towels hanging on the wall above the toilet.,Someone is taking a picture from inside the airplane bathroom. The bathroom is very small and close. The person has on an olive green top and a carrying bag.,0.010055751495001505,0.2439024341701369,0.8795652985572815,0.18667763157894735
184,A white desk sits against a white wall. There is a laptop sitting on top of the desk.,There is a white desk against a yellow wall. There is a computer on top of the desk. There is a black keyboard in front of the computer. There are bottles on the desk.,0.16595332044265163,0.6470588185986159,0.9446044564247131,0.2960443436633912
185,"This is an image of a bus. The bus is white with a red stripe down the side of it. There is a blue sign on the front of the bus that says, ""Enterprise."" The sky is clear and blue with no clouds",A large double deck bus is driving on the street. There are people standing next to the bus. There is a large red building behind the bus.,0.0349118425773897,0.2799999952000001,0.882094144821167,0.2579885392385392
186,This is an image of a bird. The bird is standing on top of rocks. There is a large rock on the ground. the rock is brown and has a white stripe down the side of it.,"Three rocks sit in a semi-circle on top of a rock ledge.  The rocks each have something painted on them.  The largest one in the middle has a stop sign.  On the right is a light blue circle rimmed in red, with a black line through the center.  On the left is some red lettering in Russian.  Lush trees are in the background.",0.02309790618583017,0.2535211221979767,0.8712314367294312,0.1641307087696785
187,There is a clock on the side of the building. The clock is black and white. There are white clouds in the sky above the clock.,There is a clock tower in front of the building. The clock tower is gray in color and it has a total of four facings. The hands are black and the face plate is white. The building behind it is brown in color. The building has long rows of windows on the second story. It has patches of checkered patterns in different spots along the face and at the end of the windows on the second floor. The sky is clear and blue. You can see a tree with no leaves on the right side of the picture.,0.02009084481805804,0.43243242875091314,0.8982640504837036,0.13138441867202094
188,A woman is standing on a tennis court playing tennis. She is wearing a white tank top and white shorts. There is a green tennis ball in the air in front of her.,A person wearing a white tennis outfit is wearing a white visor. They are swinging a tennis racket. There is a person in a yellow shirt.,0.12424166064987055,0.38095237613378696,0.9032958745956421,0.3394056246260222
189,This is a picture of a person. The person is standing on a beach. There is water in front of the person with white sand on it.,"A small brown dog is running down the beach, very near the shore, looking at another dog. The other dog is black, and is running through the water right near the shore. You can see waves coming into the shore.",0.0067501118846559115,0.1666666618836807,0.8776302933692932,0.10335917312661498
190,This is an image of a street. The street is made up of tall buildings. There is a red fire hydrant on the side of the building. A man is standing on a sidewalk. He is wearing a black jacket and black pants.,There are two yellow lights hanging from a black wire. There are two green trees under it. There is a tan building next to the trees. There are several signs next to the building.,0.03224015314346959,0.23076922588757406,0.8801203966140747,0.16732109377763632
191,A white plate is sitting on a table. There is a white bowl on the table next to the plate.,This is a photo inside of a pub.  A sandwich on a roll wrapped in a napkind is sitting directly in front of the camera.  Bottles of beer line the counter top.  A man in a striped shirt stands behind the bar.,0.012993936951441302,0.23255813531638725,0.8702033162117004,0.12562814070351758
192,This is a bathroom. The walls are white and the floor is made of tiles. There are towels hanging on the wall.,a bathroom is set up. the tub is white in color. the tub has legs on it. the light is turned on. the mirror is very small.,0.011258092836500084,0.2631578897368422,0.8981995582580566,0.1509433962264151
193,A man is standing on a snow covered hill. He is wearing a black jacket and black pants. There is snow all around him.,An adult and a kid is on the snow. The adult is teaching the kid how to ski. The kid is wearing an orange jacket and black leggings. He is also wearing a helmet. The adult is wearing a yellow green jacket and black pants. There are bare trees visible.,0.07969811755609324,0.43999999528800005,0.9100492596626282,0.2822784810126582
194,There is a white sink in the corner of the room. There are white curtains hanging on the wall above the sink.,White cabinets are in a kitchen. There is a window above the sink with white curtains. There is a white microwave on the counter.,0.15062537061198508,0.5294117597231834,0.9267151951789856,0.33141067077718656
195,A man is walking down the street. He is wearing a black jacket and black pants. There is a red light on the pole next to him.,Many people are walking with raised umbrellas on a city street.  The umbrellas are a variety of colors.  The people are walking on a sidewalk lined with businesses in stone buildings.  The businesses and stores have awnings and several flag poles attached to the front of the businesses.  The flags are American flags.  To the right of the umbrellas is a city street lined with vehicles including one white van. On the sidewalk are also black traffic lights and street signs.  One street sign has a black and white arrow on it and the other sign is blue with white type.,0.0018085589382197428,0.20512820107823804,0.8642567992210388,0.09081196581196582
196,There is a boat in the water. The boat is white and blue. There are people sitting on the boat.,"A large ornate old cruise ship is seen docked at a port. In front of the ship there is a banner which reads ""Brunel's ss Great Britain"" to the left of the ship there is another ship, this one rusty which is flying lags of various countries. To the right there are some warehouses. The sky above is blue with a few fluffy clouds.",0.0030863870924287707,0.1904761868480726,0.8611986637115479,0.10662751677852349
197,This is a picture of a cake. The cake has white frosting on top of it. There is chocolate sprinkles on the top.,"Two red, blue, yellow, and cream candle holders sits on a white shelf next to a small plate. On the table below thee are plates shaped like flowers. The wall behind the shelf is cinder block painted white. On the left of the shelf there is an unpainted wooden bookcase.",0.004434929480466688,0.24137930620095127,0.8468278050422668,0.14519595338353747
198,There are people standing on the beach. There is a large wave in the water. The sky is blue with white clouds.,"A large sun hangs in the sky, with a long group of people riding horses below it. They are on a beach, and the reflection of the sun is prominent in the water. You can see footprints in the sand near the foreground of the picture, and tire tracks are imprinted there as well. The sea is rather choppy, and you can see waves forming and crashing down. There are probably 30 horses in the picture, and 10 or 15 riders.",0.004786379080807182,0.29333332955022223,0.8827405571937561,0.10652463382157124
199,This is an image of a bedroom. The bedroom has a bed with a white blanket on it. There is a large window on the wall behind the bed.,There are books sitting on a bed. There are white blankets on the bed. There is a lamp next to the bed. The book on the bottom of the pile is white and green.,0.04625398887700047,0.38095237595238096,0.9076205492019653,0.30202321724709785
200,This is an image of a cat. The cat is black and white. There is a white wall behind the cat with tiles on it.,A cat is inside of a sink. The cat is brown and striped with black and is looking at the camera. The cat has a collar on and the eyes are big and yellow.,0.04572203496772945,0.3720930183234181,0.8942745327949524,0.2897835871508724
201,This is a picture of a building. The building has a clock on the front of it. There are trees behind the clock. Some of the trees have leaves on them.,Its the inside of a very large cathedral. It is massive and beautiful. There are a large amount of rows of seats on both sides. The beams on the inside on both sides are white and large. There are gold candle items hanging from the ceiling.,0.016832944321575147,0.31372548535178785,0.8779850006103516,0.22736579275905122
202,A herd of cows are grazing in a field. There is a fence behind the cows.,Lots of dark colored cows stand on top of a hill. There are trees behind them and long tall grass under them. They have green and yellow tags in their ears.,0.007835248515158719,0.33333332888888895,0.9012001752853394,0.11864406779661017
203,This is an image of a street. The street is very busy with traffic. There is a red and white sign on the side of the road. This sign is white with black writing on it.,A pole holds a red sign on it. There are cars lining the street. There is a black fence behind the sign. There are white clouds in the sky.,0.046306023586962085,0.4782608645746692,0.9027580618858337,0.28267367553081835
204,"A man is standing on a tennis court playing tennis. He is wearing a short sleeve shirt, shorts, and a white and black tennis shirt. The man has a black and white racket in his hand. A green ball is soaring towards the man",The man is wearing a white shirt. He has brown hair. He is holding a frisbee. The frisbee is green. It has black graphics on it. He is also wearing black shorts.,0.04076824887784678,0.470588230449827,0.8902579545974731,0.24096385542168677
205,A woman is sitting on a bench. The bench is made of wood. There is a tree behind the woman.,The rain is coming down heavy outside on the street. There is a person crossing the street at the corner. Someone is holding an umbrella with big flowers on it. The sky is cloudy and grey.,0.02736643048883956,0.27906976289886426,0.8872885704040527,0.1697530864197531
206,A woman is sitting at a table in a restaurant. She is wearing a white shirt and black pants. There is a glass of wine in front of her.,There is a woman sitting at the table. There is a black remote on the table. There is a white plate with a white cup on top of the plate. There is a spoon on the plate.,0.04248820140570327,0.4999999950500001,0.904436469078064,0.3529772866789441
207,This is a bathroom. The bathroom is very clean and modern looking. There are two windows on the wall. One window is white and the other window has a white curtain on it.,A very detailed and neat bathroom. There are wooden accents in a majority white room. The bathroom is vintage and is black on the outside.,0.04886639374854163,0.4782608645746692,0.8954349756240845,0.41242732558139533
208,This is a picture of a clock. The clock has a black face and white numbers on it. There are two hands on the clock that are holding the time. One of the hands is touching the numbers. the other hand is holding a white,A clock sits on the ground. There is a white face with golden hands. There is an ornate black and gold design around the face of the clock which more than doubles the side of the clock. The clock sits on a black surface that appears to be the street. People are standing around the clock and five pairs of shoes are visible.,0.0325982264316063,0.441176465800173,0.8738452196121216,0.22058823529411764
209,A herd of cows are grazing in a field.  The field has green grass and some brown grasses. There is a fence in the middle of the field and a bunch of trees.,There are brown and white cows in a field. There is tall grass and yellow flowers in the field. There are trees in the distance around the field.,0.05166992049767956,0.47619047129251707,0.9231009483337402,0.3301123903508772
210,There is a train on the tracks. The train is red and white. There are wires above the train.,"A gray train is riding on it's tracks. Three train cars with red stickers labeled ""Ringling Bros. and Barnum Bailey"". All around the train tracks there is tall over grown grass, and gavel beside the road near the train tracks. Behind the tracks are a number of trees.",0.007324467123550816,0.31372548621299506,0.8834151029586792,0.18615095705688037
211,A black and white cat is sitting on a laptop. There is a white wall behind the cat.,There is a silver laptop with black buttons on it sitting on a couch. There is a dog laying on the couch next to the laptop. The dog is white and has black spots on its ears.,0.037210258586692205,0.47368420587257637,0.89951491355896,0.18518518518518517
212,A white and blue truck is parked on the side of a street. There is a large white building behind the truck.,there is a big yellow bus that is parked. the bus is two stories. there is an ad on the side of the bus. there are four black tires. there is a white bus next to the yellow one. the buses are parked on green grass.,0.053145436672207134,0.3636363588946281,0.8933107852935791,0.23445463812436287
213,A man is walking down the sidewalk. He is wearing a black jacket and black pants. There is a red and white sign on the wall behind him.,"The cement side of this building has a silhouette of a man painted in black, to resemble a shadow next to the electrical box on the outside.  On the ground by his feet is a silhouette of a cat.  The man holds a red umbrella in his outstretched hand, to protect the cat from rain.  A bowler hat is on his head and he wears a calf length raincoat.  Graffiti is written over the black silhouette of the man, as well as a few places on the wall.  Some is spray painted onto the electrical box.",0.0026314322525548524,0.1951219472932779,0.8643478751182556,0.09980069755854509
214,This is a picture of a lake. The lake is surrounded by mountains. There are many mountains in the picture. Some of the mountains are green and some are brown.,The blue water is off to the side of the park. There are a lot of people standing by the water. Some people are sitting down on park benches underneath the trees. Each tree has leafs that are changing color due to the fall weather.,0.015208480806198249,0.3333333286694102,0.8765159249305725,0.20464878671775222
215,A baseball player is standing on a baseball field. He is wearing a white uniform and a black helmet. There is a fence behind the player.,"A man wearing a blue baseball shirt, white pants and a blue hard hat is holding a black bat. He is wearing white gloves on his hands. He is standing on top of dirt.",0.06430024737449815,0.49999999509297527,0.9019152522087097,0.33614457831325306
216,This is a bathroom. The bathroom is very clean and modern looking. There are two sinks on the wall. One of the sinks is white and the other sink is blue.,"The counter top in a bathroom of a hotel room is made of marble and has two white inset sinks. there is a basket of toiletries on the left, and a box of Kleenex on the right. There is a glass shelf behind the counter with a small bottle in front of a card, and two glasses turned upside down. There is a mirror with a decorative frame on the wall behind the sink.",0.006470703646590284,0.41176470140570937,0.8818886876106262,0.12195121951219512
217,This is an image of a street. The street is very busy with traffic. There is a large building with many windows on the front of it. You can see many trees in the background.,"A sign is shown on a sidewalk. The sign is triangular, red and white, and has two people walking on it. There are a couple of cars parked on the street near the sidewalk.",0.017578936267827475,0.339622636511214,0.8930348753929138,0.21637748452264585
218,This is a picture of a table. The table is made of wood. There is food on top of the food. there are apples and oranges.,"There are tables that have vegetables on them. There is a pile of raddishes, a pile of carrots, a pile of peas and some potatoes. There is a lady standing there with an apron on.",0.020230517701364976,0.3720930183234181,0.8851473927497864,0.24619965288168053
219,A bird is flying in the air. The bird has a black and white beak. There is a body of water behind the bird.,A person in a black suit is sitting on a surf board in the middle of the ocean.  The ocean has a lot of waves that are white.  The man is sitting waiting on a wave to roll by.  The water is very choppy.,0.015283007286917569,0.399999995288,0.8865488171577454,0.18779938010707237
220,A white truck is parked on the side of a street. There is a large white building behind the truck.,There is a white and red truck parked on the street. There is graffiti on the side of the van. There is a building behind it.,0.20178105721336703,0.7878787829201102,0.9467079639434814,0.5530265748031497
221,A group of people are sitting at a table. There is a man in a blue shirt and black pants. He is holding a white remote in his hand.,Some people are gaming together in a room. They all have there own computers and are focused on the game they are playing. They all appear to have some snacks and drinks next to them.,0.016640741870494486,0.19230768733727824,0.8852524161338806,0.10174418604651164
222,A man is standing outside on a sunny day. He is wearing a black jacket and black pants. There is a red and white sign on the wall behind him.,A man in a yellow rain coat is walking on the sidewalk. There is a woman standing next to him carrying a blue and white umbrella. There is a lady and a little boy crossing the street.,0.0460171454320459,0.3921568577931565,0.9104239344596863,0.24524028160391798
223,A man is surfing in the water. He is wearing a black wet suit. The man has a white surfboard in his hand. There is a large wave behind the man.,"People are in the water at the beach.  A man is entering the water carrying a white surfboard with a red edge.  He is wearing a blue and white bathing suit.  A bit further down the beach, a couple is standing in the shallow water together looking down at something.  Low waives roll in towards the shore.",0.07081789207518784,0.3870967695265349,0.8991686701774597,0.2449792243767313
224,This is a picture of a table. The table is made up of wood. There are two glasses on the table that have wine in them. One of the glasses has a glass of water in it.,A wooden table that has a silver trophy in the middle of it. In front of the trophy are several bowls and dishes containing food. There is a loaf of bread on a block of wood at the front of the table.,0.02298805132018315,0.46428570931122454,0.9004347324371338,0.2874627762751688
225,This is an image of a desktop computer. The computer is sitting on a desk. There is a black keyboard on the desk with a white mouse on it.,A cat is positioned in front of an apple computer and keyboard.  It's fur is blackish brown.  His eyes are green.  A white mouse is sitting on the black mouse pad.  A router is positioned against the wall on the computer desk.,0.035759380642029985,0.3529411717031911,0.888551652431488,0.25597567264233934
226,There is a white couch in the living room. There are two windows on the wall above the couch. The couch is made of wood.,A brown sectional couch in a room with colorful pillows on it. There is a brown leather ottoman in front of the couch. There is a tan and brown rug under the ottoman. There is a fireplace on the wall. Behind the couch is a window and a door that has blue curtains on them.,0.021844444312104336,0.3846153799778107,0.9079335927963257,0.20462740384615383
227,A large white and blue airplane is flying in the sky. There is a large propeller on the front of the airplane.,A lone dark grey plane is flying through a cloudy sky. The sky is completely overcast. The plane has four propellers. Two propellers on each wing. It has a top tail and two side tails.,0.014389229726019803,0.3111111064098766,0.9052045941352844,0.2530497856907352
228,This is an image of a harbor. The harbor has many boats in it. There is a large ship in the middle of the water with a propeller on the top. It is white and has a blue and red flag on its mast.,The sky is partly cloudy. The water is calm and clear. The train is in motion above the water on the bridge. The train is a royal blue color.,0.018232115162898983,0.3529411717031911,0.8764281868934631,0.21311475409836064
229,A baseball player is standing on a baseball field. He is wearing a red and white uniform with white writing on the side of the uniform. The player has a black helmet on his head.,"There is a man in a white baseball uniform with green trim that plays for the Spartans and is #14. He is wearing white Nike cleats with green socks and a green hat as well. He has a brown leather baseball glove on his left hand, and has just thrown the baseball, which is in the air, from his right hand. The man is white and has medium length hair. He is standing on the dirt part of the baseball field with neatly trimmed green grass behind him.",0.016664851024758155,0.419753082152111,0.8759447336196899,0.1624953815665726
230,This is a picture of a cat. The cat is black and white. There are two pillows on the bed. One of them is white and the other one is pink and blue.,There is a bed with purple blankets on it. There is one purple pillow and one pink pillow on the bed. There is a blanket on the wall behind the bed. There is a book on top of the bed.,0.03742340846632792,0.465116274094105,0.8993861079216003,0.22900763358778625
231,A man in a blue shirt and black pants is standing on top of a boat. There is a large white boat in the water behind him.,Three elephants are in the water. They are all walking in the same direction. They all have very long tusks showing that are not in the water.,0.01633647013102316,0.14999999505000017,0.8611182570457458,0.09465020576131687
232,A white plate is sitting on a table. There is a glass on the table behind the plate.,"A bald man and a woman with short brown hair sit at a dark brown wood table. On the table there are 4 wine glasses, and a wine bottle. The man appears to be pouring something into one of the glasses. there is also a brown beer bottle on the table.",0.006325988660141316,0.24489795548521454,0.8950049877166748,0.16535794474836557
233,A black and white zebra is standing in a field. There is grass on the ground behind him.,"This is an image of zebras in the wild. The zebras have black and white stripes. The long and beige grasses are visible. Beside the zebra is a small, bare tree.",0.037818182053637815,0.3720930184748513,0.8913151621818542,0.16835016835016836
234,There are two zebras standing in a field. There is a fence behind them.,a bunch of zebras are roaming in the grass. the grass is yellow in color. there are three zebras. they all have stripes.,0.011230313021766745,0.3333333285333334,0.9154870510101318,0.13574660633484162
235,There is a sink in a bathroom. The sink is white. There are towels hanging on the wall behind the sink.,The room is an image of a bathroom. It has a white sink and a silver metal faucet. On the sink is a bottle of hand soap. The bottle is orange and white with orange pump lid on it. On the other side is an orange cup that is full of toothbrushes. The wall is made of tiles. On the wall is a mirror with wooden frame.,0.0047827726596209345,0.33333332932098775,0.892318069934845,0.09615384615384616
236,There are people standing on a grassy field. There is a boy wearing a blue shirt and blue shorts. He is holding a red frisbee in his hand.,People are playing frisbee outside in the park. A man has his shirt off and he is reaching out to catch the frisbee. Others are running around to position themselves to be catching the frisbee later. The grass is green and there is shade from a nearby tree. There is a stone fence along the park and trees are behind it. There is also a stone pillar by the fence.,0.010701454913746706,0.22857142426122457,0.8896857500076294,0.12917933130699089
237,A man in a white shirt and blue shorts is standing on a tennis court. He is holding a racket in his hand. There is a green ball in the air in front of him.,The woman is reaching up to catch the frisbee. There is a man to the right that is catching a yellow frisbee as he bends down. The trees and the grass are green around and under the people's feet. Three of the people playing are wearing green shirts.,0.025089590400897952,0.22580644669614994,0.8758834600448608,0.12847965738758027
238,A woman is standing on a tennis court playing tennis. She is wearing a short sleeve white shirt and white shorts. A green tennis ball is soaring in the air towards her. There is a fence behind the woman.,there are people playing tennis. one of the players is wearing a blue shirt. his shorts are white in color. he is holding a black racket. the stands are filled with people.,0.03595757358225364,0.3333333283401921,0.8977414965629578,0.2567403108032203
239,A herd of sheep are grazing in a field.  The sheep have horns on their heads and are looking to the camera. There are trees in the distance behind the sheep.,"There are three elephants outside. People are on top of the elephants riding them over the field. There is green grass, green bushes, and trees with green leafs by the field. Off in the distance you can see mountains. The sky is blue, but also cloudy.",0.02993367829738868,0.36666666186666674,0.8805236220359802,0.23911516853932582
240,There are many boats in the water. There is a man in a blue shirt standing in front of the boats. He is holding a white paddle in his hand.,There are several long boats in the water. There is a woman wearing a white hat. There are several bananas and fruits in the boat. There is a man on the dock.,0.26632240818317526,0.4761904711904762,0.9322527647018433,0.33461084905660377
241,This is an image of a street. The street is very busy with traffic. There is a red and white sign on the side of the road. This sign is white and has a black arrow on it.,A sign is on a pole near the street. The pole is black and the sign is white and red. A bunch of cars are parked on both sides of the street. The sky is filled with cloud.,0.10307860500264258,0.43999999500000003,0.8985390067100525,0.3749129439856731
242,This is an image of a bird. The bird is standing on a branch. There is a tree in the distance behind the bird and the tree is tall and green.,a bird is on a rock. the bird is brown and red. the bird is very small. the bird has very jagged feet. the bird has black eyes.,0.026276400987738754,0.33333332839506175,0.886061429977417,0.2296819787985866
243,A table is full of food. There is a white plate on the table with food on it. The table cloth is red.,"There is a table full of food and drinks. There are white plates, silverware, and white cups and saucers. One of the cups holds coffee. There are two clear vessels with silver lids and black handles. Several people can be seen sitting around the table.",0.023551482434731694,0.39215685830065367,0.9049749374389648,0.14018691588785046
244,This is an image of some animals. The animals are elephants. There is a man standing in the middle of the photo. He is holding a stick in his right hand. His left hand is also holding an elephant. This elephant is brown and,A large elephant is walking on a field. The elephant has large white trunks on the mouth of it. There is a large tree next to the elephant.,0.03172414419318193,0.2799999952000001,0.8751606941223145,0.1858108108108108
245,A white plate is sitting on a table. There is a white bowl on the table next to the plate.,A teenage boy sits at a table in a restaurant. He has short black hair and is wearing a short sleeve t-shirt. He is putting food up to his mouth. A large circular white plate with a black stripe around it sits before him. French fries and a foot-long hot dog with chili are on the plate. A full glass with a straw  and utensils also sit on the wooden table. A white shopping bag is visible beside the boy in the booth he sits in.,0.0017864750180722057,0.25714285411836735,0.8756411671638489,0.14056548682593498
246,A black and white cat is laying on a bed. The cat has a white collar around its neck. There is a window behind the cat.,An average sized cat is standing in the tub. The tub is white and is not filled with water. The shower curtain is clear and on the right side. The washcloth is dark colored and hanging from the tub. The tub has a silver drain and stopped. The cat is standing in the middle of the tub while facing the wall.,0.008059130517076182,0.31578946912896283,0.8796762228012085,0.10434782608695653
247,There is a cat sitting on top of a table. The cat is black and white and has a white collar around its neck. There is food on the table behind the cat.,A gray and black cat is standing on a counter. The counter is white and brown. There is a coffee mug sitting on top of the counter in front of the cat.,0.1486872032633242,0.5581395298864251,0.9258081316947937,0.41194255479969766
248,A man is skiing down a hill. He is wearing a black jacket and black pants. There is snow on the hill behind him.,A man is skiing down the mountain. There is a log of white fluffy snow. The man is wearing a red hat and blue snowsuit. He is holding ski poles in his hands. He gas black gloves on his hands and sunglasses on his face. Behind the man are trees that are covered in snow.,0.06917768429820982,0.4827586162841856,0.9143348932266235,0.23608083151655768
249,A man is skiing down a hill. He is wearing a black jacket and black pants. There is snow on the hill behind him.,A man stands in the snow. He is holding a black pole. There are trees behind the man. There are tracks in the snow. The man is wearing a dark colored cap.,0.052230361713139065,0.48780487307555026,0.9192125797271729,0.32184038840843576
250,This is an image of a zoo. The zoo has a lot of giraffes in it. There are many trees in the background. Some of the trees are green and some are brown.,"The head and neck of a giraffe is seen behind a small knoll which is partially grassy area and partially rocky. There are two wooden poles in the grassy area, as well as two light green rectangles which may be steps. There is a strip of black material suspended between the poles. The giraffe is seen in profile. Its mouth is closed. There is grass and rocks visible behind the giraffe's head, as well as some dirt pathways and more grass. A number of tree trunks are seen rising upward from the grass behind the giraffe.",0.003978764002669264,0.2439024348839977,0.8578639626502991,0.11148272017837234
251,There is a clock on the side of the building. The clock is black and white. There are windows in the wall behind the clock.,There are two clocks at a tower near a larger building behind it.  The two clocks are black with white faces.  The numbers are roman numerals and the right clock reads 12:15 while the left clock reads 11:40.  The tower has detailed architecture which makes it appear very old.  There are ornate golden decorations also visible on the clock tower.,0.00764190776068667,0.36065573354474606,0.8902750611305237,0.1575614552605703
252,This is an image of a bedroom. The bedroom has a bed with a white blanket on it. There is a small window on the wall behind the bed.,A bed covered in white blankets and pillows sits in the corner. There is a silver laptop sitting on the bed. The apple logo on the screen is lit up. There is a poster hanging on the wall. The walls of the room are white as well. The laptop on the bed is open. There is nobody in the room.,0.019223297888806345,0.35714285245535715,0.8885800838470459,0.19614937880455605
253,A man is skateboarding outside on a sunny day. He is wearing a black shirt and black pants. The skateboard is black and the wheels are black. There are trees behind the man.,two legs are riding on a skateboard. the skateboard is in the air. the skateboard is black in color. there is another person skateboarding in the background. the skate park is surrounded by mountains. there is a grey rail next to the ramp.,0.03231725909132247,0.3137254852441369,0.8903375267982483,0.19989067055393583
254,A man is skiing down a hill. He is wearing a black jacket and black pants. There is snow on the hill behind him.,There are two people dressed in winter gear on snowboards in mid air. The hill is covered in white snow. There are people standing on top of the hill in the back round. You can also see trees covered with snow. The sky is cloudy and looks cold.,0.00842043959572001,0.25925925469821676,0.8881756067276001,0.08771929824561403
255,A man is sitting at a table. He is wearing a white shirt and a black tie. There is a cake on the table behind him.,There is a cake in a white box. The box is sitting on a table. There is an empty white plate sitting next to the cake. There is a person holding a knife cutting the cake.,0.10013314865799776,0.34146340963712074,0.9072593450546265,0.2543492063492064
256,There is a train on the tracks. The train is yellow and blue. There are wires above the train.,"This is a large, black and red train. A jet of steam comes out the side and hits the ground. the train has three headlights on the front as well as an identification number. the door to the front car is slid open and a man stands at the rear of the car doing something. There are trees in the background behind he train.",0.004063380933755725,0.2666666630888889,0.8851890563964844,0.1240079365079365
257,The kitchen is very clean. The stove is white. There is a window on the wall above the stove.,Black cabinets are above a kitchen cabinet that isn't finished. There is a ladder leaning against the wall. There is a white door on the hall leading into the kitchen.,0.04113945566994292,0.43243242772826884,0.910244882106781,0.28667820069204153
258,"This photo is taken outside on a sunny day. A man is walking on the sidewalk next to a street. He is wearing a black jacket, black pants, and black shoes. There is a large tree in front of the man. Part of","The image is a black and white photo. A young boy is sitting in the space between the poles of two parking meters off the ground. His arms are wrapped around the two meters and his feet are tucked behind the main bar supporting the two meters. He is smiling with his mouth wide open. He is dressed in warm weather clothing including dark shorts, a striped t-shirt, tennis shoes, and socks. His hair appears to be light colored. To the boy's left there is an older model car parked in a parking space. In the distance behind him there are several older model cars parked in a parking lot. The area is surrounded by mature trees. The concrete of the parking area in the foreground is stained from previous vehicles' fluid leakage. From the content of the photo and the models of vehicles, it appears this is a vintage photograph.",0.0018261096814514654,0.17460317089317215,0.8644708395004272,0.08867939543273481
259,A motorcycle is parked on a street. The motorcycle has a black seat. There is a red and white sign on the front of the motorcycle.,a bunch of cars are in a parking lot. there is  black motorcycle that are parked. the motorcycle is clean and shiny. there is a white building in the background. the sky is blue in color.,0.019860669719614185,0.3720930183234181,0.8973940014839172,0.2688058035714286
260,A woman is sitting at a table. The table is made of wood. There is a cake on top of the cake.,A tall brown and white cake is sitting on a table. There are red and yellow flower petals around the cake. There is a white plate on the table with a fork on top of it.,0.05534510489333199,0.5365853610945867,0.9036417603492737,0.3384099530346821
261,A man is standing on a sidewalk. He is wearing a black jacket and black pants. There is a red and white sign on the sidewalk next to him.,"This photo is taken outside on a sunny day. A woman is walking on a sidewalk while looking at her phone. She has a large black purse on her shoulder. A tall red fire hydrant is sitting on the sidewalk beside the woman. There is a gray car on the road in front of the woman. A gray fence can be seen across the street, surrounded by vehicles.",0.01834456947220796,0.2352941133780277,0.9010241627693176,0.1309736062911904
262,This is an image of a street. The street is very busy with traffic. There is a red and white sign on the side of the road. This sign is white and has a black arrow on it.,a yellow taxi got into an accident. he hit a tree and crashed. there is a cop car next to him. The man is talking with the cop. there is a store right next to the accident.,0.016132673522510122,0.27450979892349103,0.8741419315338135,0.17520215633423183
263,A man is surfing in the water. He is wearing a black wet suit. The man has a white surfboard in his hand. There is a large wave behind the man.,A surfer is wearing a black wet suit. He is standing on top of a white surfboard. There are large waves in the water behind the man. The sky is blue.,0.25105597928806694,0.7199999950320001,0.9519622921943665,0.4977324263038549
264,A baseball player is standing on a baseball field. He is wearing a blue and white uniform with white writing on the side of the uniform. The player has a black helmet on his head. There is a fence behind the player.,"A batter is swinging his bat to hit the baseball. He is wearing a black helmet and a white uniform. The catcher is behind him with a red mask on his face, and behind him is the umpire with a black helmet. There is green grass on the field.",0.10762481749680598,0.6333333283555557,0.9062421917915344,0.2990278951817414
265,This is an image of a kitchen. The kitchen is made of wood. There is a stove top on the stove that is black and white. It is sitting on a white counter top.,"The plate is colorful. At the center of the plate is a white, creamy dip. On the plate, there is  cucumber, broccoli, carrots, tomatoes and red peppers. Beside the plate is a knife with black handle.",0.016717652932139872,0.2448979542357352,0.860791802406311,0.22032329509768267
266,A man is skiing down a hill. He is wearing a black jacket and black pants. There is snow all around him.,A child in a blue and black coat and black pants is stanind on a snow board apparently watching an older man in a white coat who is walking off.  Snow covers the ground and is well tracked.  To the right of the boy on the board is a line of people waiting.,0.006875137240742816,0.2962962918518519,0.8894029855728149,0.12024048096192383
267,A black and white cat is sitting on a toilet. The toilet is white. There is a white wall behind the cat.,A gray cat is sitting on a closed toilet and looking down at an orange cat. The orange cat is looking up at the gray cat. The toilet seat and lid are light wood. The toilet itself is white and so are the tiles on the floor. The toilet paper roll hangs on a metallic holder.,0.04797493050223606,0.45833332903645835,0.8961555361747742,0.17886317728136883
268,A white and blue airplane is flying in the sky. There is a large white building behind the airplane.,A white airplane is taking off from the ground. There is blue writing on the side of the airplane. There are white vans on the ground below it.,0.029039957591238067,0.4117647009515571,0.9279810190200806,0.2534231953889787
269,A man is standing on a snow covered hill. He is wearing a black jacket and black pants. There is snow on the hill behind him.,Two people are skiing on snow. One of the people is wearing a white coat and orange pants. They are holding black ski poles. There is a person standing behind them also in the snow.,0.04061816859387155,0.4166666618836806,0.9287931323051453,0.2657516181089382
270,There is a boat in the water. The boat is white and blue. There are trees on the other side of the boat.,A boy is sitting at a small dock. The boat has small wooden benches on it. Above the boat is a bridge that has people walking on it.,0.026229560564734068,0.3157894687396123,0.901513397693634,0.19346590909090905
271,A man is standing on a grassy field. He is wearing a short sleeve shirt and shorts. The grass is short and green. There is a large bush behind the man.,There is a man in a brown shirt standing on the grass. There is a yellow frisbee in front of the man. There are trees behind the man.,0.06441338072560121,0.487804873123141,0.9229524731636047,0.40455758275041465
272,There is a train on the tracks. The train is blue and white. There are wires above the train.,"An abandoned train is shown on the tracks. There are some graffiti words on the train. The color of the writings are green, yellow, black, white, and a gray color.",0.050229101858785735,0.5263157848199447,0.9089892506599426,0.2950788158400615
273,A woman is playing tennis on a tennis court. She is wearing a short sleeve white shirt and white shorts. A green tennis ball is soaring in the air towards her. There are people standing behind her watching her play.,Two people are playing tennis. They are wearing white uniforms. The woman is wearing a tennis skort. She is swinging her racket. The dirt under her is light brown.,0.042266572401851284,0.3773584857102172,0.9117867350578308,0.35350913621262453
274,This is an image of a computer. The computer is sitting on a desk. There is a black keyboard and mouse on top of the keyboard.,A wooden desk with a laptop on top of it. There is a silver keyboard in front of the laptop and a mouse next to the keyboard. There are wires coming off of the laptop. There is a wall behind the desk and there is a blue note stuck to the wall.,0.031464274094146455,0.4489795871886714,0.9000770449638367,0.24802824201840779
275,A woman is standing on a tennis court playing tennis. She is wearing a short sleeve shirt and white shorts. A green tennis ball is soaring in the air towards her. There is a green fence behind the woman.,There are people on the tennis court. There are bushes and trees behind them. They are all wearing white shirts and holding tennis rackets.,0.008217174698420203,0.34042552709823454,0.904381513595581,0.2492156862745098
276,This is a picture of a building. The building has a clock on the front of it. There are trees in the distance behind the clock.,three birds are perched onto a handrail. the handrail is made out of wood. the wood is dark brown in color. the birds have white necks.,0.012219667481477889,0.30769230269559505,0.8760174512863159,0.15384615384615385
277,There is a white van on the street. The van is parked on a sidewalk. There are trees behind the van.,A bicycle is parked at a metal bicycle stand. There is a gold color lock attached to the bicycle stand. The bike is leaning onto the side of it. There is a black and gray bag attached to the bicycle. Behind the bicycle is a road with a large bus on it. The bus is white and blue and has an orange digital sign on the front.,0.008677013327938065,0.29629629245541844,0.8922697901725769,0.13454179748822603
278,There is a white van on the street. There are cars parked next to the van. The van has a black license plate on it.,A black vehicle with rain on it.  The inside of the car has black interior  A bird is sitting by the window.  The bird is white on top and with wings and tail are light blue.  The bird is looking into the mirror.  There is a bush on side of the car with purple flowers on it.,0.016645382258697616,0.39999999547768605,0.8785797357559204,0.16546881453944648
279,This is a picture of a zoo. The zoo has a lot of animals. There are two giraffes in the picture. One of them is black and the other one is brown and white.,A large barn is surrounded by wooden and metal fences. In front of the barn is a paved street. The roof of the barn is grey and the walls are painted white. The doors are bright white. There are many pastures surrounding the barn.,0.018469388605912032,0.33333332839506175,0.8716467022895813,0.2187954215116279
280,There is a wooden bench in the middle of the water. The water is blue and has small waves in it. There are trees on the ground next to the bench.,"A single red bench sits on the brick patio near the water. There is a short wall at the end of the patio, looking out over the water. The water spans as far as the eye can see, and is a bright blue. The sky is light blue above the water. There are dark shadows cast on the patio from unseen objects as well as from the bench.",0.04894046804415087,0.32835820444642466,0.8972339034080505,0.22279136492290724
281,There is a train on the tracks. The train is yellow and blue. There are wires above the train.,There is a white and yellow train with red doors next to a red and yellow train. They are on top of the railroad tracks. There is a brick walkway next to the trains.,0.03363385833815147,0.540540535836377,0.9134194254875183,0.258320251177394
282,A man is standing on a grassy field. He is wearing a white shirt and blue shorts. A black and white ball is soaring in the air towards him. There is a fence behind the man.,A man is standing on a field. The turf is green. It is night time. He is dressed in pants and a long sleeve shirt. He also has a winter hat on. He just got done throwing a Frisbee in the air. In back of him is a white brick wall and a blue trash can.,0.11198987926337764,0.4411764658650519,0.9139498472213745,0.220920466952213
283,There is a red and white sign on the side of the street. The sign has a black arrow on it. There are cars parked on both sides of this sign.,"A bricked sidewalk is showing little action. The gray brick sidewalk lines a red brick building. The building contains a street light at the top of the wall. There is also a sign on the wall that reads Copper Alley Nite Club Now Open, with a black double door for its entrance. On the sidewalk is a pole that has a no parking sign. There are two bicycles parked against the silver pole.",0.017308687530069488,0.3466666624142222,0.8807198405265808,0.18592538759689925
284,A man is skiing down a hill. He is wearing a black jacket and black pants. There is snow all around him.,A man with skis is skiing up a hill with ski poles. The slope is white and smooth and the sky is cloudy and grey. There are skinny pine trees in front of the skis. The skier is wearing a black jacket and a red and black backpack. His ski pants are grey.,0.07228247552306276,0.44444444000000005,0.921844482421875,0.19222117704797348
285,There is a sign on the pole. The sign is red and white. There are trees behind the sign.,The back of a stop sign on a pole is at the intersection of 13th Street and an unknown avenue at dusk. Six power lines run from a building in the distance. The windows on the building are small and high privacy windows.,0.01054597822542614,0.34782608272211724,0.8775572776794434,0.11083743842364532
286,A man is sitting on a bench in front of a window. He is wearing a black shirt and black pants. There is a white wall behind the man.,There is a black bear sitting in a green chair. There is a woman in a blue shirt and a man in a pink shirt kneeling behind the chair. There is a silver fence behind them.,0.04808055906707833,0.46511627407247164,0.9118154048919678,0.3308502080928899
287,A group of boys are playing soccer on a grassy field. One of the boys is wearing a red shirt and blue shorts. He is kicking a white soccer ball that is soaring towards him. The boy on the right is holding a yellow soccer,The picture is of a baseball team and the coaches together. They have old style uniforms on. In front of the row of players there are baseball bats on the ground. The picture was taken out in a open field.,0.016095596506318654,0.2812499950048829,0.8680157661437988,0.16049382716049382
288,A white and blue airplane is flying in the sky. There is a large white building behind the airplane.,a plane is flying in the sky. the plane is very white in color. there is a logo on the tail. the logo is in the shape of a leaf.,0.13009438161654785,0.43749999501953124,0.914385199546814,0.20761245674740483
289,A group of people are standing outside on a sunny day. They are all holding umbrellas over their heads. There is a man in a blue shirt standing in front of the people.,"Four people wearing old-fashioned clothing stand posing in front of the camera. They are in a large building with a bright ceiling, and there is a black train behind them. There are two men on either side of two women. The man on the far left has a black suit, black shoes, and a black top hat. The woman to his right is wearing a white, pink, and green dress, with a white hat, and a broach pinned to her chest. She is holding a white satchel in her white-gloved hands. The woman next to her is also wearing white gloves and holding a white satchel. This woman has a green dress on, with lace on the trim. The man next to her is wearing a checkered vest underneath a dark long coat and dark pants. He has a black top hat.",0.004478049469155409,0.2115384577884616,0.851349413394928,0.08009153318077802
290,There is a boat in the water. The boat is white and blue. There is water behind the boat.,a bunch of birds are on the ocean shore. the shore is very shallow. the birds are white in color. you can see their reflections in the wet sand.,0.016742218940599185,0.29411764249134953,0.8945344686508179,0.14285714285714285
291,A white table is sitting in a room. There is a white sink in front of the table.,There are wooden cabinets on the wall above a wooden counter. There is a window above the counter with white curtains on it. There are red peppers hanging from a white planter on the ceiling.,0.02843836643799911,0.285714281044898,0.8876291513442993,0.15976914414414414
292,A man in a white shirt and blue shorts is swinging a baseball bat. There is a black fence behind the man.,Two men are jumping in the air trying to catch a frisbee. The frisbee is white. There is a house behind them with some trees in front of it.,0.03997044604522479,0.27906976257436455,0.8980484008789062,0.2230565371024735
293,This is a picture of a computer. The computer is sitting on a white desk. There are two monitors on the desk that are turned on. One of the monitors is black and the other monitor is white.,A cat is lounging on a flat screen TV.  The cat has white paws.  The TV is mounted on the wall.  A bed is reflected on the screen of the TV.,0.021231792382422315,0.33333332837868485,0.8798583149909973,0.22082018927444794
294,This is an image of a man and a horse. The man is wearing a white shirt and black pants. He is standing on a grassy field. There is a large white building behind the man.,There is a man in a yellow shirt riding on top of a brown horse. There is rope in his hands and he is trying to rope a white cow. There is a wood fence behind the man.,0.06310607744836512,0.4313725440215302,0.9072503447532654,0.4326986526533013
295,There are people standing on a beach. There is a man in a blue shirt and white shorts. He is holding a white surfboard in his hand.,There are several people sitting on bicycles. They are on a beach and there is water behind them. A lady in a yellow shirt is standing next to a bike.,0.027758060544768523,0.48888888395061736,0.9241549968719482,0.34066591844369626
296,This is a picture of a shelf. The shelf is made out of wood. There are many items on the shelves. Some of the items are food. the food is brown and green. there are also many bottles. One bottle is red and,"A wooden table is next to a white stove. On the table are an apple, a pomegranate, a plastic container with brown food items, a container with cooking utensils and several other food related items. The tiles behind the table are beige and brown.",0.007794801163946733,0.29999999502222235,0.8667969107627869,0.1912393659058156
297,A plate of food is sitting on a table. There is a glass on the table behind the plate. The table is made of wood.,"A girl in a purple and black shirt sits at a table in front of a plate. On the round yellow plate there is a slice of pizza with macaroni on top of it, and a long handled silver fork. the table is wooden with a white pebbled section n the middle. Near the camera there is a green water bottle.",0.008266918054027012,0.2758620649702735,0.8825327157974243,0.16550522648083624
298,This is a picture of a road. The road is paved. There is grass on the ground. the grass is green and brown. there are trees in the background.,This image is of a bench sitting along what appears to be a paved walkway.  There is a area of grass behind the bench that has small red flowers blooming in it.  In the background are trees and 2 bright red double decker buses.  you can also see some city building in the far distance.,0.013817343807297777,0.3582089509200267,0.8930268287658691,0.21299426820571066
299,A man is jumping in the air on a skateboard. He is wearing a white shirt and black pants. There is a fence behind the man.,A young man flying through the air on a skateboard. The skateboard is gray in color. The young man on the skateboard is wearing gray pants and a white shirt. There is a crowd watching the young man on the skate board. There is a wall separating the man from the crowd.,0.08757003620759891,0.5416666618055557,0.9365118145942688,0.2364172539611136
300,A large white and blue airplane is flying in the sky. There is a large propeller on the front of the airplane.,A plane that is red and blue is flying in the air. There are several white clouds behind the plane. There is a white stripe on the plane.,0.15400559179922363,0.5945945896274654,0.9353465437889099,0.4632802025919856
301,A man is standing in a kitchen. He is wearing a white shirt and black pants. There is a silver kettle on the stove.,A man is in a blue shirt and jean overalls. He is wearing a white and black hat on his head. There is a white refrigerator in front of him. There are white trucks behind him.,0.17748755115263445,0.5652173863894141,0.9051933288574219,0.4387901205106789
302,A man and a woman are standing outside on a sunny day. The man is wearing a gray shirt and gray pants. He is holding a white dog in his arms. There is a wooden fence behind the man.,There is a large brown dog standing next to a woman. The woman is holding a blue frisbee in her hand. There is also another person standing next to the dog.,0.04880523390786329,0.399999995128,0.9091037511825562,0.3016300859966628
303,A woman is sitting at a table. She has a white plate on her lap. There is food on top of the plate.,a little girl is eating a slice of pizza. she is holding it in her hands. the pizza is pepperoni. The table is blue and there is a red plate on the table beside a plastic white fork. the kid is wearing a bib which is white in color and there is a mess on top of the table.,0.031091602520980584,0.37037036580932786,0.9011013507843018,0.2418843073104693
304,A man is skateboarding outside on a sunny day. He is wearing a black shirt and black pants. The skateboard is black and the wheels are black. There are trees behind the man.,A man is wearing a black cap and jumping off of a skateboard. The skateboard is green and red. There is a red brick building behind the person.,0.15110567441923348,0.5454545404648761,0.9314607977867126,0.3733552631578947
305,A man in a black wet suit is standing on a beach. He is holding a white surfboard in his hand. There is water behind him.,a kite is in the sky. the kite is light blue in color. people are flying the kites. the sky is very blue and has wispy clouds in the sky.,0.009750124658408023,0.1538461488757398,0.8576964735984802,0.10135135135135136
306,A woman is sitting at a table. She is wearing a white shirt. There is a cake on the table in front of her.,A little girl with a brown hat on and she has long hair underneath the hat.  She is wearing a blue and pink top that is a little off her shoulder .  She is eating a piece of cake out of her hands her fingers have cartoon character wrapped around them and a person in black clothing is sitting on the right side of her.,0.031188680492953494,0.34374999582519533,0.8827786445617676,0.19226575328407225
307,There is a large airplane in the sky. The airplane is white with a blue stripe down the side of it. There is writing on the tail of the airplane.,Some planes sit on the ground. The ground is covered in mostly green grass. The plane in the front is mostly silver with some red and black signs. There is a black plane and a red plane behind it. Many tall trees are behind the planes. The sky above is blue. There are no clouds in the sky.,0.028038866436919243,0.3999999953719009,0.8882479667663574,0.16304347826086957
308,A white truck is parked on the side of a street. There is a black car behind the truck.,A hot rod truck sits in a parking lot.  A surfboard is resting on top.  The truck is antique looking.  It has fancy wheels with fenders.  The hood has exhaust pipes sticking out.  The truck bed is covered up.  The truck is painted black.  A modern conventional car is parked nearby.,0.006721062054619406,0.26415093933784267,0.8865392804145813,0.14367716726027868
309,A man is surfing in the water. He is wearing a black wet suit. There is a white surfboard behind him.,"A person stands, wearing a wetsuit, on a surfboard surfing in the waves of the ocean. While another surfer sits on the surfboard looking on at the surfer. Two heads can be seen bobbing in the distance behind the ocean wave. A concrete pillar is in the foreground of the beach.",0.016200960984222836,0.346153841627219,0.9014329314231873,0.11458333333333334
310,This is an image of a polar bear. The bear is brown and black and has a black nose and fuzzy ears. There is a tree behind the bear that has green leaves on it.,"A man in an elaborate blue, red and gold eastern style costume is standing in front of a stand on which two large brown bears are on four paws and appear to be kissing the man on his cheeks. Behind them is a cloth with has small bears and trees painted on it. A large large with rope on it is in front of them.",0.010381210455946789,0.2608695605965134,0.86421799659729,0.16129032258064518
311,There is a fire hydrant on the ground. There is water in the water. The fire hyrant is red and white.,A red fire hydrant is in the dirt. There are green bushes all around the hydrant. There is a brown leaf on the ground in front of the hydrant.,0.05492542759175083,0.499999995138889,0.9117363095283508,0.23049645390070922
312,A table has a large white plate on it. There is a glass on the table behind the plate. The table is made of wood.,Two people are sitting next to each other at the table. On the table are drinks and many dishes of various foods. In the middle of the table is a cutting board with a whole pizza on it.,0.020142177807547634,0.29166666197916674,0.8958176970481873,0.25800408719346046
313,"A man is riding a motorcycle on a paved road. He is wearing a black helmet, a white shirt and black pants. There is a red and white sign on the side of the motorcycle.","A parade is going down the street in a town in a residential area. There are there police officers on motorcycles in the front, and behind them there is a police car. People are standing on the sidewalk watching as the parade goes by.",0.01616495003663086,0.2222222173319617,0.8742594718933105,0.23297958511237113
314,A man is riding a motorcycle down the street. He is wearing a black helmet on his head. There is a red and white sign on the front of the motorcycle.,"A man in a black t-shirt, black leather vest, and blue jeans is sitting on a dark red Kawasaki motorcycle with a USA flag on the back. The rider is wearing a helmet with a design painted on it, and looking off to his left. On the left of him there is a white car in front. And there is a gray car behind him. There are two trucks and two cars going the opposite direction on the left of the street.",0.013703487011584282,0.4415584373688649,0.8995397686958313,0.2278090834657805
315,There is a large white airplane in the sky. There are people standing on the ground next to the airplane.,There is a large gray plane with people standing next to it. There is a person in a blue shirt next to the plane. There are cars next to the plane.,0.1269996256873026,0.6285714236081633,0.943581759929657,0.3841206388157764
316,This is a picture of a restaurant. The restaurant has a lot of food on the table. There are many different types of pizzas. Some of the pizza has cheese on it. A man is sitting at a table wearing a white shirt.,A white and brown building is in front of a brick sidewalk. There is a person standing behind a silver table. There is a yellow cart in front of the window on the building.,0.022432357486338775,0.30188678754004994,0.8820176124572754,0.2550780006367399
317,This is an image of a train. The train is blue and white. There is a man standing on the platform. He is wearing a black jacket and black pants.,An old steam locomotive is chugging down the tracks through a wooded area. There is a steamstack on it that has smoke billowing from it. The train has many open windows and it is filled with people.,0.03747855549015511,0.22641508948380215,0.8619452714920044,0.21728853896686065
318,This is an image of a computer. The computer is sitting on a white desk. There is a black keyboard on the desk with white keys on it.,A flat screen computer is positioned on a contemporary desk.  There is a flexible desk lamp to the side.  On the opposite side is a set of speakers.  On the front left edge is a large pair of headphones hanging from the corner.  An ergonomic office chair is in front of the computer and facing a red wall.,0.04368290717386691,0.27586206456004764,0.8697155714035034,0.180245360176156
319,A black and white cow standing in a field. There is a fence behind the cow.,There is a wood fence with bushes and trees in front of them. There is a large brown cow behind the fence. The cow is standing in a field of grass. The sky is blue and there are no clouds in the sky.,0.023302664134622994,0.5238095193650794,0.9056795239448547,0.14888337468982626
320,This is a picture of a street. The street is made up of tall buildings. There are many windows on the building. Some of the windows are white and some are black. A sign is on a pole that is attached to the pole.,There is a black steel fence with a white and black sign on the front of it. There is a yellow and orange building behind the fence. There is a brick building next to them.,0.01927811464498836,0.46153845660502957,0.888603687286377,0.2367688022284123
321,There are two people standing on the grass. The grass is very green. There is a man in a blue shirt standing in front of the people.,"Two birds stand next to each other.  The birds seem to be of the same species, only male and female.  One bird has an elaborate growth coming from the top of its head.  Its head is black with white stripes.  The other bird's head does not have a growth or any stripes.  The birds are standing on flat ground next to some green grass.",0.006667931325316087,0.2608695612266331,0.8667660355567932,0.1077943615257048
322,There are two zebras standing in a field. There is grass on the ground in front of them.,There are two zebras standing on dirt. They are both facing away in the same direction. There are several bushes on the ground next to them.,0.1867048259946832,0.5405405356318481,0.9448599815368652,0.4056437389770724
323,A bed is in the corner of the room. The bed has a white blanket on it. There is a window behind the bed.,The image contains a bed with an intricately carved headboard and foot board.  A flowery blanket covers the bed along with two pillows.  A blue piece of material is draped over the foot board.  Two gold-framed mirrors of differing sizes are standing against the wall.,0.006007520152000308,0.25454545014214885,0.8766547441482544,0.18385953297195892
324,There is a train on the tracks. The train is red and white. There are wires above the train.,a train is on the tracks. the train is red in color. the tracks are black in color. there is nobody on the platform. there is a sign above the platform.,0.06164350383580478,0.5999999950222225,0.9258078336715698,0.3395227442207308
325,This is a picture of a dog. The dog is black and white. There is an orange cone on the ground. the dog has a black collar on it.,A rear view mirror on a car. It is black around the rim. There is a white and gray dog in the reflection of the mirror. There is a large tree in front of them.,0.0238223722413409,0.355555550617284,0.887644350528717,0.2587855297157623
326,A man is sitting at a table in a restaurant. He is wearing a white shirt and a black tie. There is a glass of wine in front of the man.,There is a man sitting at a table wearing a green shirt and a gray jacket. There is a pizza on the table in front of him on a wood serving board. There is a salad and a sandwich on a plate on the table.,0.12436707923097105,0.5833333283680556,0.9180025458335876,0.3751378227131832
327,A man is sitting at a table in a restaurant. He is wearing a white shirt and a black tie. There is a glass of wine in front of the man.,A man is presenting a woman with some desert. There is some cheesecake and icecream with a candle. They are in a very nice restaurant and they are both smiling.,0.047973925170118475,0.35555555055802474,0.8884009718894958,0.21112956810631225
328,A white plate is sitting on a table. There is a white bowl on the table next to the plate.,The sun's rays are shinning through the trees in the back ground. The trees are tall and they produce a lot of shade. There is a white table in the foreground. On the white table is a zip lock bag. In the bag is three or four rolls of what appears to be some kind of processed meat. The meat are in rolls such as what you would expect bologna or sausage to be.,0.01037324479916236,0.22950819336737438,0.8728546500205994,0.10204081632653061
329,A toilet is in the corner of the room. There is a white wall behind the toilet. The wall is made of wood.,The room is being finished. There are bare walls. There is no sheetrock. The bath tub is white. It is just sitting in place. The wood beams are thin.,0.017757983499689284,0.3157894688088643,0.9015989899635315,0.1408450704225352
330,"A man is skateboarding outside on a sunny day. He is wearing a short sleeve shirt, shorts, and a black helmet. The skateboard is black and the wheels on it are black. There are trees behind the man.",A person is riding on a skateboard. The skateboard is black with yellow wheels. The person's shoes are black with green socks. Pants are black. Two hands are hanging by the side of the body. The ground is nicely tiled with a sort of brick.,0.08108479333279653,0.34482758123067775,0.8964322805404663,0.21237478837471785
331,This is an image of a polar bear. The bear is standing on a rock. There is a large rock on the ground in front of the bear that is gray and has a white fur on it's chin.,A white polar bear is relaxing in water. The water is blue and calm. The polar bears back paw is sticking out of the water. The paw has black padding. The water is enclosed by a rock like wall. The polar bear has closed eyes. The mouth is in a frown.,0.014976231710052945,0.37931033988109397,0.8829834461212158,0.2008032128514056
332,A sheep is walking on the grass. The sheep has a black and white coat. There is a fence behind the sheep.,There is a road that has sheep standing on it. There is a person riding a bicycle going down the road in front of them. There is tall grass and trees around the road.,0.03448350306570657,0.3333333285147393,0.9018816351890564,0.22495342140921407
333,A man is standing on a grassy field. He is wearing a white shirt and black pants. There is a blue and white ball on the ground in front of him.,three kids are all standing outside in the grass. they are all holding bats and balls. the bat is red in color. the ball is white.,0.009812163258584559,0.27272726776859507,0.8982672691345215,0.1320754716981132
334,A woman is sitting at a table in a restaurant. She is wearing a short sleeve white shirt and black pants. There is a glass of wine in front of her on the table.,A lady is holding her phone and sitting with her legs crossed. She has a gray flip phone. She is wearing a brown tank with some short white shorts. She has blond hair and sunglasses on the top of her hair and she is in a building that has a lot of wooden furniture.,0.06729136466566171,0.3492063443587806,0.8895622491836548,0.2444230769230769
335,This is a picture of a pool. The pool has a blue and white pool table. There are people sitting on the ground next to the pool and they are all holding umbrellas.,A large swimming pool is free of people swimming. The light blue pool is decorated on the bottom with three blue triangles and a curvy stripe. People stand around the pool by a few white tents set up on the far end of the pool. A set of stairs leads into the pool. The stairs have a metal railing.,0.012209121547271717,0.34374999523925787,0.8917899131774902,0.1595744680851064
336,This is an image of a street. The street is very busy with traffic. There is a red and white sign on the side of the road. This sign is white and has a black arrow on it.,"The view is an industrial area of a city and is under construction. To the right is a business with a yellow and blue billboard. In addition there is a flagpole with an American flag adjacent to the building. There are several vehicles in a parking lot in front of the business. To the left is a construction site that is fenced and barricaded off from the street. A tall, blue crane stretches into the blue, cloudy sky. In the foreground a stop sign with a sticker under the silver letters stands on a street corner. The sign casts a dark shadow on the sidewalk behind it.",0.0046678726213216235,0.279569888542028,0.8708096742630005,0.14428618718559547
337,There is a white toilet in the corner of the room. There are white towels hanging on the wall above the toilet.,A room with a lot of machine in it.  Some of the machines are silver and some of white.  The floor is black and shiny.  The wall in the room are white.  There is writing on top of the silver machines and black dials on top of the white machines.,0.010812380663979567,0.4545454499173554,0.8766207695007324,0.13771186440677965
338,Two people are standing on skis in the snow. One of the people is wearing a black jacket and black pants. The other person is holding ski poles in their hands.,Two children are posing for a camera in the snow.  The boy is standing on skis with a blue helmet and a snow jacket.  The girl has a graphic designed ski jacket and blue helmet.  There is a ski lift on the right side of the mountain.  Trees and mountains are seen in the distance.,0.03371907927302142,0.4838709628720083,0.899808943271637,0.19806482655025115
339,A large white and blue airplane is flying in the sky. There is a white building behind the airplane.,there is a plane in the air. it is a green military plane. it has really shorts wings. the tail wings are also small. it has propellers on the front. it is being surrounded by clouds. the sky is very blue.,0.010587154824246128,0.23255813499188757,0.8822597861289978,0.11597938144329896
340,A cat is sitting on top of a laptop. The cat has white fur on it's chin. There is a white wall behind the cat.,A cat is black and white. It has a pink mouth and white whiskers. It is looking up. The cat is laying in green grass. The ears of the cat are pointing up.,0.041694503725522226,0.3720930183234181,0.900688886642456,0.17080745341614906
341,There is a boat in the water. The boat is white and blue. There are people standing on the sand behind the boat.,Many narrow kayaks sit in the water. They are all bright colors.The water is still and flat. Next to the water is a fence. There is a bridge over part of the water. There are many trees next to the water. A tree branch covers some of the boats. There are the reflections of many trees in the water. The sky above is clear.,0.03063916268629409,0.3214285672002552,0.8947464823722839,0.13167903112682874
342,A herd of elephants are walking in a field. There is a large rock wall behind the elephants.,A group of animals is gathered in a field. There are elephants and rhinoceroses standing together near a watering hole. There are both younger and older animals here together. Some of the elephants are caked with mud after being in the water.  The rhinoceroses are walking toward the water while the elephants are facing the direction the rhinos are walking from. The elephants have large flapped ears and long trunks. The water hole is surrounded by tall green grass and trees with many green leaves on them.,0.004438202942968585,0.33802816552271375,0.8841902017593384,0.11974827384137175
343,A bathroom with a white toilet in it. There is a mirror on the wall behind the toilet.,A man is taking a selfie in the mirror. He has on a black suit with a orange shirt. His tie is green and white. The bathroom has very dim lighting.,0.01615921779704669,0.38095237636054424,0.8860311508178711,0.16835016835016836
344,A man is sitting at a table in a restaurant. He is wearing a white shirt and black pants. There is a pizza on the table next to him.,A woman in a blue shirt is standing on the sidewalk. There is a hot dog in her hands and she is taking a bite out of it. There are people walking on the sidewalk behind her.,0.04170826999507798,0.35999999503200003,0.9080622792243958,0.217888783549642
345,A white plate is sitting on a table. There is a white bowl on the table next to the plate.,A hot dog is sitting on a white piece of paper. There are chopped onions on top of the hot dog. There is mustard on top of the hot dog.,0.10637135085422923,0.5161290273881375,0.9052556157112122,0.30635508691935015
346,There is a toilet in the corner of the room. The toilet is white. There are towels hanging on the wall above the toilet.,a toilet is in the ground. the toilet is bright white. there is a bowl in water in front of the toilet. the bathroom is made of cement.,0.03539940592258877,0.42424241924701567,0.9117398858070374,0.38422434191067734
347,"A man is riding a motorcycle on a paved road. He is wearing a black helmet, a white shirt and black pants. The motorcycle is black. There are trees behind the man.",there is a motorcycle on a road. there are white lines on a road. a man is riding the motorcycle. the man is wearing red and black. he is also wearing a helmet. there are many people on the sidewalk.,0.1126656685952532,0.5333333283358025,0.9136011600494385,0.35039635688986337
348,A man is skateboarding outside on a sunny day. He is wearing a black shirt and black pants. The skateboard is black and the wheels are black. There is a fence behind the man.,A man is wearing a t shirt and jeans. He is jumping off of a skateboard. The man is wearing a white cap. There is a skating ramp behind the man.,0.08968235248346601,0.577777772780247,0.9317005276679993,0.4898828541001065
349,This is an image of a horse. The horse is brown and has a black mane on it. There is a man standing in front of the horse with a white hat on his head. He is wearing a gray shirt and black pants.,Two donkeys are pulling a carriage. The donkies are wearing reigns. The reigns are black in color. There is a man pulling on the reigns. He is wearing a cowboy hat and blue jeans.,0.12390868135565389,0.4727272678082645,0.895888090133667,0.3607142857142857
350,A black car is parked on the street. There is a white car behind the car.,A white cat with black paws is standing on top of a parked car and standing at the camera. On the windshield of the car is the reflection of a building and the fluffy clouds in the sky. Behind the car there are two buildings and a gray car parked on the street.,0.021871657075563315,0.3999999960888889,0.9033425450325012,0.18057245886860493
351,A woman is wearing a white dress. She is standing in front of a mirror. There is a man in a blue shirt standing behind her.,a woman is on the phone. her phone is white. her hat has a bow on it. she is smiling at somebody. she is wearing neutral colors.,0.024050010283395613,0.2631578897368422,0.8909445405006409,0.14869888475836432
352,There is a train on the tracks. The train is red and white. There are people standing in front of the train.,A person is wearing a tan jacket. They have a brown backpack on their back and a gray scarf. They are holding a cell phone in their hands. There is a silver train in front of the person.,0.08646915220982629,0.47826086490548214,0.8922672271728516,0.26013049450549447
353,There are two elephants standing in a field. There is a fence behind the elephants.,There is a large elephant standing in the grass. There is a giraffe in front of the elephant. There are trees behind a fence in front of the animals.,0.04476238132994026,0.5517241330796672,0.9438444972038269,0.30897745571658614
354,This is a picture of a clock tower. The tower is made of stone. There is an old church in the middle of the towers.,"The sky is gray and cloudy. The clock tower is visible. The tower has compass on its top, and has two clock faces. Below of the tower is row of trees and a field. On the field a person is walking.",0.01740009882797861,0.2727272678925621,0.8841156959533691,0.18727086858432035
355,A man is skiing down a hill. He is wearing a black jacket and black pants. There is snow on the hill behind him.,a man is getting ready to ski down a mountain. he is wearing a really yellow jacket. his hat is red in color. there are two ski sticks in the ground. his skis are pointed forward. he is a happy man.,0.030185967759478818,0.2916666618836806,0.9021781086921692,0.1653944020356234
356,This is an image of a bed. The bed has a white blanket on top of it. There is a black and white cat sitting on the blanket.,A bed with a colorful quilt on it. The headboard on the bed is wooden. Next to the bed is a small table with a small lamp on it.,0.024959527807239767,0.3684210476454294,0.8950158953666687,0.19031141868512108
357,A man is skiing down a hill. He is wearing a black jacket and black pants. There is snow on the hill behind him.,A man is being shown laying on the side of a mountain. He has ski equipment. Behind him are very tall and sharp mountains and clouds in a very clear blue sky.,0.04087246686444207,0.33333332855034725,0.898741602897644,0.2904528903049613
358,A white plate is sitting on a table. There is a glass on the table behind the plate.,Two octagon-shaped waffles are in a pile on a floral bordered plate. There is a neat square of butter on top of the waffles. The waffles are slightly browned. Next to the plate is a bottle of syrup with a light colored label. The counter beneath the plate is a dark granite.,0.013305952865987045,0.26086956136105866,0.8786413073539734,0.15182041609510746
359,This is an image of a street. The street is very busy with traffic. There is a red and white sign on the side of the road. This sign is white and has a black arrow on it.,The square sign is black white and blue. It has a white triangle has a icon of a person walking across the crosswalk. The sign is on top of a silver pole. Behind the sign is a stop sign and a paved street.,0.024325644049509494,0.4230769180843196,0.8826823234558105,0.2470588235294118
360,This is an image of a street. The street is very busy with traffic. There is a red light on the right of the image. A car is driving down the road. It has a black license plate on it.,A bunch of cars are driving in a snow storm. A couple of cars that are parked near the sidewalks are completely covered in snow. The signs are all covered and so are the houses.,0.007771324020744102,0.22641508938412258,0.8742005228996277,0.14084507042253522
361,"A large white bowl is sitting on a table. There is broccoli, onions, and green peppers on top of the broccoli.","I see a wooden table with broccoli, onions and carrots on top of it. There is also a sharp kitchen knife next to the carrots. The broccoli carrots and onions appears to be chopped.",0.035454643833130794,0.42553191007695795,0.9104331135749817,0.2716910556777112
362,There are two sheep in the image. The sheep on the left are brown and white. There is a fence behind them.,A sheep is laying down in some hay. There is a hand of a person reaching in and petting the sheep. The person is wearing a blue jacket. The sheep is looking up.,0.0379828288899308,0.3414634097085069,0.8811824321746826,0.15673981191222572
363,There is a train on the tracks. The train is red and white. There are wires above the train.,There are two red trolleys on the tracks. There is a fence next to the trolleys. There is a building behind the trolley.,0.0844829366260755,0.5333333283555556,0.9225698709487915,0.41897123893805305
364,A train is on the train tracks. There is a man in a blue shirt standing next to it. The man is wearing a black jacket.,"A man is walking by an MBTA commuter rail coach.  The coach has a purple stripe and a ""T"" logo, signifying transit.  He is wearing sunglasses, a t shirt, pants and sneakers.  He is carrying a red bag over is shoulder.  A yellow tactile warning strip runs along the side of the train.",0.00990591154878393,0.25806451175858486,0.877001166343689,0.16690672292773964
365,A kitchen with a white counter top. There is a silver stove next to the stove.,A note is hanging on the wall above a range top. The walls have white tiles and all the cabinets in the kitchen are white. The refrigerator has a bunch of gray magnets on it.,0.006309241365904983,0.32558139095727423,0.895429790019989,0.12084592145015105
366,A man in a black jacket and black pants is standing on top of a snow covered hill. The man is holding a red and white snowboard in his hand. There is snow all around the man.,There are two people waking in snow shoes in the snow wearing black snow suits. There are trees next to the people on both sides. There are tracks in the snow.,0.008428682606415532,0.2608695603686201,0.8941558599472046,0.15822784810126583
367,A man and a woman are standing in a room. The man is wearing a white shirt and white pants. He is holding a wine glass in his hand. There is a table in front of the man.,A woman is wearing a grey tie and holding up a bottle of beer. She is having a good time dancing at a party. The woman has dark brown hair. There is a picture on the wall behind the woman's head.,0.04864176824252922,0.3728813510025855,0.9097757339477539,0.3010465640223426
368,This is a picture of a building. The building has a clock on the front of it. There are trees in the distance behind the clock.,"A contrail is the only mark on this bright blue sky above a distinctive building. The building is made of different sized grey, tan stones. A peak of a rooftop in one area of the building can be seen. The roof is shingled with rust colored shingles. Behind the roof is a square tower with a black round clock. The tower is topped with a flag resting without a breeze.",0.01177239461957587,0.23880596608598803,0.8672661185264587,0.15881417494730501
369,This is an image of a street. The street is made up of concrete. There is a red light on the pole in the middle of the concrete and the light is reflecting off of it. You can see trees and buildings on both sides of,There are several benches on the ground. There are trees and bushes behind the benches. There is a person walking on the sidewalk in front of the benches.,0.03589264551638681,0.3673469340274886,0.8797242045402527,0.32187371592932473
370,A bathroom with a toilet in it. The toilet is white. There is a mirror on the wall behind the toilet.,An open door of a bathroom. The toilet is cleaned and the lid is closed. The wall appears to have very nice and neat wallpaper on it. The light is on and the overall appearance of the doorway and room is very clean.,0.02371298862917199,0.3478260824196598,0.8970808386802673,0.15575980392156863
371,This is a picture of a woman. The woman is holding a purse in her left hand. She is wearing a long sleeve shirt with a floral print on the front of it. Her purse is brown and has a black strap around the waist.,"A white cup of tea with a tea bag inside sits on a saucer with a spoon on it. Beside the saucer there is a small container of cream, and a pair of silver over sized sunglasses. Next tot eh glasses there is a black flip phone. Closest to the camera there is a black leather portfolio open with pages of paper clipped inside.",0.012923612408917425,0.2105263108760389,0.8496089577674866,0.1758846646236747
372,There is a train on the tracks. The train is red and white. There are wires above the train.,A black steam locomotive is riding on train tracks. It is black and green and yellow. There is steam coming from the stack. Around the locomotive is green grass. A few people are walking by the train.,0.015206176955170105,0.35897435437212366,0.9072440266609192,0.22407880580957504
373,A plate of food sits on a table. There is a glass on the table behind the plate. The plate is sitting on top of a white table cloth.,"Inside of a white bowl is some yogurt, blueberries and almonds.  A silver spoon is inside the bowl and used for eating with.  The juice from the blueberries is making the white yogurt tinted blue.  The almonds are whole and there are more berries than anything else in the bowl.  The bowl is round and is sitting on a wooden table.  Residue of the food can be seen on the insides of the bowl.",0.016141607816480216,0.33846153445680477,0.8714680671691895,0.1499023003819167
374,A man is skiing down a hill. He is wearing a black jacket and black pants. There is snow on the hill behind him.,A person is skiing down a hill. There are trees on the other side of the hill. The person has a red jacket on. There are many tracks in the snow in front of the person.,0.11756637321252912,0.5116279020443484,0.9313429594039917,0.24505108556832692
375,This is an image of a park. The park has a lot of green grass. There are many trees in the background. Some of the trees are green and some of them are not. You can see a bridge over the water.,Tug boats are docked at the shore. Three men are on the pavement wearing jackets. Two are standing and one is sitting on a green park bench. There are two green metal park benches which are curved into a half circle.,0.014831886783611048,0.22580644661810625,0.8681901097297668,0.15815085158150852
376,This is an image of a computer. The computer is sitting on a desk. There is a keyboard and mouse on the desk in front of it.,There is a white desk with various items on top of it. There is a computer monitor that is turned on. There is a black keyboard in front of the computer. There is a black mouse and several black wires.,0.05128975892102487,0.5454545405475207,0.9039040207862854,0.3844961240310078
377,A large white and red airplane is flying in the sky. There are people standing on the ground next to the airplane.,A kite is flying hair in the air. It is flying over a building. The sky is gray and cloudy. The kite is red and green in color.,0.022750013896026256,0.30769230269559505,0.8925637602806091,0.1642335766423358
378,This is an image of a bird. The bird is standing on a branch. There is a brown and white bird in the middle of the branches.,"This image shows a bird perched on a wood stand to the right of a corn cob. The corn cop has about 1/3 of its kernels still attached to it. The cob has been attached to the wood below it at a ninety degree angle, so it is standing straight up. The bird has black plumage on its head and shoulders, and dark blue feathers on its wings and tail. The bird's beak is slightly curved upwards and it has a small crest of feathers on its head. Its eyes are shiny and black, and its feet are thin and black.",0.002299940270449039,0.27848100900496714,0.865217924118042,0.10591340608641647
379,A pizza is sitting on top of a white plate. There is cheese and pepperoni on the pizza.,A pizza sits on a yellow plate. There are cut up tomatoes on top of the pizza. There is spinach on top of the pizza.,0.06744622679210505,0.6249999950195313,0.9387152791023254,0.4462220274186087
380,A woman is standing on a sidewalk. She is wearing a black jacket and black pants. There is a large tree behind her.,Two people are walking down the street. They are huddled under a clear umbrella. There is a man wearing an orange vest and a woman carrying a black bag.,0.04599353356235354,0.27906976257436455,0.907418966293335,0.2237676056338028
381,A cat is laying on a bed. The cat has a black nose and fuzzy ears. There is a window behind the cat.,A girl is pointing at a fuzzy teddy bear. She is crouched down and wearing a sweater. The bear is sitting on the ground and facing the girl.,0.011850541740049745,0.4102564052859961,0.8958742618560791,0.1818181818181818
382,There is a train on the tracks. The train is yellow and blue. There are trees behind the train.,"A multi-colored train traveling down tracks. The train has a single headlight on it's engine. There is smoke billowing out of the train engine's smoke stack. The train track is on top of a hillside. There are plants to the left of the train,. There are large gray clouds above the train. The sky above the train is partially blue.",0.011461728004292364,0.38461538068047335,0.8969693779945374,0.18099781355595307
383,A woman is standing in a bathroom. She is wearing a white tank top and white bottoms. There is a mirror behind the woman.,A man is shaving in the bathroom. He is looking into a very big mirror. He has on a white tank and the door is open.,0.05095846533130031,0.5128205078500987,0.9088022708892822,0.23255813953488372
384,This is an image of a cat. The cat is brown and white. There is a small window on the wall behind the cat and it is sitting on it's hind legs. It has a black nose and fuzzy ears.,"The dog is a husky. His nose is black. His fur is combination of white, beige and gray. There is a stuffed elephant toy on his head. The elephant is gray with white tusks. The dog is looking sad and lying on the carpeted floor. Behind the dog are the feet of brown chairs and table, they are made of wood. The dog has whiskers.",0.02149102765239392,0.33802816418171,0.8813466429710388,0.16
385,A man in a black wet suit is standing on a beach. He is holding a white surfboard in his hand. There are waves in the water behind him.,A man is walking with his surfboard and sun on the beach. They are walking towards the water. The man has a black and white shirt on and some blue shorts. His son has no shirt on and plaid shorts.,0.017431996715032705,0.45283018372374517,0.8945795297622681,0.15424164524421594
386,This is an image of a street. The street is very busy with traffic. There is a red light on the right of the image. It is daytime and the sun is shining very bright.,a sign is on a pole. the pole is silver. there is a light on the pole. the light is red in color. the cars are going down the road.,0.04114081637091977,0.2926829219750149,0.8850705027580261,0.22950819672131148
387,A woman is standing on a tennis court playing tennis. She is wearing a short sleeve shirt and white shorts. A green tennis ball is soaring in the air towards her. There is a green fence behind the woman.,a blonde haired woman with a white top and shorts is waiting to hit the tennis ball that is in the air. there is a bald man with brown shorts with a stripe on the side holding a tennis racket waiting for the ball to come to him/. The court is made up of green and white with white lines. there is a long net separating the man from the other player.,0.011300895213254992,0.36111110635802474,0.8922678828239441,0.20737542753210447
388,A man is standing in a kitchen. He is wearing a white chef's shirt. There is a silver fork in front of the man.,There are women standing in a kitchen wearing white. There is a large sink behind them. There are ovens next to the women. One of the women is holding a basket.,0.060538782709139406,0.44999999505,0.9210480451583862,0.22665902953931757
389,A group of people are standing outside on a cloudy day. They are all holding umbrellas over their heads. There is a man in a blue shirt standing in front of the people.,A black and white photo of a foreign scene. The scene appears to be somewhere in Asia. There is a person wearing a big triangular hat in the foreground.,0.037776418604808376,0.27450979892349103,0.8731797933578491,0.2716871872716028
390,A white plate is sitting on a table. There is a white bowl on the table next to the plate.,The half eaten sandwich is on the plate. The sandwich has meat in between. The plate is white. Behind the plate is a bowl of salad. The bowl is blue. There are two glasses of water behind the bowl.,0.016655550218667756,0.42105262707756236,0.9081280827522278,0.17129380053908352
391,A woman is standing on a tennis court playing tennis. She is wearing a short sleeve white shirt and white shorts. A green tennis ball is soaring in the air towards her. There is a fence behind the woman.,"A tennis match is about to begin on an outdoor court. It is a clear day with a blue sky and small fluffy clouds. In the background there are white outbuildings with gray, metal roofs surrounded by trees. Nearer to the court, on a grassy slope,there are several rows of spectators dressed casually and for mild weather. The spectators sit on the ground or in chairs. In the foreground is the tennis court. The playing surface is natural grass with white lines that shows wear in some areas where play is frequent. The court is surrounded on the spectator side by a low green carrier. To the left of the spectator side, the court is surrounded by a higher, dark barrier. People wait along this barrier to enter the court to retrieve balls. On the court two players are present along with one official or coach. One player is warming up by tossing the ball in the air to hit. The other is standing next to the official. A full court net separates them. Because of the time of day, and direction of the sun, people cast shadows across the court.",0.0010076792148398564,0.17931034171129612,0.8493584394454956,0.07394766780432309
392,There is a train on the tracks. The train is yellow and blue. There are trees behind the train.,A red and yellow train moves along the track.  One side of the track is lined with trees.  There is a single light near the window on the front of the train.,0.04183748412352132,0.36842104797783937,0.9102276563644409,0.24034111473036557
393,A white plate is sitting on a table. There is a white bowl on the table next to the plate.,"A paper plate is filled with a salad. The salad has large, soggy pieces of lettuce. They all have salad dressing on top of them. There is a toasted piece of bread in front of the lettuce. The paper plate is white.",0.023106850536092006,0.3720930190373175,0.8889383673667908,0.12562814070351758
394,This is an image of a bird. The bird is standing on top of some rocks. There is a rock on the ground. the rock is brown and has a black and white stripe down the side of it.,A brown and white spotted bird is standing on a fence. The fence under the bird is steel. There is a field of grass behind the bird.,0.11596553793359075,0.47826086465028356,0.903339147567749,0.41414937396024876
395,A large white and blue airplane is flying in the sky. There is a large propeller on the front of the airplane.,a plane is flying in the air. the plane is all white in color. the plane is very pointy. the sky is very blue. the clouds are very fluffy.,0.09634017681188237,0.35294117147058834,0.8929072022438049,0.1590106007067138
396,A man in a white shirt and black pants is sitting on a motorcycle. There is a black motorcycle behind him.,There are three old people in the picture. At the center is a classic and shiny tricycle. At the front of the tricycle is an old man holding a plaque.,0.017796206689369286,0.3157894688088643,0.8705706000328064,0.1374570446735395
397,"A man is skateboarding outside on a sunny day. He is wearing a black shirt, black pants, and black shoes. The skateboard is black and the wheels are black. There are trees behind the man.",A man is wearing a gray shirt and jeans. He is jumping in the air on top of a black skateboard. There is a black skateboard ramp on the side of him. There are small clouds in the sky above him.,0.05637634713996691,0.4615384565680473,0.9186791181564331,0.3298730150023313
398,There is a clock on the top of a building. The clock is black and white. There are trees in the distance behind the clock.,there is a big gray building. the building has a clock on it. the clock is made of glass. the clock has big hands.,0.06305722688509004,0.42424241928374656,0.9069249629974365,0.37602199906700384
399,A white plate is sitting on a table. There is a white bowl on the table next to the plate.,A piece of food sitting on a white towel. There is a bottle of alcohol behind the piece of food. There is a remote control near the bottle of alcohol. There is a cap for the bottle next to the towel with food.,0.03919455624538324,0.555555550941358,0.9063520431518555,0.26641757410988176
400,This is an image of a bird. The bird is brown and white with a black beak and wings. There is a tree in front of the bird with green leaves on it.,There is a bird in a tree and the bird has a fish in its mouth. The bird has a white breast and belly with brown wings and a yellow eye. The fish is silver with darker spots on its back.,0.043763361575056975,0.43999999500799997,0.900519609451294,0.24875621890547264
401,There are many boats in the water. There is a man in a blue shirt standing in front of the boats.,"Colorful boats with teal canopies are lined up on a murky river on a gray, overcast day. The boats have oars in front sitting in the water. Behind the boats small buildings can be seen lining the river.",0.03008775202692806,0.2666666622222223,0.886343240737915,0.15151515151515152
402,A person is standing on a beach. They are holding a surfboard in their hand. There is water in front of them.,There is a pool of water with a splash in it. There is a brown dog in the water. There are people standing next to the pool. There is trees behind the people.,0.01706453809723914,0.3589743539776463,0.899551272392273,0.23130006966213862
403,There is a toilet in the corner of the room. The toilet is white. There are towels hanging on the wall above the toilet.,A bathroom with a white sink in it and a bar of soap on top of the sink. There is a bath with shelves on the side of the wall. There are bottles inside of the shelves. The shower curtain has orange circles on them.,0.029619341851746545,0.4583333287586806,0.907418966293335,0.19569715998287424
404,A man is sitting at a table in a restaurant. He is wearing a white chef's shirt and a black tie. There is a glass of wine in front of the man.,three men are talking. they all have bears on their face. there is a blue shirt on the man. the shirt has flowers on it.,0.01844982575005087,0.22727272228305795,0.884328305721283,0.2227427936155007
405,This is an image of some food. The food is cooked well. There is broccoli and cauliflower on top of the broccoli. there is a red and white bowl on the table.,"A white dinner plate with spaghetti shaped noodles and three tiny meatballs sit on a table that has pink back chairs next to it. There are vegetables on the past in the dinner plate. Next to the pasta plate is a black bowl with chunks of sliced orange carrots. 
Against the wall of the room is a radiator painted white and above that a shelf and window.",0.008846979110676985,0.25352112238048014,0.8671454191207886,0.11811023622047244
406,The image is of a bathroom. The bathroom has a white toilet in it. There is a mirror on the wall behind the toilet.,A brown door on a house has some stickers on it. Next to the door on both sides is red toilets. There are plants growing out of the toilets. There are some dead leaves scattered around on the porch.,0.0130461183160876,0.3478260822967864,0.8836475610733032,0.14666666666666664
407,There is a train on the tracks. The train is yellow and blue. There are people standing in front of the train.,"A train is opening it's doors. The train is currently parked at a train station. The train is blue, the doors are red, and it has white stripes on it. There is a long yellow line near the train area.",0.0409305514827003,0.4444444397432099,0.9096757173538208,0.17015706806282724
408,A man is flying a kite in the air. He is wearing a black shirt and blue shorts. There is a large body of water behind the man.,There are people standing on the beach. There is water in front of them. There is kites in the sky above the water. There are clouds in the sky.,0.023049456559341062,0.3076923027744905,0.8927690982818604,0.15570934256055363
409,There is a toilet in the corner of the room. The toilet is white and the lid is up. There is toilet paper on the ground next to the toilet.,A white toilet sits next to a white wall. There is a white sink on the wall. The tile on the floor is black and white.,0.05302620834594049,0.5405405355441928,0.9069413542747498,0.29877174107943333
410,There is a train on the tracks. The train is yellow and blue. There are wires above the train.,RED AND YELLOW TRAIN ON THE TRACKS WITH TWO LARGE WINDOWS IN THE FRONT.NUMBER ON THE FRONT IS IN BLACK NUMBERS. THERE IS ASLO A SQUARE BOX WITH THE INITALOS OF DB OUTLINED IN RED.THERE ARE MANY WIRES CONNECTING THE OTHER BRIDGES RUNNING ALONG THE TRACKS. A GRAY BRICK BUILDINGIS ON THE SIDE OF THE TRAIN WITH A WHITE ELECTICAL BOX ON THE GROUND.,0.0,0.0,0.8395703434944153,0.14961718020541553
411,A man is wearing a black shirt and black pants. He is holding a white frisbee in his hand. There are people standing behind him.,a man is standing on the sidewalk. he has a cut on his arm. his arm is bleeding. he is smiling at something off camera.,0.02191286020886785,0.24999999505000006,0.8894912004470825,0.21281250000000002
412,There are two horses in the field. One of the horses is brown and the other one is black and white. There is a man standing in front of them.,There are black cows walking along the street. There is a man riding a brown horse down the street next to them. There is a white car on the street in front of them.,0.16813603803411356,0.4888888839111111,0.9164957404136658,0.4169756137749217
413,There is a white toilet in the corner of the room. There are white towels hanging on the wall next to the toilet.,A man stands in front of a group of white sinks which are mounted on a wall. The wall is maroon square tiles.  A mirror covers the wall.  The man is wearing black dress pants and a white shirt and he is adjusting his tie while looking into the mirror.  Next to the man is a partition all with a large yellow trash bin.  The floor is tan tile and the room is a bathroom with stalls on the far side.,0.0032360831028306245,0.2285714248938776,0.8753041625022888,0.1414976728723404
414,This is an image of a bus. The bus is white and has a red stripe down the side of it. There is a white building in the distance.,A large orange truck is parked next to the brick building. The word Allied is on the back of the truck behind the cab.  There is snow on the hood of the truck.  The ground is covered with snow and footprints.   A red and white stop sign is next to the driveway.  The trees have no leaves but do not have snow on them and the sky is clear and blue.,0.005033195631589976,0.2187499955908204,0.8606048226356506,0.10479041916167664
415,This is an image of a desktop computer. The computer is sitting on a desk. There is a black keyboard and mouse on the desk in front of it.,"On the white table, there is a monitor with black frame. Beside the monitor is a laptop that has a stand underneath it. In front of the monitor is a silver keyboard with white keypads. In front of the monitor is a cellphone, mp3 player and a hard drive. Beside the keyboard is a mouse on a mouse pad. Behind the laptop is a lamp and behind the lamp is a white curtains.",0.007139078368427784,0.31034482296670635,0.8678091764450073,0.2020225947521866
416,A giraffe is standing in a field. There is a fence behind the giraffes. The grass is tall and green.,There are three giraffes in a pen. The pen is surrounded by a rope fence. The giraffe in front is eating food out of a net hanging from the tree.,0.017990247187689747,0.39024389758477096,0.9043706059455872,0.17241379310344826
417,A group of people are sitting at a table. There is a man in a blue shirt standing in front of them. He is holding a wine glass in his hand.,Three people are all together drinking wine. One lady has the glass up to her lips and is preparing to drink. A lady is talking and looking at someone and a man is smiling and looking at the same person.,0.016528098298249576,0.2962962913580247,0.89322829246521,0.16253196930946293
418,A man is jumping in the air on a skateboard. He is wearing a black shirt and black pants. There are trees behind the man.,"a young black man is jumping off of a skateboard, he is wearing a white tank top and blue jeans with green shoes. there is another white guy holding a skateboard watching dressed in a black shirt and pants. with one other black kid watching the both of them.",0.07258107099975546,0.39285713826530616,0.9187656044960022,0.2629312265173679
419,There is a wooden table in the middle of the room. There are two chairs next to the table.,There is a brick building with a white glass door. There are two white chairs on the porch of the house. There is a gray cat sitting on the porch. There is grass in front of the porch.,0.03920595860951269,0.47368420574792247,0.9128413200378418,0.20438981224992306
420,A man is riding his bike down the street. He is wearing a black jacket and black pants. There is a red stop sign on the side of the road.,This photo is taken outside on a sunny day. A red and black motorcycle is sitting on a brick paved sidewalk in front of a bench. There are numerous cars lined up on the street across from the motorcycle.A brown brick building is surrounded by large green trees in the background. Two people can be seen walking past some of the vehicles.,0.009897953724724119,0.21917807777819484,0.8858581781387329,0.18096301020408165
421,A man is surfing in the water. He is wearing a black wet suit. The water is blue and clear. There is a white surfboard under the man.,"A person is surfing a large wave during the day. The spray from the wave is large and white, the wave is a light green. The person is wearing a pink and black long wetsuit. The hair on the person's head is very dark. Under the surfer is a white and blue surfboard. The sky above the surfer is blue. The bare hands of the surfer are a little tan and dark.",0.015693089454900014,0.3870967697138397,0.9048222303390503,0.1257396449704142
422,A woman is standing on a tennis court playing tennis. She is wearing a short sleeve shirt and white shorts. A green tennis ball is soaring in the air towards her. There is a green fence behind the woman.,There is a person standing on top of a tennis court. The person is wearing a white shirt and blue shorts. The person is wearing a white hat and dark colored shoes. They are holding a blue tennis racket in their hand. There is a green fence behind them. There is a bush behind the fence. There are cars parked in a lot behind the bush.,0.1047850747139195,0.4923076874035504,0.9204979538917542,0.28632322835749735
423,This is an image of a cat. The cat is brown and white. There is a small window on the wall behind the cat with a white curtain on it.,"A stuffed bunny rabbit sits on a windowsill. The stuffed critter has a black button nose, two deep set eyes, and two multicolored buttons going down its torso. It is ""wearing"" a black and white plaid jumper. This same black and white plaid fabric is used to represent the underside of the bunny's floppy ears and the underside of its feet and paws. The windowsill is of a rustic marble look, and the window panes behind the bunny are rectangular and feature dirty glass and dirty white window frames. The black box surrounding the tableau says 'left behind"" along with some writing underneath that.",0.002275620016541191,0.2666666630888889,0.8632487058639526,0.09834368530020703
424,There is a train on the tracks. The train is yellow and blue. There is an orange pole next to the train.,There is a train on the train tracks. The train is blue with a yellow front and red doors on the side of it. There are black poles on the platform next to the train. There is a cement bridge over top of the train tracks. There is empty tracks on the other side of the platform. There is a white building in the distance.,0.06670735748340109,0.47999999564800006,0.9282960295677185,0.2195530445814528
425,A man is standing in front of a mirror. He is wearing a white shirt and a black tie. There is a large window behind the man.,A man in a straw hat holding up his tiger neck tie. The man is wearing a black watch. There is a pink and brown stripe around the rim. There are people standing behind the man in the straw hat. There is a white umbrella above the man in the hat and tie. The man in the straw hat is wearing a white shirt. The man in the hat is wearing glasses.,0.03528443065800246,0.509090904370248,0.8969851732254028,0.14074074074074072
426,There is a boat in the water. The boat is white and blue. There are people sitting on the boat.,"There are four birds on a small boat. These birds are gray with black beaks. The boat is white with blue in the inside. It is tied to a narrow dock. On the dock, there are three birds resting. They are few inches apart for each other. The water is gray and calm. On the other side of the dock is a bigger boat with paddle inside of it.",0.0171167138287973,0.3999999962500001,0.9015061855316162,0.12480499219968798
427,A man is skateboarding outside on a sunny day. He is wearing a black shirt and black pants. The skateboard is black and the wheels are black. There are trees behind the man.,"A man is suspended in the air with his skateboard doing tricks. He is bald, wearing a white shirt with red logo on it. He is also wearing jeans and black shoes. Underneath him is a big gray, cemented ramps. The skate park has few people skateboarding. Farther down the skate park are trees and beyond the trees is a mountain.",0.025308494246182242,0.43478260425120774,0.9006485342979431,0.17182130584192434
428,A group of people are standing outside on a sunny day. They are all holding umbrellas. There is a man in a blue shirt standing in front of the umbrella.,A picture of a woman seducing a man. The woman is wearing a short skirt. The woman is wearing boos. The woman is wearing socks. The woman has white hair. The woman is wearing a blue sweater. The man is wearing a blue wig. The man is wearing a blue jacket. The man is holding a suite case. There are many other people standing around. There are escalators near the man.,0.005571559345883686,0.3793103399762188,0.8655090928077698,0.11210762331838565
429,A man in a white shirt and black pants is standing in the doorway of a bar. The man is holding a red and white frisbee in his hand. There is a large window behind the man.,"A woman walking is holding a golf pole. She is wearing a white visor, gray windbreaker, pink pants, and white shoes. Behind him is a man carrying a big gray umbrella. He is wearing a white vest, blue windbreaker and white shorts. Beside him is a thin yellow pole with a small yellow flag. The woman is holding a white golf ball in her hand.",0.022578061479043322,0.3076923029585799,0.8898062705993652,0.14469453376205788
430,"A man is skateboarding outside on a sunny day. He is wearing a short sleeve shirt, shorts, and a black helmet. The skateboard is black and the wheels are black. There are trees behind the man.",A picture of a man with blue hair riding a skateboard. The skateboard has four yellow wheels. The man is wearing black shoes. The man is wearing a white shirt. The man is wearing black knee pads. The man is wearing gray shorts. There is a tree to the left of the man. There is a park with a gray sidewalk behind the man. There are many trees and bushes behind the man.,0.02416227175603891,0.46874999517578125,0.9108974933624268,0.2226508689093723
431,A man is standing on a tennis court playing tennis. He is wearing a short sleeve shirt and white shorts. A green tennis ball is soaring in the air towards the man. The court is green with white lines on it.,Four men are standing together on a tennis court. Three of the men are holding rackets in their hands. One of them is holding a green ball in his hand. Another man can be seen sitting in the background of the photo. A tall fence and a green bush can be seen behind the men with a net on it. One of the men is wearing eyeglasses on his face. Another man is wearing a necklace around his neck.,0.02334247932394861,0.399999995320889,0.886247456073761,0.1595744680851064
432,A motorcycle is parked on a street. The motorcycle has a black seat. There is a red and white sign on the front of the motorcycle.,"A motorcycle is parked at the curb. It has a sharp looking features. The motorcycle has two boxes attached to it. The first one placed behind the seat, it is medium and black. The second box is beside the wheel. It has silver color in front and the rest is black. The handles of the the motorcycle is black. It also have plastic shield in the front.",0.034956241680912485,0.3606557334157485,0.8990983366966248,0.11128775834658189
433,There is a train on the tracks. The train is blue and white. There are wires above the train.,"An antique steam locomotive is traveling along a set of tracks.  The locomotive is black and green.  It has a red sign in front with the number ""823"" on it, in yellow.  Smoke is coming out of the smokestack.  A man is behind the locomotive in the background, taking photos of something behind the train.  He is dressed in a red shirt and blue jeans.  Three buildings with gabled roofs are in the background.  Two are brick.  A switch throw is in front of one of the buildings, a single story structure.  It is sunny.",0.0007340508236259358,0.26666666363022223,0.862634539604187,0.07437070938215104
434,A toilet is in the corner of the room. The toilet has a white tank. There is a toilet seat next to the toilet.,Inside of a white ceramic toilet bowl with no lid are many clear ice cubes. The light is reflecting off the rim of the toilet seat. The hinge that connects the seat and the toilet is long silver and shiny. Under the toilet are off white ceramic tiles with black grouting between them. The drain of the toilet is covered in ice cubes.,0.007054049878321784,0.3214285672002552,0.8787927627563477,0.14205428364239092
435,A man is standing on a beach. He is wearing a white shirt and blue shorts. There is a blue and white kite in his hand.,There is a woman wearing a white shirt. She has many gold necklaces around her neck. The woman has dark hair and there are many gold headbands and decorations in her hair. The woman is wearing large gold earrings. There is a water behind the woman with many small waves in it. there is a large white boat in the water. There is a black engine on the black of the boat.,0.013472610057813632,0.3157894692397661,0.8822705149650574,0.15787277448071219
436,A man is standing on the sidewalk. He is wearing a black jacket and black pants. There is a red fire hydrant next to the man.,A red fire hydrant with a white top and a black knit cap on top of it sits on a sidewalk at the side of a parking lot.  The hydrant is casting a shadow on the sidewalk where leaves are scattered around it. There is a manhole cover a bit down from the hydrant.  Behind the manhole cover is a small area with small green shrubs and mostly covered by leaves.  At the end of the sidewalk are rows of cars with a store in the far back. A couple of people are near their cars in the parking lot.  At the end of one row of cars is a wooden fence with a brick building behind it.,0.0024455170615932335,0.2857142820861678,0.87235426902771,0.08647245519301469
437,A group of people are sitting at a table in a restaurant. There is a man with a white shirt standing in front of the table.,There are four men sitting at a table eating and socializing. The man at the far left is wearing a brown long sleeve shirt. The man to his right has on a black and white jacket and a plaid shirt. He is also wearing eye glasses and has a beard on his face. The man next to the man wearing eye glasses is wearing a long sleeve black shirt and is facing the man wearing eye glasses. His face is not visible. The man to the far right is wearing a long sleeve gray shirt. His eyes are squinting in the direction of the other three men probably because of the brightness of the shining sun. It is a very sunny day. It appears the setting is an outdoor area of a restaurant.,0.0025562981152585625,0.32941176110726644,0.8673425316810608,0.08176614881439083
438,A bus is on the street. There is a man in a blue shirt standing in front of the bus.,A large white bus is positioned near the stop sign on the corner.  No one is in it.  On the sidewalk near the bus are several colorful bicycles parked on the sidewalk.  A blue sign referring to bike rental is near the bikes closest to the street by the stop sign.  Several buildings are hovering in the background.,0.005416537167077636,0.27450979976931955,0.8870535492897034,0.12671159769448934
439,A white van is parked on the street. There is a black car behind the van.,"The image is black and white. There is a car with its hood open. On the front bumper, there is a sign that says ""is your camera loaded"". There is also a license plate that says A1400. At the top of the car, there is a sign that says D. Monosson & Son. On one side, there is a flash of a camera, and between the hood and the bumper, there appears to be a camera lens. This car is parked in front of a multilevel building.",0.001048548492432614,0.24999999676269533,0.8678693771362305,0.06883604505632042
440,This is an image of a computer. The computer is sitting on a desk. There is a black keyboard and mouse on the desk with a white mouse pad on top of it.,"In the center of this room is a column going half way up and stopping and then begins again with an snit object encased in glass, finishing up almost to the ceiling. The object is fragile and is sitting upon a satin pillow with wire connectors coming out and down out the bottom. These are motion sensor wires, which will indicate if anyone tries to pick up the object. There is a commuter laptop open on one side, as if is keeping track of the monitoring of the security of this object.",0.007866973744964468,0.22988505369269396,0.8394755721092224,0.09872241579558652
441,A baseball player is standing on a baseball field. He is wearing a white uniform and a black helmet. There is a fence behind the player.,"This is a picture of a catcher on a baseball field. The catcher is crouched down and holding the mitt in his left hand. His uniform is white and black and he is also wearing a helmet and knee pads. The field has green grass, brown dirt and white lines painted on it. The catcher is a man. He is wearing white shoes and has a bracelet on his right wrist. The helmet the man is wearing is black and his shoes are white. His last name is on the back of his uniform and so is his number.",0.011081196497181305,0.3478260829657635,0.8837196826934814,0.13949472918938569
442,This is a bathroom. The sink is white. There are towels hanging on the wall above the sink.,There is a white sink sitting in front of a blue wall. There is a roll of toilet paper sitting on the top of the sink. There is a white bar on the wall next to the sink. There is a white shelf on the wall above the sink. there is a hole in the top of the sink where the faucet should go.  There is a pipe coming out of the wall above the sink.,0.012847090922914578,0.3913043434310019,0.9030413627624512,0.14561570117125672
443,This is a picture of a cat. The cat is black and white and has a black nose and fuzzy ears. There is an umbrella over the cat with a red bow on it.,"The bike is leaning on the white wall. The body of the bike is blue with red and linings and white text. The bike is surrounded by shoes and slippers. The seat of the bike is black, and so are the handles and break. There are reflectors on the bike's spokes. The wheels of the bike is black. On the wall there is an umbrella with black handle.",0.017020484948026396,0.36065573293200753,0.8709154725074768,0.18966865566113533
444,A white plate is sitting on a table. There is a white bowl on the table behind the plate.,"The image is of a light blue strainer on a wooden table that is holding two bananas and three peaches. There is a white curtain to the right of the strainer and a yellow squared tiled wall directly behind the wooden table. The handle on the strainer is silver appearing chrome and there are holes in the shape of circles near the bottom of the strainer. The strainer is resting on a cylinder shaped bottom, allowing it to stand on the wooden table. There is one silver screw on to the left of the bananas and one silver screw directly in front of the silver handle on the strainer.",0.00204036338455261,0.2461538431431953,0.8716161251068115,0.0959183673469388
445,There is a cat sitting on the ground. The cat is black and white. There is grass around the cat.,"A cat is sitting on a wooden stool near the window, its tail hanging down behind it. A dog is lying on the ground next to the cat, in front of the window. There are black bars on the window. Outside is bright, with green grass and trees visible. There are brown bamboo shades on the other half of the window.",0.005612190172282073,0.3448275825445898,0.8948827981948853,0.13181019332161684
446,A man is standing on a snow covered ground. He is wearing a black jacket and black pants. There is snow on the ground in front of him.,There are two people in the photo. One person is wearing a red and black jacket. There is snow on the ground. The person wearing the red jacket is also wearing black gloves. She is throwing a white frisbee to a person wearing a black hoodie. The person in the black hoodie has his hands in his pockets. There is a small house in the background.,0.05814924099252555,0.39285713816964285,0.895706295967102,0.17943568575529323
447,A herd of elephants are walking in a field. There is a large rock wall behind the elephants.,There is a large grey elephant standing in a field. There is dirt and grass in the field. There is a large log on the ground next to the elephant. There is a large tree in front of the elephant. There are tall trees behind the elephant. There is tall grass and weeds in front of the elephant. There are white clouds in the sky.,0.027951548075931216,0.44444443986172844,0.9009886980056763,0.1308055383830355
448,The sky is partly cloudy and overcast. There is a large body of water in the distance. The sky above the water is blue with white clouds.,Many people are flying kites in a large open field. Huge billowy white clouds float above the kite flyers in a blue sky. Many of the kites are yellow and orange and have flags hanging from the strings. Beyond the dark green grass field is a city skyline. The sky line has many tall skyscrapers mostly all grey and white colors. There is also a large square like sculpture in front of all the kite flyers.,0.005949482144570738,0.32432432025931346,0.8658497333526611,0.1496571729957806
449,This is an image of a ski resort. The resort has a lot of snow on the ground. There is a man standing in the snow. He is wearing a black jacket and black pants.,The sky is cloudy in the background of a snow speckled mountain top. There are snow dunes and there is a bright yellow sign on a metal pole stuck in one of the dunes. There are two people standing at the bottom of the snow dunes. There is also a ski lift in the background with a light blue sign in front.,0.013633300572242105,0.31746031267321745,0.8885879516601562,0.16863406408094436
450,A man is standing on top of a snow covered mountain. He is wearing a black jacket and black pants. There is snow all around him.,A Man is standing in ice and snow while holding skiis. The sun is shining behind the man. There is a red pole to the right in the picture and a man in front of the first man. The man is kneeling and crouching. They are both atop of a mountain. The mountain is covered in snow. The clothing they are wearing is white and grey.,0.007721103021687083,0.3278688479441011,0.8991461992263794,0.143584229390681
451,A group of people are standing outside on a sunny day. They are all holding umbrellas. There is a man in a blue shirt standing in front of a building.,"The crowd is covering the whole street. The crowds have colorful umbrellas. At the center of the crowd is a bus parked with a sign ""DANCE"" on it. There are white placards with number on them. The scene is taken at night. There are buildings surrounding the crowd. There are some people standing and watching from a building porch.",0.00786080549372764,0.30769230311952667,0.889443039894104,0.124777183600713
452,A man is sitting on a couch. He is holding a white game controller in his hand. There is a blue wall behind him.,There are three woman in the living room of a home. In the living room there are hardwood floors. Two woman are standing up in front of the television. They have game controllers in their hands. They are playing a game together while the third woman sits down on the couch and watches them. They are all smiling and look like they are having a great time with one another.,0.0018933525534699958,0.17647058408304508,0.8922763466835022,0.12060510649078045
453,A man is skiing down a hill. He is wearing a black jacket and black pants. There is snow on the hill behind him.,A person is standing on top of a hill. There is a lot of snow on the hill and on the trees in front of the person. There is a ski lift in the air next to the man. There are wires hanging from the ski lift. The person is wearing a red jacket and black ski pants. They are holding black ski poles and standing on top of black skis.,0.03167780840433561,0.464285709802296,0.9165703058242798,0.1647426496701387
454,There is a train on the tracks. The train is yellow and blue. There are trees behind the train.,A model train car is driving around on model train car tracks. The plastic train car has a red roof with blue sides. The front has red and white stripes with two small windows. The black tracks curve around where two train cars in the center. One car is yellow and green and the other car is black. Off in the distance are four lit lights on a model pole.,0.005493885189991336,0.3508771892767006,0.8850245475769043,0.10015408320493066
455,A zebra with black and white stripes is standing on a grassy field.  The grass is tall and green and there are patches of weeds in the grass. There are two zebras standing next to each other in front of a fence,There are two black and white striped zebras standing on the dirt ground. The zebra in the back has its head down. Both zebras are looking down. There are a few scattered rocks in the dirt. There are a lot of trees in the background behind the zebras. There appear to be tracks in the dirt that may have came from a vehicle.,0.03402387168450675,0.4266666617386667,0.891390860080719,0.2206628580550994
456,"This is an image of a bus. The bus is white with a red stripe down the side of it. There is a blue sign on the front of the bus that says, ""Enterprise."" The sky is clear and blue with no clouds",This image is of a city bus. The front of the bus has a large windshield window. There is a marquee display above the window that reads 44 BEALINE. There is a blue and white license plate below the grill of the bus. The license plate reads CR-526-AX. Both front headlights are turned on. The driver is visible through the front windshield window. She has short hair and is wearing a black jacket. The passenger directly in front of her is a man that is wearing a black jacket with white sleeves and he has short hair. The door is open on the bus and there is an older man waiting on the bottom step to get on the bus. He is wearing a black jacket and jeans. He is also carrying a black and white Adidas messenger bag.,0.0183756236905298,0.3030302988062443,0.8649455308914185,0.1271294865189765
457,There is a clock on the top of a building. The clock is black and white. There are many windows in the building behind the clock.,There is a large blue clock on the side of a building. The clock has black handles. The numbers on the clock are black. The background of the clock is white. The building the clock is attached to is very tall. The building the clock is attached to has many windows. There is a tall black metal pole near the clock.,0.07198044511227848,0.47826086480151236,0.9260228276252747,0.20747313418120872
458,There is a zebra in the water. The water is blue. There is grass on the ground in front of the zebras.,A zebra stands next to a narrow tree. The tree has some wire around it. The shadow of the zebra is on the ground. There is another zebra next to the wall. There is a fence in a background. There are some rocks on the ground. There is a black stripe on the zebras back. The zebra is looking off to the side. There are shadows on the ground.,0.009383334065366575,0.39215685859284893,0.8984079360961914,0.11664074650077759
459,A woman is standing in the doorway of a train. She is wearing a black jacket and black pants. There is a large window behind the woman.,The people are standing up on the bus. Some of the seats are occupied on the bus. There's a boy on the front of the bus and a yellow shirt sitting down. There's a woman in a green shirt looking out of the window on the bus. There's a man taking a picture of the top of the bus. The camera he is holding is black. He is wearing a watch on his right wrist.,0.008731304697416665,0.354838705306972,0.876741886138916,0.12108262108262109
460,A man is skiing down a hill. He is wearing a black jacket and black pants. There is snow all around him.,There is a person snow boarding down a hill. There are tracks in the snow all around the snowboarder. There is a large rock in the snow next to them. There is a green pine tree in front of the snowboarder. The snowboarder is wearing blue ski pants and a blue and yellow jacket. They have a yellow snowboard on their feet.,0.015759717409720094,0.35087718866112655,0.9129319190979004,0.1534865900383142
461,A group of giraffes are standing together outside on a sunny day. They are surrounded by tall grass and trees. There is a man in a blue shirt standing in front of them.,"People surrounding a adult giraffe that is contained behind a fence.  A gentleman with dark hair and eyeglasses is stroking the cheek of the giraffe.  On the opposite side of him, a woman with dark hair and sunglasses is holding out her hand to feed the giraffe.  Behind that lady, is a man in a short sleeved black shirt with a video camera recording the giraffe.",0.04710530098611767,0.2253521079627059,0.8698009848594666,0.11961722488038277
462,This is a bathroom. The sink is white. There are white towels hanging on the wall above the sink.,There is a white sink hanging from the wall. There is a mirror hanging above the sink. There is a black and white cat sitting on the edge of the sink. There is a red and white toilet next to the sink. There is a roll of toilet paper hanging from a roll next to the sink. There is a red bottle on the back of the toilet.,0.006428933679037465,0.48780487340868534,0.9070152640342712,0.1250011721790339
463,This is a picture of a house. The house is made of wood. There are two windows on the front of the house with white curtains on them. One window has a white curtain on it.,This photo is taken outside on a cloudy day. Part of a blue sky can be seen in between the white clouds. An old dark truck is sitting parked in a parking lot. The truck has a trailer attached to the top of it. Part of a white building can be seen behind the truck. Another old car can be seen parked in the parking lot. Green trees can be seen in front of a mountain in the background.,0.008090989590627248,0.3142857096938776,0.8711369037628174,0.1529618473895583
464,This is a picture of a clock. The clock is black and white. There is an advertisement on the side of the clock with the numbers on it.,A clock is attached to the stone exterior of a building.  The clock has diamond shaped metal objects as numbers and silver metal hands.  The clock has a black face with gold borders.  A square shaped border is bordering the gold border of the clock.  The square shaped border has red and green stripes on it.  The stone portion of the building has a ridged design on it.  The sky is stark white.,0.008115427836146973,0.43333332900555566,0.8750947713851929,0.22538048652601655
465,A pizza is sitting on a white plate. There is cheese and onions on top of the pizza.,There is a white plate sitting on a table. There is food on top of the table. There are small pizza slices sitting on top of the plate. There are black olives slices on top of the pizza. The crust of the pizza is dark brown. There is cheese and lettuce on top of the pizza. There are sliced up onions on the top of the pizza.,0.03170932067568767,0.6046511582477014,0.9274716973304749,0.25677918928053123
466,This is a picture of some fruits. The fruits are strawberries. There are apples and peaches.,"A supermarket produce stand.  Closest to the camera is a bin of ripe oranges.  Most of the oranges have an oval, dark sticker on them.  Next to the apples are red apples with a tint of green.  The apples seem to take up two bins, then past the second bin of apples is another bin of oranges.  The setting of the store is dark and lights can be seen glowing to the left of the produce stand.",0.0007860608023575941,0.2258064481165453,0.8529871106147766,0.056417489421720736
467,A man is standing in front of a mirror. He is wearing a white shirt and a black tie. There is a large window behind the man.,"A couple is posing at a formal black tie event. They are both enjoying themselves and smiling. The man is wearing a black tuxedo with a bow tie. He has short combed back brown hair and is wearing square black frame eyeglasses. The woman has on a black silk top with silver and crystal embellishments, she is also wearing a necklace and earrings that are also silver. Her hair is chin length and brown, she is wearing minimal make-up. The wall in the background is painted tan and has a framed painting hung on it.",0.0050308828884136495,0.21951219131171928,0.8645144104957581,0.10666896967120182
468,A baseball player is standing on a baseball field. He is wearing a blue and white uniform with white writing on the side of the uniform. The player has a black helmet on his head. There is a fence behind the player.,"There are two grown men standing in the dirt on a baseball field.  Its a clear day.  There are a few trees in the back ground on the other side of the fence.  The fence is decorated with billboards and have a tall yellow pole standing next to it.  The grass is cut short and is very green.  The men are both wearing uniforms, cleats and a baseball cap.",0.05920960864300043,0.37333332865422225,0.8743682503700256,0.23026244343891403
469,"A man is standing on a tennis court playing tennis. He is wearing a short sleeve shirt, shorts, and a white and blue tennis shirt. A green tennis ball is soaring in the air towards the man. The court is blue and white.","A male tennis player is wiping his forehead with his wrist. He seems tired and is holding onto his tennis racket loosely. His shirt is blue and yellow, his hair short and brown. He has a white bracelet on. Near him are white and green advertisement banners that line a wall of a tennis court. Behind the banners are two fully visible red seats made of metal and cloth. Behind those are a white wall and behind the white wall are the basic seats of a sports stadium. Next to the seats is a long hallway leading down from the sports arena.",0.011003085751451291,0.28571428154087675,0.8710160851478577,0.1404786680541103
470,This is an image of some animals. The animals are sheep. There is a sheep in the middle of the photo. the sheep is black and white. It has a white head and a black neck.,A group of sheep are standing outside. Two faces are showing. The upper part of the face is black and the mouth and snout is white. The horns are gray and curled towards the face. The wool is very thick and white. All the sheep are standing on hay that seems to be in damp dirt. Behind the sheep is very short green and yellowish grass. In the background are dark figures of trees and buildings.,0.020289309497170088,0.27777777342978405,0.8708404302597046,0.1517005232379194
471,A man and woman are sitting at a table. The man is wearing a white shirt and a black tie. He is holding a glass of wine in his hand. There is food on the table behind the man.,"A man is sitting in a restaurant with others while eating pizza. The walls are painted a bright shade of green and a blue picture hangs behind the man. The man is in his late 40's or early 50's. He has silver hair with black eyebrows. He is wearing a short sleeved button up plaid shirt in white, blue and black plaid. On the table in front of him there is a pizza with one slice missing, on the pizza there is prosciutto and basil. An empty glass with a slice of lemon on its edge also sits on the table.",0.017542882845315622,0.38297871913761883,0.8827052712440491,0.20652493666495428
472,There is a train on the tracks. The train is yellow and blue. There are trees behind the train.,"A large red truck is parked in the middle of the road. The truck appears to be a fire truck, and has a blue light on the top. There is a large brown and yellow brick building on the other side of the road. On the near side, there is a small fence, and small plants growing out of the dirt. Past this, there is a concrete wall and a concrete surface covering the ground.",0.00395462875381246,0.2903225771488034,0.8912613987922668,0.1228786423310919
473,This is an image of a street. The street is very busy with traffic. There is a red light on the right of the image. A car is driving down the road. It has a white and black license plate on it.,A sunset is shown in the background. There are a bunch of cars heading towards the direction of the camera but they are at a traffic light because it is red. There is one car going through the light. It's starting to get dark outside and the streetlights are getting ready to come on. The sky looks beautiful.,0.012692656919431925,0.31578946885387815,0.8833869695663452,0.16843971631205673
474,"This is an image of a road. The road is made up of gravel. There is a red and white sign on the side of the road that says ""Road Construction Only"". The sign is on a metal pole that is attached to a pole",There are people walking down a road while holding their bikes.  There are cars parked along the left side of the road.  The trash bins are on the sidewalk on the right side of road.  A blue and green bin is visible.  There is a 20 mph sign on the sidewalk.  A red light is on the traffic signals.   Green trees surround the road.  There is a house peeking out from behind the trees on the left side.,0.02942925580582947,0.27027026556610667,0.8669626712799072,0.1975494570876097
475,There are two sheep in the image. The sheep on the left are brown and white. There is a fence behind them.,Two sheep are in a green field.  One of the sheep is standing up and looking to the left.  The other sheep is sitting down in the grass and is also looking to the left.  The field is covered in grass with some brown leaves on it.  Behind the sitting sheep is a metal manhole with a paved cement border.  Both sheep have tan fur and white faces.,0.004225480842514068,0.3666666624666668,0.8783456087112427,0.11041009463722395
476,Two giraffes are standing in a field. There is a fence behind them.,Two giraffes are bending their necks to look at something in the bright green grass below. One giraffe is standing behind the other giraffe. Each has large brown spots and black hairy tails. Around them they are in a forest filled with large and small trees. The bottoms of the giraffes are off white colored.,0.004298512958529229,0.27586206568370986,0.8929756879806519,0.10473056102362205
477,There is a train on the tracks. The train is blue and white. There are wires above the train.,The image is a black train with smoke coming out of the smoke spout at the top of the front of the train. There is a blue sign on the front of the train and a black number sign below the blue sign with the numbers 60009 on it. The conductor can be seen on the left side window of the train. He is wearing a blue shirt and there are two more train cars behind where he is located. The train car behind the conductor is green and the last visible car is maroon in color. The train is on the tracks and the gravel on the tracks is light brown. There are trees on the right side of the train and atop a grassy hill.,0.00041666287443869587,0.2933333302968889,0.8816566467285156,0.07661120673168867
478,This is an image of a street. The street is made up of tall buildings. There is a red light on the pole in front of the building. A man is standing on a sidewalk. He is wearing a black shirt and black pants.,"The image is of a telephone poll between two streets. The pole has a green and sign on it with white lettering that says ""E Main st 1700"" There is also a no parking sign attached to the pole. There are vertically striped awnings on both sides of the street. One awning covers produce stands, on the opposite side the awning is attached to a multilevel brick building. Behind the produce stand is a brown multilevel building with a brown stone facade and red roof tiles. The road is paved with cobblestones. There are several vehicles parked on the street.",0.006826490006394346,0.2526315745506926,0.8572572469711304,0.13771186440677965
479,There is a boat in the water. The boat is white and blue. There are people sitting on the boat.,There are people sunbathing outside on the pier. Some of the people have umbrellas over their chairs. Some people are in the Water swimming with their pets. There are a lot of people on the pier enjoying the Sun. It is a hot sunny day out. There is a flag on a flagpole on the pier to the right. The pier to the left has more people on it.,0.009103174892487421,0.33333332932098775,0.880764365196228,0.09360374414976598
480,A bathroom with white walls. There is a white toilet in the bathroom. The sink is white.,The small bathroom has an angled ceiling. There is a window in the angled ceiling. There is light coming into the room. There is a white sink below the window. The sink is round. The is a toilet next to the sink. There is a tub next to the toilet. There are some glass panels on the wall above the tub. There is a white shower curtain. There is a blue carpet on the groun. There are bottles on the corner of the tub.,0.004817094815935941,0.37735848686365264,0.8905631899833679,0.08408796895213455
481,A cat is laying on the floor. The cat has a black nose and fuzzy ears. There is a white wall behind the cat.,A black and brown bag is sitting on top of some carpet. The carpet is brown and there is a brown wall next to it. There is a cat inside of the bag looking out the top of the bag. There is an orange cat sitting in front of the bag looking down into the bag. The cat inside of the bag has its eye looking out of the bag.,0.0096887397186977,0.4528301840797437,0.8948134779930115,0.1438563168960245
482,A man is surfing in the water. He is wearing a black wet suit. There is a white surfboard behind him.,A male is surfing in the blue ocean.  There is a wave behind him with white foam surfacing on the water.  The male surfer is laying on the surfboard in preparation to ride a big wave.  He is wearing a black wet suit that covers his entire body.  The surfer has dark brown hair and the board is red.,0.07257227723158145,0.4838709636212279,0.9197161793708801,0.23173309178743964
483,A white plate is sitting on a table. There is a white bowl on the table next to the plate.,A smile is represented on a blue plate utilizing food.  Two eyes are displayed using oranges.  A chili pepper represents a nose and a banana represents a smile.  The circular blue dish is sitting on top of a wooden plank table.  There is a light casted on the left of the plate.  The blue ceramic plate has swirls of white around it.,0.02888557103156993,0.36363636002644634,0.8810771107673645,0.22106881968473663
484,A woman is sitting at a table. She is wearing a white shirt. There is a silver laptop on the table in front of her.,"A lone soda can sits on a desk. Inside the grey and silver can with tiny writing are small bright red and pink flowers. The can is being used as a vase. Behind the can is a blue white and yellow calculator, a pink notepad and a black plastic corded phone. The point of a white elbow can be seen. The desk is very large.",0.006020134546248841,0.15384614958579892,0.8696422576904297,0.10655737704918032
485,A large white and blue airplane is sitting on the runway. There is a large blue and white airplane in front of the airplane.,The plane is parked on the runway. The tail of the plane has a circle on it. The top of the plane is white. Underneath the plane is a grey color. The sun is shining outside. There are other planes parked out. All the planes are getting ready from passengers and for take off. There are baggage carts around the bottom of the Planes.,0.011886270187436553,0.3214285673469388,0.885150134563446,0.11446280991735536
486,A bed is in the corner of the room. The bed has a white blanket on it. There is a window on the wall behind the bed.,"A small bedroom is in view. The ceiling is high and angled into three white sections. The window is covered with a white set of curtains covered in little yellow flowers. The walls of the bedroom are painted yellow. There is a lamp and a black alarm clock on the bedside table beside a photo in a frame. The bedframe is brown wood, and the covers are white and yellow. There is a striped pillow on the bed, and a small picture above the headboard. There is a large dresser of brown wood to the right, with multiple small ceramic decorative objects adorning the surface. There is another small framed picture on the wall above the dresser.",0.0031374713704737343,0.2650602374335898,0.8845380544662476,0.12339694264902021
487,This is an image of a zoo. The zoo has a lot of animals. There is a giraffe in the middle of the picture. It is brown and white.,"This is a black and white photo of elephants standing in a row. There are ten elephants shown in the picture. There are men standing in front of the elephants. The men are wearing denim, hoodies, and hats on their heads. They are holding hoses and they are spraying the elephants down. There are people in the background behind the elephants, too.",0.010472681234363011,0.3666666621166667,0.8890257477760315,0.13437093636281158
488,A man is standing on a beach. He is wearing a blue shirt and blue shorts. There is sand on the beach behind him.,"Two shoe less young boys are standing on a sandy beach. One of them are wearing turquoise shorts and the other is wearing black shorts. They both have short dark hair. The boy wearing the turquoise shorts is resting his foot on a dirty, white soccer ball while resting his arm on the shoulder of the boy wearing the black shorts. A shadow of the ball is shown in the sand, a small wave is rushing up the shore and there is a small, white boat traveling in water just behind the two young boys.",0.003614970078788281,0.2894736805955679,0.8880980014801025,0.11278151091795882
489,There is a train on the tracks. The train is blue and white. There are wires above the train.,Two vintage trains cars are on display behind ropes.  The train cars have information signs on poles in front of them.  The car on the left is red and has DD1631 on the front.  The right car has a back door and blue chairs can be seen inside on it.  There are lights on inside left car.  The trains are indoors and there is a low ceiling above it.,0.0034992249948119975,0.3728813523125539,0.8774635195732117,0.1171875
490,A woman is standing in front of a cake. The cake is on a table. There are candles on the table behind the woman.,A bride is wearing her white gown and veil while holding a knife in her hand.  She has red hair and a bruise under her right eye.  A wedding cake is on a table  with white frosting and clusters of dark fruit o top.  The scene takes place outdoors at night. Several cars are either parked or driving down the street.,0.028303559797841785,0.3188405759966394,0.8747049570083618,0.13765399589000069
491,A large white bird is standing on the ground. There is a large tree behind the bird.,"A white topped surface is topped with several dozen long sheaves of wheat in the upper left hand corner of the image. In front of the wheat stands a small sign that says, ""Please Do Not Touch""  A larger sign in front of the wheat says ""Wheat Weaving."" Next to this sign is a spool of silver thread. In front of the spool of thread lies a pair of green handled scissors. Next to the scissors and in the foreground lie a couple of woven articles which look to be the same size as a bracelet. The wheat has been already fully woven in these.",0.0001879164710631151,0.12658227573145336,0.8505913615226746,0.04677754677754677
492,This is an image of a bear. The bear is brown with a black snout. There is a rock on the ground next to the bear with rocks on it.,"A large black bear is sitting on the side of the road. The bear is sitting on its bottom, with its front paws in front of it. The area where the bear is sitting is full of rocks and dirt, with some green grass and weeds. The roadway in front of the bear is graveled. There are trees surrounding both sides of the road.",0.018256459301499824,0.31034482296670635,0.8869328498840332,0.1485148514851485
493,"A man is skateboarding outside on a sunny day. He is wearing a short sleeve shirt, shorts, and a pair of sneakers. The skateboard is black and the wheels on it are black. There are trees behind the man.","A woman is skating around a concrete skate park. It looks like an old swimming pool and her shadow is cast below her by the sun. Both of her feet are on the black skateboard. She is wearing a sleeveless short red dress and black sneakers. Her arms and legs are bare, only the back of her head can be seen. Her hair is bleached blond and she has dark roots showing.",0.01576730874767687,0.2823529366809689,0.8927343487739563,0.17364927533361724
494,A group of people are standing on a sidewalk in front of a building. There is a man in a blue shirt standing next to a black umbrella.,A white truck is on a dirt road. There are a lot of people in the back and a man is sitting in the passenger side. Another white truck is parked beside that truck. It is going in the opposite direction. A man's arm is stretched out of the passenger window. There are bushes and small trees in the background. There appear to be power lines in the air above the trucks.,0.006426604638177329,0.29850745838271336,0.8737697005271912,0.13917460244082838
495,There are two zebras standing in a field. There is grass on the ground in front of them.,There are a group of zebras all standing outside together. There appears to be four of them and they are all pretty much looking in separate directions. One of the zebras is looking directly at the camera. They are all huddled pretty closely together. They are standing in a field of grass that has some small bushes and very small trees present as well.,0.006497238097128707,0.3666666627555556,0.9000130891799927,0.10942760942760943
496,There is a clock on the top of a building. The clock is white with black numbers. There are many windows in the building behind the clock.,There is a reflection of a building in the window. The window is dark and has various panes and metal bars. The reflection is of a clock tower. The clock tower has a gold clock with roman numerals. The reflection in the glass made to reflection of the clock face. The tower is made of dark tan brick and has a fence like design at the top.,0.015453942936408616,0.41509433502314,0.8905361890792847,0.15735706047124734
497,A man is skiing down a hill. He is wearing a black jacket and black pants. There is snow all around him.,"The man is snowboarding during the winter time. From the edge of a large cliff that leads to a range of mountains, he is trying to slide across the snow. His outfit consists of a bright green pants, that are long-sleeved, followed by a jacket with scribble patterns. His head is protected by a beanie.",0.005606946266452514,0.16949152118356806,0.8889941573143005,0.13312797000740262
498,A man is skiing down a hill. He is wearing a black jacket and black pants. There is snow on the hill behind him.,"A woman is up in the air with her ski boards. The woman's ski boards are yellow. She is also wearing green cargo pants, black hoodie jacket, brown helmet and goggles. Her ski poles are black and white. The sky is blue with white sheets of clouds. The pants have pockets on the side. The goggles are too big on the face.",0.005137144796478752,0.25396824975560595,0.8921141624450684,0.1267778732340588
499,A person is standing on top of a snow covered mountain. They are wearing a black jacket and black pants. There is snow all around them.,"Three men are airborne on top of white ski boards. They are jumping in different directions, one ski angled to the left, the other two towards the front. They are wearing thick winter protective clothing and helmets to protect themselves in case of a fall. The sun is glowing against the pile of white snow they are above. There is an expanse of white glowing snow in front of the pile with people wearing dark winter clothing walking and skiing. A large hill in the background displays patches of dark, snow covered trees running down the slope. The sky is heavy and grey with clouds.",0.004190391840831702,0.2857142820480618,0.8721950650215149,0.10958419155509784
500,A man is skiing down a hill. He is wearing a black jacket and black pants. There is snow on the hill behind him.,There's a man standing on a snowboard outside. The snow has lines in it. The sign says Superstar on it. The majority of the sign is black and the letters are white. The symbols on the sign are black. There is an arrow pointing to the left. The snowboard is blue and orange. The tree to the right of the man is filled with snow.,0.00624468623315679,0.3157894692397661,0.8800545334815979,0.10673234811165846
501,This is a picture of a computer. The computer is sitting on a desk. There are two monitors on the desk that are turned on. One of the monitors is black and the other monitor is white.,A white game controller is sitting on top of a small table in a room. It is connected to a game system. Behind the table is a newspaper that is sitting beside a small decorative lamp. A wall is behind the lamp and paper. Near the lamp is a wooden cabinet with drawers and a door. The handles to the door and drawers are black.,0.02135301219136305,0.3548387050104059,0.8758631944656372,0.15938094549338555
502,This is an image of a computer. The computer is sitting on a desk. There is a black keyboard on the desk with a white mouse on it.,"A chair is sitting in front of a long white table. The table has two laptops, papers, and numerous cords on top of it. A microphone is hanging on a microphone stand beside the table. A long black cord is running along the wooden floor into a white outlet that is on the wall. Part of a large picture frame can be seen hanging on the white wall.",0.00869111016619455,0.28571428150163775,0.877845287322998,0.1328125
503,A man is sitting on a bench. The bench is made of wood. There is a black and white cow behind the man.,This is a black and white photo. A man is riding on a black bull with long horns. The bull is pulling a small wooden cart with bags on it. The man is dressed in a white tee shirt and shorts with no shoes. The road is dirt and grass and there is a tree behind the bull. There appear to be small mountains or hills in the distance.,0.03508559877456559,0.38709677007284077,0.8892824053764343,0.1652270962732919
504,This is an image of a bathroom. The bathroom has a toilet in it. There is a white sink on the wall behind the toilet.,Two dog figurines are standing by a large blue barrel and in front of a light green color wall. Next to the wall are wooden racks stacked one on top of another. Next to those are several red fire extinguishers. There are more blue barrels laying on top of the wooden racks as well as standing up across from the racks.,0.006574437945483548,0.22950819243214193,0.8596546649932861,0.08710801393728222
505,This is an image of a bedroom. The bedroom has a small bed with a white blanket on it. There is a large window on the wall behind the bed.,"Two women and a man are sitting in a living room of a home. The women are sitting in chairs and the man is sitting on a sofa. There are picture frames on the white walls in the room. Two windows are above the man, one of them is halfway covered up. There is a small black t.v. sitting on a large brown entertainment center.",0.01924778020342614,0.3278688478473528,0.8865369558334351,0.19829741233700426
506,There is a white toilet in the bathroom. There are white towels hanging on the wall in front of the toilet.,A picture of a bathroom with a bath tub and toilet. There is a white sink  under a large mirror in the bathroom. There are lights mounted in teh ceiling. There is a black and white shower curtain on the bath tub. There are many white cabinets under the sink. There is a metal handle next to the shower.,0.055672439592648164,0.4489795875885048,0.9035110473632812,0.17959229727696704
507,This is an image of a polar bear. The bear is standing on a rock. There is snow on the ground in front of the bear and there are trees behind the bears.,Two black cubs are roaming in an enclosed area.  There are stone walls behind the two cubs.  Green shrubs  are in the front of the enclosure.  The cubs appear to be grazing on the ground.  A tub like structure is in the back of the left side.  The two cubs are on the top level and beneath them is a step to a lower level.,0.020000121699387682,0.4179104431632881,0.8638771772384644,0.16181229773462782
508,A man in a blue shirt and black pants is standing in the doorway of a store. He is holding a white game controller in his hand. There is a large window behind the man.,There are two men sitting together. Both of the men are holding skis. The man on the left has a red turtleneck on. The man on the right has a black jacket on. There's a light coming off of the camera. Both of these Keys have black footholds to put your feet up. Both of the men are looking into the camera and smiling. The man on the right is wearing a watch on his left wrist.,0.0030943961405758553,0.2535211221186273,0.8712671995162964,0.09615384615384616
509,A man is standing on a baseball field. He is wearing a red and white uniform and a black helmet. There are people standing behind him.,The picture is a baseball or softball game. There players are wearing green black and white. There is a pair of legs visible from someone sitting on a bench. The legs are wearing a pair of high green socks with low shoes. There is a baseball glove next to the legs on the bench. there is also another person with his or her leg propped on the bench. It has green socks with a white front and black pants. Someone in the background is standing next to a fence with a baseball bat in their hand.,0.0024354001567191697,0.2933333293013333,0.8773596882820129,0.0898876404494382
510,A giraffe stands in a field. There is a fence behind the giraffes. The grass is tall and green.,"A giraffe is standing in the grass with his head halfway down towards the grass. The giraffe is looking at something in the grass and his mouth is open. His left front leg is standing wide and far from his body. The giraffe is young and he has a long neck and long legs. The grass is both, green and dry and there are trees casting shadows on the ground.",0.005145099066424919,0.2903225766649324,0.8946717381477356,0.11368986474918678
511,A man is skiing down a hill. He is wearing a black jacket and black pants. There is snow on the hill behind him.,There's a man standing at the top of the hill on skis. The man is wearing a black helmet. The man is also wearing goggles. The coat that the man is wearing is a bright red. The man is holding ski sticks. There are lines in the snow where the man is standing. A man is standing at the top of the hill looking over at the land. The land is covered with snow.,0.02207621938376172,0.35714285265943885,0.9011192917823792,0.11594202898550725
512,This is an image of a street. The street is made up of tall buildings. There is a red fire hydrant on the sidewalk in front of the building.,"A black tall metal steel pole is in front of a very tall buildings with many windows. The black pole has two street signs on it being held on by silver metal rings. One of the signs is black and has the numbers, 1 and 21. It also has in white writing Wall st. On the other black sign are the numbers 92 and 113 and the white word broadway. Above the street sign pole is a street light and the lamp is round. The light is turned off.",0.007607671003614724,0.2857142816326531,0.8579779863357544,0.09638554216867469
513,A man is standing on a baseball field. He is wearing a red and white uniform and a black helmet. There is a catcher's mound in front of him.,"There is hitter getting ready to swing at the ball that has just been thrown by the pitcher. The pitcher is wearing a black shirt with gray pants and red socks while the hitter is wearing gray pants, dark blue shirt, and black socks. The umpire and the catcher is squatting down anticipating the play. The field is a mixture of dirt sand green grass. The image was taken through a metal fence.",0.01274457903988563,0.21333332908088895,0.870888888835907,0.10204081632653061
514,There is a train on the tracks. The train is red and white. There are wires above the train.,A worn wooden building is on the side of a set of train tracks.  The building has many windows with screens over the windows.  Many of the screens are torn or missing.  The paint on the building is severely thinned and peeling.  A small foliage bush is at the front of the building.  Tall mountains are in the far distance.  A large metal structure is suspended in the air above the building and the train tracks.,0.002252858700163748,0.3333333297555556,0.8661816120147705,0.09246088193456614
515,A woman is standing on a snow covered ground. She is wearing a black jacket and black pants. There is snow on the ground in front of her.,"A man and woman are standing outside on a snow covered field. the man is wearing a dark coat, scarf, pants, gloves and eyeglasses. The woman is wearing a dark coat, gray scarf, dark pants and black gloves on her hands. They are standing behind a homemade snowman. There are colorful frisbee rings on the ground surrounding the snowman.",0.06208733716125285,0.5172413746908444,0.9143496155738831,0.18637226970560303
516,This is a picture of a table. The table is made of wood. There is food on top of the food. there are white bowls on the table with food in them.,"A long food banquet table is covered in a white tablecloth with long red cloth fringes.  The table is covered in food on metal platters.  In the center of the table are several raised bowls of food.  Next to the table in the foreground is another identical table with different food items.  Two large windows are on the wall next to the tables.  The windows have white sheer panels and dark blue curtains.  The room the table is in has red walls and hardwood floors.  A tall, green, decorated Christmas Trees  is against the wall next to the windows.  Another plain red table is in front of the Christmas tree with two tall glass bowls filled with oranges on it.",0.004154919594448897,0.29213482785506883,0.8687666058540344,0.11241007194244605
517,A woman is standing on a beach. She is holding a white surfboard in her hand. There is water behind her.,"The woman is sitting on top of a large, white lifeguards chair. The woman has dark hair and a blue headband. The is wearing a colorful, flowered bathing suit. She is wearing sandals with a small kitten heel. The woman holds a large pink umbrella. There is a a stand of green trees in the background. The sky is blue with big white clouds.",0.005023888387964277,0.2666666626055556,0.8855351805686951,0.11725293132328307
518,A man in a black jacket and black pants is standing on a snowboard. He is wearing a helmet and goggles. There is snow on the ground behind him.,"A person is in mid air in a jump pose with a snowboard attached to their feet.  The person is wearing a black hat, pants, gloves and red jacket.  The person is in the air above a snow covered steep ski slope.  The sky is white with clouds and a few sections of pastel blue.  The sun is in the background and glowing as a white round and bright circle in the sky with a white haze of clouds over it.  A ornate type graphic in green-yellow and pink lettering is at the bottom of the ski slope.  Trails of narrow white lines are in the sky with the clouds.  Another person can be see in the background at the bottom of the slope in the background.",0.0019074707455958924,0.2528735594398204,0.8674578666687012,0.06825938566552901
519,A man is riding a motorcycle on the street. He is wearing a black jacket and black pants. There is a large white building behind him.,"A woman is looking down at her hand while standing over a motorcycle.  The woman is wearing a sleeveless vest, black helmet and blue jeans with rips on the upper thigh.  The motorcycle is a pale color and is surrounded on both sides by two more motorcycles.  The woman is parked on a paved surface next to a field of grass.",0.016056857018926757,0.2727272683884298,0.891085147857666,0.11304347826086955
520,A man is surfing in the water. He is wearing a black wet suit. There is a white surfboard behind him.,A man is parasailing in the ocean. The man is standing on a flat board. He is holding on to the handles of the sail. The sail has several white cords attached to is. The sail is dark blue. There black stripes on the sail. On top of the black stripes are blue stripes. The water is dark blue. In the distance is a large land mass.,0.009174824545452489,0.32142856706632655,0.8868159055709839,0.14522644515248065
521,A man is standing in front of a mirror. He is wearing a white shirt and black pants. The man has a beard and mustache on his chin.,A man is pointing at something pink. The pink item is a wristband. The wristband is on his right wrist. There is some some writing on the man's right hand. the man is wearing a green tie. The man is wearing a white button up shirt. the man is wearing a ring. The man has a beard on his face. The man is standing in a room.,0.08431912229455274,0.48275861590368624,0.898042619228363,0.19417741926639215
522,There is a white bowl on the table. There are bananas on top of the bananas.,"A bunch of small green bananas is hanging from a large banana tree. Under the bananas are a slew of large, dead brown leaves. Hanging from the center of the bunch is a long stem with a pod at the end of it that is dripping some type of fluid. Behind the banana tree is a green wall of other trees. The bananas are facing upside down.",0.0017464159552367851,0.21818181477024795,0.8647348880767822,0.07747848735617026
523,There is a stop sign on the street. The sign is red and white. There are cars parked in front of the sign.,A stop sign is locating at an intersection on 7th street. There is a street sign and a bunch of pedestrians as well. The pedestrians are all walking across the street and they all have on short sleeve shirts. There are a bunch of palm threes located in the background and the sky is very clear and monotone.,0.017362884344021928,0.4561403465558634,0.8838651776313782,0.22481825973778613
524,A man is sitting on a bed. The bed has a white blanket on it. There is a blue blanket next to the man.,A little boy lays back on the bed. A little girl lays next to the boy. The boy has a blanket covering him. There is a white laptop on the boys lap. The laptop is open. The laptop has an Apple logo on the screen. The two kids are watching something on the laptop. The laptop is plugged into the wall. There is a cord attached to the laptop. The kids are resting on pilllows. There is a window in the corner of the pic.,0.007446127534227689,0.41935483472944857,0.8978957533836365,0.14802297016069724
525,A zebra is standing in a field. There is a fence behind the fence. The grass is tall and green.,A black and white zebra is standing outside by himself. No other animals appear around him. He is standing on the ground covered in dirt. You can see a tree branch next to him with green leafs. In the back of him you can see the shadow on the ground cast about by a tall tree near him. It appears to be sunny and warm outside.,0.006612293251653305,0.31249999625,0.889777421951294,0.11400651465798044
526,A baseball player is standing on a baseball field. He is wearing a blue and white uniform with white writing on the side of the uniform. The player has a black helmet on his head.,"The image is a pencil outlining of a baseball player on a baseball field at  home base. The sketch appears like a comic strip picture that has not been colored in. The baseball player has the baseball bat raised in the air and is looking towards the direction of where the pitcher would be standing. The uniform of the player has the letters ""ARAI"" on the back of the shirt with the number 25. Both the shirt and the pants are striped. The player is also wearing a baseball helmet on his head and gloves on his hands.",0.013167545929467511,0.40963855000725796,0.8788256049156189,0.16092632981945962
527,A bed is in the corner of the room. The bed has a white blanket on it. There is a window behind the bed.,A bedroom has a twin bed that is high up off the floor. The bedframe is metal with metal bars. In front of the bed is a chest. The windows have shutters on them that are closed and drapes that are open. A green plant in a pot is in front of one of the windows. There is a rug on the floor. The bed is made and there are two pillows on top.,0.010136291037783147,0.3548387055567118,0.8986093997955322,0.14367383782157367
528,A man is sitting at a table. He is wearing a black jacket and blue jeans. There is a silver laptop on the table in front of him.,Two men are sitting in front of their laptops. Both of the laptops are black and gray. The man on the right has gray and black hair. The man on the right is wearing a watch on his right wrist. The watch is black. The man on the left is wearing a navy blue shirt. The american flag is stitched on the right shoulder of the dark blue shirt.,0.017467872045023557,0.44827585728299646,0.8899324536323547,0.17197071885946438
529,A large white and blue airplane is flying in the sky. There is a large body of water behind the airplane.,A large plane is flying over a whole bunch of clouds high in the sky. But because it seems so far away it looks very small. It has a wing and a tail visible and is dark in color. The sky is white and blue. The clouds below the plane are fluffy and puffy and white. Far off is a patch of bright blue. The puffy clouds are a light blue color with a twinge of blue and grey to them.,0.005022380307765892,0.3582089514368456,0.8846933841705322,0.09999999999999999
530,A white van is parked on the side of the street. There is a large white building behind the van.,This is an old bus painted blue. There are white curtains in the windows and bicycles attached to the front. there are six windows on the side and one big window in the back. On the back of the bus is a spare tire. The bus is parked or traveling along a road next to a patch of green grass. There are many trees in the background.,0.00808294315140398,0.29999999625,0.8856719136238098,0.10433386837881217
531,This is a picture of a cow. The cow is brown and white. There is grass on the ground. the grass is green and brown. there are cows behind the fence.,Two light brown cows stand on a muddy path.  They have horns on their heads.  There are several cows on the ground behind them.  There is a thatched roofed building in the back ground. The building behind it had a blue tarp on part of the roof.  The roofs of several structures can be seen in the background.,0.01162885351161976,0.3870967697138397,0.8772904276847839,0.16274864376130202
532,There is a large white boat in the water. There are people standing on the side of the boat.,"Four white fire hydrants sit outside. A small brown dog with a long tail is walking toward them, with its rear facing the camera. There are wooden posts lining a parking lot, and greenish brown grass on a hill in the background. There is a wooden fence post in the foreground, and a wire fence. The sun is casting shadows on the ground.",0.008653809490476219,0.2622950782585327,0.8665542006492615,0.12591249525976486
533,This is a picture of a refrigerator. The refrigerator is made of wood. There are many items on the counter. Some of the items are white and some of them are red.,"A cat stands on a tiled kitchen floor, looking into an open refrigerator. There are white cabinets to the right of the fridge, and the main source of light is coming from the fridge. The door of the fridge has eggs, bottles of drinks and condiments, and there are containers of food in the main part of the fridge where the cat is looking.",0.010199768877173021,0.3076923032142012,0.8755242824554443,0.17135213612735545
534,A bathroom with white walls. There is a white toilet in the bathroom. The sink is white and has a silver faucet.,"A man is taking a photo in a public restroom mirror with a camera. There is a long counter with four white sinks, soap dispensers, and one water knob for each. Above the sink is a long mirror reflecting the back wall. The wall is covered with beige subway tile. The man taking the picture is wearing a gray shirt, and tan pants.",0.01064860627803068,0.3666666626055556,0.8773683905601501,0.11035653650254668
535,A man is skateboarding outside on a sunny day. He is wearing a short sleeve shirt and shorts. The skateboard is black and the wheels on it are black. There are trees behind the man.,There is a guy skateboarding. He is skateboarding on a black skateboard with white wheels. He is wearing a white shirt with gray shorts. He has on a pair of red sneakers with black markings and laces. He is in mid jump and has his hands over his heads. There are wooden benches behind the guy on the skateboard. The benches have purple handles. A building with bars and window is behind the benches and is showing the reflection of trees.,0.033991804059699655,0.465753420071308,0.902401864528656,0.18647502449549186
536,A man is surfing in the water. He is wearing a black wet suit. The man has a white surfboard in his hand.,A man in a black wetsuit is surfing. The sky above him is a dark shade of blue with a lighter area towards the water. The ocean that he is surfing in is a shade of green with white foam meeting the skyline. The man has his arm outwards for balance and his body bent. His surfboard is white and has a point on the end.,0.016636283502387807,0.4126984084857647,0.89869624376297,0.17702492176872278
537,This is an image of a zoo. The zoo has a lot of animals in it. There is a giraffe in the middle of the ground. It is brown and white.,"A small elephants is bathing in a small man made pond. The water is shallow coming to his under belly and covering his legs. There is water splashing to the right of the elephant. The bottom of his tail is in the water, and his trunk is raised upward as he closes his eyes. The shadow of his turns is cast on the light colored rocks in front of the elephant as the sun shines above.",0.00639550885262905,0.22857142426122457,0.8532888293266296,0.1048951048951049
538,A bus is on the road. There is a man in a blue shirt standing in front of the bus.,People are gathered to board a bus.  The bus is yellow with side doors opened for passengers to enter.  The bus has two front windshields that are high up on the front of the bus.  There are street light poles above the walkway.  People entering the bus are wearing jackets and some have hats on.  The sky is blue with white clouds in the distance.,0.019272896893790765,0.32786884875033595,0.8723691701889038,0.13037312338011636
539,A cat is laying on the floor. The cat has a black nose and paws. There is a window behind the cat.,A cat is looking outside of a window. The cat is peeking with it's head tilted to the side. It appears to be focused on something that is moving outside. The cat is white and has black spots all around its body. The tail is black and the cat has on a pink collar. The cat is looking out of a glass door that is behind an open door.,0.009028601420429291,0.3666666626055556,0.900938868522644,0.11664074650077759
540,A giraffe is standing in a field. There is a fence behind the giraffes. The grass is tall and green.,A single giraffe stands just in front of a series of high boulders which form an enclosure behind it which is higher than it's head.  The giraffe is standing in a depression and a small grass hill rises in front of the animal.  Trees are behind the rocks and cast shadows onto the rocks.  The area in front of the giraffe is grass.,0.028556365418994242,0.3859649080947985,0.8956563472747803,0.11925042589437816
541,A toilet is in the corner of the room. There is a white toilet on the wall next to the toilet. The floor is made of tiles.,"A bathroom has brown tiles going halfway up the walls and on the floor. The tiles are rectangular. There is a small white toilet attached to the wall and a metal gray flusher. There is a small white sink on another wall. The wall above the tiles is a light yellow color, almost white. The walls outside the bathroom are white.",0.019613557367240287,0.4363636318413224,0.9015040397644043,0.17210928489042676
542,This is an image of a zoo. The zoo has a lot of animals. There is a giraffe in the middle of the ground. It is brown and white.,A bunch of elephants are gathered together outside. Two of the elephants are very close to eachother and the other one is a couple steps away. Two of the elephants look like parents and the smallest one looks like a child. They are in an enclosed area that appears to be a zoo. There is a small body of water in the very front.,0.01801538376225912,0.28571428126984133,0.8764569759368896,0.1487603305785124
543,This is a picture of a train on the tracks. The train is red and white. There are people standing in front of the train. Some people are wearing hats on their heads.,"The image is of a train-station. It is an aerial view. There is a train in the station and there are three platforms. All three platforms are crowded with passengers. There is a metal archway that goes above the train tracks. On the outside of the station there are trees. On the right side of the image there are large white buildings in the background. It is daytime. Some of the people at the train station are wearing backpacks, many of the people are wearing white shirts.",0.011651778548938197,0.4225352067923031,0.8909227252006531,0.2024143778494385
544,A large white and blue airplane is flying in the sky. There is a white building behind the airplane.,"The image is of a jet plane. It is gray in color and has two small black wheels below its body. These small black wheels extend to each side of the plane. On the front of the plane there is a propeller that is moving in full motion, as the plane is up in the air. The letters ""TF-FTE"" are on the bottom of the left wing. The tail has a small wing on each side. The sky appears gray and dark.",0.001271610732744198,0.15873015510204092,0.8701745271682739,0.06605019815059444
545,A white plate is sitting on a table. There is broccoli in the middle of the broccoli. The broccoli is bright green and has yellow leaves on it.,"Chopped tomato pieces sit on a cutting mat next to a silver chef's knife. There is a glass measuring cup in the background, and two bunches of green broccoli next to the tomatoes. The flash from the camera gives a bright light on the food, and the kitchen counter that everything is sitting on is a creamy white color.",0.021621001444188086,0.36363635919191917,0.882342517375946,0.1699463327370304
546,There is a white couch in the room. There are books on the wall next to the couch.,The room is a little dark. There are two windows in the room. The two windows are letting in the only light that is coming into the room. The two windows have drapes. There's a cream chair to the left of the room. There are two lamp shades on both sides of the windows. There is a silver kettle on a table closest to the camera.,0.01807103528486641,0.35999999596800003,0.8973758220672607,0.1393427741466957
547,A laptop is sitting on top of a desk. There is a white keyboard on the desk in front of the laptop.,The room shows computer desktops on long table. A man with balding head is looking at the his computer. He is wearing a stripe shirt. He is also wearing eyeglasses. In front of him is a woman wearing a white blouse. She is also looking at her computer. The wall is white and there is a green poster. The room is dark except fro the lights coming from the desktops.,0.004178019811908375,0.19999999625000006,0.8744212985038757,0.1389897266489999
548,This is a room with a bed in it. The bed has a white blanket on top of it and a blue and white pillow on the bed. There are two windows in the room. One of the windows is white and the other window is,"A vintage ad for Gold Seal floors and walls shows a woman in a red and black party dress entering a bedroom. There is a platform, and a bed on the platform with a ottoman, and a nightstand. A tall window behind the bed has closed curtains. A bookcase on the wall has white books on the shelves. The floors appear to be terrazzo.",0.01647424738304353,0.3380281643721484,0.8688914775848389,0.19292604501607713
549,This is a picture of a clock. The clock is black and white. There are flowers in the background. the flowers are yellow and green.,A little brown teddy bear sits on the corner of a couch. The couch is black and made of leather. The bear has a pink bow around its neck. there is a painting on the wall behind the couch. The painting is of a tidal wave. There is a mountain in the background as well. The bear sits alone on the couch. The bear is cute.,0.012933599855893681,0.35714285278061225,0.8810209631919861,0.09693053311793214
550,A man in a white shirt and blue shorts is standing on a tennis court. He is holding a racket in his hand. There are people standing behind him watching him.,"This is photo inside a stadium at a soccer game. There are spectators in the background. The ground is covered with green astro-turf. There are two men play soccer. One of the men is wearing a black pair of shorts, white shirt, white socks and black shoes with yellow at the bottom. The other player is wearing a purple pair of shorts, a purple shirt with white writing and purple socks. They are both trying to kick the white ball that has multi-colored swirls.",0.0035345567402213294,0.18181817743295675,0.8653260469436646,0.07623888182973315
551,A baseball game is in progress on a baseball field. A batter in a white uniform is swinging a bat at home plate. He is wearing a black helmet and a red helmet. The catcher is crouched down behind the batter.,There is a baseball game going on. There are batters on the side warming up. They are wearing grey uniforms. They are wearing red helmets. The other team has red and white uniforms. There are many people watching the game. The ground is green. The sky is blue. There are many trees. Many people are playing.,0.012543886015413657,0.3437499950439453,0.8964681029319763,0.12844036697247704
552,This is an image of a mountain. The mountain is covered in snow. There is snow all over the ground. Some of the snow is white and some of it is black and white.,A cow eats grass on the side of a hill. The cow is white. The grass is green. The grass is all over the hill. There are some weeds in the grass. There are  some trees by the grass. There is a rock by the trees. There are many mountains.  There is some snow on the mountains. there is some fog near the top. There is just one cow.,0.017759602738388912,0.43636363156363633,0.8773934841156006,0.15905663933653752
553,This is a picture of a man and a woman. The man is wearing a black shirt and white pants. He is holding a white surfboard in his hand. There is water in front of the man.,A woman has a bunch of bananas o her head. She is seen in the forefront of three village type cottages. There is three other people behind the woman. There appears to be two men and a child as the man is wearing a blue shirt and stands in the doorway of one of the cottages. The child sits on the dirt ground a few feet away from the man in the blue shirt. A man wearing a red shirt is seen a few yards behind the others. Trees protrude from the tops of each cottage.,0.024234135848013927,0.29999999580000003,0.8676338195800781,0.1435707856634825
554,A man is standing on a grassy field. He is wearing a short sleeve shirt and shorts. The man has short dark hair and is holding a red frisbee in his hand. There are trees behind the man.,A little girl is gesturing while standing in a grassy area. The girl has red paint on her cheeks. The girl has short black hair. She is wearing an orange shirt. She is also wearing a short that are a floral print. Behind the girl is a wooden fence. The fence is discolored and gray. On the ground behind the girl is a black bat and a small white plate.,0.022507789631587477,0.45333332853333336,0.9038107991218567,0.19364861958502655
555,This is an image of a mirror. The mirror is made of glass. There is a black and white cat sitting on the top of the mirror with a white collar around its neck.  The cat is gray and black with white fur on it,"Multiple hair styling tools are sitting on a metal grate. A silver pair of shears is laying on top of a smaller pair of thinning shears. The thinning shears are different colors of blues, yellows, and pinks. Next to the shears is a gray comb. The comb has 2 varying ends. One side of the comb has small teeth the other has wider teeth. A golden comb is laying on top of the gray comb. The golden comb is large with large teeth. The metal grate is dark gray.",0.015570698567347512,0.3013698583524114,0.8354255557060242,0.1469604165445558
556,A herd of cows are standing in a field. There is a fence behind the cows.,"Black and white cows are lined up at a feeding station in a green field. The line up shows seven cow rumps and no heads, but the eighth cow is turned, looking at the camera. A farmer is in a green tractor in the distance, directly behind the feeding area. Bushes are to the left, behind the cows. The one cow with a visible face has yellow id tags in her ears.",0.0030252538690324227,0.2857142822574956,0.8830072283744812,0.08283132530120484
557,A group of people are standing in front of a building. There is a man in a blue shirt standing with his arms crossed. He is wearing a white shirt and black pants.,"A group of 24 young men are posing on the stairs in front of a building. They are mostly dressed in jackets and ties, although one seems to be wearing a sweater under his jacket.  Two of the men are wearing glasses. The men appear to be Caucasian. Most of the men are standing on the stairs, but a few are sitting on the stones on the side of the stairs. They are in front of a porch.",0.04665527558771785,0.3142857096938776,0.8805785775184631,0.18131795654549912
558,A man is skiing down a hill. He is wearing a black jacket and black pants. There is snow on the hill behind him.,"Two young men are seen on a ski slope skiing in a black and white photo. The boy in the foreground is wearing a winter hat with white specks, and white pine trees knitted into the design and a white pom pom on the top. The man is bending his right leg as he holds of his ski poles in the air. The boy on the left side of him is barely visible.",0.009040823318232952,0.2985074586233014,0.8778048157691956,0.12328058976894721
559,A man is laying on a bed. The bed has a white blanket on top of it. There is a blue blanket next to the man.,"A boy is sleeping on the couch with a black cat. The cat's ears are perked up. The boy has short brown hair and is wearing a white and gray shirt. The couch is light brown and there are some wooden bars at the top, where the boy's head is. The surface behind the wooden bars is white. The boy's ear is red.",0.00553671840931693,0.2711864363114048,0.8907475471496582,0.0927487352445194
560,This is a picture of a building. The building has a clock on the front of it. There are many windows in the building behind the clock.,The building is painted burgundy and orange. There is an old sign attach to the wall for a restaurant. The writing on the sign is yellow. There are lights attached to the wall as well. The windows on the building are very big. The windows are reflecting the trees. There is a aqua blue square small sign in the sign on the wall.,0.009905774144646225,0.3636363591140496,0.8834543824195862,0.14133683776540917
561,A white desk sits against a white wall. There is a laptop sitting on top of the desk.,The desk has laptops on it. Two of the laptops are turned off. There are two desktops to the right of the laptops. The two desktops are on. The desk is made of wood. There is a glass on a coaster to the right of the desktop computer. There's a garbage can underneath the cabinet under the desk. There is a shelf over the desk that has books on it.,0.004655474528845584,0.2799999958,0.8836857080459595,0.12326548311396794
562,A man is riding a motorcycle down the street. He is wearing a black helmet and a white shirt. There is a red and white sign on the front of the motorcycle.,"A man in a red and black jacket, blue jeans, and a black motorcycle helmet is seen standing on the side of the road near his motorcycle. The man is holding his riding gloves in his right hand just below the license plate on his bike. The man has the face plate of the helmet down obscuring his face. Across the road there is dry grass and bushes on an incline. The road is empty otherwise.",0.01679440710979468,0.4117647015051904,0.8948366641998291,0.1606145251396648
563,There is a train on the tracks. The train is blue and white. There are wires above the train.,A train is traveling on the railway track that is up on a small hill. The train is dark gray and light gray colors with yellow on its front. The hill has dry yellow as well as green grass. Next to the hill is a fence with wooden posts and green plants are growing on that side of the fence. There are also some green trees. There are some white clouds in the sky.,0.005057214209776003,0.3278688489223327,0.8892349004745483,0.12256070311336212
564,A man is surfing in the water. He is wearing a black wet suit. The man has a white surfboard in his hand. There is a wave coming up behind the man.,"The surfer is wearing a blue and black wetsuit on a cloudy day.  His surfboard is baby blue and cutting through the wave.  The surfer is focused on riding the wave as the spray from the wave is hitting him.  The surfer is keeping his body bent and low to the surfboard to keep himself on the surfboard.  The spray from the wave is small, so the surfer is coming to the end of the wave.",0.010730670612707884,0.28571428099773244,0.888470470905304,0.10474860335195531
565,A group of people are standing outside on a sunny day. They are all holding umbrellas over their heads. There is a man in a blue shirt standing in front of the umbrella.,A woman in a white hat with a light brown ribbon walks down a city sidewalk with her purse over her shoulder and carrying a large wooden basket.  There is a railing on the sidewalk and two bicycles are leaning against the railing.  There are a couple of signs and both signs are in the Asian language.  A statue of Colonel Sander from KY Fried Chicken stands in a glass showcase in front of one of the windows.,0.017004694831716904,0.25316455246274644,0.8607752919197083,0.1740362811791383
566,A man is riding his bike down the street. He is wearing a white shirt and black pants. There is a red light on the pole behind him.,A picture of people having a bike race. There are orange cones on and around the street. There are tall buildings behind the bike race. There is a large green tree to the right of the bike race. There is a tall street light to the left of the bike race. There are white lines and words painted on the street. The two men at the lead of the bike race are wearing helmets.,0.011619900620669327,0.3809523762358277,0.8847994208335876,0.13556488652737753
567,"This is an image of a road. The road is paved. There is a red and white sign on the side of the road that says ""Road Construction Only"". The sign is on a metal pole that is attached to the pole. On the",There's a truck and motioned down the street. The front of the truck is ready. This guy is blue with no clouds. The back and top of the truck is white. Their trees to the left side of the truck. The truck has big black wheels. The headlights on the truck on. There's a puff of black smoke behind the truck.,0.026199859298703214,0.31746031256235835,0.8488313555717468,0.1517706576728499
568,A bunch of motorcycles are parked on the street. There is a man in a white shirt standing in front of the motorcycles.,There are a bunch of motorcycles sitting in front of a store. There is a large white sign on the store front. There is a large red sign on the store front. The sky above the store is blue. The road in front of the store is gray and paved. There are yellow lines on the road in front of the store. There are people standing around the motorcycles.,0.03180202948170097,0.5416666619791668,0.9037862420082092,0.20693897214431964
569,A little boy is sitting on a bed. He is wearing a blue shirt and blue jeans. There is a white blanket on his head.,"A young child is brushing his teeth.  He appears to be about three or four years old.  He looks Asian, with epicanthic folds in his eyes.  He has brown hair and light eyebrows. He is wearing a white t-shirt. The toothbrush is blue and gray.  The sink is white.  A mirror in the background reflects a bathtub or another sink.  Nobody else is visible.",0.028021602924744652,0.2686567123546448,0.8767240047454834,0.108153078202995
570,There are two giraffes standing in a field. There is a fence behind them.,"A giraffe stands in an outdoor enclosure. The giraffe is standing in a side view, with its head turned toward the camera. There is a metal fence behind it, with wooden posts. There are tall palm trees with brown trunks, and green leaves and branches. It is a clear sunny day, and blue sky is visible in the background above a tan building. The giraffe is standing on beige dirt or sand and its hooves are dusty.",0.0016607674071595334,0.23880596720873248,0.884830892086029,0.09713958408827895
571,A man is skiing down a hill. He is wearing a black jacket and black pants. There is snow on the hill behind him.,A person is in fast motion skiing on the snow. The skis are multicolored. The trees in the background are a blur because the person is moving. The person is wearing a hat and gloves. The hat and gloves are both black. The trees in the background have snow on them. The person is wearing black pants. The hood on the person's jacket is bright red.,0.012796898025240797,0.41509433502314,0.8954862356185913,0.18058252427184465
572,A man is surfing in the water. He is wearing a black wet suit. The man has a white surfboard in his hand. There is a wave coming up behind the man.,There is a man surfing in the ocean. He is in the wave. He is on his stomach on his surfboard. He is holding on with his two hands. The wave is big. The surfboard is red. The man is soaking wet. The water is a greenish color. The man has short sleeves on. The Water behind the waves is calm. The man is wearing some sort of paddle on his feet.,0.02648251968598901,0.5079365032199546,0.907424807548523,0.17543684140322796
573,A man and a woman are walking on a beach. The man is wearing a black shirt and blue shorts. He is holding a white surfboard in his hand. There are small waves in the water behind the man.,The man is sitting on a pink bicycle with a basket on the front.  He is wearing an orange short sleeve t-shirt and blue jean shorts. He also is wearing a pair of thong shoes.  He is sitting on a bicycle on the beach near the blue water.  The sky is clear blue. There is a  boat in the water.  The man is near a white pick up truck that has a license plate on the back of it.  There is a board in sand near the water.,0.019334020472033617,0.41558441088885145,0.8930584788322449,0.1652892561983471
574,There is a zebra standing in a field. There is grass on the ground around the zebras. The grass is tall and green.,"In the image only the head, neck, and a partial hoof of a Zebra is visible. The Zebra is white and black, and is leaning down to eat from the grass. The Zebra is striped. The grass that the Zebra is eating from is green with various twigs and clumps of dirt scattered across it. The picture was taken while the sun was shining.",0.004405274023979772,0.20689654758026169,0.881406307220459,0.10016694490818029
575,A man is standing on a grassy field. He is wearing a short sleeve shirt and shorts. The grass is green and short. There is a blue fence behind the man.,A woman is standing in the middle of a concrete path crouching and holding a tennis racket as she poses for the camera.  She has short blonde hair and is wearing a short-sleeved button-up light blue shirt and a dark blue denim skirt that falls to her knees.  She is wearing black thong sandals and has red painted toenails.  The path is long and winding as it stretches between two areas of dense green shrubbery lining each side.,0.012200479712371119,0.26506023695746844,0.8805086016654968,0.14213110336348173
576,A bunch of bananas are sitting on top of a table. There are bananas in the middle of the bananas. The table is made of wood.,"The image is of a man's forearm outstretched holding some fruit. The man has light skin and blond hairs on his forearm. He is holding out his left hand, he is holding a bushel of miniature bananas in the open palm of his left hand. They are lying across his fingers, there are seven small bananas. The man is standing on sand that has many shoe and paw prints in it.",0.010930101650889316,0.2686567124883048,0.8675037026405334,0.1678330775034472
577,A man is standing on a beach flying a kite. He is wearing a black shirt and blue shorts. There is sand on the beach behind him.,Two people are standing on a beachy sand area flying a kite.  There is a woman and a man.  Both are wearing jeans.  The woman has a black long sleeved turtle neck on .  The man is also wearing a lightweight jacket.  In the distance are sandy hills with grass growing on top.  The sky is blue with white clouds in the distance.,0.024296124036205045,0.4374999955908203,0.8987212777137756,0.19236111111111112
578,A black and white cat is sitting on a wooden bench. The bench is made of wood. There is a white wall behind the cat.,"A woman is posing in a very weird position to take a photograph. She has on a hat that looks like it may be corduroy. She has her hands up, one is an all the way opened palm and the other has her two fingers in the middle pointed downward while the outside fingers are pointed up. She is looking directly at the camera.",0.004903269834342336,0.17910447354867462,0.841992974281311,0.1227699205028656
579,A group of people are standing outside on a sunny day. They are all holding umbrellas. There is a man in a blue shirt standing in front of the people.,"A woman is standing on a train platform. She is wearing a scarf on her head, a coat, and a red skirt. She is holding on to a black suitcase. A lot of people are standing across from her on another train platform. They are standing near their luggage. A large building with windows is over a platform.",0.04749853670445572,0.3333333286055556,0.8928940296173096,0.19211217095533867
580,A black and white zebra is standing on a grassy field. There is a fence behind him. The grass is tall and green.,"Two zebras with dark brown and white stripes are standing close to each other, and they are leaning their heads on each others backs. The horse on the right is taller than the one on the left, and he has a longer face as well. The one on the left appears more white, and brown, than black and white. There are mountains in the distance behind the dry grass , and the plains.",0.0037075278301665006,0.30985915100972033,0.8768254518508911,0.11599373477201529
581,A white counter top sits in a kitchen. There is a white microwave above the stove.,Two black microwaves are sitting on a yellow counter top in a kitchen. A brown shelf is hanging above the microwaves. Objects are sitting on the shelves. A phone outlet is hanging from a white painted wall above the counter top. Two wooden chairs are sitting in front of the counter top. Part of a room can be seen in the background of the photo.,0.004954423923841356,0.38461538068047335,0.8977769017219543,0.108153078202995
582,A herd of cows are grazing in a field.  The field has green grass and some brown grasses. There is a fence in the middle of the field and a bunch of trees. The sky above the cows is blue.,Brown cows are lying on the green grass. Behind the meadow there is a small rocky mountain. Some parts of the mountain is covered with grass and shrubs. The cow on the front has two long horns and a long tail. On back a cow is stand facing to the right. On back the meadow is covered with dark green vegetation.,0.014759534097352959,0.3333333284986227,0.8769109845161438,0.2110840617940479
583,A man and a woman are standing outside on a sunny day. The man is wearing a short sleeve shirt and blue jeans. He is holding a white game controller in his hand. There is a wooden fence behind the man.,Three men and a woman are standing in a room of a home. They are holding white game controllers in their hands. A blue and brown futon is sitting in front of a window. A tall cabinet is leaning against a wall beside the window. A brown table is sitting near the cabinet with different items on it. A long picture frame can be seen hanging on a wall in the room.,0.06235028420795896,0.3291139192308925,0.8944523930549622,0.21417916465086273
584,A bench is in the middle of a grassy field. There is a large tree in front of the bench. The grass is tall and green.,The sky is mostly cloudy and overcast. There is a bench to the right of the walkway. The bench is made of wood. There is a red sculpture made of metal to the left of the bench. Some of the grass is cut short and some is not. There are trees behind the bench the trees directly behind the bench is a reddish wine color. The trees in the distance are tall and bushy.,0.014728370118278796,0.38596490783625736,0.8951799273490906,0.17623252686019883
585,This is a picture of a beach. The sky is clear and blue. There are small waves in the water. People are walking on the sand in front of the waves. Some people are flying kites. One kite is red and white,The image is of a seagull flying in the air in the direction of the west. The seagull in the air is white and its wings are spread open. There is another seagull on the ground. The ground is made of sand and the seagull is located near the shoreline of the water. There are waves in the water in front of the seagull on the ground. The clouds are gray and the sun is orange. The sun can be seen in the distance.,0.046317170959352526,0.39999999506530615,0.8794253468513489,0.17469674185463663
586,This is a picture of a street. The street is very busy with traffic. There are many cars on the road. Some of the cars are white and some are black.,"The image is of a sign hanging on a black pole. The sign says ""Objazd"" in black lettering. To the left of the lettering is a solid black arrow which is pointing to the left. The sign's background is yellow. It has markings and scratches on it making it look worn. The sign is near the bottom of the picture. The pole does not have a top or bottom. In the background is blue sky with numerous clouds. The clouds are large and puffy. The picture was taken during the daytime since the clouds are out and the sky is blue.",0.002904881527561313,0.274999995903125,0.8607070446014404,0.07978723404255318
587,A man in a black wet suit is standing on a beach. The man is holding a white surfboard in his hand. There is water behind the man.,"There is a single person in black on the ocean as they para-ski on a mostly cloudy day. The sail in the air is yellow, with white, and black stripes on it, and is high in the air and far from the skier. Beyond the sand, and near the camera there is a swatch of area where there are small pebbles and small rocks on the sand. There is a red, white, and black kite on the beach on the damp sand near the rock covered ground. rocks.",0.0031641241560893285,0.2535211225947233,0.8660505414009094,0.1023830263812842
588,This is an image of a zoo. The zoo has a lot of animals. Some of the animals are giraffes. There is a giraffe in the middle of them all.,"Four elephants are seen in a muddy field on a sunny day. The Elephant nearest the elephant is small and his head, trunk, and front legs are wet. The taller elephants on the right are facing away from the camera, and are fully wet. The fourth elephant is far in the distance behind a wooden post fence. A person in a tan hat is standing near the two wet elephants.",0.005205116194470663,0.17910447330808651,0.8556752800941467,0.07575757575757576
589,There are two giraffes standing in a field. There are trees behind them.,There are two giraffes in the outside wooded area. One of the draft is sitting down. The other draft is standing with his face in the trees. The giraffe sitting down is looking to the right. The giraffe has two furry horns on its head. The top of the horns is a dark brown color. The giraffe is brown and tan. The giraffe's neck is very long. The giraffe ears are white. The eyes of the giraffe are very dark.,0.0013285993733705595,0.28070175127116037,0.8890156745910645,0.054570259208731244
590,This is an image of a plane. The plane is a passenger airline and it has a logo on the side of it. There are two large engines in the front of the plane and two smaller engines behind the airplane.,The picture was taken in black and white. There are planes parked on the grass. There's a big plane and a small plane parked next to each other. The big plane has two propellers under the weight. The windows are on the side of the plane. The windows are circle-shaped. The grass is high. Some of the grass is brown colored.,0.06587035260294098,0.4307692259124261,0.8871278762817383,0.22776895009416193
591,A woman is sitting on a bed. The bed has a white blanket on top of it. There is a blue blanket next to the woman.,A Caucasian couple are sitting in bed reading a book together. They are both under a yellow bed sheet.The man does not have a shirt on. He also has blue eyes and short brown hair. The woman looks older with reddish-brown hair. The bed frame is made of metal and is black and gold. Above the bed a brown curtain with a funky print hangs.,0.0055766986560052195,0.31884057571938673,0.881912887096405,0.11456628477905073
592,A bathroom with white walls. There is a mirror on the wall behind the sink. The sink is white.,This photo takes place inside of a bathroom. A long green curtain hangs inside of a white tub. Part of a window can seen above the tub. A window sits over a white toilet. Two small shelves are on a corner wall near the window. A roll of tissue hanging on a tissue holder near the toilet. The floor is blue in color. A small trash can is on the floor near the toilet.,0.0017810782917757758,0.31034482375148637,0.8829073309898376,0.08759124087591241
593,A man is sitting on a bench in front of a window. He is wearing a black jacket and black pants. There is a white wall behind the man.,"In this black-and-white image, a man is holding a cell phone to his right ear and looking straight ahead. He has very short, dark hair and has an East Asian appearance. He is standing next to a motorcycle outside a building. He appears to be wearing a robe. The appearance of him is reminiscent of a Buddhist monk.",0.011144036916652991,0.21538461090650898,0.8787137866020203,0.20255716250416037
594,A man is skateboarding outside on a sunny day. He is wearing a black shirt and black pants. The skateboard is black and the wheels are black. There are trees behind the man.,"A man is riding a skateboard on a skateboard ramp. The ramp is covered in graffiti. Above the skateboard ramp, there is a metal chain link fence. The man is wearing a black shirt with green writing on it and black pants. He is wearing red and black checkered shoes. He is holding his arm out as he is doing the trick.",0.0934675140603308,0.4374999953955078,0.9136643409729004,0.295900383509415
595,A man is skiing down a hill. He is wearing a black jacket and black pants. There is snow on the hill behind him.,"There is a large amount of snow on the ground. There are trunks that are partially covered with snow. There is a guy snowboarding through the trees. He is wearing a kaki colored puffy jumpsuit. The jumpsuit has a hat attached, but he is not wearing it. He is wearing a black cap with goggles. He is also wearing tan gloves on his hands. His snow board is bright orange and stands out on the white snow.",0.025399232914661205,0.2898550684730099,0.8849789500236511,0.14111266077793275
596,There is a train on the tracks. The train is yellow and blue. There are wires above the train.,"A train with red and white cars is coming around a curving bend of a train track. The tops of the train is silvery white, and four cars are in view. There is a silver door at the front end of the train, and it is juxtaposed by a black metal fence. People are standing alongside the fence, watching the train. Numerous green trees and a giant cherry blossom tree flank the train tracks. There is a long wooden posted fence with wiring, and a wooden track near the cherry blossom tree.",0.001997655718365603,0.2571428539428572,0.8754238486289978,0.0991193407705467
597,A man is standing in a room. He is wearing a white shirt and black pants. There is a large window behind the man.,The man in the picture is wearing a tie. That is black with pictures on it. The picture is of Santa Claus and a snowman. But I also have snow drawing on it. The man is wearing a white button down shirt. He is also wearing a dark-colored blazer. The man has gray hair. The man is wearing silver glasses. The wall behind the man is a green color.,0.02597810134912258,0.32786884816984685,0.8873094320297241,0.1815346414728682
598,This is a picture of a building. The building has a clock on the front of it. There are many windows in the building and the windows are made of glass.,"The image is a large clock tower. It is made of stone, red bricks, and grey bricks. There are two clocks that are visible on the tower. The clocks are white and black. The time on clock reads, 1:27. Based off of what the clouds in the image look like, it appears to be an overcast day. The trees in the image are bare. There is a lookout area at the top of the tower. Below the tower is a newer red brick building.",0.0061374333159915475,0.3783783743133674,0.8841000199317932,0.13341804320203304
599,There are two giraffes standing in a field. There are trees behind them.,"There are two giraffes standing together. They look to be lower than the foreground, so they are standing in some type of pit. The foreground is green and grassy with sticks scattered on it. The two giraffes are tall and have white ears. They also have brown and white bodies with patterns on them. Behind the two giraffes are tall, green-leafed trees.",0.007933546388376145,0.28571428255739795,0.9035805463790894,0.12053793431493375
600,A wooden bench is in the middle of the water. There is a person sitting on the bench. The person is wearing a black shirt.,"This is a light colored bench on the shore. The bench has numerous slats in it.The bench is low to the ground and has rocks on it. There are also sticks and pieces of trash in the rocks. The rocks are light gray and brown in color. The bench is against a cement wall. In the background there is blue water, likely the ocean.",0.00774412176814553,0.275862064684899,0.8920459151268005,0.11647254575707154
601,A woman is standing in a room holding a baby. She is wearing a blue shirt and black pants. There is a white wall behind the woman.,"A woman and two children are standing in front of elephants. The woman is wearing a black coat. The children are wearing black and white coats and blue jeans. The woman is helping a little boy put food in an elephant's trunk. A blue bag is being held by the woman, as she helps the boy. The little girl is standing near them with her hand out.",0.015453942936408616,0.3636363592975207,0.8984453082084656,0.15735706047124734
602,The kitchen is very clean. The stove is black. There is a white oven on the stove.,"In a small kitchen with white walls, sink, door, and appliances, a younger man with brown hair and dressed in a black t-shirt and sweatpants with a red, white and green design going up the side, is turning a nob on the old gas stove. There is a pot and a baking pan on the stove, and several dish rags are hanging from the door handle. A cluttered rack is above it, full of scissors and other kitchen items. Bottles of flavorings and sauces line the small kitchen window. A large wood cutting board is on the small cabinet next to the stove. More items, that appear to be kitchen related are shoved in between the stove and the cabinet.",0.00021895380347540237,0.15555555308395064,0.8677034378051758,0.07190131234728386
603,There is a train on the tracks. The train is yellow and blue. There are trees behind the train.,"A train is on the tracks with gravel underneath on a gray, dark, stormy looking day. The train in the front has many cars on the back and they appear to be open on the top. In the distance there is another train. The first train looks like a commercial train, the other one looks like it is a passenger train. The sun is on the right side casting shadows to the left. There is a small town, or a large farm in the distance on the right.",0.0023725444766758844,0.26470587908304505,0.8832476139068604,0.08631319358816276
604,A living room with a fireplace. There is a large window in the middle of the room. The walls are made of wood.,The room has a fireplace in it. There are two windows in this room. The sunlight is coming from one of the windows. There is a sheer shade over the window. There are two light fixtures on the walls. Both of the lights are on. There's a small rocking chair on a square rug on the floor. The rocking chair is made of wood. There's a footstool in front of the small rocking chair. There's a picture over a small table by the door on the wall.,0.0059360366359042325,0.4374999958251954,0.8968772888183594,0.10545905707196032
605,"This is an image of a road. The road is paved. There is a red and white sign on the side of the road that says ""Road Construction Only"". The sign is on a metal pole that is attached to the pole. On the","A road runs through a wooded area.  The road has two lanes, each running in opposite directions, separated by a double yellow stripe.  A sign points the way to two separate routes coming up at an intersection.  A pole is over the sign.  It holds overhead wiring.A car is in the background, heading away from the sign.  A stop sign is in the distance in front of the car.  It is partly cloudy.",0.010580120139468482,0.25641025188362926,0.8564777970314026,0.17018124415719688
606,This is a picture of a dog. The dog is brown and white. There is grass on the ground. the grass is green and brown.,A picture of odd wooden shapes on the ground. There is a large framed mirror behind the objects. The floor under the objects is made out of wood. There are brown nail marks in the wooden floor boards. The wall next to the mirror is white. The wall above the mirror is brown. The floor in the reflection is shiny.,0.017667893807545652,0.4230769188165681,0.8824548125267029,0.17546008512723152
607,A man is walking down the street. He is wearing a white shirt and black pants. There is a red light on the pole next to him.,"A couple of women walk on a sidewalk. The women have a dark complexion. There is a cross walk signal to the left of the women. The sidewalk they are walking on is gray. There are green, leafy trees behind them. There is a tall building directly behind them. There is a fence around the building that is behind them.",0.014392172412006824,0.17543859167743936,0.8874891400337219,0.11463844797178131
608,A white plate is sitting on a table. There is a silver fork on the table next to the plate.,"A clear glass bowl is next the the computer keyboard. In the clear glass bowl is a variety of fresh nuts, dates, and a part of a peeled banana. Outside of the bowl next to it on the desk is a unpeeled small orange. The desk is painted red but the paint has started to chip. You can see part of the keyboard and part of the computer monitor.",0.003458458568019771,0.22222221838134434,0.8724219799041748,0.078003120124805
609,A baseball player is standing on a baseball field. He is wearing a blue and white uniform with white writing on the side of the uniform. The player has a black helmet on his head.,A boy is standing on a baseball field holding a bat in his hands. He is wearing a black helmet and a black and white uniform. A catcher is squatting behind the boy. He is wearing a black face mask and a brown baseball glove. The field is surrounded by a gray chain link fence. A silver vehicle is parked outside of the fence.,0.1059559253258437,0.5538461491124261,0.9048288464546204,0.18821603927986907
610,This is an image of a cat. The cat is black and white. There is a window on the wall behind the cat with a white curtain on it.,A teddy bear sits on  a small table. The table is blue. The bear is wearing a hat. The bear is wearing overalls. The bear has a tag on its ear. The bear is wearing a tie. There is a bench sitting on the yard. There are trees behind the fence. There are people outside. The bear is inside a car. The bear is little.,0.015881933240379845,0.26415093869704526,0.8693628311157227,0.10586319218241043
611,A woman is sitting at a table in a restaurant. She is wearing a short sleeve shirt and black pants. There is a white table cloth on the table behind her.,"A picture of a man touching a cake. The cake has white frosting on it. The cake also has heart decorations on it. The man touching the cake is wearing a shirt, tie and pants. There are metal bars obscuring the view of the cake. There is another man behind the man touching the cake. There are candles behind the cake.",0.019826784208069177,0.357142852244898,0.8866204023361206,0.1447484166080225
612,This is an image of a desktop computer. The computer is sitting on a desk. There is a black keyboard and mouse on the desk in front of it.,A woman is sitting in the drivers seat of a vehicle.  The woman has long red hair and is wearing dark sunglasses.  The woman is parked in front of a large camel.  The camel is standing still on top of some grass.  A person in the back seat is holding a camera in their hands filming the camel .  The hands have a watch on the wrist.  The windshield of the vehicle has two black windshield wipers on it.,0.01124096906205852,0.33333332899449036,0.8593708276748657,0.12162162162162161
613,This is an image of a cat. The cat is black and white. There is a window on the wall behind the cat with a white curtain on it.,Two giraffes behind a cage.  The giraffes heads are hanging over the cage.  The picture is in black and white.  The giraffes are standing next to each other.  The cage is made of iron and very tall.  The giraffes has spot over their body.  The giraffes heads are to the top of the ceiling.  The ceiling is made of concrete.,0.015553699340346876,0.3333333286694102,0.8630343675613403,0.10544815465729349
614,A man in a blue shirt and black pants is holding a camera in his left hand.  The man is wearing a black and white striped shirt with a white stripe down the side of the shirt. He is also wearing eyeglasses on his,A person holds on to a Nintendo Wii mote. The Wii mote is red.  The Wii mote is in the right hand. The bottom half of the Wii mote is white. The Wii mote is in the left hand. The person is sitting down. The person is wearing jeans. The person is wearing a blue shirt. The person is sitting near a wall. The two parts of the Wiimote are connected.,0.028204301852840733,0.4761904712219703,0.855643093585968,0.19360696938609512
615,This is a picture of some food. The food is brown rice. There is broccoli in the food and there is red peppers and onions.,"A healthy breakfast sits on a dark gray table under a bright light. There is an orange on the left upper side next to a cup of tea and an apple near that. Below the apple there are three old brown bananas. A knife sits in between the apple and tea. There is a bowl of fiber cereal on a plate, and a silver spoon on the plate.",0.0052244878018869656,0.2769230727857988,0.8592683672904968,0.11583158904587476
616,A man is riding a skateboard on a paved road. He is wearing a black shirt and black pants. There are trees behind the man.,"Four people roller blade down a street. Each person is wearing safety gear: helmet, knee pads and gloves.  Each person also holds two ski poles.  One man wears a red and white jacket.  Two of them wear black and one wears an open blue jacket.  A car and a white house are visible behind them.  A tree sits upon a landscaped median directly to their left.",0.004759154229410047,0.24657533848752114,0.8825252652168274,0.12742445823096993
617,There is a train on the tracks. The train is yellow and blue. There are wires above the train.,"The photo was taken outside. There are two red train cars, a blue cargo car and a white cargo car on the train tracks. The train tracks are black in color. The train tracks are surrounded by a rocky ground. The rocks are gray. Surrounding the rocks are tall green bushes. The bushes are behind the train. In the front are green leaves with yellow and purple flowers.",0.007258590348752029,0.36363635984132237,0.8963372111320496,0.1250011721790339
618,A woman is standing on a tennis court playing tennis. She is wearing a white tank top and white shorts. A green tennis ball is soaring in the air towards her. There is a green fence behind the woman.,Two men play tennis on a grey court.  The court is surrounded by a grey netting.  One man has a blue tee shirt.  The other man has a grey tee shirt.  There are two benches in the area.  Both men are wearing shorts.  Both men are holding rackets.  Yellow tennis balls are in the air.  There is a green covered area near the fence.,0.04998020002631063,0.39393938910468324,0.8926373720169067,0.26595136699666316
619,This is an image of a zoo. The zoo has a lot of animals. Some of the animals are giraffes. There is a giraffe in the middle of them all.,Three elephants are on an enclosure. The enclosure are circled with grey wires and poles. The big elephnat has a long trunk and small ears. Two stones are in the enclosure the are covered with green powder. Behind the elephants there is a grey building with windows that have red frames and metal roof.,0.011677085661035052,0.26666666211666673,0.8509001135826111,0.1721763085399449
620,This is a picture of a clock tower. The tower is made up of many windows. There are many mountains in the background.,The sky is a golden yellow color. There is a bird flying in the sky high up. To the left there is a clock tower. The clock on the clock tower has a face that is gold colored. The hands on the clock are black. The water is reflecting the gold light coming from the sky. There are weeping willow trees next to the Clock Tower. The weeping willow trees are also next to the water. The water is calm.,0.013534607031914727,0.3333333291333333,0.8719865083694458,0.09930649020487513
621,A man is sitting at a table in a room. He is wearing a white shirt and a black tie. There is a large window behind the man.,A man sits down in a chair. The man is sitting in a room. There are many wires outside. There are many windows in the room. There are blinds on the windows. There are boats outside. There are many buildings outside. There are clouds in the sky. There is a tv in the room. The man's foot is in a chair. The buildings have many windows.,0.02263749620705557,0.3673469338775511,0.8831568360328674,0.1626652375848517
622,This is an image of a bear. The bear is brown and black. There is a large rock on the ground in front of the bear and it has a black nose and fuzzy ears.,A bear sits on a tree. The bear is alone. the bear is black. The bear has a leg in the air. The tree has bark on it. The tree is brown. There are leaves on the tree. There are many branches on the tree. The bear is small. There is sunlight all over. The bear is laying down. There are many trees. The bear is in the woods. The trees are standing up.,0.016975781258280094,0.3859649074053555,0.8798803091049194,0.1342111715406562
623,This is an image of a street. The street is very busy with traffic. There is a white and red fire hydrant on the sidewalk in front of the building.,The bus is making a right turn at the corner. There are stripes on the side of the bus. The bus is mostly white. The windows are black. There is a silver car by the bus. There is a pole above the bus. There is a traffic light on the pole. There is a colorful sign by the bus. There are many trees by the side of the road. There are many cars on the road. The sky is bright and blue.,0.009369436494259779,0.32786884768610597,0.877816915512085,0.10270278599605522
624,This is an image of a street. The street is paved. There is a car parked on the side of the road. the car is white and has a red license plate on it.,A red fire hydrant of the corner of a sidewalk.  A black car is riding along the road.  There is a white truck on the other side of the road.  White lines are painted in the road.  The hydrant has chain on each side.  The edge of the sidewalk is painted red.  There is a tree across the street covered in snow.  There is snow on top of the hill behind the trees.,0.047391157879827554,0.444444439808516,0.8773016929626465,0.18720300706627743
625,A pizza is sitting on top of a white plate. There is cheese and onions on the pizza.,"A small round pizza is on a wooden table.  The pizza has red onions, red sauce, and melted cheese on it.  The pizza also has black olives and spices.  A dark shadow is on the table beneath the pizza.  The background is blurry beyond the pizza.  The pizza also has a red pepperoni curled at the top near a lone slice of red onion.",0.0037275142185073623,0.37735848650765397,0.8949694037437439,0.10942760942760943
626,This is an image of a zoo. The zoo has a lot of animals. There is a giraffe in the middle of the photo. It is brown and white.,This is an enclosure with giraffes. The giraffes are tall and have dark brown and patterned skin. The ground is beige with dirt. There is a grouping of tall trees in the background with brown and green leaves. There is also a zebra laying on the ground. It is black and white. There is a little circle of water for drinking.,0.028348077623400147,0.426229503681806,0.9024033546447754,0.21989619377162625
627,A person is sitting on a bench. The bench is made out of wood. There is a red blanket on the ground next to the person.,The boy is sitting on the bicycle. There is a dog fighting at the boys like. The dog is being playful with the boy the bike is silver and red. The dog is a light tan color. The boy is wearing a yellow black and white T-shirt. The boy is wearing blue jeans. There are trees and trees with flowers in the background. The trees directly behind the boy have red flowers.,0.01296328420767081,0.27586206456004764,0.8815215826034546,0.10385756676557864
628,There is a clock on the top of a building. The clock is black and white. There are trees behind the clock.,A small monument with a clock on both sides.  The clock is round and black and white.  The time is noon.  The monument is beige in color.  There is a oval door on the side of the monument.  There are two small windows with balconies on the building.  The sky is clear and blue.  There is a tree on the side of the monument on the right.,0.018847132348766216,0.49999999573964504,0.8975750207901001,0.16
629,A man and a woman are sitting on a couch. The man is wearing a short sleeve shirt and blue jeans. He is holding a white game controller in his hand. There is a television in front of the man.,"A young man of normal weight, with short brown hair and a small goatee, stares at the camera. He has a slight grin on his face, and one eyebrow is upturned. He  is wearing an orange t-shirt and a very wrinkled orange, tan and black checked sleeveless vest, with a pale blue striped tie. Slightly out of focus in the background is another person in a white t-shirt, sitting on a metal chair, and bed with white and beige pillows on it.",0.017713481874613163,0.30769230327255165,0.8720033168792725,0.1856432819701556
630,A group of people are standing on a grassy field. There is a man in a blue shirt standing in front of them. He is holding a white game controller in his hand.,"Men, women and children are standing outside on a grassy field. They are flying kites. One kite is blue and red in color. Another kite is pink, green and yellow. A baby stroller is sitting on the grass beside two men. All of the people are dressed warmly. The sky is bright white above all of the people.",0.05211648619172208,0.3714285668367347,0.8915888071060181,0.18230230230230232
631,A man in a black wet suit is surfing on a white surfboard in the water. The man is wearing a blue shirt and blue shorts. There is a large wave in front of the man.,"This picture is taken outside on a sunny day. Three people are sitting on a grassy field. A man and woman are sitting beside each other. The woman is waving to a man that is standing on a field with a sail above his head. The sail is blue, yellow and white in color. A large body of blue water is in front of the people. Large buildings are seen in the background behind the water.",0.04087375566693054,0.3513513468772827,0.8765876889228821,0.22891111111111112
632,A white plate is sitting on a table. There is a white bowl on the table behind the plate.,"There is some food leftover that is sitting on a  plate. The plate is very small and white and looks almost like a Frisbee or short disk. There is a piece of red pepper on the plate, a small little grape, a celery stick, an orange, and I believe a cucumber. There looks like there was some sauce or something that spilled on the plate as well.",0.01860916567305344,0.2499999966326531,0.8701756000518799,0.112540192926045
633,There are two giraffes standing in a field. There are trees behind them.,The giraffes and zebras are in a place together. All the animals at casting Shadows on the ground. The giraffe's a way taller than the zebras. The zebras are all facing towards the right. The giraffe's closest to the camera facing left. The sky is mostly cloudy with some blue showing. The zebras are black and white. The giraffes are brown and cream colored.,0.0008172266495675133,0.11320754388038456,0.8664026856422424,0.042444821731748725
634,A man is skiing down a hill. He is wearing a black jacket and black pants. There is snow on the hill behind him.,Someone is balancing themselves on a round metal food with a snowboard. The person is wearing a yellow jacket. The person is also wearing a black hat. The snowboard is multicolored. The person is wearing black pants. The trees in the background have snow on them. There is a ski lift in the background. Some people are riding on the ski lift.,0.018868598962992568,0.37037036580932786,0.8970212340354919,0.20691103474608633
635,A man is sitting on a bench. He is wearing a black shirt and black pants. There is a white wall behind him.,"A boy is standing outside in the sunlight. He is holding an older, flip-style cell phone and is looking at the screen. The phone is grey in color. He is standing in the shade under a small tree to block the light from hitting the screen of the phone. The leaves of the tree are green with some brown spots on the leaves. The boy does not have a shirt on and has short brown hair.",0.0026144750574213825,0.21212120815427005,0.8767634034156799,0.07072135785007072
636,This is a picture of a woman. The woman is holding a purse in her left hand. She is wearing a white shirt. There is an umbrella in front of her.,A vase sits on top of a white surface. The vase is half filled up with a clear liquid. The vase has long green stems placed inside of the clear liquid. There are yellow flowers on top of the long green stems. The room the vase with flowers is in is white. There are red spots on the yellow flowers. The wall behind the flowers is white.,0.007433632502150924,0.25454544982479343,0.8550176024436951,0.10252365930599369
637,This is an image of a bedroom. The bedroom has a bed with a white blanket on top of it. There is a large window on the wall behind the bed.,A book is open on a bed.  There are sheets on the bed with blue stripe.  It is a comforter and a pillow is under it.  The writing in the book is a black print font.  It is turned to chapter 6 on white pages.   A white wall is behind the bed.  The comforter is ruffled and messy.  Shadows are casted on the bed from the light.  Creases are visible in the comforter.,0.015364632654846807,0.34374999548828133,0.8698734641075134,0.1380813953488372
638,A baseball player is standing on a baseball field. He is wearing a red and white uniform with white writing on the side of the uniform. The player has a black helmet on his head.,"The photo was taken at a baseball game. There are two players on the field. The field is green grass with brown dirt patches. The team players are wearing a black hat, white green and yellow jerseys saying SURF and white pants. Both players are wearing mitts. The player in the front is throwing the baseball. The baseball is in the air. It is a sunny day.",0.012369560023014184,0.3823529365268166,0.8830775022506714,0.1567398119122257
639,There are two horses in the picture. The horse on the left is brown and has a black mane on it. There is a man standing behind the horses. He is wearing a white hat on his head.,A man stands in a snow covered field while holding a hose. There are two horses in front of the man with the hose. There is a fence in front of the man with the hose. The sky above the scene is gray and cloudy. There are large buckets near the horses. There is a forest off in the distance behind the horses. The hose is yellow.,0.08323268357649316,0.37499999507812504,0.880889356136322,0.22445795791015316
640,A white truck is driving down the street. There is a red fire hydrant on the ground in front of the truck.,There is a semi stuck in the side of the road. The semi is white. The semi has a logo on the side of it. There is writing on the front of it as well. The semi is stuck in dirt and grass. There is a sign by the semi. There are some trees by the side of the semi as well. There are some people standing by the side of the road. there are cars parked on the road. The sky is grey. There are many trees in the distance.,0.003249966308678866,0.32727272286942155,0.8821869492530823,0.0713436385255648
641,A man is riding a motorcycle down the street. He is wearing a black jacket and black pants. There is a red and white sign on the front of the motorcycle.,A man and woman are riding a motorcycle on a paved road. The man is wearing a short sleeve shirt and blue jeans. The woman is wearing a tank top and blue jeans. Both of them are wearing helmets on their heads. There are two long yellow painted lines on the road. Cars sit parked under a building near the road. Two of the cars are red.,0.0246034720103109,0.3692307647526627,0.9033055305480957,0.17227819673706932
642,A white plate is sitting on a table. There is a white bowl on the table behind the plate.,A paper box sits on the table. There is a donut sitting in the box. The donut sits in the corner of the box. The donut has chocolate on the top. There is a plastic fork in the box. There is chocolate on the box. There is frosting on the box. there is plastic on the top of the box. The table is white. There is one box.,0.013870335660558616,0.4864864821037255,0.890129029750824,0.1250011721790339
643,This is an image of a polar bear. The bear is standing on a rock. There is snow on the ground. the snow is white. there is water in the water.,A white polar beat is swimming inside of the water on his back with his belly facing up. He is white with gray markings on his fur. His mouth is open showing his teeth and it looks like he maybe smiling and enjoying himself swimming. The water is dark blue in color and the wave in the water appears to be white in color.,0.007156633610506506,0.2499999957031251,0.8711751699447632,0.13179571663920922
644,A large white and blue airplane is sitting on the runway. There is a large blue and white sign above the airplane.,There is a large passenger jet sitting on top of the airport tarmac. There is a red rear wing on the large jetliner. There are windows on the sides of the plane. There is a large towering light behind the jet. The tarmac under the jetliner is wet. There are buildings off in the distance behind the jetliner. There are vehicles pared off in the distance behind the jetliner.,0.018242429155522762,0.29166666236979166,0.8920176029205322,0.10680822076269551
645,A dog is laying on the ground. The dog has a black collar around its neck. There is a tree behind the dog.,The two dogs stared at each others.  The only thing that separated them were the bike.   The bike was park on the side walk.  The bushes seemed to be high from the view.  It covered the view .  The blonde dog was the tallest of the two dogs.  The black dog was noticeable shorter of the two dogs.  He seems to be walking toward the taller dog.,0.003656775669443612,0.13559321609882233,0.8636175394058228,0.0878594249201278
646,A man and a woman are standing outside on a sunny day. The man is wearing a black shirt and black pants. He is holding a white frisbee in his hand. There is a wooden fence behind the man.,A woman washes dishes as she wears yellow gloves. The woman has dark black hair. The woman is wearing a white mask. The woman is wearing a flower print dress. The woman is standing in a kitchen. There is a crock pot next to the woman on the counter. There are two knives on the side of a cabinet. There are bottles on top of a wooden shelf.,0.02841679574361908,0.3888888840779322,0.8790491819381714,0.2109913546863694
647,A white bowl is sitting on a table. There is a white plate on the table behind the bowl.,"There are three pieces of fabric that looks like that are project of some kind. One fabric has white and brown sheep walking hand grazing in a grassy field. The fabric in the middle is littered with small blue, purple, pink, and white flowers. The last piece of fabric is multi-colored lines with frills on the edge. There are two fabric carrots with leaves on them in on the top of the display. There is also a second place red ribbon attached to the carrots.",0.001215780107396625,0.17647058532871976,0.8522331118583679,0.08759908922246586
648,This is an image of a bus stop. The bus is white with a red stripe down the side of it. There is a man standing in front of the bus. He is wearing a white shirt and black pants.,"On a crowded street, two buses, a motorcycle and a car are driving.  The car is small and black with gray hues.  The buses are blue and white with maroon trim.  Each bus has a large rear windshield and a ladder.  Several people are crossing the street between the vehicles.  A couple - the man in a black jacket, the woman in a red jacket and blue jeans, walk behind the blue bus.  Another man walks near the bumper of the blue bus.  All vehicles are oriented in the direction of a large, brown apartment building with several windows.",0.005869066910828565,0.28571428145393074,0.8643208742141724,0.10741138560687433
649,This is an image of a plant. The plant is a light green color. There are leaves of the plant in the middle of it's leaves.,"This image is of a wooden cutting board with various chopped vegetables laid out across it. Toward the top of the cutting board is a row of bright green broccoli florets. Below the broccoli is a row of a lighter green and white vegetable that looks like chopped celery, or perhaps leeks. Some of the celery is completely white. To the right of the image, there is a small pile of minced fresh garlic.",0.004995604963864461,0.18181817785123974,0.8612480759620667,0.14621066152858062
650,This is an image of a cow. The cow is brown and white. There is a fence in front of the cow that is made of wood.,"A brown and white cow is standing behind a fence in an enclosure on a bright sunny day. The gate to the wooden fence is open and the cow is standing in the open doorway looking out. The fence is unfinished, unpainted wood. There is a pillar painted white on the left side of the fence. Behind the cow there is a wood panel on the wall, and the corridor behind the cow is dark.",0.015369047483431394,0.46666666233888904,0.8881543874740601,0.18984145022926188
651,A sheep is standing in a field. There is a fence behind the sheep.,A group of sheep are running in some grass. There is one small black sheep and the rest of the sheep are white or off-white in color. The sheep are running through somewhat short green grass. Small flowers are visible in the grass. There is a dirt path as well as trees that are visible in the background. It is daylight outside.,0.002929941934648071,0.2745098005382546,0.8905810713768005,0.06993006993006994
652,There is a boat in the water. The boat is white. There is water behind the boat.,"A small boat with ""PZ4"" written on the rear back is seen anchored in a shallow turquoise body of water. The boat has a black bottom and a white deck with an orange roof on the cabin. An orange and white life preserver is on the top of the boat. A bunch of small white birds are swimming around in the water. There is a full lush bush near the camera at the bottom of the image. A tall rock cliff is visible on the other side of the water.",0.0020180504229556084,0.28124999736328127,0.8772516846656799,0.08464328899637243
653,A woman is standing on a train. She is wearing a black jacket and black pants. There is a man standing behind her. He is holding a white bag in his hand.,"A man with short brown hair sitting on a black piece of luggage. He is wearing a long sleeve black shirt with collar and black jeans with white tennis shoes that have a black stripe. He is holding an opened newspaper that he is reading. He is sitting on the piece of luggage in a large terminal with grey, black and yellow tiles on a floor. The floor goes a long way back. There is a train coming in the background on a track that runs in front of the man. Past the tracks is rows of dark windows. To the far left alongside the floor is bright orange cones next to pillars on the wall.",0.006442696804278953,0.27956988864377386,0.8733425736427307,0.09293680297397769
654,A woman is sitting at a table in a restaurant. She is wearing a white shirt and black pants. There is a glass of wine in front of her.,"A woman in a black tank top is sitting at a small round table indoors and filling out an application with two large wine glasses on the table. The woman has brown hair, and is making an odd face at her companion. The table behind her is empty. The table next to that has a person in a black shirt sitting at it. On the other side of the room there are two green arm chairs and a short table between them.",0.021727237419303328,0.30769230364234057,0.8829975724220276,0.16209714784445137
655,This is a picture of a beach. The beach has a large body of water. There are people sitting on the sand at the water's edge. One of the people is wearing a white shirt and blue jean shorts. They are standing on,Outside of the older style building is a in ground pool. It is empty and has no water in it. You can see the inside of the pool appears dirty. There is still a metal ladder attached to the side of the pool for people to climb in and out of it. There is also a a few chairs and a table with a umbrella for people to sit at.,0.009823874271203147,0.27027026540175314,0.8490749597549438,0.1411589895988113
656,A person is flying a kite in the air. The sky is blue and has no clouds. There is a large body of water behind the person.,People are skating and playing in the park.  There is a purple kite flying in the sky.  The sky is blue and full of clouds.  The kite has different color strings hanging from it.  There are house and trees in the background.  People are skating on the pavement.  The grass is green.  There is pond or lake behind the grass in the background.,0.06028117651999029,0.4666666620222223,0.8992987871170044,0.17539073866234361
657,A man is standing in the middle of the photo. He is wearing a black jacket and black pants. There is a large white building behind the man.,This is image is in black and white and shows a royal family traveling down a road in a carriage. The front of the photo shows the back of a man head taking photos. He is behind a gate with is aligned with officers. They all wear the same black uniform with black hats. Not far from them is one royal guard with a tall fuzzy hat. In the street the carriage is being pulled by four white horses. Two of them are being ridden by men in white with black hats. The carriage is black with UK flag waving on top. Behind the carriage a band of people in amour ride on horse. On the opposite a group of spectators watch the show.,0.0009354084504331397,0.23157894392465375,0.8599172830581665,0.08304195804195803
658,A silver laptop is sitting on a table. There is a white wall behind the laptop.,The image is a close-up of a bottle of water sitting on a park bench. The bench is sitting outside of a fenced area. On the other side of the fence is a brown field with green grass and green trees in the distance. The bench is silver and has ridges on the seat. A plastic water bottle on the bench has a blue label and cap. The cap is on the bottle. Behind the fence is some dirt. The sky is blue with few clouds. It is a sunny day because there are shadows.,0.0006834015561335745,0.21874999676269533,0.8744208812713623,0.07884923760093365
659,There is a train on the tracks. The train is yellow and blue. There are people standing in front of the train.,"This picture is taken inside of a train station. People are standing on a platform. Tall blue and white poles stand on the platform near benches. There is a large blue and white sign standing on the platform near the people. The ceiling of the station is rounded with windows in a row across the top. Two trains are sitting near the platforms. The trains are purple, orange, blue and white.",0.008567929056201974,0.4067796569146797,0.8915701508522034,0.12102874432677763
660,This is a picture of a clock. The clock is white with black numbers on it. There are mountains in the background. the mountains are covered with snow.,A tower has a green roof that is pointy. Arch windows are on the tower. There are two clocks on front the tower. The clocks have roman numerals color golden. The hands of the clocks are long and golden. People are in the Ferris wheel that has red flags on the top. People are in the round baskets of the Ferris wheel.,0.007680496525070787,0.2758620643460167,0.8684689998626709,0.1346002383019973
661,This is an image of a street. The street is very busy with traffic. There is a red light on the right of the image. A car is driving down the road. It has a black license plate on it.,The snow is all over the ground. The pole with a traffic light on it is coming out of the ground. The pole is leaning to the left. There are footprints in the snow. There are cars driving on the street. The cars are driving slowly down the snowy Street. The car closest to the camera has their brake lights on. The brake lights are red. Most of the trees if not all are bare.,0.010832154570045539,0.4657534198686433,0.8830404877662659,0.18494204208489923
662,A man is skiing down a hill. He is wearing a black jacket and black pants. There is snow on the hill behind him.,"A ski life is filled with several people, and it is riding high above a snow filled mountain. The ground is covered in snow and batches of thin  leave less tress are scattered about on the mountain. The lift is riding on wires attached to sturdy large dark green poles. A few small evergreen trees are also scattered about on the mountain, under and opposite the lift. The poles are casting a shadow on the ground, and it is a bright sunny day with a deep blue sky.",0.0017387458973750697,0.18421052256578954,0.8511891961097717,0.0966614456433461
663,This is a picture of a cat. The cat is black and white. There is writing on the cat's fur. the writing is white and black.,"A small, skinny, scruffy dog wearing a red collar is sitting on a wooden rocking chair. The small dog is looking up towards the sky as he sits on the chair. Vertical blinds on a window behind the chair are pulled open and reveals a dimly lit living room. Behind the chair on the left there is a metal table frame with no table top, and a small green plant.",0.005151487723074813,0.18461538090414206,0.8496885895729065,0.09908536585365854
664,There is a boat in the water. The boat is white. There is water behind the boat.,A woman is a tan lamp shade shaped hat is sitting in a canoe handling greens.  the woman is wearing a long sleeve brown shirt and the canoe is brown and wooden with water stains on the sides.  Inside the canoe are bushels of greens the woman is handling.  The canoe is in a small crowded section of water.  The water is crowded with other canoes .  A green tent with metal poles and yellow cords attached is over one of the canoes in the water.,0.0015797679048703554,0.21428571135204083,0.8711661696434021,0.0632111251580278
665,A man in a black wet suit is standing on top of a snowboard. The man is wearing a helmet and goggles. There is snow on the ground in front of the man.,"A snowboarder is snowboarding while wearing a yellow snow coat.  The sky is blue behind the snowboarder in the sky.  The snowboard the person is using is green, white and black.  The snowboarder is wearing yellow and green gloves.  The snowboarder is also wearing a pair of white and metallic goggles and a blue winter hat.  The person is wearing brown and black pants.",0.009338501087152791,0.4210526267651586,0.8832809925079346,0.13136288998357962
666,There are two giraffes standing in a field. There are trees behind them.,Two elephants are standing together outside by a concrete wall. One elephant is considerably smaller then the other one. Right by the elephants there is a large amount of bushes and trees with green leafs. The ground is mostly dirt with patches of green grass throughout. On the grass eating there is about a dozen or so large black crows.,0.0005912131544761823,0.14285713970025515,0.8761389851570129,0.06329113924050633
667,A white bowl is sitting on a table. There are bananas on the table behind the bowl.,A handle of yellow bananas are on a tree. The tree has dry leaves and green leaves. The tip of bananas are color black.  Some bananas have black and yellow peels. The bananas has small brown spots on the peel. Sunshine is on some bananas.  Behind the handle of bananas there are branches with green leaves.,0.004249114573765929,0.3043478220321362,0.8719705939292908,0.15331292333560692
668,There is a wooden table in the middle of the room. There are two chairs next to the table. The chairs are white.,A soft drink bottle and a vase of flowers are on a tabletop. There is about one-fourth of the cola-colored drink left in the bottle. The vase has pink carnations and another the of pink flowers in it. There is another table against the wall behind the one in the foreground. That table has a salt shaker on it. There are two red chairs in front of it. Both tables are covered with turquoise plastic tablecloths. Hanging on the wall is a decorative Mexican sombrero.,0.005445074313197398,0.328358205168189,0.8712607622146606,0.1416243654822335
669,The kitchen is very clean. The stove is white. There is a window on the wall above the stove.,This photo was taken in the kitchen. The photo was taken in the daytime. There are three lights hanging from the ceiling. There is a long marble counter in the middle with wood cabinets a silver dishwasher and a double sink on the left. There is a bowl on apples on that long counter. On the left there is a silver stove in the middle with two woos cabinet units on each side. Above the stove is more cabinets. The walls are painted yellow and the door and trimming is white. On the right there are two windows.,0.001401645927550678,0.26470587908304505,0.8849751353263855,0.0931787809463408
670,A man is skateboarding outside on a sunny day. He is wearing a black shirt and black pants. The skateboard is black and the wheels are black. There are trees behind the man.,"A young man is on one knee on his long skateboard. He is riding his skateboard down a empty city road. He is going at a fast speed because the photo is blurry. The sun is peaking out, but it is lower in the sky. Therefore my guess is it is sunset and its late on in the evening. You can also see blurry trees with green leafs on them.",0.007661386281575343,0.29729729301314833,0.8709163665771484,0.12066365007541477
671,This is an image of a cat. The cat is black and white. There is a window on the wall behind the cat with a white curtain on it.  The window is made of glass. Glasses of water are in the window.,An Asian baby is laying on the floor. There is a blue cellphone in front of the baby. The baby appears to be reaching for the cellphone. The floor is hardwood. There is a rug underneath the baby. Beside the baby is a stuffed animal and train toy. The stuffed animal is orange. The baby is wearing a plaid onesy. There is a reflection of the stuffed animal in the hardwood floor.,0.0198076677907731,0.2950819623219565,0.8604004383087158,0.17289427848434064
672,A group of people are standing on a grassy field. There is a boy wearing a blue shirt and blue shorts. He is holding a red frisbee in his hand.,"Four men are on a grass field playing soccer in red uniforms. They are running towards the right side, the man in front closest to the ball, his foot resting right next to it. The three other man are racing towards the man with the ball. In teh distance is a group of trees, some pine trees, some bear trees with no leaves on them.",0.00809269468732623,0.27397259823606684,0.8719559907913208,0.11167103406571256
673,There is a clock on the top of a building. The clock is black and white. There are trees behind the clock.,"The top of a tower with the symbol of David is on the very top point.  An ornate tower has a clock on two sides.  The clocks read 11:58 and the numbers are gold, roman numerals.  The hands of the clock are golden.  An opening above the clock are on all sides.  A bell appears to be in the star of David.  The background is a beautiful, blue sky with no clouds to be seen.",0.008891315870868688,0.3174603136709499,0.868438184261322,0.10043041606886657
674,A man is sitting on a bench in front of a door. He is wearing a black shirt and black pants. There is a white wall behind the man.,"Two men are sitting on a bench. The bench is in front of a building with glass pane windows for walls. There is a drawing of a tree on the wall in the building. One of the men on the bench is sitting on the back of the of the bench with feet on the seat. He has on a tan shirt and tan pant and is talking on the phone. The other man is sitting on the bench seat and wearing a blue shirt with a design and a pair of short pants. There are two rolling suit cases sitting in front of the bench, one is lime green and the other is blue.",0.014070684784755368,0.4594594552812272,0.8915930390357971,0.16029657477025896
675,A herd of sheep are grazing in a field.  The field has green grass and weeds on the ground. The sheep have long necks and horns and are brown and white with black spots on their heads and ears. There are trees in the field,A large black dog stands on a field of lush green grass. There is another white dog standing to the left of the black dog. There are sheep behind the two dogs on the field. There is a forest of lush green leafy green trees behind the sheep. There are green plants in front of the two dogs. There is a brown tree trunk sticking out of the ground in front of the forest of green trees.,0.008981267510229507,0.49275361821466085,0.8711855411529541,0.14905149051490513
676,A man is standing on a tennis court. He is wearing a white shirt and white shorts. The man has a black helmet on his head. There is a green fence behind the man.,"A man on a motorcycle races down a race track. The motorcycle rider is wearing a red, white and blue helmet. There are black tires on the motorcycle. There is a white line around the race track. There is a field of green grass behind the motorcycle rider. There is an orange and white sign behind the motorcycle rider. There is metal scaffolding behind the motorcycle rider.",0.028921825595368527,0.499999995138889,0.9044765830039978,0.24222457167063582
677,A group of people are standing outside on a sunny day. They are all holding umbrellas over their heads. There is a man in a blue shirt standing in front of the people.,"There are several people outside working and shopping at a booth that looks to be at a flea market. Separating the booths are big colorful sheets,in the front there is a man with a brown table with an arrangement of fruits in front of a brown door.Next to him there is a man standing on top of a brown shelf fixing his merchandise.In the back there are some more stuff but there items aren't as visible.In the middle are a large assortment of shoppers and a man walking a white horse.",0.010520649626679361,0.29545454129132237,0.86134272813797,0.13707760969106822
678,A toilet is in the corner of a bathroom. The toilet has a white tank. There is a toilet seat next to the toilet.,A white toilet is in a bathroom. The sit of the bathroom is down. A roll of paper is on the tank of the toilet. A white used paper is on the floor. Behind the toilet there is a grey pipe that is connected to the wall. The wall of the bathroom is white. An empty bottle of soap is on a counter. On front of the counter there is a poster board.,0.012758934523602149,0.42307691867603553,0.8951765894889832,0.18663729809104257
679,This is an image of a polar bear. The bear is brown and has a black nose and fuzzy ears. There is a rock on the ground in front of the bear that is gray and white.,A large bear is standing up on all four of it's legs. The bear is a dark color that looks like a dark brown or black. The bear is standing on a large rock. Underneath the rock there is a little water that can be seen. Behind the bear there are a lot of trees that look like a forest. On the ground there is grass but the sunlight is shining on it.,0.01870084848497578,0.3428571381877551,0.8767741322517395,0.19791840331531185
680,There is a cat sitting on top of a table. The cat is black and white and has a white collar around its neck. There is food on the table behind the cat.,The cat is eating cat food out of a round Bowl. The bowl is a light blue color with a brown trim around the edge. The bowl is on the floor. The floor is a light tan color. The floor is made of wood. The cat is a grayish color with black stripes. The pause on the couch all right. Under the cat's neck as white as well.,0.019050595293874522,0.37288135134731404,0.875879168510437,0.16152263374485595
681,This is a picture of a horse. The horse is brown and has a black mane on the back of it. There are trees behind the horse and there are mountains in the distance.,"A horse is galloping in a meadow of hills.  The horse is chestnut brown with a long black mane and tail.  The meadow is full of long green grass and some shorter yellow, dried grass.  Deep green trees are in the back ground.  the sky is gray and cloudy.  A  black and white tall poll with a red and white top is nearby.",0.023618023270388738,0.4374999953125,0.8794335722923279,0.18302828618968386
682,A white plate is sitting on a table. There is food on top of the plate.,The two sandwiches are in the white trays. The white trays are on the left on the table. The white trays in the front are both open so that the sandwiches can be seen. On the left are fries in a red and white container. The fries in the container are curly fries. The curly fries are spilling on the tray. The food is on the black tray. The tray is on the wood table. There is sauce in a white container behind the black tray in the front. The floors are made of wood and the photo was taken at a restaurant.,0.00036648716324123425,0.2857142821492347,0.8741075992584229,0.10041092258748675
683,This is a picture of a table. The table is made of wood. There are two glasses on it. One of the glasses has a wine in it and the other one has no wine at all.,"A mean is on a wooden tray near a small dipping pool on a terrace over looking the sea. On the ray there is a plate of what looks like chicken Parmesan, and two baskets of bread. There is a pat of butter on a plate, sale and pepper shakers, and a sauce of some sort in a small bowl. Near the top there is a pot of tea, and coffee mug.",0.006810686873203432,0.2432432386851717,0.8474008440971375,0.11678832116788321
684,There is a large body of water in the distance. The water is calm and has a few small ripples in it. There are trees on the other side of the water.,In this photo there is a bridge with three oval openings straight in the distance to the left. The photo is of a still and calm body of water. Surrounding the body of water is grass and tree filled land. The sun is setting in the sky and it is the evening. There are more trees on the right side of the photo.,0.03549404318355273,0.5312499953955079,0.8977377414703369,0.30644962776650436
685,A woman is standing in front of a man. The man is wearing a white shirt and a black tie. He is holding a camera in his hand. There is a large window behind the woman.,"A man is sitting indoors holding up a skateboard over his right shoulder. The man has blond hair, glasses, a pink shirt with a snake on it and a set of headphones around  his neck. On the desk next to the man is a monitor, a mouse, a marker, a pencil and a lighter.  There are large fluorescent lights overhead, and a set of windows the far wall.",0.010982538493459792,0.3199999954702223,0.8834208250045776,0.16855613693102156
686,This is an image of a street. The street is made up of brick. There is a red and white sign on the side of the building. This sign has a white arrow on it.,A man and woman sit next to each other in front of a music store. There is a large green cement wall up against the front of the store. There is a yellow fire hydrant in front of the couple in front of the music store. The building the music store is in consist of multiple stories. The sidewalk in front of the music store is gray. There is a tree also in front of the music store. There are bars in the windows of the music store.,0.010282273769885601,0.2539682493323256,0.8684029579162598,0.11376303657799275
687,"A baseball player is standing on a baseball field. He is wearing a red and white uniform, black helmet, and black gloves. A catcher is squatting behind the player. The catcher has a black glove on his right hand.","Three men are on a baseball field. The batters holds a black bat over the right shoulder. The batter wears red t-shirt and white pants. The catcher is crouched, and he wears blue top with white pants. Behind the catcher, the umpire is looking the game. People are sitting on the bleachers looking the game.",0.06952388571677008,0.3999999951431953,0.8913524150848389,0.2380149812734082
688,A man is surfing on a wave. He is wearing a black wet suit. The man has a white surfboard in his hand. There are waves in the water behind him.,"A person is on a surfboard. The person wears a wet suit color white, red and black. The man has extended arms. The surfboard is on a white wave.  The wave is foamy and has drops splashing. The man is facing to the left. On the background the sky is blue and has white clouds, The body of water is blue and green.",0.020631984632957623,0.44444443959687585,0.8999353647232056,0.1826494594168929
689,A man is skateboarding outside on a sunny day. He is wearing a black shirt and black pants. The skateboard is black and the wheels are black. There are trees behind the man.,"A man is giving a thumbs up sign as he  rides a skateboard down the side of a busy car filled street.  The man is wearing a large false mustache that covers his mouth and a long beard.  The man is wearing a black hard helmet with a strap, a green backpack, a red t-shirt and brown shorts.  The red t-shirt has write lettering on it and a pair of sea green sneakers with white soles and laces.  Tall buildings, traffic lights, street lights and many cars are in the background.  Another person is standing behind the man and is wearing pink sneakers, and green pants.  The man in the foreground has a black camera bag strapped across his chest and is also wearing a black watch.",0.008433186001674808,0.2745098004286813,0.8767831921577454,0.10572152414684884
690,There is a truck parked on the side of the road. The truck is white. There are trees behind the truck.,There is a red truck in a parking lot. It is next to a white car. There is a lot of chrome on the truck. there are many cars in the parking lot. There are trees at the end of the parking lot. There are signs in the parking lot. The sun is shining on the car. There is a sidewalk by the truck. There is a big windshield in the truck. There is a building in the background.,0.006946339043238235,0.4489795875885048,0.9074080586433411,0.1453637295081967
691,This is an image of a large body of water. The water is calm and has a few small ripples in it. There is a blue and white bird flying in the air towards the camera.,Grey and white birds are flying in the air. The sky is blue and have some white clouds. On the background there is brown hills covered with white snow. The bird on the foreground has the wings extended and flies to the right. The bird has a long black beck. The ground is wet and muddy and is covered with stones.,0.023965200960659117,0.3529411716825259,0.8772042393684387,0.16082398504273507
692,There are two giraffes standing in a field. There is a fence behind them.,A giraffe with lots of spots on it's back. There is a rock wall behind giraffe. There are a bunch of trees off in the distance. There are animal carvings on the walls behind the giraffe. There is a lawn of grass underneath the giraffe. There is a deer on the side of a rock. The giraffe has two long horns. The giraffe has a long neck. The giraffe has long leg. The giraffe has a long and hairy tail.,0.0009231905268732238,0.2692307656804734,0.8720113039016724,0.08658038147138965
693,A woman is standing on a sidewalk. She is wearing a white shirt and black pants. There is a black bag on the ground next to her.,"There are two people standing on a dock. The dock is wooden and extends out over a lake. The lake is white toward the back, and dark colored in the front. You can see ripples on the water. One person is sitting on the deck. That person is holding a blue umbrella over his or her head, so it not possible to see if the person is male or female. The person is wearing a green shirt and blue jeans. The legs are draped over the edge of the dock. A girl with long hair is standing beside the sitting person. She has long black hair, and we cannot see her face. She is wearing a black jacket and a pink shirt. She is also wearing black pants and black shoes. One of the shoes is partially off her foot.",0.0029567383227570476,0.2828282794857668,0.8789894580841064,0.08878205128205131
694,A white bowl is sitting on a white table. There is a silver fork on the table next to the bowl.,The picture was taken in black and white. The left side of the sink has dishes on it. The right side of the sink clear. There's a white Basin in the sink. The basement has dishes in it. There's a glass on the left side edge of the sink. The sink fixtures are silver and made of stainless steel. There are glasses and dishes in the basin. The basement in the sink with the dishes and it is white.,0.0021699945952560356,0.27999999596800007,0.8707526326179504,0.08681693989071039
695,A large white truck is parked on the side of a street. There is a white building behind the truck.,"An exterior scene of a street, presumably in the commercial district of an English speaking part of the world, is seen. In the foreground is parked an SUV done up in camouflage colors of shades of green. It also has an orange sign on top. Behind it is parked a small blue car. Pedestrians can be seen on either side of the road on the wide sidewalks. Several shops line the street, including one with a large red sign with white lettering reading ""WAREHOUSE"" in the near distance. A blue paper and brown bag lie on the road in front of the SUV. There is a tree further back lining the road.",0.0009266995432906063,0.24719100843327865,0.8737615942955017,0.11714223951578039
696,A group of people are sitting at a table in a room. There is a woman sitting in front of the table. The woman is wearing a white shirt and white pants. She is also holding a wine glass in her hand.,People are gathered around together in the living room. Most of the people are sitting down. Only two people are standing. The majority of the room has carpet on the floor. The floor closer to the door is made of hard wood. The hardwood floor is an amber color. The light above the table is turned on.,0.024286869725981132,0.2985074577767878,0.8732209801673889,0.14211844981075747
697,There are people walking on the sidewalk. There is a man in a blue shirt standing in front of the people. The man is holding a white umbrella.,"This picture is taken outside on a rainy day. Two women are walking while holding umbrellas above their heads. One woman is wearing a short sleeve blue shirt. She is holding a black umbrella above her head and carrying a white plastic bag in her hand. The other woman is wearing a gray shirt. She is holding a purple umbrella above her head and carrying a polka dot purse on her shoulder. Two other people can be seen in the background, a man and woman, walking under a white umbrella.",0.00849781498109832,0.37333332942222225,0.8838332891464233,0.15264518695306284
698,A man is standing in a room holding a white game controller in his hand. He is wearing a black shirt and black pants. There is a large window behind the man.,Two men are playing a video game together. They have both have two remote controllers in their hands and one of them is swinging one of the controllers. There are a bunch of people behind them that are watching the two young boys play the game. One boy has a light blue tee on and the other boy has a white hat on.,0.007329338858688463,0.23880596555134778,0.8862382173538208,0.14015706449524715
699,This is an image of a horse. The horse is brown and has a black mane on it. There is a man standing in front of the horse with a white hat on his head.,"A woman wearing a white shirt and blue jean pants is holding on to a brown horse that is in front of her. The horse is attached to a carriage that a man is riding in. The man is wearing a suit, shirt tie and black hat on his head. There are people sitting and watching the woman and man with the horse.",0.07493388695430056,0.49230768750769244,0.8962951302528381,0.32719011616513777
700,This is a picture of a clock tower. The tower is made of stone. There are people standing in the tower watching the clock. Some of the people are wearing hats on their heads.,There is a big building behind the trees. The building is wide and white. There is a clock tower in the center. THe clock says it is 4 in the afternoon. There are clocks on two sides of the tower. There are many palm trees in front of the building. There is a tile walkway in front of the trees. The ground is wet. There are steps by the walkway.,0.010542984133184856,0.33898304609020397,0.88246089220047,0.1506024096385542
701,This is a picture of a person walking on a beach. The person is holding a white surfboard in their hand. There is water in front of the person.,A couple using an umbrella walk on a sidewalk near the ocean.  The couple are in front of a parked motorcycle.  To the left of the couple is a person wearing a clear plastic rain poncho over blue jeans and a jacket.  The person is standing in front of a metal fence.  The sidewalk is wet and the sky is overcast.  Two sea birds fly over the ocean above the heads of the people.,0.01813643153381774,0.272727268503214,0.8786242008209229,0.18405275779376504
702,This is a picture of a computer. The computer is sitting on a desk. There is an envelope on the desk in front of it.,The instruction was on the table which help with the use of the phone.  It had colorful pages.  It show you have to use the Nokia phone.  The picture of a girl was shown using the phone.  The phone was a basic one.  It was not an android phone.  The color was silver buttons with a black monitor.  All of the pamphlets were shown on the table.,0.010701343720885464,0.24999999577168372,0.8572180867195129,0.12719113544243826
703,This is an image of a runway. The runway is made up of concrete. There is a large airplane parked on the ground in the middle of the pavement. This airplane is white with a blue stripe down the side of it.,A plane is flying in the blue sky. The wing of the plane is white. The sky has white clouds. Below the plane are cars in a parking lot. Next to one of the parking lots is a brown building. The brown building has many windows and a white roof. There are trees in between parking lots. The trees are green.,0.013278118993726355,0.29032257569198755,0.8771235346794128,0.1607445008460237
704,There is a train on the tracks. The train is red and white. There are wires above the train.,"A freight train of tanker railcars is sitting on or traveling on a set of tracks.  The tankers are cylindrical, some with a few markings.  Overhead wires used for electric trains are present.  A few signal poles are visible in the foreground.  A few tall buildings are in the distance behind the train. It is a sunny day.",0.005694823972622385,0.24999999625000005,0.8777320981025696,0.14579619158035192
705,This is a picture of a woman. The woman is holding a purse in her left hand. She is wearing a white shirt. There is an apple on the top of the woman's head.,The scissor is made of metal. The roll of tape is to the left of the scissor. The tape is clear. The table is covered with a light blue paper. There is writing on the inside ring of the tape. The scissor is pointy at the tip. The paper that is covering the table is a little wrinkled. The letters inside the tape ring are dark colored.,0.010090199654494232,0.26666666180555565,0.8590990304946899,0.11773940345368918
706,A herd of elephants are standing in a field. There is a large rock wall behind the elephants.,The elephant stands in the grass. The elephant is small. The elephant has tusks. The tusks are little. The elephant is grey. The elephant is standing by the water. The water is like a river. The grass is mostly yellow. There is a hill on the other side of the water. The water is still. there is wood in the water. The grass is short. There are trees on the other side of the river.,0.0029653031564083406,0.33333332888888895,0.872010350227356,0.07215007215007214
707,This is an image of a polar bear. The bear is brown and white. There is a rock on the ground next to the bear that is gray and has a white stripe down the side of it.,The image is of a bird. The bird is grey and white. It is standing on the ground and looking across the field area. There is nothing on the ground with the bird other than some grass.  The bird has a white chest and a grey throat and head.  It's wings are black and grey with white stripes.  It has black eyes and it's tail feathers are held upright.,0.0282296178683108,0.30303029825528016,0.8904454112052917,0.21618652308733802
708,This is an image of a city. The sky is blue with white clouds in it. There is a tall building with a clock on the front of it in the middle of the sky.,There is a large empty area. The pavement is made up of concrete squares. The pavement is wet. There are shadows on the concrete. Lights are shining in the air and is reflecting on the wet pavement. In the background is a large crane. The sky is overcast and full of gray clouds. On the left in front of the crane is a partially built building.,0.02892376665556599,0.3278688477613545,0.8778469562530518,0.20206677265500794
709,A woman is standing on a tennis court playing tennis. She is wearing a white shirt and white shorts. A green tennis ball is soaring in the air towards her. There is a green fence behind the woman.,"A double image of the same athlete.  The athlete is wearing a purple polo shirt and a ball cap that is covering his eyes.  He has on white shorts and white socks on his feet with white sneakers with some black.  On his left knee, he is wearing a black brace.  He has a white cuff on his left wrist.  Both hands is holding a tennis racquet.",0.022836303906634294,0.31428570961632657,0.870017409324646,0.17039684357457402
710,A baseball player is standing on a baseball field. He is wearing a blue and white uniform with white writing on the side of the uniform. The player has a black helmet on his head. There is a fence behind the player.,A baseball player is wearing a red and white uniform and a blue and red helmet. He is holding a black bat in his hands. A catcher is kneeling on the ground in front of him. He is wearing a red and gray uniform and a red helmet with a mask. A white base is on the ground in front of him. The baseball field is brown with green grass on it.,0.09720538885058311,0.5538461489420119,0.9081551432609558,0.21739130434782608
711,A man is sitting at a table in a restaurant. He is wearing a white shirt and black pants. There is a glass of wine on the table behind him.,A young man is seated looking at someone out of view.  The young man has short dirty blonde hair.  He is eating bread which he is holding in his hand.  He is wearing a grey Hartford sweatshirt.  The writing on the sweatshirt is white and red and also says champions on it.  He is seated at a table that has a beer and a glass sitting on it.  The atmosphere is dark.  There is a dark structure behind the man.  The man is kind of smiling.,0.029905678623104774,0.41558441129364143,0.8741260170936584,0.1671438812880044
712,There is a boat in the water. The boat is white and blue. There are people standing on the side of the boat.,"This is an image of a bay. The bay has a line of boats. The boats are parked. The boats are sail boats. The right boat is black and yellow. There are nets on the mast of the boat. The middle boat is white and black. The left boat is red, white and black. The masts have many different ropes going to the masts.",0.03353958986815911,0.42307691867603553,0.8913565874099731,0.1954755321368948
713,A woman is sitting on a bed. She is wearing a white shirt. There is a blue blanket on her head.,The man lay in the bed and read the black book. He leans his head on the brown head board. The man is wearing a blue tee shirt. The little boy lay next to the man read the blue children's book. He is wearing a green tee shirt.  The man and boy are underneath the whit blanket.  There is a white curtain hanging behind the bed.,0.01197653720135487,0.4074074032373114,0.8948034048080444,0.17631211815076733
714,A group of people are standing in a field on a cloudy day. They are all holding kites in their hands. There is a fence behind the people.,"Three people are outside with farm animals in a large open area.  Two of the three people is females.  They are all three dressed casually in white t-shirts and shorts. The animals they are caring for are goats.  The goats are mostly white with brown or black in their heads.  One goat, however, they are mostly brown with white spots.  The three people are holding a stick trying to herd the goats in the direction they want them to go in.",0.009254614006025974,0.2739725984237193,0.8678271174430847,0.09247027741083223
715,A man is riding a motorcycle on the street. He is wearing a black jacket and black pants. There is a white building behind him.,"A man is riding a motorcycle through a parking lot. He is wearing pair of tan shorts, a short sleeve black shirt, and a black baseball cap. The motorcycle is red with black decals and slick black tires with white walls. He is driving past a parked Mitsubishi SUV with a man in a green jacket standing next to it.",0.070602458692514,0.38709676982310093,0.9101112484931946,0.1592920353982301
716,A large white truck is parked on the side of a street. There is a white building behind the truck.,The truck is parked on the pavement. The pavement is faded in some areas. There is a large white sign with a blue banner across the top at the other end of the pavement. At the front of the photo there is a white and orange U-haul truck. It has large black framed window protruding from the side windows. The window are rolled up and no on sitting in the diver side seat.,0.02356861109637653,0.3492063455782313,0.8915293216705322,0.18894633185622844
717,A man is standing in a kitchen. He is wearing a white shirt and black pants. There is a silver kettle in front of the man.,"A woman is taking an item from the oven that was baking. The individual, whom appears to be a Caucasian female, is wearing a knee length denim skirt, with a long sleeved green shirt. In addition, a brown furry dog is watching intently, the individuals actions. The cabinets in the kitchen are a dull white color, and the floor is a medium toned hardwood.",0.013050418164571304,0.2222222182098766,0.8685353398323059,0.13102282333051563
718,A white plate is sitting on a table. There is a white bowl on the table next to the plate.,"There is a sandwich in a container. The container is a plastic tupperware container. The sandwich is made of untoasted slices of bread. There is a luncheon meat slice between the bread. There are slices of banana in the sandwich as well. On the counter, beside the container, is a banana that has been sliced into seven portions.",0.008810412401533404,0.17021276195563612,0.8727759122848511,0.12698738098492096
719,There are two giraffes standing in a field. There are trees behind them.,Two trees brown tree trunks look as if the bark is peeling. One of the trees have a greenish mold on it. There are leaves of another tree in the background as well as a white wall. A chain link fence is at the bottom of the photo. There is a brown and tan giraffe in the photo that has to small horns on the top of his head.,0.0005822392686823438,0.17241379002972657,0.8705077767372131,0.07097791798107254
720,A man is standing on top of a snow covered mountain. He is wearing a black jacket and black pants. There is snow all around him.,"A man is holding the string of a flying kite. The man is wearing a gray hat and a gray and light gray jacket. The kite is light green with two eyes, a nose, and mouth and two red spots drawn on it. The kite is a triangle shape and has three green strips hanging from the bottom of the kite. Four other kites can be seen in the sky. The sky is full of white and gray clouds, with a patch of blue. Several trees are seen in the lower portion of the image with a light pole with two lights on it close by.",0.003430396725728217,0.22499999612812507,0.86830735206604,0.056122448979591844
721,A woman is sitting at a table. She is wearing a short sleeve shirt. There is a white bowl on the table in front of her.,"A middle aged woman with long, fine, blue hair and dark brown roots holds up her iPhone as if to take a selfie. She has blue eyes, and she is wearing a blue blouse with rolled up sleeves buttoned to the upper arm of the sleeve, breast pockets, and a blue silk tie in multiple shades of blue. She is standing in front of a plain wall. Her hand holding up the phone has a ring on the ring finger. The back of the phone is covered in an abstract melange of the colors white, red and purple, along with blue.",0.004702539733264687,0.24999999636621903,0.8619092702865601,0.10602668245656237
722,A group of people are standing on a beach. There is a large white kite in the sky above them.,"A man is standing on a grassy field flying a kite in the air. He is wearing a white shirt and gray pants. The kite is blue, green, yellow and orange in color. White strings attached to the kite are being held by the man. Two people are sitting on a blanket near the man. A dog is standing behind the people. Tall trees can be seen at the back of the field. Two tall buildings are standing behind the trees.",0.005096907171834259,0.34285713890204084,0.8932918310165405,0.12098972199619214
723,This is an image of a bus. The bus is white with a red stripe down the side of it. There is a man standing in front of the bus with his arms crossed. He is wearing a black shirt and blue jeans.,"A bus with a Japanese advertisement on the side, is driving down a city street.  The images on the bus are cartoon like dogs and paw prints on the windows.  There is a bus driver on the right hand side of the bus.  A large stone building is behind the road with windows all along the side.  Green leaves are on trees on the sidewalk.",0.027597855408500127,0.30555555065200624,0.8673796653747559,0.2105629937750047
724,There is a cat sitting on top of a bed. The cat is black and white and has a white collar around its neck. There are two pillows next to the cat.,A black cat is lying on it's right side and a dead bird is in front of it.  The are laying on a side walk.  The cat has green eyes.  There is a crack the length of the sidewalk in the middle. The bird is brown and white.  It looks like the bird was in the cats mouth because it is wet.  The cat has long pointy ears.,0.017200386462109342,0.35820895062597463,0.8749129772186279,0.13975155279503104
725,A man is sitting at a table in a restaurant. He is wearing a white shirt and a black tie. There is a glass of wine in front of him.,An elderly man stands in the sun looking at the camera.  He is next to some kind of shelter in a park or on a golf course.  Purple columns supporting the top of the structure can be seen.  He wears a purple striped jacket and dark red tie with some white design on it.  He squints from the sun but does not smile.,0.00834659123375426,0.24999999575617288,0.8795505166053772,0.14237855946398656
726,This is a bathroom. The walls are white and the floor is made of tiles. There are towels hanging on the wall.,It is am image of a very clean bathroom where the towels are neatly stacked and the shower fittings are golden. The tiles are gleaming and everything seems to be spick and span. The wall on the mirror has a black thick frame and the shower has a glass exterior to avoid the water to be spilled outside.,0.006513817393359813,0.26666666233888897,0.886771559715271,0.15432735594237693
727,A pizza is sitting on top of a white plate. There is cheese and onions on the pizza.,There's a glass dish on the tablThe glass plate has Pizza on it. Half of the pizza is gone. The pizza has mushrooms on it. The pizza also have a meat on it. The crust of the pizza is golden brown. There's a spatula on the plate. The spatula is made of metal. The light is reflecting off of the back of the spatula.,0.003072354206027618,0.26086956082230633,0.8822013735771179,0.08417508417508417
728,A man is skiing down a hill. He is wearing a black jacket and black pants. There is snow all around him.,A lot of people are skiing on a sunny day at a ski resort. The resort is brown and white and nestled into the valley. In the front there are blue and green umbrellas as if there are stands selling items. On the left of the resort there is a hill with lots of tall pine trees. Toward the camera there is a ski slope which slopes upward on the right. A few people are standing at the bottom of the slope.,0.000955491015222633,0.17391303962192828,0.8728631138801575,0.08361842105263156
729,This is an image of a bear. The bear is brown and black with a black snout and ears. There is a tree behind the bear that has green leaves on it.,"Three large brown bears are swimming in a river. The bear on the left has his head tilted to the left and his fur is wet up to the bottom of his ears. The one on the right of him is dry above is shoulders. The final bear is all the way in the water and only a little of his back is showing above the water. There is something in the water behind the first bear that appears to be a rock. Behind there is a green, grassy shore.",0.005605686833507783,0.3076923034319527,0.8657013177871704,0.16459323040380047
730,A man is skiing down a hill. He is wearing a black jacket and black pants. There is snow on the hill behind him.,"The trees are weighted down with heavy snow. The snow has turned the evergreen trees white. There is a person skiing down a slope. He is wearing a helmet, a black coat, a pair of black pants, snow boots and skis. He also holding ski poles. He is down the slope through his ski lime green ski goggles that match the lime green on both his ski poles and the tips of his skis.",0.023722441558130386,0.3809523767397329,0.8984909653663635,0.14367383782157367
731,There is a stop sign on the street. The sign is red and white. There are cars parked in front of the sign.,Part of a woman can be seen walking on a sidewalk. A large electrical pole is on the sidewalk in front of her. The sidewalk is near a road. The road has different vehicles on it. Power lines are running through the air across the road. Buildings are sitting on both sides of the road. A row of vehicles are parked in front of a building on the side of the road. A large leafless tree is hovering over the vehicles.,0.012381349144951597,0.3174603133786848,0.8703129291534424,0.12591422872340424
732,A cat is sitting on top of a laptop. The laptop is black. There is a white wall behind the cat.,A cat is sitting on a DVD player. The cat is looking at the small TV. The TV is black. On the screen there are colorful lines. The cat is stripes of light and dark brown. The cat is wearing a collar with circle pendant. There are wires attached to the DVD player. The player is silver. The TV has a SONY logo on it.,0.028611664933475164,0.38596490824253615,0.9021124839782715,0.11551155115511551
733,A bird is flying in the sky. The bird has a white body and wings. There are mountains behind the bird.,A group of people stand on the top of a hill. There is a lot of grass on the ground. There are some trees as well. There are some people sitting on the ground. There are others standing up. There are no clouds in the sky. There is a lot of sunlight. The sky is blue. The people are talking to each other. there are rocks on the hill.,0.006875247915575884,0.32727272286942155,0.883286714553833,0.10697458870780875
734,A man is surfing in the water. He is wearing a black wet suit. The man has a white surfboard in his hand. There is a large wave behind the man.,A man is standing on a surfboard and holding kite strings. The man is wearing a black and green wet suit. the man's hair is black.  The surfboard is black with white letters and multicolored images on it. The man's feet are on the surfboard and are above the water. The water is gray and white below the man and is moving and somewhat foamy. The water farther away from the man is green with white caps scattered around. There are dark clouds in the blue sky.,0.02685695232295054,0.4285714241591837,0.9033722281455994,0.16244909102051958
735,"A man is riding a motorcycle on a dirt track. He is wearing a black helmet, a white shirt and black pants. There is a yellow line in the dirt behind him.","Three dirt bikers are riding along a rain covered beach.  They appear to be in a competition, as the bikes have numbers on them.  The bikers are dressed alike - crash helmets, gloves, jackets and pants.  Two bikes are red while the third is blue.  It is a cloudy day.  The edge of the beach is in the background, gentle waves coming ashore.",0.00889227379916695,0.21917807777819484,0.8757633566856384,0.1316790311268287
736,This is an image of some food. The food is cooked. There is broccoli and cauliflower on top of the broccoli. there are carrots and onions on the carrots.,"This is an image of appetizers. The appetizers are arranged on a tray. There is celery on the tray. The celery stalks are cut and are light green. There is cauliflower on the tray. The cauliflower is white. There are silver tongs meant to serve the vegetables with. There are small red, round tomatoes behind the celery.",0.07055864349620725,0.4444444397805213,0.8947957158088684,0.2059206578224952
737,A woman is laying on a bed with her head on the bedspread. She is wearing a light blue shirt and black pants. There is a blue blanket on her lap.,"A woman and a little boy are sitting in bed looking at two cats.  The woman has glasses on and a long sleeved striped shirt.  The boy has short dark hair and is wearing a blue tshirt with a pattern on it and a red collar.  The two cats are lying on the bed next to eachother.  The cat on the left has white, orange, and black fur.  The cat on the right is black and grey striped.  The bed spread is blue colored and has a celestial pattern of suns and moons.  The headboard is made of wood.  Next to the bed is a nightstand made of wood.  On top of the night stand is a lamp, book, and several small items.  There is also a small table to the right of the picture with items on it.  The wall appears to be white.",0.0017156840655426456,0.28571428212203254,0.8691716194152832,0.0930602637699807
738,There is a train on the tracks. The train is red and white. There are wires above the train.,A black train with a red bumper is either pulling into or out of the station. A large amount of smoke is coming from the engine and obscured the rest of the train. Beside the engine is a small green building with windows on the side beside the train. There is a set of stairs leading to the door on the green building. The railings beside the stairs have been painted white. To the right of the green building is a brick building. The background are bare trees. The sky is a white color.,0.0017005050693001153,0.2941176437889273,0.8690066337585449,0.08670520231213873
739,A white plate is sitting on a table. There is a cake on the plate. The cake has white frosting on it.,This is a photo of a dessert. The dessert is a cake that is brow and white and is sliced into triangles. The brown slices are chocolate and are powdered. The white slices are sugar powdered. The cake is on a white plate. The table under the plate is white and plain as well. There are speckles of brown powder on the cake on the edge of the plate.,0.013363825319748682,0.374999995703125,0.8832920789718628,0.1321928460342146
740,This is an image of a desktop computer. The computer is sitting on a desk. There is a black keyboard on the desk with a white mouse pad on it.,A laptop and a desktop monitor are on a desk.  Both the laptop and monitor are powered on.  The room is dark except for a lone desk lamp emitting a small yellow light.  A black keyboard is on the white desk .  the desk lamp is behind a magazine which has a black mouse on top of it.  The walls in the room are plain and light colored.,0.019373707024720348,0.3999999954500001,0.8823785781860352,0.1635514018691589
741,A man is sitting at a table. He is wearing a suit. The suit is white. There is a white wall behind the man.,"The image is a portrait of a man. The man is wearing a gray suit jacket. The shirt is blue. He is wearing a patterned necktie. The man has grey and brown hair. He is smiling at the camera. The man is wearing eyeglasses. On his finger, there are two rings. The man is standing behind a blue leather chair. The background is gray.",0.02989238697585273,0.3333333291632373,0.8932787775993347,0.17363683127572016
742,A man is surfing in the water. He is wearing a black wet suit. The man has a white surfboard in his hand.,"The water is blue, but there a a lot of seaweed floating in the background. There is a dog, or what seems to be a dog, swimming in the water toward the wave. The wave has white suds spraying into the air. There is is surfer surfing the wave. The surfer is wearing a black wet suit. He standing with is knees slightly bent and his arms extended out.",0.03728262124117903,0.4545454504453627,0.8943727612495422,0.18135112338010892
743,There are two giraffes standing in a field. There are trees behind them.,Two giraffes are standing on a very dirt covered area. There are small white rocks scattered across the dirt terrain. There are many trees off in the distance and the sky is grey. One giraffe is looking at an animal that is next to a bare gray tree. Both giraffes have brown spots and long necks. The trees in the distance are brown and green.,0.0010423435366707346,0.24137930727110585,0.8954257369041443,0.08361204013377926
744,A white plate is sitting on top of a white table. There is a large white bowl on the table behind the plate.,A plate of food is on the table. The plate is white and round. The light is reflecting off of the plate. The plate has food on it. There is a sandwich and there are french fries to the right of the sandwich. The sandwich has cheese on it. The sandwich is also a hot dog. The french fries have salt on them. To the right of the plate that is a small container of catch-up. The ketchup is red.,0.006465771366980731,0.3636363596694215,0.8782408237457275,0.10094212651413188
745,A baseball player is standing on a baseball field. He is wearing a blue and white uniform with white writing on the side of the uniform. The player has a black helmet on his head.,"A baseball player is holding a brown bat in his hands. He is wearing a blue and white uniform and a blue helmet. A white base is sitting on the ground in front of him. The field has green grass, brown dirt, and white painted lines on it. Three people can be seen sitting in a dug out watching the man play baseball.",0.14088090545417972,0.5142857096938775,0.904367208480835,0.2232287052417866
746,There are two giraffes standing in a field. There are trees behind them.,A small giraffe is looking to the right inside of a pen.  The pen appears to have an Egyptian theme.  There are two egyptian statues sitting on top of a stone seat.  The bottom of the stone seat has hand painted pictures of people and animals.  The seat is grey. To the right of the statues are egyptian style pictures on the wall.  To the left of the statues is an out crop of grey rocks.  The giraffe is brown and white with spots.  The ground is covered in dirt with small sections of green grass peeking through.  To the right of the giraffe is a tree.  The pen is surrounded by a black fence.  The fence has poles and three wires between each post.,1.6578758018997983e-05,0.12658227608396094,0.8571224212646484,0.04675142794376099
747,"This photo is taken outside on a sunny day. A man is standing in front of a brick building. He is wearing a short sleeve shirt, short leggings, and a pair of black shoes. The building has a large window on the","This image is of a two store commercial building site.On the top,there are two stores that have green awning above them,the left one is Fleet and there it houses a green atm machine.The building on the left is The Java Stop,you can see that it has several beverages in the inside and the glass is covered with white letter.On the outside there are several railings The bottom is similar but both spaces are Bertucci's and on the outside of the rails is snow and bushes with snow on top of them.",0.005873586883703392,0.263736259176428,0.8376165628433228,0.10452961672473868
748,A group of people are standing in front of a building. There is a man in a blue shirt and black pants. He is holding a white game controller in his hand.,"A man in a brown shirt, blue jeans and white sneakers is walking on the hardwood floor of a bicycle shop. Behind him on the walls are bicycle tires on a rack and three bicycles on their kickstands on the ground. In front of him are closed cardboard boxes and sporting shirts on hangers. A fitting room is directly ahead of him.",0.020108468938615252,0.26470587770328724,0.882042646408081,0.18512606225644399
749,A group of people are sitting at a table in a restaurant. There is a woman sitting in front of the table with her head down. She is wearing a white shirt and black pants. The table is made of wood.,"A group of people are sitting at a long table inside of a restaurant. The table is covered with a red tablecloth. There are white plates, coffee mugs, cutlery and other items on the table. Three long blue poles are standing near the table in the room. The door of the building is white. There are windows on the side of the building.",0.15294270779587105,0.4857142808163265,0.9028135538101196,0.2138157894736842
750,There is a boat in the water. The boat is white and blue. There are people standing on the sand behind the boat.,The beach is full of many people. A lot of the people are laying down enjoying the sun. Even more people are walking and swimming in the blue ocean water. The sky is crystal clear blue and free from any clouds. You can't see the sun but you can tell it is a sunny beautiful weather kind of day. Besides the sand you can see a green grassy area with trees.,0.004906786737298963,0.3188405759966394,0.8728935122489929,0.14489179357543622
751,This is a picture of a building. The building has a clock on the front of it. There is an old building behind the clock.,The sky is overcast and grey. There is a horse standing out amongst the cars. There's a green car to the right of the horse. The horse is pulling a black cart. A man is leaning over the cart. The horses standing still. The horse is a white cream color. The horses standing in front of a short tan building. The building has a green roof.,0.04280699401738876,0.3214285672002552,0.8708535432815552,0.16345359899479445
752,A white plate is sitting on a table. There is a white bowl on the table behind the plate.,On top of a dark brown wood table sits a small plate with a dessert.  The plate is square shaped and white.  The edges come up and the center is lower than the sides.  On top of the plate is a small piece of cake.  The cake has a small orange decoration on top of it and a white frosting.  The cake is brown colored with darker brown at the top and the bottom of the cake.  A silver fork is resting upwards on the left bottom side of the white plate.  There is light focused on the back of the table and is shining onto the plate.  There are crumbs of the cake stuck to the white frosting.,0.0003001844152906289,0.26470587944636687,0.8642821907997131,0.07798165137614678
753,A large white and blue airplane is flying in the sky. There is a large propeller on the front of the airplane.,An airplane starts to fly away. The plane is mostly white. The tail is blue and red. There is writing on the side. There are wheels on the bottom. There is fencing on the side. There are buildings in the distance. There are many trees around the buildings. There are poles in the distance. The sky is blue. there are no clouds.,0.0060102946184563315,0.3461538417529586,0.897006094455719,0.10344827586206895
754,There are two giraffes standing in a field. There are trees behind them.,"While one giraffe is seen making it's way through the trees and bushes, the two giraffes in the forefront prefer to stay in the grass covered clearing.  The temperatures look to be quite high from the look of the haze that hangs in the sky and forms a veil over the distant hills. These giraffes have spots of chestnut brown with ragged edges, while their unsides are predominately white.",0.0005822392686823438,0.18181817904040404,0.8673521876335144,0.05520504731861199
755,A woman is standing on a tennis court playing tennis. She is wearing a white tank top and white shorts. A green tennis ball is soaring in the air towards her. There is a green fence behind the woman.,"This was captured at tennis match.Only one side of the court is visible and on it is a male player with a blue head and wristband, a blue shirt,black shorts,a white bandage on his knee,white socks,and black and white shoes.In his hand,he is holding a black and yellow tennis racket.He is also standing on top of green court with the word Gerfor painted on it in white.Behind him is a man sitting on top of something sponsored by Adidas  with a wall next to him from other companies.The wall separates the crowd of people who range from young women,young males, and adult males who are waiting for the other person to serve.",0.003612347496358955,0.23076922692492607,0.8613431453704834,0.10506208213944603
756,This is an image of a cat. The cat is black and white. There is a white wall behind the cat and it has a black nose and fuzzy ears.,In the picture there is a small dog. The small dog is off white in color. The dog is looking straight at the camera. The dog has a fluffy coat of hair. The dog looks happy in the picture. The dog is laying on a dog bed. The dog bed is tan and brown in color. The background in the picture is black. The dog has a small fuzzy tail.,0.006609578512488043,0.3703703657064472,0.8963032364845276,0.12720315398886825
757,There is a train on the tracks. The train is yellow and blue. There are wires above the train.,A train in on a set of tracks. The train is white with a red nose. There is 2 reds stripes on the side of the truck. There are 3 letters in capital cursive near the front of the train. There are several utility lines above the train. The trains front is in the shape of a bullet.  There is multicolored gravel om the train tracks. The day is cloudy and overcast.,0.015576899758190654,0.3928571391071429,0.8929705619812012,0.14105252061469264
758,A cat is laying on a bed. The cat has a black nose and fuzzy ears. There is a white blanket on the bed behind the cat.,A black and white cat reclines on a bed.  The cat's eyes are gold.  The left ear of the cat is turned back.  The cat's right back leg is up.  The cat's whiskers are white.  The cat is resting on a light grey comforter.  Behind the cat is a person reading a book in bed.  Only one hand of the person can be seen.  The headboard of the bed is a light red colored wood.,0.02643315274932129,0.28571428150163775,0.8986563086509705,0.16276709401709405
759,A white plate is sitting on a table. There is a white bowl on the table next to the plate.,A round plate with food is sitting on a wooden surface. A square piece of flat bread is on the plate. On top of the bread is an orange sauce. A pile of greens are on top of the bread. A fork is sitting face down on the plate. Next to the plate is 2 pieces of sliced lemon. There are several seeds in the lemons pieces. There is a coffee cup of next to the plate and the lemons. The cup is filled with a brown beverage.,0.008944587530132091,0.3333333299388889,0.885132908821106,0.10963327859879582
760,There is a sign on the side of the street. The sign is black and white. There are trees behind the sign.,A blue sky is filled with white clouds. There is a street pole taking up most of the image. On the top of it is a green rectangular street sign with Naples written on it in white writing. Below that street sign is another green street sign with Chrysolite Ave written on it in white. Below that sign is the top of a red Stop sign outlined in white.,0.008538724034405155,0.3018867882378071,0.8758659362792969,0.09331259720062209
761,A man is surfing in the water. He is wearing a black wet suit. There is a white surfboard behind him.,A boy is holding on the the handle of a kite while strapped to a wake board. The boy is in mid air. His legs are bent. The wake board is teal blue. The boy is in the air over a large body of water. The water is dark blue. There is water spray coming from the boy and the board.The handle the boy is holding is brown with 3 lines connected to it.,0.002753354303114577,0.2372881313530595,0.8847880363464355,0.08005822416302764
762,There is a boat in the water. The boat is white and blue. There are trees on the other side of the boat.,A large boat is docked next to a pier. The boat is white. There is a blue cover over part of the boat. There is a blue line attached to the pole. There are several birds sitting on different parts of the pier. The birds are gray and white. Th posts on the pier are discolored. There are other boats at the dock.,0.02067856216484328,0.44444444013031564,0.9009667634963989,0.18916779074541082
763,There is a boat in the water. The boat is white and blue. There are people standing on the sand behind the boat.,The boat is on the ocean. The boat is a sailboat. The sale is being pushed by the wind. The water and slightly calm and moving along slowly. The sky is partly cloudy but mostly bluish. There are people on the sailboat. The sailboat is the only boat on the water. There's a lighthouse in the far distance. The lighthouse is very tall. There is no lighthouse on at the Lighthouse.,0.013590226767055276,0.4210526273930441,0.8843000531196594,0.16859365036222415
764,A large white truck is driving down the road. There are trees behind the truck.,"A one car silver, white, and red train is on a track bordered with telephone poles strung with cables. To the left of the track is a dry, plowed field edged with green and yellow grass, and to the right of the tracks are small green bushes and a trees, then a large dry field that is not plowed, and then another field which long strips of green plats growing. Behind the field with the plants sits an expanse of more trees, some dry areas, and a forested mountain range can be seen in the distance. The day is sunny and bright.",6.263164872492797e-05,0.12345678742874569,0.8587943315505981,0.03751339764201501
765,A boy and a girl are standing on a grassy field. The boy is wearing a blue shirt and blue shorts. He is holding a red frisbee in his hand. There are trees behind the boy on the grass.,"Two small toddler boys are standing outside on a dirt and grass field. Several blow up amusement structures can be seen. One is a boucy one with a yellow front and another looks like a huge yellow and red blow up slide. One of the toddlers, who is dressed in an orange shirt and jeans, is holding a tennis racket in one hand, and a red and yellow ball in the other. Another racket lies on the ground next to him. An adult wearing white shorts and shirt stands near the toddlers, and another child and adult can be seen behind him.",0.010738326106848033,0.3225806409527114,0.8853737115859985,0.1595235109717868
766,This is a picture of a boat. The boat is white and blue. There are people sitting on the boats. One of the people is wearing a white shirt.,"Two older women are sitting side by side on a park bench overlooking a body of water.  The woman on the right has grey hair and is wearing a white shirt, blue pants and sunglasses. The woman on the left has a sleeveless top and is wearing a straw hat. Flowers are planted in a stone structure to the left of the women  There are two boats docked in the water nearby. Across the water is a very large building and some smaller ones, as well as other boats.",0.018565507114732805,0.3421052592797785,0.8723443746566772,0.13766566265060245
767,A man is standing on a sidewalk. He is wearing a black jacket and black pants. There is a red and white sign on the sidewalk behind him.,The man is walking at the sidewalk. He is carrying a big umbrella. The umbrella is green. The handle of the umbrella is brown. The man is wearing a suit. The suit jacket is black. The fence is blue. There is graffiti on the fence. The sidewalk is paved and gray. The shirt is white. The sky is white.,0.026722064141859035,0.4705882305267205,0.8935532569885254,0.15925263367123832
768,A woman is playing tennis on a tennis court. She is wearing a short sleeve white shirt and white shorts. A green tennis ball is soaring in the air towards her. There is a green fence behind the woman.,A man in blue shorts and a white shirt is running on a tennis court getting ready to hit a tennis ball coming at him. The sunny sky is casting shadows on the court of his body. Around him is a tall brown post fence enclosing the court. Opposite the fence is a small white house with a black car parked in front of it.,0.024656394099463217,0.3287671186263839,0.9063267707824707,0.2641282051282052
769,A black and white dog is laying on the ground. The dog has a black collar around its neck. There is a brown dog laying next to the dog.,A dog is seen very closely to the camera and through a clear object. The dog is a golden brown color and is standing in what appears to be the kitchen. The floor of the room is tiled with a beige and darker beige design going diagonally across the tiles. There is a wooden cabinet located directly behind the tail of the dog.,0.019517064670014656,0.31249999559082037,0.8708295822143555,0.1964594693791946
770,A group of people are standing outside on a sunny day. They are all holding umbrellas over their heads. There is a large tree in front of the people.,A herd of sheep stand in a field. There is a white fence around the herd of sheep. There is green grass and dirt under the sheep. There is a large crowd of people standing around the fence near the sheep. There is a large white building off in the distance in front of the sheep. There are trees in front of the large white building.,0.053765770523288195,0.4363636314049587,0.8926054239273071,0.2051007668985197
771,A man is skiing down a hill. He is wearing a black jacket and black pants. There is snow on the hill behind him.,The clear blue sky in the background reflects off the vibrant white snow. There is a man skiing on the snow. He is wearing a yellow backpack on his back. He has a grey vest over a black long sleeve shirt with black long pants. He snow shoes are yellow and match his yellow skis. He is also wearing a helmet and goggles. The skiers shadow is cast under him on the snow.,0.021831205177516588,0.39393938983930216,0.8960579037666321,0.19569559186628757
772,A bathroom with white walls. There is a white toilet in the bathroom. The sink is white.,This photo is taken inside of a bathroom. A large window is sitting above a tub. There is a gray shower rod hanging on a wall above the tub. A white toilet is sitting beside a sink in the bathroom. A silver faucet is hanging over the sink. There is a mirror hanging on a wall above the sink. Part of a light can be seen hanging over the mirror.,0.005214038185356462,0.3265306083465223,0.8932149410247803,0.12190995308341637
773,This is a picture of a house. The house is made of brick. There are two windows on the front of the house with white curtains on them. One window has a white curtain on it.,The brown bear stands in the yard covered in snow. The bear has a camera on its neck.  The house behind the bear has snow on its roof.  The house has two large windows in the front of it.  There is a large shrub covered in snow in front of the window.  The house has glass windows around the front door.,0.03121973390108228,0.49999999505739806,0.8830462694168091,0.16239316239316237
774,A baseball player is standing on a baseball field. He is wearing a blue and white uniform with white writing on the side of the uniform. The player has a black helmet on his head. There is a fence behind the player.,A baseball player is holding a bat in his hand while standing on a baseball field. He is wearing a black helmet and a gray and black uniform. A catcher dressed in red and white is squatting behind the player. People are sitting in stands watching the baseball game. A wall separates the field from the people.,0.2333990099667869,0.5151515102662995,0.922447681427002,0.34565177422320276
775,This is an image of a polar bear. The bear is standing on a rock. There is snow on the ground. the snow is white. there is a tree in front of the bear that has green leaves on it.,"A white polar bear is sleeping on the grass. A grass stain blemished the center of his forehead. His black eyes are closed. His black snout is still. His fur has flecks of beige, brown and black in it. Beneath his is green grass with bare patches of dirt in the bald spots. A huge front paw tramps down on weeds.",0.011737825437864018,0.25714285247346946,0.863196849822998,0.1939940577249576
776,A large stainless steel refrigerator is in the corner of the room. There is a white microwave above the refrigerator.,"A white refrigerator is against a wall in a kitchen. Someone has positioned two magnets to appear as eyes on the refrigerator so the appliance appears to have a face. There are two white handles in between the magnets to appear as if they are the nose on the  refrigerator. The refrigerator has a bottom drawer for the freezer and the handle is curved upwards. The refrigerator appears to have eyes, a nose, and a smiling mouth.",0.0021924882836175897,0.2622950780972857,0.8700709939002991,0.08415147265077137
777,A bunch of people are standing outside on a rainy day. They all have umbrellas on their heads. There is a man in a blue shirt standing in front of the people.,This picture is taken inside of a building. People are shopping at different booths and tables that are set up in the building. A man is wearing a black leather jacket and blue jean pants. A clock is hanging from a ceiling above his head. There is a tall brown and white pole standing near the clock in the room.,0.017691884888048265,0.285714281122449,0.8812021017074585,0.15563325563325564
778,The kitchen is very clean. The stove is white. There is a window on the wall behind the stove.,This picture is taken inside of a kitchen. A white door is leading into the kitchen. A rug is on the floor in front of the door. The kitchen has white cabinets with black counter tops. A white sink drops inside of the kitchen. White tiles are on a wall behind the sink. A window is hanging above the sink with brown curtains on top of it.,0.006776361243592937,0.3333333294924555,0.9009611010551453,0.16143762248140184
779,This is an image of a street. The street is made up of tall buildings. There is a red light on the pole in front of the building. A man is standing on a sidewalk. He is wearing a black jacket and black pants.,"This image is taken outside of a busy downtown city streets.On the left,there are a bunch of buildings,street lights,birds,peoples,and red and black banners swinging from the pole.On the other side,the exact same thing is visible but there stores are different.The middle of the road has three cards and a big silver charter bus on the side of the road waiting at a red light.",0.01434529814927762,0.2716049335467155,0.8660544157028198,0.1761683495666161
780,There are many boats in the water. There is a man walking on the sand. The man is wearing a white shirt.,"A bench is sitting on a walkway near a tall pole. A motorcycle is sitting on the other side of the pole. A body of water is seen in front of the bench, pole and motorcycle. Boats are sitting on the water. Different color flags are standing near the boats. Homes can be seen sitting on the other side of the water. Green trees surround the homes.",0.004224949125642207,0.30188678809540764,0.8777620792388916,0.104
781,This is an image of a street. The street is very busy with traffic. There is a car parked on the side of the road. It is white and has a red license plate on it.,"A tall, rusty metal fence with bobbed wire is enclosing a lot.The lot has many small weeds growing and there is a cage inside this lot that encloses two trucks and there are some tall buildings behind this small cage. Trash is lying on the sidewalk in front of the fence. There are two manholes on the sidewalk and the sidewalk appears to be cracked. There is also a sign posted on the bobbed fence.",0.00877947313536292,0.21052631120844886,0.8614799380302429,0.12658227848101267
782,A large white and blue airplane is sitting on the runway. There is a large blue and white sign above the airplane.,"The sky is filled with fluffy white clouds. There are airplanes parked on the tarmac. The closest airplane is white and has a blue tail with gold world. The next plane is also white, however it has a blue and red tail and a blue engine. There are also dark brown or black trucks on the tarmac. The truck have yellow stairs placed at the back of the truck.",0.004990334705950321,0.26666666291666674,0.8896636962890625,0.13844824606877482
783,A large white and blue airplane is sitting on the runway. There is a large blue and white sign above the airplane.,"Two men can be seen standing on a tarmac under an airplane. Both of the men are wearing green reflective vests. The plane has over ten small windows on the side of it. The airplane is blue, black and white in color. There is a large propeller on one of the wings of the plane. The sky above the tarmac is blue with numerous white clouds in them.",0.02298148828771339,0.3174603138321996,0.8933940529823303,0.16783320189274448
784,A man is surfing in the water. He is wearing a black wet suit. The man has a white surfboard in his hand. There is a wave coming up behind the man.,"A man with dark hair and wearing a black wet suit is standing on a yellow surfboard edged with lime green. He is riding on a large wave with a with lots of white foamy water filling the back of the wave. He is standing very close to the edge of the surfboard, and is tilting. The ocean water is a pale green color with lots of small white cresting waves surrounding the surfer.",0.03385276910457725,0.3999999954938776,0.8994318842887878,0.16732109377763632
785,There is a white and blue couch in the room. There are two windows on the wall behind the couch.,The room is dimly lit. The door is closed. There are two windows by the door. The windows are on the left side of the door. The door is white. The door has a chain on it. The chain is black. There are two lights on in the room. There is light coming through the windows. The floor by the door is made of square tiles. The square tiles are two different colors.,0.020548219616434906,0.43999999564800013,0.8864448070526123,0.1338571665807207
786,There are two giraffes standing in a field. There are trees behind them.,The are two giraffes in the forest. One giraffe is smaller than the other. The giraffes have horns. Their ears are pointy and white. They have brown spots. Their necks are long. Their legs are long. The end of their tail is black. Behind them are trees and bushes. On the ground is grass. The grass are dry. The face of the giraffes are brown.,0.0018535780494487177,0.19607842798923494,0.8989955186843872,0.05852842809364549
787,There are two giraffes standing in a field. There are trees behind them.,There is a dirt road. Across the dirt road there is green trees that are tall and some have fallen onto the ground. In the fore forefront of the photo there are two giraffes. They are tan and brown have they both have two small horns on top of their head. They are playing in the sand. There is no vegetation on this side of the road.,0.0007297106967572644,0.21818181498181818,0.8899612426757812,0.06493506493506493
788,A herd of sheep are grazing in a field. There is a fence behind the sheep.,The photo was taken outdoors in a dirt field. On the field are a group of goat. The housing structures are behind the animals. The sky is clear in the picture. There are also a few chicken on the field. The buildings are made of clay. The buildings on the right are dome shaped. The picture was taken in the day time.,0.0026096977193044344,0.35999999596800003,0.889162003993988,0.09581881533101046
789,There are two elephants standing in a field. There is a fence behind the elephants.,In the field are three elephants. The elephant in the middle is large and there are two smaller ones on the sides. The field is grassy as well being filled with small bushes. There are two small white birds in the picture. The grass is dark green. The elephants are looking to the side. The sky is clear and is gray in color. The picture was taken in the day.,0.0021368838760068166,0.28571428234693885,0.8875417709350586,0.0697674418604651
790,This is an image of a cat. The cat is gray and black. There is a window on the wall behind the cat with a white curtain on it.,"This is an outdoor image of a bird sitting on a cobblestone balcony.The bird is small,he has a long sharp pointy black beak,grey feathers,and a blue tail with white lines.Next to he bird is beige crumpled up rocks that are going down a hill.On the side of the rocks,there is a small patch of grass that appears to be about eight inches long.",0.022175666854669263,0.3380281648482444,0.874963641166687,0.13422818791946306
791,This is a picture of a clock. The clock is black and has a white face on it. There are people standing in front of the clock on the sidewalk. Some of them are wearing hats on their heads.,"The sky is blue and clear. There is a building that looks like a castle. The building has three peaks at the top. There is a brown fence surrounding the building which is mounted in in a rock wall. The building on top of a hill. The hill is mostly dirt, but has some patches of grass. There is a black clock with a white face black numbers and black clock hands.",0.019251050949237892,0.36619717832176163,0.874923825263977,0.19993503915695263
792,A man is standing on a tennis court playing tennis. He is wearing a short sleeve shirt and white shorts. The court is blue with white lines on it. A green ball is soaring in the air towards the man.,"A crowd is sitting in red chairs at a tennis match. There is a green wall separating the crowd and the tennis player. The tennis player is wearing a white shirt with black stripe and black design as well as white shorts with a black line.He has white, black and red sneakers as well as white socks with a black logo. He is wearing white wrist bands on his wrist as he about to serve the ball. His tennis racket red and black with a white handle. He is playing on a brown, sandy ground with white lines outlining the court.",0.01506714852788478,0.4285714240504535,0.8887946605682373,0.16622916679656563
793,A group of people are sitting at a table. There is a man in a blue shirt standing in front of them. He is holding a white game controller in his hand.,Three men are sitting in a room working on laptops that are on their laps. all of the men are wearing short sleeve shirts. The wall in the room is painted white. There is a black rack with shelves standing in front of the wall. Different objects are sitting on top of two of the shelves. The floor in front of the rack is brown in color.,0.04550608899564776,0.31249999523925787,0.8920474648475647,0.18029889121002732
794,There is a truck parked on the side of the road. The truck is white. There are trees behind the truck.,This is an image of a truck. The truck is for industrial work. The truck is for carrying concrete. The truck has a large white drum on the back. The truck cab is light blue. The truck has large rubber wheels. The wheels are black. The drum on the truck has concrete in it. The truck is on a cracked and damaged gray road.,0.00931488825335134,0.3673469345272803,0.8893209099769592,0.14062660239975383
795,A toilet is in the corner of the room. The toilet has a white toilet seat. There is a mirror on the wall behind the toilet.,A white porcelain toilet sits with the lid open on a concrete platform over warped linoleum. The pipes running to the toilet are exposed against the yellow walls. Above the toilet are small square cutouts showing a view of the outside. On the opposite side of the room is a black trash can filled with water with a red plastic pot floating on top of it. A smaller blue waste can is on the floor behind it.,0.004856172503134763,0.2777777740277778,0.8887509703636169,0.11821974965229486
796,A man in a black wet suit is surfing on a white surfboard. The man is wearing a blue shirt and black shorts. There is a large wave behind the man.,"A white male in blue swimming trunks is on a small surf board. His left arm is stretched out to his side. He is wearing a white band on his wrist. The background is blue and contains text. The word ""Flow"" can be made out. The surfboard appears to be resting on a column of water, jetting up from below .",0.019826784208069177,0.29411764258218,0.8892853856086731,0.19242930437895236
797,This is a picture of a computer. The computer is sitting on a black desk. There are buttons on the computer that are black and white. One of the buttons is red and the other button is green.,A woman's hand is reaching for a smart phone turned on on a white counter. She is wearing a ring on her middle finger and two silver bangle bracelets on her wrist. Next to the phone is a pack of cigarettes with the top open and two cigarettes halfway pulled out. A keyfob and two keys are laying on the pack. Beside that is a tall pilsner glass on a square coaster. The glass is half filled with foamy beer. Lastly is a floral pocketbook with a black strap on its side.,0.0061795822240536735,0.24096385141529977,0.8432843089103699,0.10969976905311778
798,A bunch of bananas are sitting on top of a table. The table is made of wood. There is a basket on the table behind the bananas.,The woman is holding a banana. The banana is yellow. The woman is wearing a hoodie. The hoodie is dark blue. The woman has blue eyes. The woman is wearing a cap. The cap is green. The woman is wearing a necklace. The woman's mouth is open. The bottom part of the banana is brown. The ceiling is white.,0.0034708275289938566,0.18181817698347122,0.8729186654090881,0.10752688172043011
799,There is a train on the tracks. The train is yellow and blue. There are wires above the train.,"This picture is taken outside on a cloudy day. Men, women and children are standing on a platform of a train station. A little boy is wearing a green shirt and blue jean pants. A long black train is sitting on a track near the platform. White smoke is coming out of the front of the train. Electrical lines can be seen running across the air above the train.",0.006099318906373373,0.2580645126326743,0.8889864087104797,0.14159578402366862
800,A bathroom with white walls. There is a mirror on the wall above the sink. The sink is white.,"This image is of a bathroom. There is a white toilet and sink which are situated next to each other on one wall. There is a window above the toilet which has a board over it. There is a mirror over the sink with an arched shaped to it. An empty toilet roll holder is hanging on the wall to the left of the toilet. There is a dirty rag laid flat under the sink which looks as though it has been placed to catch drips from under the sink. The bathroom door is visible and ajar, it has a brass colored door knob. The flooring is tile, mostly beige but with some accent colors included, and the walls are papered with an orange floral patterned paper.",0.0009258645846455895,0.3146067387703573,0.8789726495742798,0.07314974182444062
801,"A man is riding a motorcycle on a paved road. He is wearing a black helmet, a white shirt and black pants. The motorcycle is black. There are trees behind the man.",A cycling race with seven riders leaning to their right as they cross a street. They are a mixture of men and women and all are wearing cycling shorts and shirts which are covered in advertisements. One shirt clearly shows the word Mexico on the shoulders. They are all wearing cycling helmets and protective glasses. Six of the seven helmets are predominantly white but there is one bright yellow one visible. Behind the racers on the street is a white car with it's headlights on. The leaders of the race are wearing the same style of shirt.,0.00263247109564975,0.2619047579280046,0.8679526448249817,0.10395804558011049
802,A white plate is sitting on a table. There are vegetables on top of the plate.,"This is an image of a lunch. The lunch is rice, meat and vegetables. The vegetables are various. The vegetables are green. There is broccoli on the plate. The rice is in a clump. The rice is white. The meat is cooked well done. The meat is pink and dark brown. There are carrot slices on the plate. The slices are orange.",0.0026096977193044344,0.4255319107107289,0.8813002705574036,0.09581881533101046
803,There is a boat in the water. The boat is white and blue. There are people standing on the side of the boat.,Cruise ships are at a port.  The boats are docked by a pier and anchored down.  A small red boat with an umbrella is in the ocean in the foreground.  The cruise ships are large and a pier is surrounded by a metal fence.  Buildings can be seen in the background and have pointed roofs.  The sky is blue and no clouds can be seen.,0.004319552241234172,0.2666666626055556,0.8766893148422241,0.09868421052631578
804,This is a picture of a cake. The cake has white frosting on top of it. There are white candles on the table next to the white icing.,There is a vase on the table. The vase is tan and black. There's a rock to the left side of the face. There are flowers in the vase. The flowers are bright yellow. The flowers have leaves on them. The leaves are thick and green and healthy. The table that the flowers are on has a tablecloth on it. The tablecloth is red white and blue. The tablecloth is red with white lines and a big blue line on it. There are chairs at the table. There are two chairs all together. To the right of the table are two windows. The wall under the windows is green.,0.0037944187417603514,0.3380281648482444,0.8587099313735962,0.089197224975223
805,A man and woman are sitting at a table. The man is wearing a white shirt and a black tie. He is holding a wine glass in his hand. There is a cake on the table behind the man.,"A man is sitting at a table in a restaurant. He is wearing a long sleeve brown shirt. The man is looking a gray cellphone that he is holding in his hand. There are clear glasses and white plates on the table, along with a red and white checkered tablecloth. Different picture frames are on walls across from the man. Christmas lights surround some of the frames.",0.08808775669343279,0.5128205082182776,0.9114208221435547,0.3708332117699307
806,A pizza is sitting on a white plate. There is cheese on top of the pizza.,A woman is holding a tray. The tray is made of wood. On the tray is pizza. There are chopped tomatoes on top of the pizza. The woman is looking on the pizza. The woman is wearing a knitted blue jacket. The pizza has mushroom on it. The cheese is melted on the pizza. Behind the woman is a stove. The stove is white.,0.014473865926307124,0.44444444033580255,0.9082308411598206,0.13323604669758515
807,A toilet is in the corner of the room. There is a white toilet on the ground next to the toilet. The floor is made of tiles.,"An old, dirty and rusted white toilet is attached to a wall.  The toilet has red, orange and grey stains inside the bowl.  The seat is covered in grey dirt and the exterior of the toilet has white lumpy drippings on it.  Above the toilet is a white sink bowl with a blue backdrop , two water handles and a faucet.  The wall the toilet and sink are attached to is white with dark marks on it including dirt smudges at the base of the wall.  The floor is a dirt floor.",0.007919619053734535,0.3235294077378893,0.8692899346351624,0.17403508771929826
808,A man is skateboarding outside on a sunny day. He is wearing a black shirt and black pants. The skateboard is black and the wheels are black. There are trees behind the man.,"A man is in an indoor skateboard and is performing a trick in the air at the top of a ramp. He is doing some variable flip with his board and he is wearing a light blue slate colored shirt, a hat, and some khaki pants with black and white shoes. There are a lot of painted murals and design displays on the wall of the park.",0.0254014493826378,0.3661971787185082,0.8976542353630066,0.17173644140141817
809,This is a picture of a building. The building has a clock on the front of it. There are people standing in the photo. Some of the people are holding umbrellas.,Building has multiple floors. There is a clock tower at the very top. The building is tan and off white with red letter in the front. On the top level there is metal fence that lines the roof. The window is just below the top level and is next to a large half circle display window above the bottom floor. There is glass awning covering the ground floor although the whole ground floor is not visible in the photo.,0.011514965012686559,0.2933333291875556,0.8681696653366089,0.09433962264150944
810,A man in a black shirt and black pants is standing in the doorway of a store. The man is holding a white game controller in his hand. There is a large window behind the man.,The man standing is looking down. There is someone squatting down next to a motorcycle. The man standing has gray hair. The man is standing by a parked car. The car is white. The mirror on the car is black. There are a bunch of trees in the background. The motorcycle has a big beige bag on yhe back of it.,0.02435500684843466,0.3606557328675088,0.8842899203300476,0.16946144973826632
811,There are two giraffes standing in a field. There is grass on the ground in front of them.,"This is an outdoor image taken in a wild area that is full of wild life.In the middle there is paved road and on the side there are trees and dead grass on the side.In the middle of the road,there is a large giraffe walking west and behind him,there are three elephants walking across the road.The first on is on the side in the grass,the second is in the road and the third one is on the right in the grass also walking west.",0.0019904197561749514,0.2622950780972857,0.8783983588218689,0.07751937984496124
812,There is a red and white bus on the street. There are people standing in front of the bus.,"This is an outdoor image taken of a city street.In the middle of the street,there is a large truck on the side that has a picture of a island on the back with water and a palm tree.To the left of the truck,there is female dressed in all black riding a bicycle and she has a long blond braid going down her back.On the side of the street,there are benches,trees,and people sitting down and walking down the sidewalk.There are also large antique like buildings with several stories.",0.001182536264586284,0.26666666331022226,0.8675355911254883,0.06234413965087282
813,A man is standing on a snowboard. He is wearing a black jacket and black pants. There is snow on the ground behind him.,"A crowd of people is sitting in a stand watch a man in red and white ski with two ski poles in his hand.  The man has on a hat and the number sixteen in the middle of his shirt, there is also some writing on his shirt.  There is some writing on the wall by the people in the stands.  There is a pole in the middle of the people.",0.004863366528417731,0.27586206456004764,0.8707993626594543,0.11896793309950286
814,"This is an image of a vehicle. The vehicle is a motorcycle. There is writing on the side of the vehicle that says, ""Motorcycle Only"". The motorcycle is black and has a red and white stripe down the middle of its body.",There is a broken phone on the ground. There are three pieces that are big and the phone has many buttons on it. The color of the phone is white and silver. The ground next to the phone is very dark. There are many tiny things on the street. It looks like an older kind of phone. The phone at the bottom of the frame is on its front. The buttons on the phone are dark and light.,0.010152636065485103,0.3142857094857143,0.867763876914978,0.15456989247311828
815,This is an image of a computer. The computer is sitting on a desk. There is a black keyboard and mouse on top of the keyboard.,This is an image of a laptop. The laptop is being cut by knives. The knives have black handles. The knives have silver blades. The laptop is black at the bottom. There are inputs on the back of the laptop. The inputs are different various types. There are two hands holding knives. The one wrist has a silver watch one it.,0.06095588528936129,0.407407402962963,0.8993620872497559,0.20942995169082126
816,This is a picture of a store. The store has a lot of different things on the shelves. There are many different fruits and vegetables. Some of the fruits are green and some are yellow.,This is a toy shop. The shop has lots of stuffed animals. The stuffed animals are bears. There are many teddy bears in the window display. The bears are various different colors. The window is framed white. The letters on the window are red with a white and blue border on them. The bear in the front of the window has a red scarf on it.,0.02797414762659245,0.42622950342381083,0.8891571164131165,0.2600319407042096
817,A man is sitting at a table. He is wearing a white shirt and a black tie. There is a silver laptop on the table behind him.,A man is sitting with his guitar. His left hand is holding the guitar neck. The man is wearing a straw hat. The man's head is down. You cannot see the man's face. There's a bottle on the table in front of the man. The guitar is made of wood. The guitar is a light brown color. There is a television behind the man. The television is not on. The television is gray color. The man is sitting on the side of a fireplace. The fireplace is made of thin brick.,0.019000816402649202,0.29850745838271336,0.888618528842926,0.09456264775413711
818,There is a white table in the middle of the room. There are two chairs next to the table.,This is a picture of a bedroom. The bedroom is very tidy. The bedroom is decorated fancy. There are many different pictures that are framed on the wall. The pictures have black and gold frames. The bed has a white comforter on it. The bed has a white pillow on it. The headboards and bed frame are dark brown.,0.004721738146475903,0.27450979976931955,0.8743206858634949,0.10617283950617286
819,A woman is sitting on a bench. The bench is made of wood. She is wearing a white shirt. There is a large window behind the woman.,There are two people kissing in the photograph. One of the men is dressed as a groom the other as a bride. The one dressed like a bride has a veil on his head and is wearing a pink dress. He has whit pearls around his neck and has a blue ring on. The woman has a grey hat on and white sunglasses. They are standing against a white wall with the sun shining down on them.,0.008657550242295671,0.2535211227137473,0.8661329746246338,0.09722222222222222
820,A bed is in the corner of the room. The bed has a white blanket on it. There is a mirror on the wall behind the bed.,This is a hotel room. There is a patterned comforter on the bed. The comforter is tan and gray. The headboard on the bed is wooden. The headboard is brown. The wall in the room is a dark tan color. There is a small lamp by the bed. The lamp has a white lampshade on it. There is a rolling office chair by a desk with a yellow lamp on it.,0.04865962406614622,0.44444443988340193,0.9042218923568726,0.17912470293422678
821,There is a giraffe standing in a field. There is grass on the ground in front of the giraffes. The grass is tall and green.,This picture is of a giraffe. The giraffe is eating some grass. The giraffe has it's mouth full. The giraffe is spotted brown and tan. The giraffes eye is closed. The eye is lined in black. There are brown and tan horns on the giraffe. There is a piece of wood in front of the giraffe. The wood piece is light brown.,0.04056010602646903,0.4705882307266437,0.896052360534668,0.24031527654952606
822,There is a toilet in the corner of the room. The toilet is white. There are towels hanging on the wall above the toilet.,The picture was taken inside. The picture was taken in a bathroom. There are lights lined along the ceiling. The floor in the bathroom is tiled. There are urinals on the wall on the right side. The urinals are white in color. The stalls are on the left of the bathroom. There are windows in the bathroom.,0.018300979479889193,0.47826086490548214,0.900744616985321,0.18841299399958616
823,A laptop is sitting on top of a desk. There is a white keyboard on the desk in front of the laptop.,"Two black cats lay on a desk; on is reading its grass on the other cat's hind quarters. One the desk area several items: a red notebook, a vup filled with pens, done papers, a basket with Witeout in it, a teddy bear, and a box of envelopes. There is also an LCD computer monitor, as well as a keyboard drawer. The keyboard drawer is slightly open, showing the bottom of a purple mousepad.",0.003975816976160387,0.25352112342789135,0.8607431054115295,0.10901162790697673
824,A large elephant is standing in a field. The elephant has a long trunk. There is grass on the ground around the elephant.,The elephant is in the wild. He has a long trunks. The trunks are brown with touch of white. The elephant's ears are wide and has spots. The elephants body is wrinkled and brown. Behind him are long brown trees. The ground is covered with green and brown grass. The sky is blue with touch of white/gray puffy clouds.,0.013768916620066914,0.32727272286942155,0.8935625553131104,0.13318541917368634
825,A group of people are sitting at a table in a restaurant. There is a woman sitting in front of the table. The woman is wearing a white shirt and white pants. She is also holding a wine glass in her hand.,"Two men are sitting at a table outdoors. The man on the right is wearing a plaid shirt and a visor. He has his arms out and palms turned up. The man on the left is wearing a t-shirt that says ""BRONX."" Empty glasses and three bottles are on the table. There is also a cruet of oil. A brick structure, perhaps an oven, is to the left rear of the man on the left.",0.07551475401357839,0.3797468307963468,0.8768841028213501,0.18742493801332713
826,There is a stop sign on the side of the road. The sign is red and white. There are cars parked in the parking lot behind the sign.,This is an image of a street. The street signs are on a white pole. The pole is metal. The top sign is blue and white with a red slash in the middle of it. The bottom sign is white and black with a red circle and red slash in the middle. The top sign has a white border. The street is concrete with rail road tracks embedded in it.,0.006130402602892093,0.4285714238839286,0.875058650970459,0.12917933130699089
827,A woman is standing on a tennis court playing tennis. She is wearing a short sleeve shirt and white shorts. A green tennis ball is soaring in the air towards her. There is a fence behind the woman.,This picture was taken at a tennis match. The man is wearing a yellow head band and a yellow shirt. The man is holding a black tennis racket. The crowd is behind the man on the court. The man is looking towards to the left. The man is wearing two sleeves on their arms with yellow checks. There is a white logo on the left of the picture.,0.026832454813881707,0.3283582040899978,0.8948667645454407,0.20343624629338922
828,The kitchen is very clean. The stove is white. There is a window on the wall behind the stove.,"This is an image taken in a kitchen.Directly in the middle is a wooden table with a white top.On the ends,there are two wooden chairs and on the sides,there are two computer cars.Behind the table,there is a side by side microwave with several magnets on the front,and an air freshener and bottles on the top.To the left there is a counter with average kitchen supplies including a toaster.The floor is hard wood,the walls are yellow and the drapes over the windows are black.",0.001247367910379088,0.20289854749002315,0.8692395687103271,0.08485639686684072
829,There is a sign on the side of the street. The sign is red and white. There are trees behind the sign.,This is a traffic or warning sign. The sign says do not enter. It is red and white. The text of the sign is very bold in white lettering and is centered in the middle of a filled red circle. The circle is inside of a white square. The sign is attached to a metal pole with bolts. Behind the sign a grey sky can be seen along with trees that have orange dying leaves.,0.01850190118659484,0.28124999625,0.8996062874794006,0.14947216465628707
830,A group of people are sitting at a table in a room. There is a television on a stand in front of them.,Four people are sitting around a television set. The two men on the right are playing guitars. The woman on the left has her hand to her mouth. Another woman has blonde hair and is facing away from the camera. A  small coffee table is in the middle. There are two glasses and a paper cup on the table. A floor lamp in the corner is casting bright light into the room.,0.007920020407713778,0.3529411725778547,0.8800317049026489,0.11922503725782413
831,A man and a woman are standing in a room. The man is wearing a black shirt and white pants. He is holding a white remote in his hand. There is a large window behind the man.,Two men are standing in a living room holding white game controllers in their hands. A white covered sofa is sitting in front of a window in the living room. There are three pillow sitting on the couch. The walls in the room are painted white. Part of a chandelier is hanging in the room. A brown cabinet can be seen sitting against a wall near the sofa.,0.03984236103716419,0.3823529364532872,0.8861357569694519,0.1694915254237288
832,A black and white zebra is standing in a field. There is grass on the ground around the zebras.,"Ann adult Zebra stands on a field facing to the left. The legs on the outside have strips and on the inside are white. The zebra is in an open field. The field is covered with grass that is tall. The zebra has stripes white and black, and the tail of the zebra is long and have a turf on the end. On back the field there are green with green leaves.",0.0024629241060004263,0.33333332927222226,0.8789771795272827,0.11244377811094453
833,There is a wooden table in the middle of the room. There are two chairs next to the table.,"This picture is taken inside of a home. A black chair is sitting in front of a desk. There is a laptop sitting on the desk, along with other papers. Part of a wooden table can be seen behind the desk. Two chairs are sitting near the table. There is a white lamp sitting on top of the table near bottles and a book. The walls of the room are painted yellow with white trim. The floor of the room is hardwood.",0.004208714792132945,0.3124999964111328,0.8940610885620117,0.11759870835168061
834,This is an image of a computer. The computer is sitting on a desk. There is a black keyboard and mouse on top of the keyboard.,A desktop computer is on a desk with the monitor turned on. On the keyboard is a grey bird with a green head and orange cheeks. To the right of the desk is a tray with a blue mouse pad and a white mouse on it. Next to the desk is a grey upholstered chair. To the left of the desk is a blue drapery. In front of the bird are a yellow and blue stuffed bear.,0.005347698048675362,0.2711864364378053,0.8765373826026917,0.14799200278164118
835,A man is sitting at a table. He is wearing a white shirt. There is a silver laptop on the table behind him.,"A Man sitting in a chair working on his laptop. The chair he is sitting in has a red towel drapped over the back and wooden arms. The man has short dark hair, and glasses. He is casually dressed in a sweatshirt, with a yellowish t-shirt underneath and shorts. He is using a plug in keyboard with his lap top, the key board is on a make shift lap table, made from two grey boxes. This allows him to put his keyboard and mouse on his lap. The laptop is on the table in front of him, propped up on a few books so that he can see it. Also on the table are a few other items.",0.0011517865983978277,0.21505376031911205,0.8768564462661743,0.09325140809011775
836,A woman is sitting at a table in a restaurant. She is wearing a white shirt and black pants. There is a large window on the wall behind her.,"Passengers are seated in a mass transit bus traveling down the street.  The driver is seated on the left hand side in an enclosure.  He is visible through the reflection from a rear view mirror.  The farebox is next to the enclosure.  A television monitor is behind the driver, and is turned on.  A woman sits on a seat mounted atop the wheel well.  She has placed a white plastic bag on the floor. A passenger seated behind her is resting his or her foot on the well.  The bus has blue vertical poles for standing passengers to use.  Some bus straps are also suspended from the ceiling for passenger use. It is daytime.",0.001736359334120577,0.20618556328621537,0.8586384654045105,0.09396677544728511
837,A pizza is sitting on top of a white plate. There is a pizza cutter on the table next to the pizza.,A metal pan has pizza slices on it. The pan is round. There are other pizza pans next to it. The pans are on the table. There are napkins on the table. There is hot sauce on the one pizza. There is a lot of cheese on the pizza. There is a knife on the table. There are other slices of pizza on the other pans. The pizza slices are triangular. The table is made of wood.,0.006847186129780687,0.46808510189225894,0.8972947001457214,0.13865027705858157
838,A man is surfing in the water. He is wearing a black wet suit. The man has a white surfboard in his hand. There is a wave coming up behind the man.,"A guy with short, dark hair is wearing a blue wet suit and black shoes is surfing on a white surf board in a large body of water. The waves behind his surfboard are large, white and foamy. The body of water appears to be dirty and a reflection of the guy and the surfboard is in the water just near the surfboard. The sun is shining brightly into the body of water.",0.016400224332369727,0.4057970969124134,0.9058916568756104,0.18044776835514398
839,A white cow is standing in a field. There is a white fence behind the cow.,There is a white and brown cow in a cage. The bars next to the cow are blue in color. The girl next to the cow is wearing the color purple. The girl appears to be smiling. The bottom half of the cow is not visible. Only the top half of the animal is visible to the people. The roof of the structure is blue and there are bars above the ground to support the structure.,0.005010553028625572,0.279999996352,0.8876753449440002,0.07857142857142857
840,A man is skateboarding outside on a sunny day. He is wearing a black shirt and black pants. The skateboard is black and the wheels are black. There are trees behind the man.,"A boy is skating down a ramp. The picture has a progression of him starting from the top, then in the middle, then on the bottom. The boy is wearing a white helmet, gray t-shirt and blue jeans. He is slightly heavyset. His shoes are white. Next to the boy on the ramp is a boy on roller blades and he is wearing a blue graphic shirt with blue jeans. his hair is orange.",0.013573617288520549,0.31428570987346943,0.8877421617507935,0.16751050608011445
841,This is an image of a zoo. The zoo has a lot of animals. There is a giraffe in the middle of the picture. It is brown and white.,This is an image of some animals. The animals are elephants. The elephants are very large. The elephants are dark brown. The elephants are in water. The water is shallow and murky brown. There is a long bamboo pole by the elephants. The shore by the elephants is sand. The sand is tan color. The elephants are drinking water.,0.0670022959903902,0.4615384567233728,0.8961825370788574,0.15896825396825398
842,A man is sitting on a bench. The bench is made of wood. There is a white wall behind the man.,"A man is sitting in a white chair on the beach. The chair is in the sand.  He is wearing a black shirt and dark colored shorts. He is reading. His arm is resting around the top of his head. He has a wedding ring on. Beside the man is a black and white umbrella. To the right of the umbrella is a boy wearing green. He looks like he is playing in the sand. Behind him is another umbrella which is red and white. In front of the boy is the water. In the distance is a building, and beyond that are hills. Also on the beach are gray stones and other white chairs. Behind the chairs are two poles.",0.0014828527520107044,0.2499999968,0.8872511386871338,0.08641294355580072
843,A man is skiing down a hill. He is wearing a black jacket and black pants. There is snow on the hill behind him.,There are people in the snow in the picture. The trees in the background have a little snow on them. Some people are sitting in the snow. The snow is covering the entire ground. Most of the people have goggles on. Two people are walking together on the snow. The person on the right is carrying ski sticks.,0.006601402747058159,0.23529411297193395,0.8828515410423279,0.09744162087912088
844,A man is sitting on a bench in front of a door. He is wearing a black jacket and black pants. There is a large window behind the man.,The woman is sitting on a bench. She is carrying a bag. The suitcase is black. The bags are black. The woman is wearing a scarf. The scarf is pink. The jacket is black. An old man is looking at the camera. The man's jacket is yellow. The woman's shoes are black. The woman is wearing eyeglasses. Her pants are gray. Her hair is curly.,0.04031957707559218,0.3508771882425362,0.8953309059143066,0.14759169670219532
845,This is a picture of a street. The street is very busy with traffic. There are many cars on the road. Some of the cars are white and some of them are black. You can see trees in the distance.,There is a big brown and beige building near the street.  It has many windows  all around it.  It has a traffic sign  on the corner near the building. There is street sign on the front of the building.  There is a small car near the building. There is a gray car behind the    maroon car.  The person walks  across the street  near the building. There is a large black sign near the  building.,0.00909652126417995,0.3076923027218935,0.8651056885719299,0.1618449008498584
846,This is an image of a person. The person is standing on a grassy area. There is a large tree in front of the person that has green leaves on it.,"A small cell with iron gates is painted a light green on the bottom of its cement walls, and white on top. A lidless white toilet sits against the back wall, and a rusted small white sink is next to the toilet. On the back wall are two empty white shelves, and two metal shelves that fold up are attached to the left wall. The floor is tiled, and the walls and floor are dirty.",0.0027156112098877575,0.1944444400964507,0.8445230722427368,0.09206798866855524
847,A man is sitting at a table in a restaurant. He is wearing a white shirt and black pants. There is a silver fork in front of the man.,Three men are standing in a room. One man is leaning over a table in front of a small cake. He is wearing a short sleeve shirt and green pants. The table is white and has brown and gray chairs sitting around it. There is are white coffee mugs and bottles that are also on the table near the man. A gray door can be seen near a wall with a gray door handle on it.,0.041930810803810434,0.46575342044661294,0.897972583770752,0.23920835281284084
848,This is an image of a road. The road is paved. There is a person riding on the road with a bike. They are wearing a black jacket and black pants.,"This is a beautiful autumn photo of a family riding a trail on horse back. Both the horses and the human riders are uniformed in matching colors and coats, which made for a beautiful photograph. The trees are evergreens and tall, and grass is brown in preparation for winter. The air is most likely brisk but still mild.",0.01162885351161976,0.2985074581777679,0.8697617650032043,0.160980510347599
849,There is a toilet in the corner of the room. The toilet is white. There are towels hanging on the wall above the toilet.,A blue shower curtain is hanging inside of a white tub. A white toilet can be seen sitting near the tub against a white painted wall. A box of tissues is sitting on top of the toilet's tank. There is a vanity cabinet near the toilet with a white sink in it. A mirror can be seen hanging on a wall above the sink.,0.01759364835054216,0.45283018432182276,0.9068496823310852,0.21319444444444444
850,A white plate is sitting on a table. There is a white bowl on the table next to the plate.,The photo is of various fruits. The orange slices are peeled and sectioned. The raspberries are deep red and have small red portions that have fibers protruding from them. There are also small round blueberries in the photo. The fruit is mixed together as a fruit salad. The photo is a close up and does not show what the fruit is in.,0.0034109852564763333,0.14814814449245553,0.8535081744194031,0.06055363321799308
851,There is a large white boat in the water. There are people standing on the sand next to the boat. The water is calm.,"A man is relaxing on a lounge chair in front of a swimming pool on a warm sunny day.  He is white.  He is wearing a baseball cap and swim trunks.  There are no other people sitting on the chairs, which are white.  Four large white umbrellas provide shade.  The water in the pool is calm and is blue, reflecting the sky.  The side of the pool is made up of blue tiles.",0.005375705707762568,0.3880596975629317,0.8822795748710632,0.14857236090716266
852,A woman is standing outside on a sidewalk. She is wearing a white shirt and black pants. There is a black bag on the ground in front of her.,"A young woman wearing a black bra mostly covered by a white tank top, and also wearing blue jeans and holding a pink cell phone to her ear is walking along a sidewalk. She is in front of a North Pacific Cellular store and another store in which numerous red shopping carts are lined up along its wall. Both stores have the same exterior of large windows and brown siding, and a white and red trim above the siding. The woman is being photographed at through the interior of a car, as the grey interior of a car window can be seen around the outside edges of the photograph.",0.010977471361046721,0.31683167965101466,0.8738901615142822,0.1309243169214881
853,There is a bus on the street. The bus is white and blue. There are people standing in front of the bus.,"The image is a transit center. There are many buses parked at the station. The roadway is brown with white lines. The cross walk has white painted stripes. There are shelters over the bus stop. There are blue poles holding the shelter roof up. The roof is dark gray. The bus is orange, white, red, and blue.",0.01618993397240564,0.35087718879655283,0.8895910382270813,0.19821666984550831
854,There is a clock on the top of the building. The clock is black and white. There are people standing in front of it.,There is a tall building with a clock on each side of the top of the building.  The very top of the building is green in color and it looks like a palace on top.  The building tan and it has a couple of barrier gates at the top of the building.  The design of the building holds a arch in front and a light pole on the top of the building.,0.05045839679686874,0.5185185139574761,0.8923891186714172,0.14000302269345238
855,There is a train on the tracks. The train is yellow and blue. There are trees behind the train.,"There is a train in the picture. There are many train tracks. The train is blue, yellow, and white. There are many poles in this picture. The tracks are brown. There are green bushes near the tracks. In the background there is graffiti on the walls in different colors. The poles are grey and tall. The bushes are short.",0.03930177889700252,0.43478260446124767,0.9251347780227661,0.15264378478664192
856,A woman is sitting on a bench in front of a door. She is wearing a black jacket and black pants. There is a large window on the wall behind her.,"A woman is sitting on a stone structure with her legs stretched out in front of her. She is holding a blue cellphone to her ear. The woman is wearing sunglasses, a necklace, red sweater, a long black skirt and red boots. She has a large black purse and a plastic bottle of water at her side. Two people are sitting on the ground having a picnic. The trees are bare.",0.07326781226705033,0.4324324280496713,0.9001644253730774,0.19307056400417574
857,A man is sitting on a bench. He is wearing a black shirt and black pants. There is a white wall behind him.,"This is a picture of a man. the man is taking a picture. The man has a hat on. The hat is light brown with a brown designed band. The man has a mustache. The mustache is gray. The man has glasses on. The man is wearing an unusual jacket. The jacket is purple with flower designs on it. The flowers on the shirt are orange, white and red.",0.004882437690856482,0.30188678796724816,0.8689059019088745,0.12247785659156894
858,A boy is standing on a skateboard. He is wearing a black shirt and black pants. There is a white wall behind the boy.,"A young girl in a bright orange t-shirt is standing on a tiny child's skateboard while a woman in a pair of blue jeans and a patterned top kneels with one knee on the floor anf holds the girl steady, her right hand under the girls right arm and her left hand on the girls left hip. They are in a living room on a beige mat with a black border. Behind them is a small table with a telephone, calendar and writing pads. In the far distance is a wooden rocking chair. Both the people in the shot are looking up at something.",0.0052541416273734,0.20689654844233057,0.8746246099472046,0.09439718934911241
859,There is a boat in the water. The boat is white and blue. There are people standing on the sand behind the boat.,"A large flock of birds is flying over the beach, and the ocean on a cloudy day. A single person holding a yellow surfboard is walking out of the water and onto the sand. A large, curved blue, white, and green kite is flying over ruins on the beach. There is a tall mountain covered in grass jutting out into the sea.",0.011246515328547787,0.29999999593888893,0.8869579434394836,0.1182059999146527
860,A man is surfing on a wave. He is wearing a black wet suit. There is a white surfboard behind him.,"In a black and white photograph, a surfer in the middle of riding in on a wave is shown perpendicular to the wave. The surfer is a man and his surfboard and he are fairly high above the wave with his board upright above the water. The wave is large and cresting with a lot of white foam to the right and left side of him. The surfer is wearing a wet suit with a cap.",0.006194532529953472,0.3666666626055556,0.8985449075698853,0.1583106333897764
861,A man is surfing in the water. He is wearing a black wet suit. The man has a white surfboard in his hand. There is a wave coming up behind the man.,"Two people are enjoying their time out in the water. A woman is wakeboarding and her board is white, a peach color, yellow, and blue and is in a tie-dye like pattern. She is wearing a pink shirt that is a very bright color, and some short polka dot shorts. A man is wakeboarding far in the background more out into the water.",0.028997217231127324,0.23880596555134778,0.8731465339660645,0.14861806714895195
862,There is a baby sitting on a bed. The baby is wearing a blue shirt. There is another baby behind the baby.,A young  child is sitting on a blue sofa. He is holding his left hand up to his mouth. He is holding a silver clamshell cellphone in his right hand. He is wearing a blue and white striped polo shirt and blue denim overall shorts. There is a stain on the left knee area of the shorts. The child is barefoot.,0.03624793583561137,0.3773584866785333,0.8856381177902222,0.1138353765323993
863,A man is sitting on a bench. He is wearing a black shirt and black pants. There is a white wall behind him.,"Outside, an old man lies down against a bare, tan wall. The man has a beard, but little hair on his head, and is dressed almost entirely in red. His shoes are black. His is resting his head with one arm. Next to him is a red metal object attached to the brick ground. There is a white bag next to the man. It is around noon, as the man cast a very short shadow.",0.01384053428885079,0.2133333296853334,0.8810575008392334,0.08595988538681948
864,This is an image of a street. The street is made up of tall buildings. There is a red fire hydrant on the side of the building that is taller than the one in front of it.,There is a traffic light in the picture. The green light is bright. THe traffic light is made of metal. The traffic light is black. There are three different lights in the traffic light. There is red on the top. There is yellow in the middle. There is green on the bottom. Green means to go. There is nothing else in the picture. There is just a traffic light.,0.01887670368289486,0.2999999950500001,0.8715705275535583,0.12158054711246201
865,This is an image of a field. The field is green. There is a bird flying in the air in front of the bird. This bird is black and white.,Image of an outdoor farm. The farm has multiple rolling hills on it. There are white sheep and livestock walking around the field. There is a small stone wall down the middle of the farm. There are large green trees with lots of leaves on the hillside. In the distance the sky is covered with a light patch of puffy white clouds that can be seen on the horizon.,0.013448475720691742,0.3235294077378893,0.874525249004364,0.1228878648233487
866,"A man is riding a motorcycle on a dirt track. He is wearing a black helmet, a white shirt and black pants. There is a red and white flag on the top of the motorcycle.","This is a man on a motorcycle. The man is int he middle of a track. The man is doing a trick. The man is doing a wheelie. The man has a helmet on. The helmet is blue, red, and orange. There are banners on the fence. The banners are white with blue letters. The motorcycle is white and black. The wheels on the bike are black and rubber.",0.011072818182942193,0.385964907466913,0.8943225145339966,0.19054878048780485
867,This is an image of a building. The building is made up of brick. There is a clock on the side of the building with black numbers on it.,A wooden slatted bench sits in front of a brick and stone wall. The frame and arms of the bench are metal. The wall is mostly stone with a brick inlay that has two large openings in the center of it. There is also a brick border along the bottom of the wall. Many stones on the wall are chipped showing a dull gray underneath.,0.009098075510341539,0.2857142813807005,0.8728441596031189,0.15322806392508148
868,There is a train on the tracks. The train is yellow and blue. There are trees behind the train.,This is an image of a train track. The train track has one train on it. There is one empty track. The track is made up of wooden planks and metal rails. The rails are light gray. The plants are dark brown. The train cars are light gray and brown. The cars are filled with coal. The coal is black. There are lots of bright green and yellow plants by the tracks.,0.003368744244396485,0.40740740356652955,0.9001100659370422,0.15169082125603864
869,This picture is taken inside of a living room. A white couch is sitting against a white wall. There is a large window on the wall behind the couch. Large brown books are sitting on top of the window. Small brown chairs can be seen,This is a picture of a living room. The room has a couch in it. The couch is a dark gray color. There are pillows on the couch. The pillows are white. There is a dog on the couch. The dog is blonde colored. The dogs eyes are black. There is a large flat screen TV in the corner. The TV is black and silver.,0.09194379894073328,0.4307692257798817,0.892981767654419,0.19734684507411782
870,A man is surfing in the water. He is wearing a black wet suit. There is a white surfboard behind him.,"The man is holding a little child that are stand on a surfboard. The surfboard is color white, The child is wearing a wet suit color black. There is a wave formed behind the surfboard. There are ripples in the big ocean. On back there is a man that is in the water. Behind the man there is a big wave color white.",0.016187471607530868,0.4705882307266437,0.9106413125991821,0.17207105064247918
871,A man and a woman are standing outside on a cloudy day. The man is wearing a black shirt and black pants. He is holding a white bag in his hand. There are people standing in front of the man.,"A orange,blue and red train is sitting on some tracks and next to the tracks is a pile of trash on the ground.Some flowerpots is sitting near the trash. People are sitting on chairs Just behind the pile of trash. A man standing near the tracks is wearing a brown uniform hat, shirt and pants and he is holding a red flag in one hand and a green flag in his other hand. There are some children standing near the tracks behind him.",0.02609884379258313,0.47999999525688897,0.8852865695953369,0.2571846718356974
872,There is a white toilet in the bathroom. The toilet is white. There are towels hanging on the wall above the toilet.,This picture is taken inside of a bathroom. A small window is hanging above a white tile wall. There is a shower near the window. Two white curtains hang on a rod that is surrounding the shower. A white toilet sits near the shower. Part of a white sink can be seen near the toilet. The floor of the bathroom has large white tiles on it.,0.010941326021192221,0.3999999960330579,0.9024264812469482,0.1461038961038961
873,A woman is sitting on a bench. She is wearing a white shirt and black pants. There is a large tree behind her.,This is a picture of a group of kids. The kids are standing under an umbrella. The umbrella is purple with a cartoon on it. The girl in the middle has a blue jacket on. The girl has dark blue jeans on. The girl has long brown hair. The girl to the right has a long purple and white jacket on. There is a large red house with green trim in the background.,0.015097936454944052,0.1999999956722223,0.8795174360275269,0.14766794291681168
874,A man is walking on the sidewalk. He is wearing a black shirt and black pants. There is a red car behind him.,A traffic in the middle of a city road is directing traffic while in a reflector jacket.  There are people on the corners ready to cross a street.  The car is turning right on a city street.  The traffic light is red signifying to stop.  A store sits on the corner and buildings line up the street.  Cars and buses are driving to the left of the store.,0.0038747060840859213,0.2622950776780436,0.8545739650726318,0.09448818897637795
875,A red and white double decker bus is parked on the side of a street. There is a large white building behind the bus.,The bus is a pastel yellow with a green stripe under the window on the side and over the wheel wells. The front of the bus is unique. The driver side is sunken into the bus while the passenger sides is of normal length. There is small black display with white letter at the top of the front of the bus that says SPECIAL. Next the bus there is a red truck with red grill on the bumper. On the opposite side of the bus there is small vehicle that looks like a toy tractor. it is yellow and gray.,0.00319270431221438,0.27027026645361585,0.8599691987037659,0.11515827922077922
876,A little boy is standing on a grassy field. He is wearing a blue shirt and blue shorts. The boy has short dark hair and is holding a red frisbee in his hand. There are trees behind the boy.,This picture is taken outside at nighttime. A boy can be seen in this photo. He is wearing a short sleeve shirt and pants. A green frisbee is soaring in the air towards the boy. The ground has brown dirt on it. There are gray stones scattered throughout different parts of the ground. Part of a tree trunk is leaning near the boy.,0.057445218459784265,0.3950617236701722,0.8988048434257507,0.24351393472680605
877,This photo is taken outside on a sunny day. A large tree is standing in front of a building. There is a large window on the building behind the tree. Large windows can be seen in the window. Tall leafless trees can also be,"A painting has a cat walking on a brick sidewalk in front of an apartment building that looks french. There is a brown dark shiny wood door to the left of the cat, and tall bushes, and plants growing on the sides. There is a bike next to the plants, and in between the two apartment doors. There is a black metal pole on a fence in between two cement pole.",0.027471095669976825,0.2631578899584488,0.8669536113739014,0.1672950219619327
878,A white plate is sitting on a table. There is a white bowl on the table next to the plate.,"On a wooden board there are pieces of brown bread. On the corner of the board there is a bowl color white with yellow sauce. Somebody is holding a fork with the index finger that push on one bread. The fork is metal color silver. Back the board, there is a black phone on a white table next to a glass.",0.011339517258289697,0.26923076548076924,0.8797827363014221,0.20578179920913886
879,A group of people are standing outside on a sunny day. They are all holding umbrellas over their heads. There is a man in a blue shirt standing in front of them.,"This is a photo of a group of people watching a fire. The photo conveys a sense of urgency, hopefully this is not a house burning down. In the distance you can see a painting that looks as though it may be a religous building. The people are all holding umbrellas to protect them from the rain, which is ironic.",0.05449224898665782,0.24999999538580253,0.8771282434463501,0.2207167832167832
880,A man in a black wet suit is standing on a beach. He is holding a white surfboard in his hand. There is water behind the man.,"A woman is on a surfboard holding a row. The surfboard is long and color white and black. The is bend forward holding a black row. The right hand is on the top of the tow, and the left hand is on the middle of the row. The woman has long hair black on the back. The reflection of the woman can be seen in the water.",0.007182754113391762,0.40740740265432096,0.8862075805664062,0.141305114638448
881,A woman is standing on a tennis court playing tennis. She is wearing a short sleeve white shirt and white shorts. A green tennis ball is soaring in the air towards her. There is a green fence behind the woman.,"A man is standing on a tennis court on a sunny day. He is wearing a yellow shirt, black shorts and a hat. The man is holding a racket in his hands. A tennis ball is soaring in the air in front of him. The court is green with white painted lines on it. Part of a building can be seen behind the court.",0.1784174599374966,0.47887323465978976,0.9325674772262573,0.2942250057634673
882,A man is walking on a sidewalk. He is wearing a black jacket and black pants. There is a red and white sign on the sidewalk behind him.,This is an image of a person. The person is crossing the road. The person is carrying some vegetables over her back. The vegetables are bright green. The vegetables are carried on a wooden bar with wires attached to a basket. The pole on her back is dark brown. The crosswalk is light gray with white stripes.,0.0075393900630418694,0.17543859193598044,0.8646575808525085,0.10166358595194083
883,This is a picture of a cat. The cat is black and white. There are flowers in the background of the picture.  The flowers are green and yellow.,"There is a very large light brown stuffed teddy bear sitting in the corner of a room and on a bed. There's a big brown bow wrapped around the teddy bear, and it matches the bears big, brown nose. The teddy bear has small black eyes, and long and fat arms that hang to his side and legs that are in front of him. The bed sheet the bear is sitting on is green, and there's a nearby pillow with a yellow pillowcase that has white polkadots. The walls are painted blue with a painted treed on the right side of the corner and it has 3 large branches with 13 green leaves and 2 red flowers scattered on it. To the left corner of the wall is a green lamp that has 2 white clouds on it and it hangs above and to the left of the sitting teddy bear. At the lower half of the wall there is white bead boarding and a white chair rail.",0.0002376140958677599,0.24999999713757398,0.8505384922027588,0.0709249199553909
884,This is an image of a person. The person is wearing a black jacket and blue pants. There is a blue bag on the ground in front of them.,"A little girl stand on front a gigantic suitcase. The little girl wears a white top with blue jeans, and she is smiling. The gigantic suitcase has several stickers. A red sticker on the suitcase has yellow stars. On the suitcase, there are three oval stickers color white and blue letters. The brown suitcase is outdoors.",0.009824020194376754,0.2666666620222223,0.8740798830986023,0.1575123482788988
885,A bed is in the corner of the room. The bed has a white blanket on it. There is a mirror on the wall behind the bed.,This is a picture of a bedroom. A large bed is sitting against a painted white wall. There are two large white blankets and four white pillows on the bed. Two slim lamps sit on nightstands that are standing near the bed. Part of a picture frame can be seen hanging over the bed. A long green curtain is hanging on the floor in the room.,0.009438861131323834,0.3809523767397329,0.90119868516922,0.19210475387148956
886,This is a picture of a cake. The cake has white frosting on top of it. There are white candles on the table.,"A table with a white lace table cloth is sitting in a room with a white wall. There is a blue glazed vase with etched flowers on it with a flower with green leaves on it sitting on the table. There is a clear glass bowl on a black metal base to the left of the vase, and there is a bear statue on the right of the vase and a clear glass cup. There is another flower on the ground near the table.",0.00452273537455244,0.2950819630529428,0.866044819355011,0.10777160671714126
887,This is an image of a bus stop. The bus is white with a red stripe down the side of it. There is a man standing in front of the bus. He is wearing a black shirt and blue jeans.,This is a picture of a street. The street looks to be at a bus station. There are many large buses parked. The buses are public transportation. The buses are painted white. There is black text on the bus. There are people walking by the station. There is a large walkway above the station. The walkway is metal with blue windows.,0.028245165908834455,0.36923076428875745,0.9042600393295288,0.2157894736842105
888,A baseball player is standing on a baseball field. He is wearing a blue and white uniform with white writing on the side of the uniform. The player has a black helmet on his head. There is a fence behind the player.,A boy in a white baseball uniform and a blue helmet is has swung a baseball bat and is holding the bat behind him. There is a player in the sane uniform on the left leaning down and walking towards the home base. In the distance there is a fence covered with a blue tarp. There are people standing on the other side of the fence on the left watching the game.,0.0362761738158328,0.4722222174691358,0.8824858069419861,0.300856595635585
889,There is a train on the tracks. The train is red and white. There are trees behind the train.,A trailer with gray siding on it and  two windows is sitting on the gravel in between two train tracks. There is a white and blue train on the tracks on the right side of the screen near the trailer. There are traffic lights on the gravel in between the tracks for the trains. There are metal support columns in between the tracks and over the tracks. There is an apartment building in the distance and cars parked near the tracks.,0.004354726957311045,0.3214285676785715,0.8913761973381042,0.1122380770490014
890,A man is jumping in the air on a skateboard. He is wearing a black shirt and black pants. There are trees behind the man.,A boy is skating on a skating ramp. He has a skate board under his feet but his body is parallel to the ground. His knees are bent and his arms are in the air. His has brownish-red curly hair. He is wearing gray shorts and a black shirt. The skate board is green. The skating ramp is gray. There are trees surrounding the skating ramp.,0.01797809257651607,0.49180327428110737,0.9102927446365356,0.17190024232633275
891,A man in a blue shirt and black pants is standing in front of a door. He is holding a white game controller in his hand. There are people standing behind him.,"Two boys and two girls are standing in a line bending down. They are opening bananas that are in their hands. One of the boys is wearing a baseball cap, a short sleeve shirt and blue jean shorts. Part of a black door can be seen behind them. A white painted wall is above the door. Cords and other objects are on the ground in front of the children.",0.019214743244716535,0.337662333189408,0.8940121531486511,0.19464012251148544
892,The kitchen is very clean. The stove is white. There is a window on the wall behind the stove.,Two skillets and a pot is sitting on top of a stove in this kitchen. The burner under the pot is on. The door of a dishwasher is down with a rack sitting on top of it. The cabinets in the kitchen are white with green counter tops. There are numerous items sitting on top of the counter tops. The floor of the kitchen is hardwood.,0.002840136128418599,0.3673469346938775,0.8862088918685913,0.09787928221859707
893,A large white and blue airplane is parked on the ground. There is a red and white flag on a pole in front of the airplane.,The airplanes are at the runway and airport. The planes are blue and white. The tail of the planes are white with blue logo on them. The sky is blue with white and gray clouds on them. There are two cones on the ground. The cones are stripe of orange and white. The grass is green. The ground is paved.,0.016998490031475254,0.32653060749687635,0.888433575630188,0.13250883392226148
894,This is a picture of a building. The building has a clock on the front of it. There are trees behind the clock. Some of the trees are green and some are brown.,A building has a large arch above the doorway. There are windows under the arch and above the doors. The doors themselves are gray and have panels in them. There are two doors. In front of the doors is a bench that has wooden slats. There are gray pipes on each side of the doorway. The building and doorway are made of red brick.,0.02371114843860171,0.3999999953555556,0.8793196082115173,0.16420361247947451
895,This is an image of a cat. The cat is black and white. There is a sink in front of the cat that is white and made of glass.,"A cute grey white tan and brown kitten is laying sideways in a white ceramic bathroom sink. He looks very happy. The faucet above him is silver and shiny. On the sides next to the faucet are two small jars, a tube of toothpaste and a wooden square brush with black plastic bristles. The floor of the bathroom is dingy and white. There is a soap dish filled with a dark brown soap.",0.03793059889491411,0.2816901369252133,0.8631013631820679,0.15186894863765613
896,A man is sitting at a table. He is wearing a white shirt and a black tie. There is a silver laptop on the table behind him.,"A man is standing in a room of a building. He is wearing a suit and tie, and holding an electronic device in his hand. The carpet in the room is red. A long picture frame is hanging on a wall at the back of the room. A sofa, chair, plant and a table can be seen near the picture frame. A small green lamp sits on top of the table.",0.032178745598681294,0.33333332899449036,0.9021109342575073,0.18311247535624264
897,A woman is sitting on a bed in a room. She is wearing a black jacket and black pants. There is a blue blanket on the bed.,This is an image of a plane. The people are sitting in cushioned chairs. The chairs are blue and gray. The man has long black hair. The hair is parted down the middle. The man is Asian. The man has a black suit jacket on. The man has a light blue dress shirt on. The man has black pants on. The man has black shoes on.,0.005663640343129315,0.4074074028463649,0.878257691860199,0.11272141706924316
898,A cake is sitting on top of a white plate. The cake has white frosting on it. There is a blue candle on the table behind the cake.,Five lit candles are decorating a square cake. There is a pink candle in each corner and a white one in the center of the cake. The frosting is white. Some chocolate crumbs are visible along the bottom edges of the cake and on the plate. The cake is on a round blue plate. It is on a wood-looking table.,0.02864785803121975,0.42105262702369967,0.9038668274879456,0.1936619718309859
899,This is a picture of a train on the tracks. The train is blue and white. There are wires hanging from the top of the train.,A fire hydrant is standing on the sidewalk. The hydrant has an orange base and red top. The hydrant is casting a shadow onto the sidewalk. The sidewalk is made of concrete squares. There is a manhole next to the hydrant that is dark gray and metal. On the road there is a white carriage with large wheels.,0.008352633321684474,0.33898304648089633,0.8805971145629883,0.1186131386861314
900,There is a clock on the top of the building. The clock is black and white. There are trees behind the clock.,"In a dark sepia color photograph the top half of a large, very tall clock tower is shown. The tower appears to be at least a few centuries old and could be the Big Ben clock tower in London. The time shown on the clock is eight o'clock, and  the clock face is on two sides of the tower. The tower tapers off high into the sky. Above the clock face are poles and a gable decorated, and in a deep ivory color.",0.0026409517049396395,0.2686567127823569,0.8700610995292664,0.09752925877763327
901,There is a red and white bus on the street. There are people standing on a sidewalk next to the bus.,A bus is in the street that is red and yellow. The bus has the words LOVE written on it in red letters. There are street lights that are visible. The cars are black beneath the bus. There is also a double decker bus to the left of the bus that is red. There are windows on both buses. There is a red building with letters on it in white.,0.018961914476783037,0.44444444027434843,0.8902768492698669,0.11520737327188939
902,A group of people are standing on skis in the snow. They are all wearing hats on their heads. There is a person wearing a red jacket and black pants.,"A group of seven people dressed in ski clothes are standing together with their arms draped around each other. They are on top of a snow covered mountain, and another mountain with snow on it can be seen in the background. All but one of the group is wearing ski shoes, and five are holding their ski poles. Part of a building with a white roof is in the background, as well as part of the poles and cables of a ski lift. Three of the group are wearing red jackets, one is wearing a green jacket, one  is wearing a blue jacket, and two are wearing black jackets.",0.004752698215703646,0.3595505576619114,0.8830924034118652,0.11374876360039565
903,A man is riding a bike down the street. He is wearing a black jacket and black pants. There is a red and white sign on the front of the bike.,A bike is sitting on a stone paved walkway. The bike has an orange wooden crate sitting on the front of it. A small pile of snow is in front of the bike on the walkway. A snow covered road can be seen below the walkway. Part of a vehicle is sitting near the walkway. There are tall buildings standing on the other side of the road. Vehicles are parked in front of the buildings.,0.029539259336405766,0.2857142811690603,0.8776821494102478,0.15808639736514501
904,This is an image of a zoo. The zoo has a lot of animals in it. There is a giraffe in the middle of the photo. It is brown and white.,There are three umbrellas. The umbrellas are blue. The gate is purple. The umbrellas have points on them. There is a shadow on the gate. There is a white umbrella also. There is a grey umbrella. The ceiling is black. There is a shadow on the blue umbrella. There are objects on the floor that are made of wood.,0.016742871423796213,0.2799999950720001,0.86365807056427,0.09786476868327403
905,A man is standing on a beach. He is wearing a black shirt and blue shorts. There is a white surfboard behind him.,"On a beach with grey sand several people are walking about, and some are standing in the waves by the shore. One man is getting ready to throw a white Frisbee. He is wearing grey long swim trunks. Behind him a woman sits in a beach chair set low to the sand. The water is mild, with only a few small waves rolling into the shore. The day is sunny and the sky is a medium blue.",0.006966905933200296,0.24999999611496912,0.8876494765281677,0.13139948498603352
906,"A man is skateboarding outside on a sunny day. He is wearing a black jacket, black pants, and black shoes. The skateboard is black and the wheels are black. There are trees behind the man.","A young boy, dressed in knee-high shorts and a red-striped white short-sleeved shirt, zooms around the skateboard apparatus.  He is smart, as he has on both a helmet and white knee protectors.  He wears gloves, to protect his hands, and simple shoes.  He seems to be alone, though in the distance he can see an open concrete lot and beyond that a parking lot and some cars.",0.007045687080943752,0.2077922035014337,0.8633275032043457,0.1175548589341693
907,A black and white cow standing in a field. There is a white fence behind the cow.,"A horse and cattle eat from the same hay bale.  The animals have torn the bale apart exposing the yellow fibers, which they eat in small amounts at one time.  The horse is rust colored.  The cattle are black with a couple rust colored as well.  Some of the cattle have small flecks of snow and dirt on their backs.  Snow covers the ground in the background.  A fence stretches across the snow covered ground.",0.0006380649103327002,0.24242423908172642,0.8657403588294983,0.06502890173410403
908,A brown and white cow standing in a field. There is a fence behind the cow.,An animal is laying down. The animal is brown. There are trees on the mountains that are green. The trees are tall. The mountains are tall with grass on them. The animal has horns on its head. The clouds in the sky are white. There are clouds near the mountains. The animal has a large bone in his back.,0.001251714904567036,0.29787233624264375,0.8672398328781128,0.04570383912248629
909,There is a zebra in the water. The water is blue and has small waves in it. There is grass on the ground in front of him.,There is a bamboo fence next to a concrete are brick tan wall. There are plant growing out of the fence. The ground is made of compacted dirt. There is black and white zebra munching on leaves of the plants that are on the fence. Directly behind the zebra there is small pond. there is small amount of water in the pond and there is greenery growing in the pond. The zebras reflection can be seen in the pond.,0.010043609261871126,0.36923076497041424,0.8827629089355469,0.1480005104760189
910,A baseball player is standing on a baseball field. He is wearing a blue and white uniform with white writing on the side of the uniform. The player has a black helmet on his head.,"This photo is taken on a baseball field. The field has a white marking painted on it.  A baseball player is swinging a bat towards a white ball that is soaring towards him. He is wearing a black helmet and a black, yellow and white uniform.  People can be seen sitting in the stands behind the player.",0.14331962045535293,0.5230769183431954,0.9037588834762573,0.321007299270073
911,This is a picture of a building. The building has a clock on the front of it. There are people standing in the street. Some of the people are holding umbrellas.,The clouds in the sky are white. The sky is blue. The building is brown. Part of the building is really tall. There are windows on the brown building. There is a tall light pole in the image. There are vans parked that are white near the building. There is a clock on the building. The windows are clear on the building.,0.051409561030981134,0.43999999507200005,0.8819187879562378,0.15973180178268248
912,"This is an image of a bus stop. The bus is white and blue. There is a sign on the side of the bus that says ""End of Line"". The sign is red and white.","The street runs directly beneath the red-and-yellow arch with the ""towne center"" sign at its apex.  A shopping center is far in the distance behind the sign, and between the sign and the buildings is a vast, mostly empty parking lot.  More cars are visible toward the buildings, whereas there are very few in the proximity of the arch/sign.  Just before the red arch is a street sign that says ""end of city street"".  A sidewalk follows the road on its right, and just a few plants hint at a larger bit of decoration that's mostly unseen.  The road is appropriately painted with direction paint - yellow lane lines and brake-here marks on the road that goes off to the left from the arch.",0.0022486314275803926,0.19230768897189354,0.8460552096366882,0.12377664527763317
913,This is an image of a computer. The computer is sitting on a desk. There is a black keyboard and mouse on top of the keyboard.,This is an image of a table. The table has many items on top. The items are strewn throughout the table. The table is covered in a white cloth. There is a tiny pair of scissors on the table. The scissors are metal and silver. The equipment looks to be medical equipment. There is a shoulder bag that is black on the table.,0.06491841194512098,0.472727268323967,0.8990573287010193,0.20565414601561144
914,A man and a woman are sitting at a table in a room. The man is wearing a short sleeve shirt and blue jeans. He is holding a white game controller in his hand. There is a large window behind the man.,"Three people are sitting in a room. A man wearing a green t-shirt is looking to his right. He is wearing glasses. On the dresser behind him is a flower arrangement. To the right of that is a guitar case leaning against the wall.  A woman with long brown hair, a pink shirt and blue jeans is sitting next to the man. She is holding a toy wheel, perhaps from a video game, in her hands. The man sitting next to her on her left is holding a finger to his ear. A photo collage is on the wall.",0.021121401474918186,0.38709676974910395,0.8956878781318665,0.23922829581993568
915,There is a white plate on the table. There is food on top of the plate.,A man with black hair is wearing a white shirt and a red tie is eating a waffle with his hand and reading the weekday funny paper of a newspaper. The man is sitting on a wooden chair that has checkered wooden slats on the back. There is a round white and blue plate on the white tablecloth on the table. Their is a window at the end of the table showing a deck outside.,0.0038798825207003837,0.31034482451248513,0.8716204762458801,0.12341212413571313
916,A laptop is sitting on a desk. There is a white keyboard on the desk in front of the laptop.,A black cat is on the brown desk. The cat is on the border of the desk. A glass with black drink is on back the cat. Behind the cat there is a  laptop open with a blue screen. on the screen of the laptop there is icons color white on the right. Next to the wall there is a black box and a tan horizontal box.,0.004081293838193484,0.34042552773200546,0.8852463364601135,0.15396206636747795
917,Two zebras are standing in a field. There is a fence behind them.,Some of the trees in the distance are have green leaves while most of the them do not have leaves and are brown. There is fence in the distance as well. The grass in the photo is brown and is low. There are two large black and white zebras standing in the brown grass field. The zebra closest tot the camera is grazing on the brown grass.,0.0008677771524773318,0.3529411728719723,0.8816218376159668,0.09479717813051147
918,"A man is standing on a grassy field. He is wearing a short sleeve shirt, shorts, and a pair of socks. The grass is short and green. There is a blue and white kite in the sky above the man.","There is a large man wearing a gray tee shirt and khaki colored shorts standing barefoot on grass and holding a kite handle. The kite is blue and white and is off the ground about a foot and a half. There is a lamppost along side a path behind the man, and lush trees growing behind that. In the distance, there is a building behind the trees and two cars parked along side the street in front of the building.",0.022372182428403026,0.4050632864925493,0.8955304622650146,0.2142534835029962
919,This is a picture of a lake. The lake is surrounded by green grass. There is water in front of the lake and the grass is green and healthy.,Cattle are wading in a body of water. The cows are brown and white. One solid brown cow has large horns. There is a white cow on the bank drinking water alone. There is a small patch of land in the water near the cows that is covered in tall green grass. The water is calm except for a few ripples. There are trees past the cows with only a few brown leaves.,0.006745120302527088,0.34920634512471654,0.8740280866622925,0.13119533527696794
920,A red and white bus is on the street. There is a white building behind the bus.,Busses are parked on a grassy field. The bus in the foreground is a red double-decker with the number 229 on it. The back door is open but a white strip of material is across the opening blocking the entrance. To the right is white and red bus that has the name Chalkwell advertised on the back. Next to that is a mostly yellow double-decker.,0.002911978688603719,0.24999999643494905,0.8794469833374023,0.12256598375784424
921,A white plate is sitting on a table. There is a silver fork on the table next to the plate.,"A small, round, white plate is sitting on a light wood surface. Brown crumbs left over from a meal are scattered on the plate, and one chopstick sits on the edge of the plate. A black plastic fork is next to the chopstick, as well as some small torn pieces of paper. A used tea bag sits next to the fork.",0.04752624408338812,0.3448275825445898,0.9084582924842834,0.23550774384885767
922,A baseball player is standing on a baseball field. He is wearing a blue and white uniform with a black helmet. There is a catcher kneeling on the ground behind him.,"This is a photo of three young boys wearing cubs uniforms, how unfortunate. They are ready to play a baseball game, as two of the boys are wearing baseball mitts and one of the boys is even wearing war paint. The boy in front looks very happy, which is to be expected when playing team sports. Go team.",0.009494919132346912,0.14705881896193787,0.8563908338546753,0.09041591320072333
923,This is an image of a man and a dog. The man is holding a camera in his right hand. He is wearing a short sleeve shirt and pants. There is a large tree behind the man.,"There is a woman, in a brown jacket, with a fur collar on it. The woman has black hair with silver streaks in it. There is a big brown bear, in a cage. The woman is kissing the bear on his nose. The bear has fluffy brown hair and a black nose. The bear and the woman are in a building and there is snow on the ground outside. There are trees in the background.",0.014937067452715728,0.24999999512207038,0.8748626112937927,0.13342696629213485
924,A brown and white cow standing in a field. There is a fence behind the cow. The cow is standing on the grass.,This is a picture of a stream. The stream is murky green and brown dirty water. There are animals walking in the stream. The animals are cows. The cows are large. The cows are black. The cow in the front has long horns. The horns are sharp. The horns are gray. There are bright green lush and leafy plants along the side of the stream.,0.005249807390512717,0.3461538417529586,0.8788965344429016,0.11513157894736843
925,There is a large white airplane in the sky. There are people standing on the ground next to the airplane.,"This is a black and white photograph of a very old biplane taking off from a flat field. There is some sort of crop growing in the field, but it is indiscernable. The plane itself says ""America"" on its side. There is a star emblem on its tail as well as underneath the visible wing. The plane is only about 20 feet off the ground.",0.007511756018521604,0.24999999625000005,0.8727577924728394,0.08264462809917356
926,There is a train on the tracks. The train is red and white. There are wires above the train.,There are three trains in the image. The buildings are short and some are tall. The clouds in the sky are white. There are tall poles near the train. The trains are on the train tracks. The train is red and white. There are windows on the trains. There is a bridge above the trains. There is a fence along the bridge.,0.06131807832069601,0.6046511583991347,0.9201430082321167,0.23856901384342166
927,A herd of sheep are grazing in a field. There is a fence surrounding the sheep. The sheep have horns on their heads.,"A flock of white sheep are grazing on both green and brown grass, in a pasture. A rooster is behind the flock, standing in a narrow dirt road. Some of the sheep are also in the road. The dirt road curves around and then straightens out to the left, going all the through to into the background. A few sheep are lying on the green grass, next to a wire mesh fence, and a planted field of green vegetables are behind the grazing sheep.",0.004700433093950728,0.3478260828397396,0.8830165266990662,0.08985879332477534
928,A man in a black wet suit is standing on a beach. The man is holding a white surfboard in his hand. There is water behind the man.,"Two people stand on the sand holding a big C-kite. The C-kite is color red, orange and green. The men wears black clothes. Shadows are cast on the ground. There are foot prints are on the sand. On front the men there is a body of water. Next to the body there are three people. Behind the body of water there are small hills.",0.00601327082046859,0.2950819626981994,0.8815423250198364,0.13058897292213642
