Index,Hypothesis,Reference,Sentence BLEU,ROUGE-L F1,BERTScore F1,METEOR
1,The image is of a train on the tracks. The train is red and white. There is a large white building behind the train.,A large building with bars on the windows in front of it. There is people walking in front of the building. There is a street in front of the building with many cars on it.,0.03703253251462529,0.4444444395061729,0.8867222666740417,0.25155686660111437
2,This is an image of a clock. The clock is black and has a white face. There is a silver face on the top of the clock and a black face in the middle of it.,A person is skiing through the snow. There is loose snow all around them from him jumping. The person is wearing a yellow snow suit. The person is holding two ski poles in their hands.,0.01542345413162388,0.24999999507812506,0.860501766204834,0.14245014245014243
3,There is a wooden table in the middle of a room. There are a lot of books on top of the table. The table is made of wood and has a white table cloth on it.,There is a bed in a room against a wall. There is a brown blanket on top of the bed. There is a small brown book shelf next to the bed. There is a picture hanging on the wall above the shelf.,0.09507632036752922,0.3999999950024692,0.9162017703056335,0.26958694816374973
4,A man is sitting on a bench. The bench is made of wood. There is a black and white picture hanging on the wall.,A black and red train is on the tracks and has steam coming out off of it. There is another train next to the first train that is orange. There is an overpass over the train tracks with cars on it.,0.0166095537210989,0.34042552709823454,0.8740781545639038,0.2169918009612666
5,A man is sitting on a bench. The bench is made of wood. There is a black and white picture hanging on the wall behind the man.,"A white and yellow public transportation bus with ""122"" on front is stopped with it's doors open. There is a gray car on the street beside the bus. Behind the car there is a  building with an ""Urban Outfitters"" on the first floor.",0.03049891349496528,0.2745097991541715,0.868109941482544,0.2570199275362318
6,There are two horses in the field. One of the horses is black and the other one is white. There is a fence behind the horse.,A large white house with a brown door sits behind some grass. There are four sheep grazing on the grass in front of the house. The house ahs a gray roof.,0.021320565395732852,0.35555555067654326,0.8870086669921875,0.14754098360655737
7,A woman is sitting at a table. She is wearing a white t-shirt and blue jeans. There is a silver laptop on top of the woman's head.,A man in a red and yellow t-shirt is holding a Wii remote in each of his hands. Behind him there is a fireplace which has been painted white. In front of him a light which is on and illuminating the room.,0.013255573089995072,0.2909090860429753,0.8918879628181458,0.16049382716049382
8,A man is standing on a wooden bench. The bench is made of wood. There is a black and white picture hanging on the wall behind the man.,There are three men riding bicycles. Two of the men are wearing yellow and the third man has a blue shirt. The two men are way ahead of the third man. The men are bicycling in the bicycle lane. The cars are on the left side of the men.,0.01003275831820316,0.31372548535178785,0.8731988072395325,0.13550106609808102
9,A man is sitting on a bench. The bench is made of wood. There is a silver chain link fence behind the man.,TWO CELL PHONES ON THE TABLE.THEY BOTH ARE DARK IN COLOR A ND ARE BLACBERRYS.THERE ARE THREE CUTTING KNIVES.ONE KNIFE IS BETWEEN THE TWO PHONES.THERE IS A THIRD PHONE WITH A KNIFE LYING OVER IT.,0.004915431212166986,0.04255318676324181,0.8266140222549438,0.11834319526627217
10,A man is standing on a wooden bench. The bench is made of wood. There is a silver chain link fence behind the man.,"A painted mannequin head sits on a table. It is a feminine head with arched eyebrows a small nose, big eyes and it is wearing a black top hat and a brown wig. To the right of the head is a metal sculpture clock with a white face.",0.010662974756266723,0.14814814358710576,0.865774393081665,0.10964912280701757
11,A red and white train is on the tracks. There is a yellow and green sign on top of the train. The train has a red stripe down the side of it.,A white and yellow train is on the tracks. There is a large yellow door on the front of the train. There is a platform next to the train.,0.284700371290386,0.5499999950500001,0.9455807209014893,0.4548419729042383
12,A man is sitting on a bench. The bench is made of wood. There is a silver chain link fence behind the man.,A man is sitting on the back of an elephant. They are walking through a very high swamp area. They are being seen from in between the perspective of two logs of a tree.,0.11067701292855962,0.3478260821928167,0.8839994072914124,0.24278429500866638
13,This is an image of a toilet. The toilet is white. There is a black handle on the side of the toilet that has a white handle. On the other side there is another handle with a red handle and white handles.,There is a black place mat on top of a wood table. There is a white plate on the mat with food on it. There is a fork on the mat next to the plate. There is an orange towel next to the plate.,0.0938382736027302,0.3749999950086806,0.8783037662506104,0.3019031052299154
14,A black and white dog is standing on the ground. The dog has a black collar around its neck. There is a white fence behind the dog.,A goat has its head turned back and it's looking at something. The goat is white but has a black nose and mouth and black ears. The horns of the goat are pointed upwards and has black tops. The goat is standing in green grass.,0.02832137969800949,0.38461537988165684,0.8935771584510803,0.16203703703703703
15,A black and white bird is standing on top of a wooden bench. The bench is made of wood. There is a white wall behind the bird.,A woman is walking her dog. She is on a skateboard while she is holding the leash of her dog. She is wearing a gray hoodie and some black shorts.,0.011375516853949452,0.27906976246619797,0.8711384534835815,0.24843340815563042
16,A white toilet is sitting on top of a white wall. There is a black door on the wall behind the toilet.,There are some portable bathrooms sitting near a railroad track. There are some trains sitting on the track. The portable bathrooms are blue with a white roof and the trains are yellow.,0.02170400269605961,0.3428571379591837,0.8956747055053711,0.14516129032258063
17,This is an image of a bathroom. The bathroom is white. There is a mirror on the wall above the toilet. It is made of glass. On top of the mirror there are two white towels on a white towel rack. Next to the,A very white bathroom has a very white sink and toilet. The shower curtain that hangs from the ceiling is also white. There is one wall that is all mirrored. The door is made of glass and the faucet is silver. The floor is made of black tile.,0.041866893404699144,0.3870967692143601,0.8792638778686523,0.25062405914746855
18,A wooden bench is sitting on top of a bench. There is a black and white picture hanging on the wall. The bench has a white handle.,A man is in a black wetsuit. The man is riding a white surfboard. There is a large wave in the water the man is surfing on.,0.05685138881733377,0.42105262659279785,0.8828667402267456,0.2222222222222222
19,A man is sitting on a bench. The bench is made of wood. There is a black and white picture hanging on the wall.,A pizza is on a brown wooden tray. The tray is placed on the stove top. The pizza has melted cheese and spinach on top of it. The stove is white with black burners.,0.020947974643862107,0.4186046462303949,0.8792901635169983,0.19696969696969693
20,A wooden bench is sitting on the ground. There is a black and white picture hanging from the wall above the bench. The picture is of a man in a blue shirt and blue pants.,a flood is occuring. there is a lot of water on the road. the hydrant on the sidewalk is red. the garage doors are red in color . there are some pieces of grass growing.,0.020455163269401243,0.2499999950086806,0.8649985194206238,0.18571428571428572
21,A black and white cat is sitting on top of a wooden bench. The bench is made of wood. There is a white wall behind the cat.,there are four airplanes in the sky. There is a small hill under them. There is a field of grass under the airplanes. There are smoke trails coming out from behind the airplanes.,0.03912198073960774,0.27906976246619797,0.8826581835746765,0.21242950769699737
22,A black and white cat is sitting on top of a wooden bench. The bench is made of wood. There is a silver chain link fence behind the cat.,There is a large white airplane that is in the sky. There is a silver fence under the airplane. There are light poles on both sides of a fence under the plane.,0.10272295581037282,0.4090909041012397,0.8996233940124512,0.22082018927444794
23,A man is standing on top of a skateboard. He is wearing a blue shirt and blue shorts. There is a white fence behind the man.,"A young lady is having a very fun time by herself. This young lady has on very short jean shorts, a turquoise top and some shades on. She is surfing a fake wave on a plastic board and having so much fun.",0.006801259977960342,0.23999999520000007,0.8892253637313843,0.11138613861386139
24,A man is standing on top of a skateboard. He is wearing a blue shirt and blue shorts. There is a white fence behind the man.,A man is jumping in the air. The man is holding a green frisbee in his hand. There are trees behind the man.,0.06692987524817784,0.3684210476454294,0.9177517294883728,0.2953955386001165
25,A man is standing on a tennis court. He is wearing a white shirt and blue shorts. There is a black and white net in front of him.,A tennis player has just forehand swung to hit a ball. The player has on a light blue shirt and headband. He has on brown nike shorts and white shoes.,0.026653157307085895,0.30434782109640834,0.8945114612579346,0.29813078928393133
26,A wooden bench is sitting on the ground. There is a black and white picture hanging from the bench. The picture is on a white wall.,"There is a vase on a table.  The vase has a white enamel base and three flower holders.  In the vase is an assortment of artificial fall colored leaves and berries.  The colors depicted are different shades of orange.  The table appears to be in the backyard of a house.  Behind the vase is a picket fence, a sidewalk, some monkey grass, and some pink flowers.  On the other side of the fence the eaves of the neighboring house are seen.",0.0072928509091364805,0.22535210889109306,0.8571074604988098,0.09933774834437085
27,A black and white bird is standing on top of a white and blue bench. The bench is made of wood. There is a black pole next to the bird.,A person is standing on the beach. They are flying a large yellow and red kite. There are small waves in the water. The person is wearing a black wet suit.,0.04678308753048598,0.4255319099502037,0.892696738243103,0.2759798633585041
28,There is a white bowl on the table. There are bananas on top of the bowl. The bananas are yellow and green.,A white plate of food. There is rice under a pile of broccoli. There are onions cut up on top of the broccoli.,0.14762263352475288,0.514285709322449,0.9112216830253601,0.3617903930131005
29,A black and white cat is sitting on top of a wooden bench. The bench is made of wood. There is a silver chain link fence behind the cat.,"A stop sign is on a piece of wood and attached to a round sign that is white, with a red border around the outside. Below the stop sign there are two signs in Russian. The signs are attached to a rusty metal fence.",0.006861066644092415,0.32727272240661165,0.8833799362182617,0.12941176470588234
30,A man in a blue shirt and black pants is holding a white frisbee in his hand. The man is wearing a black and white striped shirt. There are trees behind the man.,a man is playing tennis. he is wearing  a sweatband in his hair. his hair is brown in color. his hair is very long. his uniform is white. he is also wearing white shorts.,0.04358307236054817,0.33333332837868485,0.8726067543029785,0.14749262536873153
31,There is a black and white bird in the water. The water is calm and clear. There are small rocks on the ground in front of the bird.,Four sailboats with masts but no sails are lined up along the shore of a lake.  A hill rises beyond them in the sun.  Part of the hill is bare rock and dirt and part has low green bushes.  The sky is very blue beyond the hill.,0.013412020092926377,0.27586206444708683,0.867932140827179,0.1662971175166297
32,A black and white striped cat is sitting on top of a wooden bench. The bench is made of wood. There is a white fence behind the cat.,"A man is standing outside flying a black and white kite. He is wearing a white hat on his head, a suit coat, and dark colored pants. A shadow of the man can be seen beside him on the ground. The sky is clear and blue. Tall trees are seen below the sky.",0.02214066211544596,0.3333333287833333,0.8825680017471313,0.15841584158415842
33,A large brown and white bird is standing on top of a large rock wall. The bird has a long black beak and is looking down at the ground. There is a small brown building behind the bird.,Five off white sheep are standing on a rocky grassy hill. The stones are medium sized and are grey and white. Beyond the sheep is a bright blue body of water and a set of beautiful grass covered mountains and a blue sky.,0.01681976149543397,0.2711864356908935,0.8813914060592651,0.22136948529411762
34,A man is standing in front of a wooden bench. The bench is made of wood. There is a silver chain link fence behind the man.,A large white truck sits in a parking space in a small parking lot. The trailer of the truck has a cover on it. On the other side of the parking lot are a few more cars. The other cars are parked next to a building that looks to be made of brick. There are a few bare plants in the front of the building.,0.0062438266744592455,0.3050847412812411,0.8783963322639465,0.09819967266775778
35,There is a wooden bench sitting on the ground. The bench is made of wood. There are two windows in the back of the bench. One window is white and the other is black.,there is a big yellow sign. the sign is a warning sign. the sign is shaped like a diamond. there is a light above the sign.,0.016373682488441264,0.16216215760409072,0.8900667428970337,0.23712686567164182
36,A little girl is sitting on a bench. The bench is made of wood. She is wearing a white shirt and blue jeans. There is a black and white dog on the bench next to her.,An image of a peeled large banana dominates the picture. Three men are walking down the street.  The man in the front is by himself while two other men are in close proximity.  Two buses are parked along the side of the street.,0.006349002547253144,0.16949152049411104,0.8678885102272034,0.08274231678486998
37,A man is sitting on a bench. The bench is made of wood. There is a white wall behind the man.,"the scene takes place outdoors in a winter snowy landscape, three persons and a child are interacting. A man is leading a child into the ski lift provider. they are standing by the entrance about to enter, a man in a green jacket seems to the entrance attendant. a building with woodside panelling is above the people. a man is standing in the foreground, wearing an orange jacket. the ground is filled with snow, the people are wearing winter clothes. there are signs above the man and child.",0.0023774146927767774,0.1492537277077301,0.867621898651123,0.06765067650676507
38,A black and white cat is sitting on a wooden bench. The bench is made of wood. There is a white wall behind the cat.,A large white cow is grazing in the grass. The cow is in a field with weeds and grass. There are trees behind the cow.,0.023956565612760213,0.4210526265789474,0.9089246988296509,0.25420000000000004
39,There is a large brown and white horse in the water. The water is calm and clear. There are small waves on the shore.,there is a big mountain. there are a lot of trees on the mountain. there are two girls walking along the trail. the trail is made of dirt. they are holding umbrellas in their hands.,0.017796438364091612,0.27906976250946464,0.8824537396430969,0.16224188790560473
40,There is a man wearing a white shirt and blue shorts. He is holding a black and white frisbee in his hand. There are trees behind the man.,"There is a large strip of grass along a road, with buildings, people, buses, trees and flags. The grass is very green and has something more overgrown like bushes that run along the road. The strip of road that is showing to the right of the picture is black. There are two large buses on the road. One bus is red with yellow words on it and the other is black. There are people in both buses, and along the grass and road. There are large trees running by the roads and buildings in the middle and back of the picture. There are two buildings showing. One building is on a street corner and is white with many stories. The other is to the left and is grey with many stories. There are two flag poles and one of them has a flag hanging on it.",0.0007993049521597102,0.22727272363894632,0.8492134213447571,0.06255892819124668
41,A woman is sitting on a bench. She is wearing a white shirt and black pants. The bench is made of wood. There is a black door behind the woman.,A menu is see hanging on the wall. The menu is over the kitchen area. There is a range top that has a couple of things on it. On the counter is some fish and chicken.,0.03650683463312653,0.3599999950720001,0.8606263399124146,0.18361581920903955
42,A man in a blue shirt and blue shorts is standing on a wooden bench. There is a black and white dog in front of him. The bench is made of wood.,An elephant relaxes in the water. A man lays on the back of the elephant. A few other men stand around the elephant and look at it. The water is a brown color. The men are all wearing swim trunks. The sun is reflecting on the water.,0.013730116724173855,0.3214285665880103,0.8777819275856018,0.1733532739449899
43,A man is standing on a tennis court. He is wearing a white shirt and blue shorts. There is a black and white net in front of him.,a boy is playing frisbee. the frisbee is white in color. the shorts are red in color. his shirt is black and red. he is wearing white shoes.,0.025867048785762063,0.34146340966091615,0.8953734636306763,0.2635168650793651
44,A wooden bench is sitting on the ground. There is a black and white picture hanging above the bench. The picture is on a white wall.,A bunch of planes are in formation in the air. One plane is way farther away from the rest. The sky is a pretty blue color and a couple of clouds are seen.,0.017097085412991063,0.2666666618666667,0.8784630298614502,0.1393188854489164
45,A man is standing on a skateboard. He is wearing a white shirt and black pants. There is a red and white sign on the side of the man.,A person with a black shirt on is jumping on a skateboard. There is a boy in a red jacket standing in front of him. There is a black fence behind the people.,0.06437781875215601,0.5116279020010818,0.924485445022583,0.3423588850913877
46,There is a wooden bench in the middle of the woods. The bench is made of wood. There are trees behind the bench.,There are many boats in the water. There are small waves in the water around the boats. There is a bird flying in the air above the water. There is a hill on the other side of the water.,0.035573190666349036,0.37837837346968595,0.9037737250328064,0.22801544860368395
47,A man is sitting on a bench. The bench is made of wood. There is a white wall behind the man.,"In this image, a downtown business district in an English speaking country is depicted. The image shows a narrow street with sidewalks on both sides, with customers walking up and down the sidewalks and going in and out of stores. The narrow street does not have any cars driving down it, but instead there is a train or streetcar running on rails. The train is white on the top and red on the bottom with a large glass windshield in front and smaller glass windows on the sides. It is coming up to an intersection. At the intersection, there is a sign that indicates only bicycles are allowed on the cross street. All the people in the picture are wearing lightweight jackets, so it must be fall or spring, as there is no snow or rain. There is a store called Dreams, and a sign advertising beds, though it is difficult to tell if they are beds for sale or rooms for rent. If I had to guess, I'd say this is an English speaking country in Europe.",3.543386707319895e-05,0.10852712960999945,0.8424333333969116,0.04313000616142945
48,There is a white bus on the street. There are people sitting on top of the bus. The bus is red and white.,"A bus is on the street. It is currently getting ready to pick some people up and drop some off. The bus is white, purple, and red on the top. The building has a lot of moss on it.",0.04323420318467053,0.4782608650283554,0.9152283072471619,0.2380273321449792
49,A man is standing in front of a wooden bench. The bench is made of wood. There is a black and white picture hanging on the wall behind the man.,A young boy is walking with a horse. The young boy has on a black sweater with a blue shirt tied around his waist. The horse is a dark brown color and looks very friendly.,0.01936089593351882,0.24489795420241578,0.8833142518997192,0.19906575637800936
50,A red and white stop sign is on a pole. There is a red light next to the sign. The sign has white writing on it.,a sign is on a pole. the pole is green in color. there is an arrow on the sign. the arrow is white in color. there is writing on the sign.,0.15368789366602006,0.4848484799632691,0.912516713142395,0.31448645031783207
51,A wooden bench is sitting on the ground. There is a black and white bird perched on top of the bench. The bird has a long black beak.,A vintage pick-up truck is parked at the sidewalk. The truck is beige with black roof. At the sidewalk is a black parking meter. The parking meter is attached to silver pole with blue painted letters on it.,0.03142632074934669,0.2916666617447917,0.883489191532135,0.14864864864864866
52,A wooden bench is sitting on top of a bench. There is a black and white picture hanging on the wall. The bench has a white handle.,A man wearing striped swim shorts is standing on sand. There is also a black and white dog standing on the sand. There is a white frisbee in the air above the sand.,0.12776405476288125,0.4285714235827665,0.89439457654953,0.3747008062484253
53,A man is standing on a wooden bench. The bench is made of wood. There is a silver chain link fence behind the man.,There are plates and bowls on top of a table. The table is wooden and there are small bowls in the middle. There is food on the plates. There are knives and forks on top of the plate.,0.013601190275179588,0.3902438974657942,0.8926975727081299,0.12295081967213113
54,This is an image of a bathroom. The bathroom is white. There is a mirror on the wall above the toilet. It is made of glass. On top of the mirror there are two white towels on a white towel rack. Next to the,A group of people have gather around the skateboarding ramp to watch other skateboarder's skate on it. There is one person in the ramp. It looks like that person fell down off of their board.,0.012892052267059946,0.233333328338889,0.8390972018241882,0.1532033426183844
55,A man is sitting on a bench. The bench is made of wood. There is a white wall behind the man.,a bunch of donuts are being displayed. the top row of donuts are all glazed types. there is a person waiting in a grey shirt.,0.0200770959032597,0.22222221728395072,0.8755492568016052,0.21627286585365854
56,A wooden bench is sitting on the ground. There is a black and white picture hanging from the bench. The picture is of a man standing on a bench wearing a white shirt and black pants.,A bag of potato chips is sitting on a couple of tan napkins on an oval plate. There are two half sandwiches on the plate with the chips. The sandwiches have black grill marks on the tops. There is a yellow mug on the table next to the plate.,0.0409173884413865,0.357142852302296,0.8716006875038147,0.1760043640097548
57,A man is standing on a skateboard. He is wearing a white shirt and black pants. There is a red and white sign on the skate board.,there is a big motorcycle in the parking lot. it looks just like a race car. it is blue and gray in  color. the seats are very big. the wheels are very spaced apart. it doesn't look like a motorcycle.,0.012475204364870813,0.17021276106835687,0.8639327883720398,0.10335917312661498
58,A black and white dog is sitting on a bench. The bench is made of wood. There is a white wall behind the dog.,A large splash is in front of a wave in the water. There is a large white and black surf board in the water. There is a black dog that is riding on top of the surf board.,0.03212223808797966,0.4999999950500001,0.8939875960350037,0.2570547301912568
59,A little boy is sitting on a bench. The bench is made of wood. There is a black and white picture hanging on the wall.,A black parking meter with a white sign on it. There is a car parked in front of the parking meter. There is a shadow of a tree on top of the car.,0.03850375935821794,0.3902438974419989,0.8900709748268127,0.24495571318313789
60,A black and white dog is standing on a wooden bench. The bench is made of wood. There is a white fence behind the dog.,brown baby bears are walking in the grass. There is a large log above them next to two large rocks.,0.04028998029112094,0.2105263107894738,0.8917389512062073,0.2175609756097561
61,A black and white bird is standing on top of a wooden bench. The bench is made of wood. There is a white and black bird in the back.,There are four jets flying in the sky together. Each jet is leaving a trail of puffy white smoke behind the other one. The sky is a bright blue.,0.024337962273990692,0.355555550617284,0.8624277114868164,0.21913793103448276
62,A man is standing in front of a wooden bench. The bench is made of wood. There is a silver chain link fence behind the man.,The tall large building is in the city. On the front of the building are many windows. It also has a clocks telling the time of different countries. The sky is blue but mostly cloudy.,0.015831235650653006,0.2916666618055556,0.8661383390426636,0.18636363636363631
63,A man is standing on a skateboard. He is wearing a white shirt and black pants. There is a black fence behind the man.,A plate with a colorful rim on it is sitting on a table. There is a piece of chicken on the plate with salad next to it. There is also a pile of french fries on the plate.,0.03268109523902013,0.2926829219036289,0.8724833726882935,0.17363387978142078
64,A man is sitting on a bench. The bench is made of wood. There is a black and white picture hanging on the wall behind the man.,A display window is seen with women's underwear on white mannequins inside in a mall. Beside the window there is a toy table with chairs around it which three plastic bears are sitting. There is a toy teapot with slots for coins so children can ride with the bears.,0.021164791853302167,0.2413793058263972,0.8601753115653992,0.19363526020330754
65,A wooden bench is sitting on a bench. There is a black and white picture hanging on the wall. The bench has a white face and black writing on it.,A piece of wood is sitting on a counter. There is a knife with a black handle on top of the wood. There is a white plate of food behind the wood.,0.13352956502123167,0.44999999500000004,0.9109445810317993,0.3016300859966628
66,A black and white photo of a man and a dog. The man is wearing a blue shirt and blue jeans. There is a black dog in front of the man.,A tall brick tower has two clocks on separate sides of the tower walls.  The clocks on the tower have roman numerals and gold clock hands.  The center of the clock is burgundy and the outer part of the clock is blue.  The tower has a narrowing tiled and reddish steeple at the tower top. Black metal grills cover arched window openings under the clock.  Full view of the clock is obstructed by stray green leaves on thin brown branches.  The sky is white with clouds.,0.003386593723683262,0.23999999621688894,0.8356943130493164,0.08074534161490682
67,A black and white polar bear is standing on top of a rock wall. The wall is made of concrete. There is a black pole next to the bear.,A person is jumping in the air on a snowboard. There is a ski lift behind them. There are trees next to the ski lift. There is a lot of snow on the ground under them.,0.050322802641221895,0.3913043428355388,0.8909464478492737,0.2844594934374843
68,A man is standing on a tennis court playing tennis. He is wearing a white shirt and blue shorts. The court is green with white lines on it. There is a green fence behind the man.,a woman is playing some tennis. her hat is white in color. she is wearing a skirt. the skirt is white in color.,0.03609623953161197,0.29999999531250005,0.896073043346405,0.2469135802469136
69,There is a white toilet in the middle of the room. There are two white towels hanging from the wall above the toilet. The wall is made of wood.,a kitchen that is empty isn't being used by anyone. the counters are clean and empty. the grill is black and has nothing on it.,0.010128952330932188,0.14634145841760873,0.8728255033493042,0.1377952755905512
70,This is an image of a bathroom. The bathroom is white. There is a mirror on the wall behind the toilet. It is made of glass. On top of the mirror there are two white towels. Behind the towel there is another towel.,A brown teddy bear is sitting in a window sill. There is a book on its lap. There is a white bar in front of the bear. There is a window behind the bear.,0.036400758840074536,0.3265306073469388,0.881539523601532,0.36174785100286533
71,A man is playing tennis on a tennis court. He is wearing a white shirt and blue shorts. The court is green and white in color. There is a green fence behind the man.,A woman in a white shirt and red skirt is playing tennis. She is swinging a tennis racket a ball. There is a black fence behind the woman.,0.1531305080006172,0.5454545404648761,0.9354629516601562,0.489873448350957
72,A man is standing in front of a wall. He is wearing a black shirt and black pants. There is a white wall behind the man.,"Three caucasian men are standing against a white wall. They are all wearing black shirts. The man on the far left is holding a white video game controller in his right hand. He has brown hair, and a brown beard and mustache. His shirt has long sleeves. The man in the middle has dark hair that is thinning around his temples. His arms are crossed across his chest, and his right hand is covering his mouth. The man on the far right is wearing a black sweatshirt with gray lettering. He also has a white video game controller in his right hand. He has brown hair, and brown facial hair.",0.005594641534525888,0.30769230400723213,0.8730953335762024,0.120032390341789
73,A man is sitting on a bench. The bench is made of wood. There is a white wall behind the man.,A man is wearing a black wet suit. He is carrying a large white surf board. There are large boulders next to the man.,0.05860293884165961,0.38888888395061727,0.9084135293960571,0.31392405063291134
74,This is a bathroom. The bathroom is white. There are two sinks on the wall. One of the sinks has a white soap dispenser on it. On the other sink there is an orange and white toilet paper holder. Next to the sink,"The vanity in this fancy, large bathroom is very long and is made of medium stained wood. The lighting above the vanity are three hanging, glass covered globes. The counter of the vanity has a sink as well as a vase filled with purple flowers. The walls are white and the tiles are all made of stone. The shower is also tiled with stone like tiles and is very large and open.",0.01022171181026954,0.2857142809040311,0.8614193797111511,0.13024602026049203
75,A man is sitting on a bench. The bench is made of wood. There is a black and white picture hanging on the wall behind him.,A woman is holding an umbrella. The woman is coming out of the train station. The picture is in black and white. There are tall buildings in the near distance.,0.02017532442449375,0.3999999950222222,0.9057930111885071,0.24927271021021025
76,A wooden bench is sitting on the ground. There is a white building behind the bench.  The bench has a red and white sign on it. The sign is on top of a black pole.,"An old fashioned bus is seen on the street. The bus is red on the bottom and beige on the top. A chain link fence is on the right side of the bus, and behind the fence is a large green metal crane. The sky above is gray and cloudy.",0.017402677299312958,0.3928571380165816,0.8896608948707581,0.16494845360824745
77,A black and white bird is standing on top of a wooden bench. The bench is made of wood. There is a black metal fence behind the bird.,there is a toilet in a bathroom. the toilet is white. there are tiles on the floor. the tiles are white and green. there is a bucket next to the toilet.,0.018585330465792766,0.3157894687396123,0.8809103965759277,0.2777777777777778
78,A man is sitting on a bench. The bench is made of wood. There is a white wall behind the man.,a bird is eating out of a hand. the hand is white in color. the bird is eating corn. the corn is yellow. the bird is a pigeon.,0.01957441629414109,0.266666661688889,0.8836751580238342,0.2327838827838828
79,A black and white cat is sitting on top of a wooden bench. The bench is made of wood. There is a silver chain link fence behind the cat.,A baby is sleeping on a covered mattress. His shirt is black white and blue. The mattress cover has designs all over it. There is a doll with a blue and purple hoody nearby.,0.03812423747875407,0.319999995032,0.892092764377594,0.2354499690894639
80,A black and white cat is sitting on a wooden bench. The bench is made of wood. There is a silver chain link fence behind the cat.,There is a bush that is shaped into a person. It is in front of a red building. There is houses behind the bush in the distance.,0.050317476265301385,0.2999999950500001,0.886557936668396,0.25436179981634527
81,A man is standing on top of a skateboard. He is wearing a white shirt and black pants. There is a black and white picture on the skate board.,"A young child is attempting to ski. However, no ski poles are being held by the blonde haired child. The child is wearing a yellow vest over a light blue jacket along with pink gloves. The bottom half of the outfit is black pants and grey and red skiis. There is a smooth surface of snow featured.",0.0253520107427246,0.3030302986914601,0.8801226615905762,0.18667486674866746
82,A large brown and white bird is standing on top of a rock wall.  The bird has a long black beak and is wearing a black hat and black pants. The wall is made of brick and has white lines painted on it.,"A green pasture is depicted in this image.  The pasture has a lake running through it with clear, calm water.  Grass on both sides of the water is tall and a fence can be seen at the front of the image.  The grass around the fence is really tall.  Cows are on the far side of the lake.",0.010402639186514828,0.2686567116061484,0.8601561784744263,0.12389380530973454
83,A wooden table is sitting on top of a white wall. There is a black and white picture hanging on the wall next to the table. The table has a brown wooden chair in front of it.,A hand is reaching for a black and silver mouse. There is a laptop next to the mouse on the desk. There is a speaker next to the laptop.,0.06562571317404904,0.4545454497107439,0.8997820019721985,0.37449664429530194
84,A tall brick building with a clock on top of it. The clock is white and has a black face. There is a white building behind the building.,A yellow hydrant is near street. The hydrant has blue and red accents on it. There are a bunch of trees on a sidewalk overlooking some parked cars and a motorcycle.,0.011230652044218293,0.3404255269714804,0.8875381946563721,0.19543973941368079
85,A black and white dog is standing on the ground. The dog has a black collar around its neck. There is a white fence behind the dog.,"Two giraffes are standing together but facing opposite directions. The both have brown patches laid out in different patterns. Some of the spots have smooth edges and some have irregular edges. There are small and large patches, with the smaller patches on their heads and upper part of their necks. Both animals have short furry manes running down the length of their necks. They also have short horns on the top of their heads. They are standing near the wooden fence of their pen surrounded by trees with many green leaves.",0.0019507950018040829,0.17073170362879245,0.8578782677650452,0.053191489361702114
86,A black and white cat is sitting on top of a wooden bench. The bench is made of wood. There is a white wall behind the cat.,a stand is selling fruit. most of the fruit is oranges. there are bags of oranges next to the pile. the truck is bright yellow.,0.011354092273667685,0.15789473185595584,0.870243489742279,0.17857142857142858
87,A black and white cat is sitting on a wooden bench. The bench is made of wood. There is a white wall behind the cat.,There is a train on the train tracks. The train is black with white numbers on the front of it. In the distance you can see trees with green leads and a black metal fence.,0.03554344966090838,0.4444444395654321,0.8858985304832458,0.1911764705882353
88,There is a white toilet in the middle of the room. There are two white sinks on the wall next to the toilet. The floor is made of tiles.,A kitchen sink and dishwasher is shown. The tiles on the wall are white and have some red ones. There is fruit sitting on the table and the area is pretty tidy.,0.044231145231744866,0.34782608199432896,0.9022151827812195,0.2648393742354986
89,A man is sitting on a bench. The bench is made of wood. There is a black and white picture hanging on the wall behind him.,"A man wearing blue trunks is surfing. He is facing towards the wave. His face is not visible, and his body is turned to the side. He is using a white surfboard and only the front of which is visible.",0.013410223515542797,0.2692307644156805,0.8734076619148254,0.1424870466321244
90,A man is sitting on a bench. The bench is made of wood. There is a black and white picture hanging on the wall.,A person is standing on top of a white surfboard. There are three small hooks on the bottom of the surfboard. There is a large white splash in the water from the man.,0.041221405061159344,0.38095237599773246,0.8969824910163879,0.265662859120803
91,A man is standing on top of a white surfboard. He is wearing a blue shirt and blue shorts. There is a large wave in the water behind him.,"There is a boy in the foreground of the picture. He has his back to the camera. He is wearing a blue short-sleeved shirt, blue shorts, blue socks, and white sneakers. He is standing in a green grassy field. The day is sunny and the sky is bright blue. The boy is getting a kite up into the air. The kite is black, white, red, orange, yellow, green, blue, and purple. In the distance there is a fence separating the grassy area from a hill. Behind the hill is an orange spherical hot air balloon. The hot air balloon's basket cannot be seen.",0.01629236856296642,0.26966291740941806,0.8761499524116516,0.0993723849372385
92,A black and white dog is standing on top of a black fence. The dog has a white collar around its neck. There is a green fence behind the dog.,A dark street with a wire fence surrounding a building. There is a light in the distance. A sign on a pole is halfway on the sidewalk.There is a microwave and other debris on the walk.,0.035013579505583245,0.3404255269352649,0.8715613484382629,0.2228128238558486
93,There is a white bus on the street. There are people sitting on top of the bus. The bus is red and white.,A blue car is parked in a parking space. There is a blue and gray building behind the car. There is a white surfboard strapped to the top of the car.,0.11788595986758339,0.43243242752373995,0.9084593057632446,0.3135347682119205
94,A black and white dog is standing on top of a wooden bench. The bench is made of wood. There is a metal fence behind the dog.,the keyboard is very old fashioned. the buttons stick up straight. the color of the typewriter is dark black. the letters are labeled in white. it's sitting on a wooden table.,0.017410550217101924,0.2978723354821186,0.8746738433837891,0.14705882352941177
95,There is a wooden bench in the middle of a field. The bench is made of wood. There are trees behind the bench.,There is sand and a little bit of water on the ground. There is a bunch of trees behind a building on the other side of the water. There is a blue building behind the water.,0.039173246322308224,0.3999999950367347,0.9007653594017029,0.2764218079162501
96,There is a train on the tracks. The train is red and white. There is an orange pole next to the train.,a train is sitting on some tracks. the train is yellow in color. the train has some black numbers on it. the train has black wheels.,0.026530723908538226,0.37499999500000003,0.9170627593994141,0.19531250000000003
97,There is a wooden table with a white table cloth on top of it. The table is made of wood. There are two chairs in the middle of the table. One chair is white and the other one is black.,A man is sitting on his surfboard. He is on the beach surrounded by other surfboards and some glass bottles of beer. The ocean is in the background and the horizon is very bright but cloudy.,0.018555209289044104,0.2857142807206633,0.8639819622039795,0.23064308140838752
98,There is a man wearing a white shirt and blue jeans. The man is holding a black and white frisbee in his hand. There are trees behind the man.,A couple of people are sitting in a vehicle. The car looks very retro and vintage. There is a woman and man in the front. On the woman's lap is a small brown dog.,0.03889481343785487,0.3673469338775511,0.8805335760116577,0.19402985074626866
99,A black and white cat is sitting on a wooden bench. The bench is made of wood. There is a white fence behind the cat.,"A square slice of pizza is on a round green plate. There are mushrooms, black olives, and tomatoes on the pizza. There is purple and white cabbage on the plate next to the slice of pizza.",0.020795217694240708,0.4651162741373716,0.8820321559906006,0.21141754218401784
100,There is a man sitting on a bench. The bench is made of wood. There are trees behind the man.,This photo is taken inside of a living room of a home. A brown and black dog is sitting on a red leather couch. A red and white tie is hanging around the dog's neck. There is a colorful area rug on the floor. Different objects can be seen on top of a brown cabinet behind the dog.,0.014403373695659515,0.2909090869421488,0.8836906552314758,0.1361341738417384
101,There is a plane in the sky. The plane is white and blue. There are people standing on the ground behind the plane.,"A plane sitting near a body of water. The plane is vintage and it is white, red, and black. There are a lot of clouds in the sky and there is a little box near the plane.",0.042346793971955565,0.4651162742888048,0.9134307503700256,0.2694336161430865
102,A man is sitting on a bench. The bench is made of wood. There is a black and white picture hanging on the wall.,A woman in a black jacket and jeans is sitting on a cement bench. There is a white dog with a red harness on that is next to the woman. The woman has dark hair.,0.11591809119940534,0.5217391255860114,0.9039014577865601,0.31388274336283184
103,A man is standing on top of a skateboard. He is wearing a white shirt and black pants. There is a black fence behind the man.,a tennis racket is being held up. the logo is red in color. the rim of the racket is black in color. thee is a man in the background.,0.019940526315452702,0.21052631080332423,0.8799949288368225,0.20346711403621973
104,The image is of a boat. The boat is blue and white. There is a man in a blue shirt and blue shorts standing on the side of the boat with his arms outstretched. He is holding a white surfboard in his hand.,"There is a rectangular parachute in the top right of the image. The parachute is printed with what looks like a television channel 'stand-by' pattern. The sky behind the parachute is a deep blue color. There are some wispy clouds close to the ground. A person is looking into the distance from the ground with their hand shielding their eyes from the sun. This person is wearing a dark t-shirt and what looks to be denim shorts. It is difficult to ascertain the gender of this person, but they are probably male. The ground is sandy and covered in grey rocks and pebbles. Green grass and woodlands lie behind the sandy ground, and some low buildings or houses can be seen in the distance (lower right corner of the frame).",0.0050495875146262656,0.22429906174163688,0.8630872368812561,0.10664243848540622
105,There is a train on the tracks. The train is red and white. There are trees behind the train.,a train is waiting on  track. the train is very bright and is yellow in color. there is a smaller train next to it. a man is riding on the smaller train. the small train is red and black. it has its own set of tracks.,0.04789460039561049,0.372093018864251,0.9069318175315857,0.24490974218786823
106,This is an image of a bathroom. The bathroom is white. There is a mirror on the wall behind the toilet. It is made of glass. On top of the mirror there is another mirror with a blue and white design on it.,Bowls sitting on a white and brown cloth. There is broccoli and rice in the front bowl and the back bowl has tomatoes and broccoli in it. There is a fruit cup next to the bowl.,0.030002843173508643,0.2692307642603551,0.8623708486557007,0.2149202715121809
107,A man is standing on a tennis court. He is wearing a white shirt and blue shorts. There is a black and white net in front of him.,A woman is bent over on the tennis court. She is dressed in white. She has a tennis racket in her hands. The tennis court is green with white lines on it.,0.021895589486928463,0.35555555055802474,0.9218650460243225,0.15822784810126583
108,A man is standing on a bench. The bench is made of wood. There is a black and white picture hanging on the wall behind him. He is wearing a white shirt and blue jeans.,"On a small rectangular, white plate, chopped carrots and peppers are covered in a brown sauce. A shine is on all of the vegetables.The plate is on a black surface and a part of a silver spoon is behind it.",0.01947344130242853,0.37931033988109397,0.8594478964805603,0.20253164556962028
109,There is a large white building with many windows on it. The building is made of brick. There are two clocks on the building. One of the clocks is white and the other one is blue and black.,A bridge over the water. The water has small waves in it. There is a train on the bridge going over the water. The train is white and green. There is buildings and trees next to the water.,0.05394284505764233,0.36734693377759275,0.8889291286468506,0.280016447368421
110,A black and white dog is sitting on a wooden bench. The bench is made of wood. There is a white fence behind the dog.,A person is sitting on a bench. There is a black bag sitting on the bench. The person is wearing a straw hat. There is a large tree in front of the person.,0.12325384013681441,0.5641025591058515,0.91639643907547,0.37702814044872607
111,A man is standing on a skateboard. He is wearing a black jacket and black pants. There is a white building behind him.,"A man with his face painted red and white has a red and white small umbrella attached to his head. He has a phone in his hand, which he is holding by his ear. He also has a red and white scarf around his neck and a red and white cape. His shirt and pants are black. Behind the man are people gathered on the street, standing around.",0.0037913303237610634,0.2950819630529428,0.8882250189781189,0.09448818897637795
112,A wooden bench is sitting on the ground. There is a black and white bird perched on top of the bench. The bird has a long black beak.,A grey train with many cars and a yellow front is riding down the tracks. The tracks are in an isolated location with a field on the right and bushes and trees on the left. The trees are bare of leaves. The sky above is blue with puffy white clouds scattered throughout it. The train is about to pass an exchange box.,0.006733943448500053,0.27692307254911247,0.85768061876297,0.12798634812286688
113,A wooden bench is sitting on top of a brick wall. There is a clock on the side of the bench. The clock is black with white numbers on it.,A white station wagon is parked near a field at night.  There is a palm tree in the field in front of the tree. Across from the tree are three houses with windows in the front illuminated. In the field there is a patch of concrete with a bench sitting on it which is lit up by a park light.,0.02054661340633819,0.3606557331900027,0.8835904002189636,0.17392096157348388
114,A man is playing tennis on a tennis court. He is wearing a white shirt and blue shorts. The court is green and white. There is a green fence behind the man.,a baseball player is on a field which is brown in color and is about to take a swing for a white ball which is coming straight for him. the uniform is white and blue in color and the field also contains a grassy area which is green in color.,0.01617143760676008,0.27999999512800006,0.8862422704696655,0.19519093620331954
115,A black and white photo of a man and a woman sitting on a bench. The man is wearing a blue shirt and blue jeans. He is holding a black remote control in his hand. There is a white building behind the man.,there is a person doing a jump on a snowboard. the rider is wearing a blue jump suit. the snowboard is white in color.,0.08139457119898307,0.3111111065283951,0.8789573907852173,0.28957528957528955
116,A man is standing on a tennis court playing tennis. He is wearing a white shirt and blue shorts. There is a black and white net in front of him.,A woman is wearing a dark colored shirt and skirt and is holding a tennis racket. There is another lady behind her swinging a tennis racket. They are standing on a blue tennis court.,0.066856834749697,0.49999999500868053,0.9190801978111267,0.36466057011039715
117,A man is standing on a tennis court. He is wearing a white shirt and blue shorts. There is a black and white net in front of him.,A bunch of people are on a tennis court goofing off. There are two men and two ladies. The men both have on shorts and the ladies both have on pants.,0.03816274944321933,0.3181818131818182,0.8988940119743347,0.13029315960912052
118,A man is sitting on a bench. The bench is made of wood. There is a silver chain link fence behind the man.,"There is someone standing at a desk in a small bedroom. There's a bed against the wall that is messy, not made. Above the desk is a window and a shelf with lots of things on it.There's a couple shelves above the bed with things on it too.",0.010230784928040677,0.27450979935409464,0.8807298541069031,0.12087912087912088
119,A black and white dog is sitting on a bench. The bench is made of wood. There is a white fence behind the dog.,"A herd of elephants is walking along the banks of a river. A baby elephant is trailing the herd, while an adult emerges from the river.  There are buildings withe terraces nearby.  Several people are gathered on the terrace looking at the elephants.  Most are standing, while one man chooses to sit.  It is a partly sunny day.",0.006068819497718743,0.2258064474921957,0.866203248500824,0.1444610616208249
120,A wooden bench is sitting on top of a concrete slab.  The bench has a red and white stripe down the side of the bench and a black stripe up the middle of it. There is a white and blue sign on the top and bottom,A boy is in silhouette against a blue sky. He is doing a trick on a skateboard and is in the air with his knees bent. His long hair is wild and in the air. The boy is suspended in the air over the skateboard but is not touching it. There is a fence beside the boy and palm trees on either side of the fencing.  A couple of white clouds show low in the sky and the foreground is dark in shadow.,0.044254875687841234,0.33766233303423854,0.8528718948364258,0.2209144832095652
121,A man in a blue shirt and black pants is standing on top of a skateboard. The man is wearing a black helmet. There is a white building behind the man.,A woman is walking on the sidewalk and on the phone. She is holding a black phone to her ears and has sunglasses on her head. There are a bunch of people in the background behind her.,0.016784913099991066,0.399999995032,0.8996273279190063,0.23064308140838752
122,A wooden bench is sitting on top of a bench. There is a black and white picture hanging on the wall. The bench has a white handle.,A large white bottom boat has an orange cover with small white framed windows. It is sitting in a very blue sea. There are black numbers on top of an orange cover. One person wearing a blue shirt is hanging out a window.,0.03212391926385776,0.3999999953719009,0.8787412047386169,0.2570199275362318
123,A man is standing on a bench. The bench is made of wood. There is a black and white picture hanging on the wall behind the man.,"There is a bald white man with a goatee and beard. He is handing a styrofoam plate with something white on it to an unseen person with his left hand. In his right hand he is holding a large butcher knife. The blade is red and sticky looking.It has unidentified white chunks hanging from it. O the coffee table in front of the man are several more plates holding triangular shaped food - maybe pizza or cake. There is also a water bottle. There are more people sitting across from the man, but only there legs are visible.",0.003724985490697029,0.23655913640883344,0.8605648279190063,0.09350935093509351
124,This is an image of a bathroom. The bathroom is white. There is a mirror on the wall above the toilet. It is made of glass. On top of the mirror there is another mirror with a blue and white design on it. Next,A metal street meter with the road behind it. There is a white car parked on the road and many cars behind a fence in the background.,0.0324217949956417,0.2745097990157632,0.8680016994476318,0.274828361132301
125,There is a wooden bench sitting on the ground. The bench is made of wood. There is an orange and black umbrella on top of the bench.,There are lines of purple trees. There is a puddle of water in front of the trees. There are people on the grass in front of the trees.,0.05210369869677918,0.34285713789387756,0.9010712504386902,0.22777777777777775
126,A wooden bench is sitting on the ground. There is a black and white bird perched on top of the bench. The bird has a long black beak.,ARIAL VIEW FROM A PLANE OF A CITY BELOW. THE CITY IS  LINED WITH WATER AROUND IT. THERE ARE MANY WINDING ROADS AND MANMADE LAKES.,0.006716472052354862,0.045454540464876576,0.8277309536933899,0.1383399209486166
127,A black and white dog is standing on top of a white surfboard. The dog has a black collar around its neck. There is a yellow and black surf board behind the dog.,There is a plate sitting on top of a green cloth. There is a carton of milk sitting next to the plate on the table. There is a hot dog on the plate.,0.11385032360134208,0.38095237605442184,0.8785764575004578,0.27461000537923613
128,A man is sitting on a bench. The bench is made of wood. There is a black and white picture hanging on the wall behind the man.,"A crowd of people stand on a wet and sandy beach. There are men, women and children in the crowd. There are many buildings off in the distance. The sky above the beach is gray and blue.",0.01524151371645475,0.37499999513888893,0.8939995169639587,0.1527777777777778
129,A black bear is standing on top of a rock wall. The wall is made of metal. There is a metal fence behind the bear.,"A lone giraffe stands in a grassy overgrown field on a clear day.  The filed is dry and brown, with patches of green bushes throughout. Behind the giraffe there is a short thick bushy tree. And in front of the giraffe there are some branches of bushes.",0.00993677403875153,0.2592592548148149,0.8770380020141602,0.18739750364431482
130,A man is sitting on a bench. The bench is made of wood. There is a white wall behind the man.,a restaurant is sitting outside. there are umbrellas above the door. there is chinese writing on the signs. the doors are red in color.,0.02203823930718979,0.22857142360816338,0.8886129856109619,0.2244857594936709
131,A black and white photo of a man and a dog. The man is wearing a blue shirt and blue jeans. There is a black dog in front of the man.,"It is a bright, sunny winter day. We are standing at the bottom of a snow-covered mountain and looking up toward the top. There is a ski lift at the top left of the picture, and many skiers can be seen at different spots on the mountain. In the foreground, one large skiier jumps up and the picture is snapped as he is sailing through the air on his skiis. We are looking into the sun and as the picture is snapped, the sun makes a bright starburst in the middle of the picture.",0.006838152770195706,0.18421052256578954,0.8541557192802429,0.10727711659064995
132,A man is sitting on a bench. The bench is made of wood. There is a silver chain link fence behind the man.,The people are waiting at a train platform. The train is yellow and blue and has a white number 2 on it. There are dotted warning lines on the platform. There is a large metal pole next to the people. The man has a gray hat on and a tan heavy jacket. The other man has on a puffy black jacket. The man has a grey and black bicycle.,0.008079826318715396,0.2456140307663897,0.8792663812637329,0.115527950310559
133,A man is sitting on a bench. The bench is made of wood. There is a black and white picture hanging on the wall.,A small infant has their hand on a mouse. The mouse is for a laptop. Just half of the keyboard of the laptop is being shown and it all is on top of a wooden table.,0.0158855701684871,0.3111111062320988,0.8883479833602905,0.17241379310344826
134,A man is standing on a bench. The bench is made of wood. There is a black and white picture hanging on the wall behind him. He is wearing a blue shirt and blue jeans.,An orange cat is curled up on a blue blanket. There is a red and white hat on top of the cat. There is a blue pillow in front of the cat. The cat has one eye open.,0.046104629414283234,0.38461537961538467,0.8943343758583069,0.2822446949602122
135,A man is standing on a bench. The bench is made of wood. There is a black and white picture hanging on the wall behind the man.,A bird is walking in the grass. The bird has no hair on its neck. The body of the bird is white with black and brown spots. The bird has a dark colored eye and white hair on its head.,0.01731874811345762,0.38297871851516524,0.8785479068756104,0.20381328073635763
136,A wooden bench sits in a grassy area.  The bench is made of wood and has a black and white stripe down the side of the bench. There is a wooden fence surrounding the area with a green and yellow line dividing the grass.,A blue car is sitting in a driveway. There is a pink surfboard on the roof. The driveway is surrounded by plants. There is a black shadow under the car. The car is very long.,0.034839486038063555,0.30188678754004994,0.8798543810844421,0.2620669394150418
137,A man in a blue shirt and blue jeans is standing in front of a white wall. There is a black and white clock on the wall behind the man.,A bride and a groom are cutting a cake. There is a tall white cake on a table. There are purple flowers behind the couple.,0.04732800769623463,0.4102564052596976,0.8915894627571106,0.2693242586290715
138,A black and white picture of a dog. The dog is wearing a white collar. There is a red and black dog on the other side of the picture.,a pile of vegetables are on the plate. the plate is blue in color. there are some shredded orange carrots. there is also some yellow pasta.,0.01871980086991623,0.2631578897506926,0.8694915175437927,0.24001901140684415
139,A man is sitting on a bench. The bench is made of wood. There is a black and white picture hanging on the wall.,A tennis player stands on the court. The man has just hit the tennis ball. THe man holds a tennis racket. The man wears a colorful shirt. There are a few people watch the game. The sky is blue and sunny. There is a ferris wheel behind the stands. There is a tree by the ferris wheel. The court is blue. There are tall buildings in the background.,0.009799948912714391,0.30508474139615055,0.8747316598892212,0.1022012578616352
140,There is a white table in a room. There are two chairs in front of the table. The chairs are made of wood and the wood is light brown in color.,An island kitchen featuring wood cabinetry with black drawer handles is neatly organized.   Three stainless steel pots rest side by side on a gas range on the island area with silver handled cooking utensils in them.  A pink dish containing some green leafy vegetable and other items also rest on the counter of the island.   In the corner is a pot holder with several pots and pans hung from it.  To the right of the pot holders is a large gas oven with range hood.  Along  the far wall are wooden cabinets and bottles resting on the counter beneath them.,0.0025638204437869586,0.17777777432098768,0.8373991250991821,0.09562000238691969
141,A man is standing on a bench. The bench is made of wood. There is a black and white picture hanging on the wall behind the man.,A little girls in a white dress and white stockings holding a yellow and white tennis racket stands on a green air grate in front of a white tarp. The wind from the grate blows her hair all around her face. She is smiling at the camera as she stands on the grate.,0.011607642754715427,0.3103448230677765,0.8702711462974548,0.1665755587949465
142,A man is sitting on a bench. The bench is made of wood. There is a black and white picture hanging on the wall behind the man.,"Five people at the beach are carrying surfboards. The people are wearing black wetsuits. Four of the surfboards are white, while the other one is yellow.",0.010924856017658639,0.19999999500000015,0.8742071986198425,0.11494252873563218
143,A wooden bench is sitting on the ground. There is a white wall behind the bench. The bench has a black handle.,A living room is empty excepts for a white refrigerator on wooden slats so it doesn't scratch the hardwood floors. the kitchen is closed off excepts for a counter which shows the dark room behind the walls. Windows on the wall opposite the kitchen fill the room with light.,0.011091019245710688,0.30769230329142017,0.8684110641479492,0.20716710010137962
144,A black and white cat is sitting on top of a wooden bench. The bench is made of wood. There is a silver chain link fence behind the cat.,"A pile of donuts are seen. There are six donuts total. All are chocolate of some sort. Three are chocolate cake and one of them has vanilla frosting, while the others have chocolate, and sprinkles. The other three are covered with milk chocolate. The one in the middle has white filling inside.",0.004924461656545497,0.22950819202364964,0.842829167842865,0.1006036217303823
145,A wooden bench is sitting on the ground. There is a wooden fence behind the bench.  The bench has a red and white stripe down the side of it.,"A flower container sits off to the right side. Two bags that are ink and denim blue are above the plates of food. The bowl in the middle contains a salad. The bottom bowl contains various cuts of vegetables, such as cucumbers and tomatoes and cheeses. To the left of the bowls are two oranges and one red apple. All items are sitting on a black table.",0.005777587056792197,0.24657533825483213,0.8552717566490173,0.13283873676052696
146,A man is standing on a bench holding a white frisbee in his hand. He is wearing a blue shirt and blue jeans. There is a black and white dog in front of him.,a man in a baseball uniform standing on the field putting gloves him with a bat under his arms with the blue baseball helmets is uniform has black and red  writing on but the number 38  he has black and white baseball cleats and brown hair... the field is light and dark green trimmed very well... there is a white base on the ground in the drawer with 2 white squares outlined on the both sides of the home plate.,0.014151386107490237,0.28947367979570643,0.8496116399765015,0.18894816805644005
147,This is an image of a bathroom. The bathroom is white. There is a white toilet in the middle of the room. A white sink is next to the toilet. Two white towels are sitting on the wall above the sink.,"A snowboarder is shown in midair after making a jump in front of a white brick wall.  Snow has been pushed up to the wall by what looks like it was a bulldozer.  The snowboarder casts a shadow on the wall.  He is dressed mostly in black and gray, with some bright orange accents, the only color in the picture.  The entire image is white and gray.",0.013880238965315624,0.2894736797091413,0.8603231906890869,0.15527950310559005
148,A black and white photo of a man and a woman. The man is wearing a black jacket and black pants. He is holding a white frisbee in his hand. There is a large white building behind the man.,"A red and white stop sign is mounted on a yellow pole on sidewalk.  Under the stop sign is a triangular ""caution"" traffic sign.  A bicycle is parked behind the yellow pole of the stop sign.  A white wall building with a red roof is directly behind the stop sign as well.  Three human silhouettes and the silhouette of a shopping cart are on the triangular caution sign.",0.011344097850435698,0.29032257583246623,0.8552429676055908,0.14592933947772657
149,There is a wooden bench sitting on the ground. The bench is made of wood. There are a lot of trees behind the bench.,"There are three elephants in front of a wooden fence. One elephant is large, the other is a baby and the third is slightly smaller than the large one. Al elephants are a light brownish-gray color. Behind the enclosure are trees with green leaves.",0.015750916802997318,0.31372548575163406,0.8830910921096802,0.21576500422654266
150,This is an image of a bathroom. The bathroom is white. There is a mirror on the wall above the toilet. It is made of glass. On top of the mirror there are two white towels. One is on top and the other is,"A black cat lays on the keyboard of a laptop. the cat is yawnin as it lays down. The cat has a long tail. The laptop is turned on. The laptop is on the desk. There is a bookshelf on the wall, which is filled with many things. There are books on the floor. There are other items next to the wall.",0.027080465983957722,0.2461538412497042,0.8642569184303284,0.21965707656262948
151,A man is sitting on a bench. The bench is made of wood. There is a silver chain link fence behind the man.,two girls are sitting on a bench. the bench is wood and brown. they are looking at a baby. the baby is blonde and little.,0.12437080196399466,0.3333333283333334,0.9115119576454163,0.39032258064516123
152,The image is of a man and a dog. The man is wearing a blue shirt and blue jeans. He is holding a red and white frisbee in his hand. There is a white building behind the man.,"A man in a black button down shirt, and a gray tie is seen standing in front of a tan building in a city. The building has a picture of a man on the front and Korean letters on either side of the image. A large concrete platform is in front of the building and two men are walking on the platform. A blue and white public transport bus is on the side of the building.",0.0169585629715533,0.3384615338035504,0.8811947107315063,0.1523545706371191
153,A black and white cat is sitting on a wooden bench. The bench is made of wood. There is a white wall behind the cat.,A white and blue fire hydrant is sitting on the corner of a rural street. The house in the background is brick and has blue doors and window decorations. It appears to be fall according to the colors of the leaves on the trees.,0.024264224869142627,0.3461538415162722,0.8820788264274597,0.14251781472684083
154,A wooden bench is sitting on top of a stone wall. There is a clock on the side of the bench. The clock is black with white numbers on it.,A large brown building has a clock tower. The clock tower contains two clocks. The clocks have a white face with black hands and numbers. The numbers are roman numerals. The clock tower also has a flag. The flag is blue on a white pole. The building is huge with many windows. The sky is overcast with clouds.,0.01004471755335367,0.35714285245535715,0.8948639631271362,0.1539855072463768
155,A man is sitting on a bench. The bench is made of wood. There is a silver chain link fence behind the man.,the table is full of snack foods. there is a big black tray on the side. the tray is full of small plastic cups. the cups are full of shredded cheese and hot sauce. there is another tray of hot sauce next to it.,0.009613794040283218,0.22222221742222234,0.8716718554496765,0.13936768908924838
156,A man is standing outside on a sunny day. He is wearing a black jacket and black pants. There is a white wall behind the man.,"The man is bending over the table. On the table is a birthday cake. The candles are lit. The man is trying to blow the candles out. The man seems to be holding his infant in his other arm while doing this. This is taking place inside a house, in the kitchen area.",0.00884750434322302,0.14285713826530627,0.8737158179283142,0.07952286282306163
157,A black and white dog is standing on a wooden bench. The bench is made of wood. There is a white fence behind the dog.,There is a zebra standing on a gravel type road. The zebra appears to be standing near a tree. There are a lot of trees ad bushes to the right of the zebra. It is very sunny outside which is evident by the shadows cast by the trees.,0.029241140187657895,0.31372548552095353,0.8855237364768982,0.1312910284463895
158,A black and white dog is laying on the ground. The dog has a white collar around its neck. There is a red and black dog next to it.,There is a man in a white uniform wearing a black cap pitching a baseball. There is a man standing behind him wearing a black shirt and gray pants. There is a player in a white uniform that is swinging a baseball bat about to hit the baseball. Behind that man is another man in a black shirt and gray pants who is crouched down wearing a helmet and face guard.,0.012017514401350656,0.280701749646045,0.8666101694107056,0.1122754491017964
159,A black and white photo of a man and a dog. The man is wearing a blue shirt and blue jeans. He is holding a white surfboard in his hand. There is a black fence behind the man.,"Modern fire engines park along a tree lined street.  The truck at the front of the procession is a ladder truck, with the long, white ladder and bucket on top of the rig.  The sky is deep blue, and it seems like a grassy park like area.  Two people can be seen in the distance, side by side.",0.009530820756208754,0.2318840533501366,0.8537724018096924,0.125
160,There is a white desk in a room. There are books on top of the desk. The desk is made of wood and the books are black and white.,"An open laptop sits on a rustic wooden table. A lamp sits on the left of the laptop shining light on the table. A bunch of small glasses are on the table near a brown wall. In the distance a shelf with liquor is on a white wall. A table in front of the shelf is covered with empty, upturned glasses.",0.008450025660948914,0.2641509389106444,0.875624418258667,0.14524927618106065
161,This is an image of a man. The man is wearing a white shirt and blue jeans. He is holding a black and white frisbee in his hand. There is a large white building in the background.,A picture of a tooth brush holder. The holder is red and in the shape of a bird. There are three toothbrushes inside of the holder. There are different colored bristles on each toothbrush. There is a keyboard beside the holder and a calendar is under the holder.,0.03220472792750541,0.285714280739796,0.8628290295600891,0.15991471215351813
162,A wooden bench is sitting on top of a bench. There is a black and white picture hanging on the wall. The bench has a white handle.,There are two giraffes behind a fence. The fence is silver. There is man in a blue floral print shirt standing in front of the fence. The man is wearing a black cap.,0.021019652088081105,0.32558139037317474,0.8822097182273865,0.154320987654321
163,This is an image of a building. The building has a clock on the side of it. There is a white building behind the clock.,The clock is lit up because it is night time. The sky is very dark. On top of the clock is a baseball team sign. The face of the clock is white. The letters and clock hands are black. Around the circle of the face is yellow.,0.009678455141125615,0.34042552729741965,0.880340576171875,0.12276785714285714
164,A man is sitting on a bench. The bench is made of wood. There is a black and white picture hanging on the wall.,"A man in a taupe tank top and black shorts is doing a trick with a skateboard. He is in the air, and holding the skateboard with one hand. In front of him is a black and white wall with a cartoon face painted on it. The sky above is mostly clear with one long wispy cloud.",0.050934511658941084,0.33898304648089633,0.8808927536010742,0.18841299399958616
165,A black and white cat is sitting on a wooden bench. The bench is made of wood. There is a white fence behind the cat.,A teenage girl sits on a low brick wall and texts.  She is dressed in a cool summer top and bluejeans.  She has slipped off her shoes to be more comfortable.  The wind is blowing her long hair.  She has put her purple backpack on the wall next to her.  She enjoys the shade of a nearby tree.,0.006399644389029407,0.22580644736212285,0.8534422516822815,0.10968921389396709
166,A black and white cat is sitting on top of a wooden bench. The bench is made of wood. There is a white wall behind the cat.,This photo is taken outside on a sunny day. Two men can be seen on a sidewalk near a brick building. A large black trash can is near one of the men. Large green trees line the sidewalk. A road is beside the sidewalk and across from it is a large building. Vehicles are lined up on the street in front of the building.,0.0058685246195430115,0.25806451175858486,0.8749207854270935,0.1392273327241344
167,A wooden bench sits in a room. The bench is made of wood. There is a window on the wall behind the bench.,A white airplane with a blue tail on it. There is a black and yellow sign on the ground in front of the plane. There is a orange and white flag hanging from the plane.,0.03725547524712992,0.37209301838831804,0.8805559873580933,0.26811036028150276
168,A black and white photo of a man and a woman sitting on a bench. The woman is wearing a black jacket and black pants. She is holding a white and red cell phone to her ear. There is a silver pole next to the bench,There are three buildings in a line and a tall clock tower across the street from the houses. The photo is in black and white. There are large gray clouds covering the sky.,0.015032618275787689,0.285714280739796,0.874329149723053,0.1457725947521866
169,A black and white photo of a man and a dog. The man is wearing a white shirt and blue jeans. There is a black dog in front of the man.,"This is a street corner. There are two street signs on a pole, with black text on a white background with a black rim. The one on top says ""Sandridge JMI School"" and the one on the bottom says ""HOSDB."" They are both pointing in the same direction, indicated with a black arrow on the sign. Behind the street corner is a building with a shingled overhang supported by dark green columns. There are three or four hanging baskets with flowers hanging from the underside of the overhang. The building is brick and two stories, with two windows flanking a dark sign with pale text reading ""GREEN MAN Good Food."" Behind the sign is a large amount of green climbing vine which obscures the sign for the next shop. There are the tops of two standing signs just visible in the foreground of the picture, and a couple of benches sitting on the sidewalk in front of the building.",0.002205437421971127,0.2095238065596372,0.8393511772155762,0.10201269629512386
170,A man is sitting on a bench. The bench is made of wood. There is a white building behind the man.,"A commercial garage for buses is shown on a cloudy day. There are three buses in the parking lot, two of which are near the garage doors as if they were entering the garage. There are four garage bays that are empty with their doors open. There is a small cart in front of the door farthest right. On top of the building there is a blue sign with white writing.",0.006542177082522282,0.24615384244260358,0.8648636937141418,0.1373050026896181
171,A large brown bear is standing on the ground. The bear has a black nose and black eyes. There is a tree behind the bear.,A large black bear is standing on a field. There is grass and dirt behind the bear. The bear has brown eyes and brown fur around its mouth.,0.1906351462060746,0.6666666617120182,0.9488019943237305,0.527421223871284
172,A black and white polar bear is standing on top of a large rock wall. The wall is made of metal bars. There is a black fence behind the bear.,A woman is wearing a pink shirt. She is standing in the water. There is a wave behind the woman. She is holding a white surfboard.,0.0508572540034869,0.3414634097085069,0.8981833457946777,0.36332714904143476
173,There is a white toilet in the middle of the room. There are white shelves on the wall behind the toilet. The wall is made of wood.,A young woman is walking between rows of buses.  The woman is wearing a red hoodie and black pants.  She is looking away from the camera.  The woman has dark hair.  The buses seem to be stopped at a red traffic light.,0.00626817351119557,0.1960784268050751,0.8653889298439026,0.11111111111111112
174,A black and white cat is sitting on a wooden bench. The bench is made of wood. There is a silver chain link fence behind the cat.,"A cake shaped like a high school track is half eaten and below it is written in blue frosting is ""Thank You Coaches"". On the table near the cake is a tray of cookies, cupcakes, a cobbler, and a dessert bar. beneath the cake there is a beige table runner with plums on it.",0.008120512280565234,0.19672130686374642,0.8452240824699402,0.16623348494693524
175,A man is sitting on a bench. The bench is made of wood. There is a silver chain link fence behind the man.,There are many people at a market. The middle aisle has fruit. There are green watermelons. There are also yellow bananas. The man on the left is wearing a striped shirt and blue jeans.,0.008634088350592622,0.2173912995841211,0.8721396923065186,0.121580547112462
176,A man is sitting on a bench. The bench is made of wood. There is a silver chain link fence behind the man.,There are several people sitting around a table. There is a lady standing in front of the table. There is a white sign behind the table. There is a picture in a frame on the wall next to the sign.,0.029976316388908183,0.38095237605442184,0.9081238508224487,0.20594187896859115
177,This is an image of a bathroom. The bathroom is white. There is a mirror on the wall above the toilet. It is made of glass. On top of the mirror there are two white towels on a white towel rack. Next to the,"A brick building has a window with white metal bars over it. There are two cameras on the building, one on one wall and another behind the corner. Under the camera there is a street sign that says Playhouse Yard. There is another building to the right of the brick building.",0.02046562749887555,0.3582089503141011,0.8683581352233887,0.26288978149245124
178,A man in a blue shirt and black pants is standing on a wooden bench. He is holding a black and white frisbee in his hand. There is a white building behind the man.,"A group of people is standing outside at an amusement park that looks like Six Flags as there are large roller coasters in the background. It looks like a nice day with a sunny sky and no clouds. The group consists of 6 men, most of whom appear to be on the spectrum from overweight to obese. Their ages appear to range from 45 - 70 years old. Three gentleman are standing in front and three others are standing in back. They are wearing laynards with colorful badges around their necks. Four guys are wearing glasses and one is wearing sunglasses. Most are in casual, vacation attire, except for one guy who is wearing a tie. There are a couple other people in the background who appear to be in in line for something.",0.001028175265379208,0.15789473351800565,0.8383415341377258,0.0685483870967742
179,A man is standing on top of a skateboard. He is wearing a black jacket and black pants. There is a white building behind the man.,A woman is smiling in the camera. In front of the woman is a small brown bear figurine with a laptop. The laptop has an Apple logo on it.,0.01936192289933128,0.22727272231404969,0.8815178871154785,0.156794425087108
180,A man is standing on a wooden bench. The bench is made of wood. There is a black and white picture hanging on the wall behind the man.,There are a lot of people standing on the beach. There are waves in the water. There are a lot of surf boards surrounding the people.,0.023887527917609022,0.3243243194156319,0.8927203416824341,0.19083969465648856
181,A man is sitting on a bench. The bench is made of wood. There is a white wall behind the man.,A doll is dressed up in a black suit with a silver vest. There is a green couch with red throw pillows on it behind him. There is a gold table in front of the couch.,0.030625026761288022,0.37209301858301785,0.8966754674911499,0.2471819645732689
182,A black and white dog is standing on top of a wooden bench. The bench is made of wood. There is a white fence behind the dog.,The fire hydrant is red orange. It has two silver chains. Behind the hydrant is a wooden fence. Inside the fence is the foggy area of the forest.,0.02463831792025431,0.34146340963712074,0.8896163702011108,0.17921146953405018
183,A black and white picture of a cat. The cat is sitting on a black chair. There is a white lamp next to the chair with a blue handle on it.,Someone is taking a picture from inside the airplane bathroom. The bathroom is very small and close. The person has on an olive green top and a carrying bag.,0.010448426281447131,0.30434782109640834,0.8695053458213806,0.1541095890410959
184,There is a white toilet in the middle of the room. There are white shelves on the wall behind the toilet. The wall is made of wood.,There is a white desk against a yellow wall. There is a computer on top of the desk. There is a black keyboard in front of the computer. There are bottles on the desk.,0.10904615683117494,0.5405405355441928,0.9172540903091431,0.25211435925721637
185,There is a black and white picture of a man and a woman sitting at a table. The woman is wearing a white shirt and blue jeans. She is holding a red and black umbrella over her head. There is another table in front of the,A large double deck bus is driving on the street. There are people standing next to the bus. There is a large red building behind the bus.,0.024451704548346047,0.20408162782174108,0.8772528767585754,0.20205903712247428
186,A black and white cat is sitting on top of a wooden bench. The bench is made of wood. There is a white wall behind the cat.,"Three rocks sit in a semi-circle on top of a rock ledge.  The rocks each have something painted on them.  The largest one in the middle has a stop sign.  On the right is a light blue circle rimmed in red, with a black line through the center.  On the left is some red lettering in Russian.  Lush trees are in the background.",0.03094504345657241,0.2121212078971534,0.8567174077033997,0.10942760942760943
187,There is a red and white bus on the street. The bus is white and blue. There are trees behind the bus.,There is a clock tower in front of the building. The clock tower is gray in color and it has a total of four facings. The hands are black and the face plate is white. The building behind it is brown in color. The building has long rows of windows on the second story. It has patches of checkered patterns in different spots along the face and at the end of the windows on the second floor. The sky is clear and blue. You can see a tree with no leaves on the right side of the picture.,0.0023313335545999837,0.3098591515969054,0.8770397305488586,0.09286955932815602
188,A man is standing on a tennis court. He is wearing a white shirt and blue shorts. There is a green tennis ball in front of him.,A person wearing a white tennis outfit is wearing a white visor. They are swinging a tennis racket. There is a person in a yellow shirt.,0.15048435361489218,0.46153845662064436,0.9098831415176392,0.32673478075776924
189,A man is sitting on a bench. The bench is made of wood. There is a silver chain link fence behind the man.,"A small brown dog is running down the beach, very near the shore, looking at another dog. The other dog is black, and is running through the water right near the shore. You can see waves coming into the shore.",0.0061899564220785205,0.17021276123132653,0.8694866895675659,0.09138381201044385
190,A black and white cat is sitting on top of a wooden bench. The bench is made of wood. There is a silver chain link fence behind the cat.,There are two yellow lights hanging from a black wire. There are two green trees under it. There is a tan building next to the trees. There are several signs next to the building.,0.03205853463016561,0.2222222172246915,0.8797729015350342,0.1588152985074627
191,A black and white dog is sitting on a bench. The bench is made of wood. There is a white fence behind the dog.,This is a photo inside of a pub.  A sandwich on a roll wrapped in a napkind is sitting directly in front of the camera.  Bottles of beer line the counter top.  A man in a striped shirt stands behind the bar.,0.016716635505726666,0.29166666197916674,0.8681941628456116,0.17084001480202296
192,This is an image of a bathroom. The bathroom is white. There is a mirror on the wall above the toilet. It is made of glass. On top of the mirror there are two white towels on a white towel rack. Next to the,a bathroom is set up. the tub is white in color. the tub has legs on it. the light is turned on. the mirror is very small.,0.016807563750624768,0.2916666618836806,0.8754923939704895,0.2264808362369338
193,A black and white cat is sitting on top of a wooden bench. The bench is made of wood. There is a white wall behind the cat.,An adult and a kid is on the snow. The adult is teaching the kid how to ski. The kid is wearing an orange jacket and black leggings. He is also wearing a helmet. The adult is wearing a yellow green jacket and black pants. There are bare trees visible.,0.005423398566723403,0.31372548542868134,0.8734310269355774,0.12578616352201258
194,A wooden bench sits in a room. The bench is made of wood. There is a white wall behind the bench.,White cabinets are in a kitchen. There is a window above the sink with white curtains. There is a white microwave on the counter.,0.12594591199148272,0.3428571378612245,0.897962749004364,0.34957805907172995
195,A man is sitting on a bench. The bench is made of wood. There is a white building behind the man.,Many people are walking with raised umbrellas on a city street.  The umbrellas are a variety of colors.  The people are walking on a sidewalk lined with businesses in stone buildings.  The businesses and stores have awnings and several flag poles attached to the front of the businesses.  The flags are American flags.  To the right of the umbrellas is a city street lined with vehicles including one white van. On the sidewalk are also black traffic lights and street signs.  One street sign has a black and white arrow on it and the other sign is blue with white type.,0.0007413855344009111,0.19444444098765437,0.8667103052139282,0.059139784946236555
196,A wooden bench is sitting on top of a bench. There is a black and white picture hanging on the wall. The bench has a white face and black writing on it.,"A large ornate old cruise ship is seen docked at a port. In front of the ship there is a banner which reads ""Brunel's ss Great Britain"" to the left of the ship there is another ship, this one rusty which is flying lags of various countries. To the right there are some warehouses. The sky above is blue with a few fluffy clouds.",0.006610866913542407,0.17142856711836746,0.8454784750938416,0.09046052631578948
197,A black and white cat is sitting on top of a wooden bench. The bench is made of wood. There is a silver chain link fence behind the cat.,"Two red, blue, yellow, and cream candle holders sits on a white shelf next to a small plate. On the table below thee are plates shaped like flowers. The wall behind the shelf is cinder block painted white. On the left of the shelf there is an unpainted wooden bookcase.",0.010383240623927365,0.24999999539550793,0.869143545627594,0.17526948148779345
198,A black and white bird is standing on top of a wooden bench. The bench is made of wood. There is a white wall behind the bird.,"A large sun hangs in the sky, with a long group of people riding horses below it. They are on a beach, and the reflection of the sun is prominent in the water. You can see footprints in the sand near the foreground of the picture, and tire tracks are imprinted there as well. The sea is rather choppy, and you can see waves forming and crashing down. There are probably 30 horses in the picture, and 10 or 15 riders.",0.0017582647002044214,0.21052631191135737,0.853750467300415,0.09259259259259257
199,A black and white cat is laying on a bed. The bed is made of wood. There is a white blanket on the bed and a blue blanket over it.,There are books sitting on a bed. There are white blankets on the bed. There is a lamp next to the bed. The book on the bottom of the pile is white and green.,0.06221729528225413,0.43902438524687687,0.9131078720092773,0.23809523809523814
200,A black and white cat is sitting on top of a wooden bench. The bench is made of wood. There is a white wall behind the cat.,A cat is inside of a sink. The cat is brown and striped with black and is looking at the camera. The cat has a collar on and the eyes are big and yellow.,0.02393586878693473,0.4545454495867769,0.8925645351409912,0.1951951951951952
201,This is an image of a bathroom. The bathroom is white. There is a mirror on the wall above the toilet. It is made of glass. On top of the mirror there are two white towels on a white towel rack. Next to the,Its the inside of a very large cathedral. It is massive and beautiful. There are a large amount of rows of seats on both sides. The beams on the inside on both sides are white and large. There are gold candle items hanging from the ceiling.,0.018721087851897147,0.33898304584889405,0.8708738088607788,0.2550002695563104
202,A large brown bear is standing on the ground. The bear has a black nose and black eyes. There is a large rock wall behind the bear.,Lots of dark colored cows stand on top of a hill. There are trees behind them and long tall grass under them. They have green and yellow tags in their ears.,0.009000787057864883,0.20833332847222233,0.8962849378585815,0.17386642156862742
203,A black and white cat is sitting on a wooden bench. The bench is made of wood. There is a white fence behind the cat.,A pole holds a red sign on it. There are cars lining the street. There is a black fence behind the sign. There are white clouds in the sky.,0.06252563472348276,0.4390243852706723,0.8990688323974609,0.3168576985145032
204,A man is sitting on a bench. The bench is made of wood. There is a black and white picture hanging on the wall.,The man is wearing a white shirt. He has brown hair. He is holding a frisbee. The frisbee is green. It has black graphics on it. He is also wearing black shorts.,0.017930397161851356,0.34999999501250006,0.8845579028129578,0.19230769230769232
205,A black and white cat is sitting on top of a wooden bench. The bench is made of wood. There is a white wall behind the cat.,The rain is coming down heavy outside on the street. There is a person crossing the street at the corner. Someone is holding an umbrella with big flowers on it. The sky is cloudy and grey.,0.032578509300038985,0.2916666618055556,0.8648250102996826,0.18105413105413104
206,A man is sitting on a bench. The bench is made of wood. There is a white wall behind the man.,There is a woman sitting at the table. There is a black remote on the table. There is a white plate with a white cup on top of the plate. There is a spoon on the plate.,0.06834017726133042,0.4705882303114187,0.9022046327590942,0.2559923778958981
207,There is a black and white train on the tracks. The train is yellow and black. There are trees behind the train.,A very detailed and neat bathroom. There are wooden accents in a majority white room. The bathroom is vintage and is black on the outside.,0.029834890111449328,0.5405405357195033,0.8665357828140259,0.2987235717498875
208,A black and white striped zebra is standing on the grass. The grass is very green. There is a white fence behind the black fence.,A clock sits on the ground. There is a white face with golden hands. There is an ornate black and gold design around the face of the clock which more than doubles the side of the clock. The clock sits on a black surface that appears to be the street. People are standing around the clock and five pairs of shoes are visible.,0.03205006795061933,0.37288135169204256,0.8749719858169556,0.15037537537537535
209,A black and white picture of a dog. The dog is wearing a blue shirt and blue jeans. There is a white wall behind the dog and a black fence.,There are brown and white cows in a field. There is tall grass and yellow flowers in the field. There are trees in the distance around the field.,0.021479380274235616,0.3243243193279767,0.881791353225708,0.14184397163120566
210,A wooden bench is sitting on the ground. There is a black and white clock on top of the bench. The clock is black with white numbers on it.,"A gray train is riding on it's tracks. Three train cars with red stickers labeled ""Ringling Bros. and Barnum Bailey"". All around the train tracks there is tall over grown grass, and gavel beside the road near the train tracks. Behind the tracks are a number of trees.",0.005977078375737521,0.2807017498307172,0.8575122952461243,0.15184381778741868
211,A wooden bench is sitting on the ground. There is a black and white clock on top of the bench. The clock is black with white numbers on it.,There is a silver laptop with black buttons on it sitting on a couch. There is a dog laying on the couch next to the laptop. The dog is white and has black spots on its ears.,0.04460140795454332,0.4090909041322315,0.9040319323539734,0.3533609576427257
212,A man is sitting on a bench. The bench is made of wood. There is a silver chain link fence behind the man.,there is a big yellow bus that is parked. the bus is two stories. there is an ad on the side of the bus. there are four black tires. there is a white bus next to the yellow one. the buses are parked on green grass.,0.009112301125767644,0.22222221742222234,0.8753171563148499,0.17025171624713958
213,A man is sitting on a bench. The bench is made of wood. There is a white wall behind the man.,"The cement side of this building has a silhouette of a man painted in black, to resemble a shadow next to the electrical box on the outside.  On the ground by his feet is a silhouette of a cat.  The man holds a red umbrella in his outstretched hand, to protect the cat from rain.  A bowler hat is on his head and he wears a calf length raincoat.  Graffiti is written over the black silhouette of the man, as well as a few places on the wall.  Some is spray painted onto the electrical box.",0.0008317208736685684,0.23684210193905816,0.8574318885803223,0.06779661016949154
214,There is a black and white photo of a horse. The horse is standing on the grass. There are trees in the background.,The blue water is off to the side of the park. There are a lot of people standing by the water. Some people are sitting down on park benches underneath the trees. Each tree has leafs that are changing color due to the fall weather.,0.010063242425729998,0.3846153800887574,0.8773677945137024,0.12850467289719625
215,A young boy is standing on a skateboard. He is wearing a blue shirt and blue shorts. There is a white fence behind the boy.,"A man wearing a blue baseball shirt, white pants and a blue hard hat is holding a black bat. He is wearing white gloves on his hands. He is standing on top of dirt.",0.06775158906761643,0.45454544963842974,0.9145166873931885,0.3056730446458543
216,There is a white toilet in the bathroom. The toilet seat is white and the lid is open. There are two white towels hanging from the wall above the toilet.,"The counter top in a bathroom of a hotel room is made of marble and has two white inset sinks. there is a basket of toiletries on the left, and a box of Kleenex on the right. There is a glass shelf behind the counter with a small bottle in front of a card, and two glasses turned upside down. There is a mirror with a decorative frame on the wall behind the sink.",0.012884557006439727,0.3076923034319527,0.8840975165367126,0.14968692351355187
217,There is a building with a clock on top of it. The clock is black and white. There are two windows on the building. One of the windows is white and the other window is blue.,"A sign is shown on a sidewalk. The sign is triangular, red and white, and has two people walking on it. There are a couple of cars parked on the street near the sidewalk.",0.02181205801158184,0.45833332836805557,0.8910440802574158,0.275093658625731
218,A man is wearing a white shirt and blue jeans. He is holding a black and white frisbee in his hand. There are trees behind the man.,"There are tables that have vegetables on them. There is a pile of raddishes, a pile of carrots, a pile of peas and some potatoes. There is a lady standing there with an apron on.",0.015013175896521012,0.217391299357278,0.8598765134811401,0.13157894736842105
219,A black and white cat is sitting on top of a wooden bench. The bench is made of wood. There is a white wall behind the cat.,A person in a black suit is sitting on a surf board in the middle of the ocean.  The ocean has a lot of waves that are white.  The man is sitting waiting on a wave to roll by.  The water is very choppy.,0.02655685073354534,0.39215685797770095,0.8851566910743713,0.1536643026004728
220,A black and white cat is sitting on top of a wooden bench. The bench is made of wood. There is a white wall behind the cat.,There is a white and red truck parked on the street. There is graffiti on the side of the van. There is a building behind it.,0.1143433820088083,0.47368420554016627,0.9026848673820496,0.3675033231683478
221,This is an image of a building. The building has a clock on the side of it. There is a white building behind the clock.,Some people are gaming together in a room. They all have there own computers and are focused on the game they are playing. They all appear to have some snacks and drinks next to them.,0.011884668683074988,0.13333332863209893,0.8730597496032715,0.058823529411764705
222,A man is sitting on a bench. The bench is made of wood. There is a black and white picture hanging on the wall behind the man.,A man in a yellow rain coat is walking on the sidewalk. There is a woman standing next to him carrying a blue and white umbrella. There is a lady and a little boy crossing the street.,0.04327692954390043,0.37499999513888893,0.8983808755874634,0.25172583826429984
223,There is a black and white dog laying on the ground. The dog has a white collar around its neck. It is looking up at the camera. There is another black dog in the distance.,"People are in the water at the beach.  A man is entering the water carrying a white surfboard with a red edge.  He is wearing a blue and white bathing suit.  A bit further down the beach, a couple is standing in the shallow water together looking down at something.  Low waives roll in towards the shore.",0.01378031623284254,0.24999999523925787,0.8744162917137146,0.13686131386861317
224,There is a white table in the middle of a room. There are two chairs in front of the table. The chairs are made of wood and the wood is light brown in color.,A wooden table that has a silver trophy in the middle of it. In front of the trophy are several bowls and dishes containing food. There is a loaf of bread on a block of wood at the front of the table.,0.15437098825768286,0.470588230449827,0.9038360118865967,0.2773361650485438
225,A black and white cat is sitting on top of a wooden bench. The bench is made of wood. There is a silver chain link fence behind the cat.,A cat is positioned in front of an apple computer and keyboard.  It's fur is blackish brown.  His eyes are green.  A white mouse is sitting on the black mouse pad.  A router is positioned against the wall on the computer desk.,0.032019799384545626,0.2962962914060357,0.8783197999000549,0.1842751842751843
226,This is an image of a bathroom. The bathroom is white. There is a mirror on the wall above the toilet. It is made of glass. On top of the mirror there are two white towels on a white towel rack. Next to the,A brown sectional couch in a room with colorful pillows on it. There is a brown leather ottoman in front of the couch. There is a tan and brown rug under the ottoman. There is a fireplace on the wall. Behind the couch is a window and a door that has blue curtains on them.,0.028689674589709266,0.225806446633715,0.8673635721206665,0.15769944341372913
227,This is an image of a building. The building is made of brick. There is a clock on the top of the building with a black face and white numbers on it. It has a white face with black hands and black numbers in the middle,A lone dark grey plane is flying through a cloudy sky. The sky is completely overcast. The plane has four propellers. Two propellers on each wing. It has a top tail and two side tails.,0.02673219555880807,0.2909090859107439,0.8530254364013672,0.26570184860647866
228,There is a black and white bird in the water. The bird is standing on the edge of a large body of water with a few small waves in it. There are many small rocks in front of the bird.,The sky is partly cloudy. The water is calm and clear. The train is in motion above the water on the bridge. The train is a royal blue color.,0.01737720878556081,0.34782608204158794,0.8805128335952759,0.22816506960270172
229,A man is standing on a skateboard. He is wearing a blue shirt and blue shorts. There is a white fence behind the man.,"There is a man in a white baseball uniform with green trim that plays for the Spartans and is #14. He is wearing white Nike cleats with green socks and a green hat as well. He has a brown leather baseball glove on his left hand, and has just thrown the baseball, which is in the air, from his right hand. The man is white and has medium length hair. He is standing on the dirt part of the baseball field with neatly trimmed green grass behind him.",0.0076969545903123986,0.324324320642805,0.876329243183136,0.1214889069814777
230,A black and white cat is sitting on top of a bed. The bed is made of wood. There is a white blanket on the bed and a blue blanket next to it.,There is a bed with purple blankets on it. There is one purple pillow and one pink pillow on the bed. There is a blanket on the wall behind the bed. There is a book on top of the bed.,0.06043250101520633,0.5238095188208618,0.9135158061981201,0.27792462272595925
231,A black and white cat is sitting on top of a wooden bench. The bench is made of wood. There is a white wall behind the cat.,Three elephants are in the water. They are all walking in the same direction. They all have very long tusks showing that are not in the water.,0.006980361417366381,0.05263157396121931,0.8490341305732727,0.05555555555555555
232,A man is standing on a wooden bench. He is wearing a white shirt and blue jeans. The bench is made of wood. There is a black fence behind the man.,"A bald man and a woman with short brown hair sit at a dark brown wood table. On the table there are 4 wine glasses, and a wine bottle. The man appears to be pouring something into one of the glasses. there is also a brown beer bottle on the table.",0.005762997597301149,0.29508196244020435,0.8852941989898682,0.17133486047480218
233,A black and white striped zebra is standing on a grassy field.  The field is surrounded by tall trees and a few tall grasses. There is a large rock wall behind the field and there are small rocks in front of it.,"This is an image of zebras in the wild. The zebras have black and white stripes. The long and beige grasses are visible. Beside the zebra is a small, bare tree.",0.03730022053397008,0.33898304591783973,0.8767823576927185,0.24571881509336577
234,There is a wooden bench in the middle of a field. There are trees in front of the bench. The bench is made of wood.,a bunch of zebras are roaming in the grass. the grass is yellow in color. there are three zebras. they all have stripes.,0.02265672090880199,0.35294117148788934,0.8807901740074158,0.2739224137931034
235,A black and white dog is sitting on a bench. The bench is made of wood. There is a white fence behind the dog.,The room is an image of a bathroom. It has a white sink and a silver metal faucet. On the sink is a bottle of hand soap. The bottle is orange and white with orange pump lid on it. On the other side is an orange cup that is full of toothbrushes. The wall is made of tiles. On the wall is a mirror with wooden frame.,0.011843283601342729,0.2807017500646353,0.8756006360054016,0.16913224619991538
236,A man is standing on top of a skateboard. He is wearing a blue shirt and blue shorts. There is a white fence behind the man.,People are playing frisbee outside in the park. A man has his shirt off and he is reaching out to catch the frisbee. Others are running around to position themselves to be catching the frisbee later. The grass is green and there is shade from a nearby tree. There is a stone fence along the park and trees are behind it. There is also a stone pillar by the fence.,0.010768105987821172,0.29411764290657444,0.8725897669792175,0.16220464939024393
237,A man is standing on a tennis court. He is wearing a white shirt and blue shorts. There is a black and white net in front of him.,The woman is reaching up to catch the frisbee. There is a man to the right that is catching a yellow frisbee as he bends down. The trees and the grass are green around and under the people's feet. Three of the people playing are wearing green shirts.,0.022518348595732818,0.2456140303477994,0.8763855695724487,0.13043478260869565
238,A black and white bird is standing on top of a large rock wall.  The bird has a long black beak and is looking down at the ground in front of it. The wall is made of wood and has white lines painted on it,there are people playing tennis. one of the players is wearing a blue shirt. his shorts are white in color. he is holding a black racket. the stands are filled with people.,0.0070829616979508955,0.21428570931122462,0.8637909889221191,0.23686408301792908
239,There are three giraffes in a field. The field is covered with grass and weeds. There are trees in the background.,"There are three elephants outside. People are on top of the elephants riding them over the field. There is green grass, green bushes, and trees with green leafs by the field. Off in the distance you can see mountains. The sky is blue, but also cloudy.",0.021949774468940017,0.3773584862086152,0.9003684520721436,0.2205019939010087
240,A man in a blue shirt and blue shorts is standing on a bench. The bench is made of wood. There is a silver chain link fence behind the man.,There are several long boats in the water. There is a woman wearing a white hat. There are several bananas and fruits in the boat. There is a man on the dock.,0.040007594774338656,0.3181818131921489,0.8916743397712708,0.26816911250873515
241,A wooden bench is sitting in a room. There is a white wall behind the bench. The bench has a black handle and is made of wood.,A sign is on a pole near the street. The pole is black and the sign is white and red. A bunch of cars are parked on both sides of the street. The sky is filled with cloud.,0.008458459841548756,0.3913043428638942,0.8879057168960571,0.16260162601626016
242,A black and white dog is sitting on a wooden bench. The bench is made of wood. There is a white fence behind the dog.,a bird is on a rock. the bird is brown and red. the bird is very small. the bird has very jagged feet. the bird has black eyes.,0.020695210479414076,0.34285713789387756,0.8830617666244507,0.18050541516245489
243,A man is sitting on a bench. The bench is made of wood. There is a silver chain link fence behind the man.,"There is a table full of food and drinks. There are white plates, silverware, and white cups and saucers. One of the cups holds coffee. There are two clear vessels with silver lids and black handles. Several people can be seen sitting around the table.",0.019465696330072293,0.26923076470414203,0.8743998408317566,0.16046188306171313
244,A black and white cat is sitting on a wooden bench. The bench is made of wood. There is a white wall behind the cat.,A large elephant is walking on a field. The elephant has large white trunks on the mouth of it. There is a large tree next to the elephant.,0.05092578185047232,0.46153845654174885,0.9016024470329285,0.2883611301727481
245,A man is sitting on a wooden bench. The bench is made of wood. There is a silver chain link fence behind the man.,A teenage boy sits at a table in a restaurant. He has short black hair and is wearing a short sleeve t-shirt. He is putting food up to his mouth. A large circular white plate with a black stripe around it sits before him. French fries and a foot-long hot dog with chili are on the plate. A full glass with a straw  and utensils also sit on the wooden table. A white shopping bag is visible beside the boy in the booth he sits in.,0.0010351134517191545,0.15789473309210533,0.8620169162750244,0.06892230576441104
246,A man is sitting on a bench. The bench is made of wood. There is a black and white picture hanging on the wall behind him.,An average sized cat is standing in the tub. The tub is white and is not filled with water. The shower curtain is clear and on the right side. The washcloth is dark colored and hanging from the tub. The tub has a silver drain and stopped. The cat is standing in the middle of the tub while facing the wall.,0.006123614962198255,0.31034482296670635,0.8769112825393677,0.11304347826086955
247,A black and white photo of a man and a woman. The man is wearing a white shirt and black pants. He is holding a black remote control in his hand. There is a red and green sign on the wall behind the man.,A gray and black cat is standing on a counter. The counter is white and brown. There is a coffee mug sitting on top of the counter in front of the cat.,0.0353715404694631,0.4705882303883122,0.8890915513038635,0.33617167632467587
248,A man in a blue shirt and black pants is standing on top of a black motorcycle. The man is wearing a red helmet and blue pants. There is a white building behind the man.,A man is skiing down the mountain. There is a log of white fluffy snow. The man is wearing a red hat and blue snowsuit. He is holding ski poles in his hands. He gas black gloves on his hands and sunglasses on his face. Behind the man are trees that are covered in snow.,0.12307427058055202,0.476190471473923,0.8916645050048828,0.27843291404612164
249,A wooden bench is sitting on the ground. There is a black and white clock on top of the bench. The clock has a white face and black hands.,A man stands in the snow. He is holding a black pole. There are trees behind the man. There are tracks in the snow. The man is wearing a dark colored cap.,0.018454390207834577,0.3333333283446712,0.8906059861183167,0.17350157728706625
250,A large brown bear is standing in a field. The bear has a black and white striped shirt and black pants. There are trees behind the bear.,"The head and neck of a giraffe is seen behind a small knoll which is partially grassy area and partially rocky. There are two wooden poles in the grassy area, as well as two light green rectangles which may be steps. There is a strip of black material suspended between the poles. The giraffe is seen in profile. Its mouth is closed. There is grass and rocks visible behind the giraffe's head, as well as some dirt pathways and more grass. A number of tree trunks are seen rising upward from the grass behind the giraffe.",0.0021764944817398556,0.2749999960125,0.8614280819892883,0.09422455851027278
251,A wooden bench is sitting on top of a stone wall. There is a clock on the side of the bench. The clock is black with white numbers on it.,There are two clocks at a tower near a larger building behind it.  The two clocks are black with white faces.  The numbers are roman numerals and the right clock reads 12:15 while the left clock reads 11:40.  The tower has detailed architecture which makes it appear very old.  There are ornate golden decorations also visible on the clock tower.,0.018493008899660154,0.31249999559082037,0.8806236386299133,0.18604547081990694
252,A wooden bench is sitting in a room. There is a white wall behind the bench. The bench has a black handle and is made of wood.,A bed covered in white blankets and pillows sits in the corner. There is a silver laptop sitting on the bed. The apple logo on the screen is lit up. There is a poster hanging on the wall. The walls of the room are white as well. The laptop on the bed is open. There is nobody in the room.,0.015217869526938082,0.46428570959821436,0.8852073550224304,0.14109347442680778
253,A man is riding a skateboard on a paved road. He is wearing a black helmet and black pants. There is a red stop sign on the side of the road with a white arrow pointing to the left.,two legs are riding on a skateboard. the skateboard is in the air. the skateboard is black in color. there is another person skateboarding in the background. the skate park is surrounded by mountains. there is a grey rail next to the ramp.,0.019027644153931083,0.2857142807142858,0.8820168375968933,0.22516048672990321
254,There is a wooden table in the middle of a room. There are two chairs in front of the table. One chair is white and the other is black. The table is made of wood.,There are two people dressed in winter gear on snowboards in mid air. The hill is covered in white snow. There are people standing on top of the hill in the back round. You can also see trees covered with snow. The sky is cloudy and looks cold.,0.0316909244327464,0.34482758142092745,0.871256411075592,0.20146045235546037
255,This is an image of a man. The man is wearing a white shirt and blue jeans. He is holding a black and white frisbee in his hand. There is a large white building in the background.,There is a cake in a white box. The box is sitting on a table. There is an empty white plate sitting next to the cake. There is a person holding a knife cutting the cake.,0.047397965465005555,0.3404255269714804,0.8880346417427063,0.2606150450138504
256,A red and white train is on the tracks. The train has a yellow and black stripe down the side of the train. There is a white sign above the front door.,"This is a large, black and red train. A jet of steam comes out the side and hits the ground. the train has three headlights on the front as well as an identification number. the door to the front car is slid open and a man stands at the rear of the car doing something. There are trees in the background behind he train.",0.012787640640407598,0.3768115897584541,0.8830749988555908,0.2259134406263593
257,There is a white toilet in the middle of the room. There are two white towels hanging from the wall above the toilet. The wall is made of wood.,Black cabinets are above a kitchen cabinet that isn't finished. There is a ladder leaning against the wall. There is a white door on the hall leading into the kitchen.,0.10021599130919774,0.37209301828015146,0.8945235013961792,0.22969125735924154
258,A wooden bench is sitting on the ground. There is a black and white picture hanging above the bench. The picture is of a man and a dog. Both dogs are brown and have white faces.,"The image is a black and white photo. A young boy is sitting in the space between the poles of two parking meters off the ground. His arms are wrapped around the two meters and his feet are tucked behind the main bar supporting the two meters. He is smiling with his mouth wide open. He is dressed in warm weather clothing including dark shorts, a striped t-shirt, tennis shoes, and socks. His hair appears to be light colored. To the boy's left there is an older model car parked in a parking space. In the distance behind him there are several older model cars parked in a parking lot. The area is surrounded by mature trees. The concrete of the parking area in the foreground is stained from previous vehicles' fluid leakage. From the content of the photo and the models of vehicles, it appears this is a vintage photograph.",0.006079160084485922,0.19834710406393008,0.8557546734809875,0.07168458781362008
259,A wooden bench is sitting on top of a metal railing. There is a black and white picture hanging on the wall behind the bench.,a bunch of cars are in a parking lot. there is  black motorcycle that are parked. the motorcycle is clean and shiny. there is a white building in the background. the sky is blue in color.,0.015428900778685542,0.3181818132231406,0.8775156140327454,0.17191977077363896
260,There are two tables in the room. There is a white table in front of the table. The table is made of wood and the wood is light brown in color.,A tall brown and white cake is sitting on a table. There are red and yellow flower petals around the cake. There is a white plate on the table with a fork on top of it.,0.0939176601596354,0.3999999950617284,0.8885897994041443,0.2364903707962058
261,A man is standing outside on a sunny day. He is wearing a black jacket and black pants. There is a white building behind the man.,"This photo is taken outside on a sunny day. A woman is walking on a sidewalk while looking at her phone. She has a large black purse on her shoulder. A tall red fire hydrant is sitting on the sidewalk beside the woman. There is a gray car on the road in front of the woman. A gray fence can be seen across the street, surrounded by vehicles.",0.041359624297245594,0.2985074584985521,0.9035838842391968,0.15858585858585858
262,There is a red and white bus on the street. The bus is white and blue. There are trees behind the bus.,a yellow taxi got into an accident. he hit a tree and crashed. there is a cop car next to him. The man is talking with the cop. there is a store right next to the accident.,0.012707445124575277,0.2439024343842951,0.887017011642456,0.14084507042253522
263,There is a wooden bench in the middle of the woods. The bench is made of wood. There are trees behind the bench.,A surfer is wearing a black wet suit. He is standing on top of a white surfboard. There are large waves in the water behind the man. The sky is blue.,0.024929845265418058,0.4186046464899947,0.887876570224762,0.22740955612719613
264,A group of people are standing on a grassy field. There is a man in a blue shirt and blue pants standing in front of the people. He is holding a black and white baseball bat in his hand.,"A batter is swinging his bat to hit the baseball. He is wearing a black helmet and a white uniform. The catcher is behind him with a red mask on his face, and behind him is the umpire with a black helmet. There is green grass on the field.",0.017697127238131875,0.3999999950222222,0.8889263868331909,0.21704603909465023
265,A man in a blue shirt and black pants is standing on a bench. There is a black and white picture hanging on the wall behind him. The bench is made of wood.,"The plate is colorful. At the center of the plate is a white, creamy dip. On the plate, there is  cucumber, broccoli, carrots, tomatoes and red peppers. Beside the plate is a knife with black handle.",0.01631105179385652,0.19230768731508888,0.8532529473304749,0.23887332710862125
266,A man is standing on a sidewalk. He is wearing a black jacket and black pants. There is a red and white sign on the sidewalk next to the man.,A child in a blue and black coat and black pants is stanind on a snow board apparently watching an older man in a white coat who is walking off.  Snow covers the ground and is well tracked.  To the right of the boy on the board is a line of people waiting.,0.014813506191900526,0.285714281122449,0.8842520117759705,0.252301117685733
267,A black and white cat is sitting on a wooden bench. The bench is made of wood. There is a silver chain link fence behind the cat.,A gray cat is sitting on a closed toilet and looking down at an orange cat. The orange cat is looking up at the gray cat. The toilet seat and lid are light wood. The toilet itself is white and so are the tiles on the floor. The toilet paper roll hangs on a metallic holder.,0.058410253494570206,0.3636363588363637,0.8801156878471375,0.1771789665725047
268,A wooden bench is sitting on a bench. There is a black and white picture hanging on the wall. The bench has a white handle.,A white airplane is taking off from the ground. There is blue writing on the side of the airplane. There are white vans on the ground below it.,0.024610891548598097,0.3243243193279767,0.8942822217941284,0.18050541516245489
269,There is a wooden bench in the middle of the room. The bench is made of wood. There are a bunch of books on the bench.,Two people are skiing on snow. One of the people is wearing a white coat and orange pants. They are holding black ski poles. There is a person standing behind them also in the snow.,0.041861747639147094,0.3478260822967864,0.8795267939567566,0.17595307917888564
270,A wooden bench is sitting on the ground. There is a white building behind the bench. The bench has a black and white sign on it.,A boy is sitting at a small dock. The boat has small wooden benches on it. Above the boat is a bridge that has people walking on it.,0.02989825043493172,0.44999999501250004,0.9110401272773743,0.34503009837028337
271,A black and white striped cat is sitting on top of a wooden bench. The bench is made of wood. There is a white fence behind the cat.,There is a man in a brown shirt standing on the grass. There is a yellow frisbee in front of the man. There are trees behind the man.,0.04841524713034601,0.3589743540039448,0.9005670547485352,0.28527154663518295
272,A wooden bench is sitting on top of a bench. There is a black and white picture hanging on the wall. The bench has a white handle.,"An abandoned train is shown on the tracks. There are some graffiti words on the train. The color of the writings are green, yellow, black, white, and a gray color.",0.019239048714416594,0.3181818132231406,0.8874533772468567,0.15151515151515152
273,A man is standing on a tennis court playing tennis. He is wearing a white shirt and blue shorts. The court is green with white lines on it. There is a green fence behind the man.,Two people are playing tennis. They are wearing white uniforms. The woman is wearing a tennis skort. She is swinging her racket. The dirt under her is light brown.,0.04101324641246726,0.2978723354459032,0.9060099720954895,0.26894287224865737
274,There is a man sitting on a bench. The bench is made of wood. There are a lot of windows on the side of the building.,A wooden desk with a laptop on top of it. There is a silver keyboard in front of the laptop and a mouse next to the keyboard. There are wires coming off of the laptop. There is a wall behind the desk and there is a blue note stuck to the wall.,0.023122746410383317,0.2916666620920139,0.889137864112854,0.18020692757534862
275,A woman is standing on a tennis court playing tennis. She is wearing a white tank top and white shorts. There is a green tennis ball in front of her.,There are people on the tennis court. There are bushes and trees behind them. They are all wearing white shirts and holding tennis rackets.,0.010156971830473335,0.33333332837868485,0.9036028385162354,0.14227642276422764
276,A wooden bench is sitting on top of a bench. There is a black and white picture hanging on the wall. The bench has a white handle.,three birds are perched onto a handrail. the handrail is made out of wood. the wood is dark brown in color. the birds have white necks.,0.010924856017658639,0.19999999500000015,0.888391375541687,0.15325670498084293
277,A black and white cat is sitting on top of a wooden bench. The bench is made of wood. There is a silver chain link fence behind the cat.,A bicycle is parked at a metal bicycle stand. There is a gold color lock attached to the bicycle stand. The bike is leaning onto the side of it. There is a black and gray bag attached to the bicycle. Behind the bicycle is a road with a large bus on it. The bus is white and blue and has an orange digital sign on the front.,0.014052820833160366,0.3174603128243891,0.8850007057189941,0.14085794655414907
278,A black and white picture of a cat. The cat is sitting on a white table. There is a black lamp next to the cat on the wall.,A black vehicle with rain on it.  The inside of the car has black interior  A bird is sitting by the window.  The bird is white on top and with wings and tail are light blue.  The bird is looking into the mirror.  There is a bush on side of the car with purple flowers on it.,0.021324615358349515,0.39999999547768605,0.8723644018173218,0.2063012875042373
279,A wooden bench is sitting on top of a green grassy area. There is a wooden fence behind the bench.  The bench has a white and black handle and is made of wood. The ground is covered with dirt and weeds.,A large barn is surrounded by wooden and metal fences. In front of the barn is a paved street. The roof of the barn is grey and the walls are painted white. The doors are bright white. There are many pastures surrounding the barn.,0.014398967484026417,0.3050847407641483,0.897114098072052,0.16018306636155608
280,A black and white photo of a man and a woman. The man is wearing a black jacket and black pants. He is holding a white remote control in his hand. There is a red and green sign on the wall behind the man.,"A single red bench sits on the brick patio near the water. There is a short wall at the end of the patio, looking out over the water. The water spans as far as the eye can see, and is a bright blue. The sky is light blue above the water. There are dark shadows cast on the patio from unseen objects as well as from the bench.",0.019869029722075885,0.2739725979508351,0.8477861285209656,0.1511203477086674
281,There is a train on the tracks. The train is red and white. There are trees behind the train.,There is a white and yellow train with red doors next to a red and yellow train. They are on top of the railroad tracks. There is a brick walkway next to the trains.,0.03722198291259415,0.540540535836377,0.9173510074615479,0.29513343799058084
282,A black and white dog is standing on top of a wooden bench. The bench is made of wood. There is a white wall behind the dog.,A man is standing on a field. The turf is green. It is night time. He is dressed in pants and a long sleeve shirt. He also has a winter hat on. He just got done throwing a Frisbee in the air. In back of him is a white brick wall and a blue trash can.,0.024531153584776064,0.32258064079084287,0.8831928968429565,0.16765013601171794
283,This is an image of a man. The man is wearing a white shirt and blue jeans. He is holding a black remote control in his hand. There is a red and white sign on the wall behind him.,"A bricked sidewalk is showing little action. The gray brick sidewalk lines a red brick building. The building contains a street light at the top of the wall. There is also a sign on the wall that reads Copper Alley Nite Club Now Open, with a black double door for its entrance. On the sidewalk is a pole that has a no parking sign. There are two bicycles parked against the silver pole.",0.043162659407859065,0.26829267828673414,0.8570804595947266,0.12212643678160919
284,A black and white dog is standing on top of a wooden bench. The bench is made of wood. There is a metal fence behind the dog.,A man with skis is skiing up a hill with ski poles. The slope is white and smooth and the sky is cloudy and grey. There are skinny pine trees in front of the skis. The skier is wearing a black jacket and a red and black backpack. His ski pants are grey.,0.0050600434530841286,0.31578946903047095,0.8770890831947327,0.12896825396825398
285,A black and white photo of a man and a woman sitting on a bench. The man is wearing a black jacket and black pants. He is holding a white remote control in his hand. There is a red and green sign on the bench next,The back of a stop sign on a pole is at the intersection of 13th Street and an unknown avenue at dusk. Six power lines run from a building in the distance. The windows on the building are small and high privacy windows.,0.01908877093803009,0.29032257565036423,0.8488131165504456,0.1821610615357284
286,A black dog is sitting on a bench. The bench is made of wood. There is a white fence behind the dog.,There is a black bear sitting in a green chair. There is a woman in a blue shirt and a man in a pink shirt kneeling behind the chair. There is a silver fence behind them.,0.03744445900595028,0.421052626634349,0.9170628190040588,0.27366329479768786
287,A black and white cat is sitting on a wooden bench. The bench is made of wood. There is a silver chain link fence behind the cat.,The picture is of a baseball team and the coaches together. They have old style uniforms on. In front of the row of players there are baseball bats on the ground. The picture was taken out in a open field.,0.00725346726769598,0.22641508948380215,0.8679118156433105,0.12919896640826875
288,A large airplane is flying in the sky. The plane is white and has a blue tail. There is a large white building behind the plane.,a plane is flying in the sky. the plane is very white in color. there is a logo on the tail. the logo is in the shape of a leaf.,0.1629422912688097,0.4999999950154322,0.9221717119216919,0.28716216216216217
289,A man is sitting on a bench. The bench is made of wood. There is a white wall behind the man.,"Four people wearing old-fashioned clothing stand posing in front of the camera. They are in a large building with a bright ceiling, and there is a black train behind them. There are two men on either side of two women. The man on the far left has a black suit, black shoes, and a black top hat. The woman to his right is wearing a white, pink, and green dress, with a white hat, and a broach pinned to her chest. She is holding a white satchel in her white-gloved hands. The woman next to her is also wearing white gloves and holding a white satchel. This woman has a green dress on, with lace on the trim. The man next to her is wearing a checkered vest underneath a dark long coat and dark pants. He has a black top hat.",0.00011536153988703301,0.2127659546220009,0.8544001579284668,0.061585835257890686
290,A black and white cat is sitting on top of a wooden bench. The bench is made of wood. There is a silver chain link fence behind the cat.,a bunch of birds are on the ocean shore. the shore is very shallow. the birds are white in color. you can see their reflections in the wet sand.,0.010128952330932188,0.26666666166913583,0.8761247992515564,0.13793103448275862
291,A black and white cat is sitting on a wooden bench. The bench is made of wood. There is a white wall behind the cat.,There are wooden cabinets on the wall above a wooden counter. There is a window above the counter with white curtains on it. There are red peppers hanging from a white planter on the ceiling.,0.040385155855786774,0.34146340966091615,0.8830358982086182,0.2170138888888889
292,A man is standing on a skateboard. He is wearing a white shirt and blue shorts. There is a black and white fence behind the man.,Two men are jumping in the air trying to catch a frisbee. The frisbee is white. There is a house behind them with some trees in front of it.,0.03960116830438123,0.2272727223657026,0.8948789238929749,0.19945957477067477
293,A wooden bench is sitting on top of a metal railing. There is a black and white picture hanging on the wall behind the bench.,A cat is lounging on a flat screen TV.  The cat has white paws.  The TV is mounted on the wall.  A bed is reflected on the screen of the TV.,0.018844901966466113,0.4102564052596976,0.8756710290908813,0.2259134406263593
294,A black and white photo of a man and a woman sitting on a bench. The man is wearing a black jacket and black pants. There is a white wall behind the man.,There is a man in a yellow shirt riding on top of a brown horse. There is rope in his hands and he is trying to rope a white cow. There is a wood fence behind the man.,0.05939133584763237,0.3829787184608421,0.8934550285339355,0.37361014994232983
295,A man in a blue shirt and blue shorts is standing on top of a white bench. The bench is made of wood. There is a black and white sign on the side of the building.,There are several people sitting on bicycles. They are on a beach and there is water behind them. A lady in a yellow shirt is standing next to a bike.,0.020708683301631173,0.36734693377759275,0.8994181752204895,0.21241830065359474
296,A man is sitting on a bench. The bench is made of wood. There is a black and white picture hanging on the wall.,"A wooden table is next to a white stove. On the table are an apple, a pomegranate, a plastic container with brown food items, a container with cooking utensils and several other food related items. The tiles behind the table are beige and brown.",0.005783825280301862,0.23529411297193395,0.8622440099716187,0.11904761904761905
297,A black and white cat is sitting on top of a wooden bench. The bench is made of wood. There is a white wall behind the cat.,"A girl in a purple and black shirt sits at a table in front of a plate. On the round yellow plate there is a slice of pizza with macaroni on top of it, and a long handled silver fork. the table is wooden with a white pebbled section n the middle. Near the camera there is a green water bottle.",0.01843970112541781,0.29032257627471386,0.8802549839019775,0.22207754629629628
298,A large brown bear is standing on top of a rock wall. The wall is made of wood. There is a large boulder in front of the bear.,This image is of a bench sitting along what appears to be a paved walkway.  There is a area of grass behind the bench that has small red flowers blooming in it.  In the background are trees and 2 bright red double decker buses.  you can also see some city building in the far distance.,0.018458575757159992,0.18181817759412314,0.8676717281341553,0.18340031997502632
299,A black and white cat is sitting on top of a wooden bench. The bench is made of wood. There is a white wall behind the cat.,A young man flying through the air on a skateboard. The skateboard is gray in color. The young man on the skateboard is wearing gray pants and a white shirt. There is a crowd watching the young man on the skate board. There is a wall separating the man from the crowd.,0.021853426457624104,0.41666666180555556,0.8895687460899353,0.1830733369194908
300,A black and white photo of a man and a woman sitting on a bench. The woman is wearing a blue shirt and blue jeans. She is holding a white remote control in her hand. There is a black door on the wall behind the bench,A plane that is red and blue is flying in the air. There are several white clouds behind the plane. There is a white stripe on the plane.,0.03893478295041712,0.4399999952,0.8774630427360535,0.39291893875838924
301,A man is sitting on a bench. The bench is made of wood. There is a white wall behind the man.,A man is in a blue shirt and jean overalls. He is wearing a white and black hat on his head. There is a white refrigerator in front of him. There are white trucks behind him.,0.09210621438754298,0.42857142385487534,0.8917595744132996,0.2471819645732689
302,A man in a blue shirt and blue shorts is standing on a wooden bench. He is holding a black and white frisbee in his hand. There is a white building behind the man.,There is a large brown dog standing next to a woman. The woman is holding a blue frisbee in her hand. There is also another person standing next to the dog.,0.07169034994566983,0.44444443946666673,0.9151818752288818,0.3657820955858381
303,A man is sitting on a bench. The bench is made of wood. There is a white wall behind the man.,a little girl is eating a slice of pizza. she is holding it in her hands. the pizza is pepperoni. The table is blue and there is a red plate on the table beside a plastic white fork. the kid is wearing a bib which is white in color and there is a mess on top of the table.,0.004729496904324397,0.27450979961553257,0.8844563961029053,0.16416902495497815
304,A man is standing on a skateboard. He is wearing a black jacket and black pants. There is a white building behind him.,A man is wearing a black cap and jumping off of a skateboard. The skateboard is green and red. There is a red brick building behind the person.,0.1806494502447733,0.5641025591321501,0.9382778406143188,0.4872869318181817
305,A black and white cat is sitting on top of a wooden bench. The bench is made of wood. There is a white wall behind the cat.,a kite is in the sky. the kite is light blue in color. people are flying the kites. the sky is very blue and has wispy clouds in the sky.,0.009775990695137012,0.15789473185595584,0.8658624887466431,0.11784511784511785
306,A black and white photo of a man riding a skateboard. The man is wearing a black helmet and black pants. There is a white building behind the man.,A little girl with a brown hat on and she has long hair underneath the hat.  She is wearing a blue and pink top that is a little off her shoulder .  She is eating a piece of cake out of her hands her fingers have cartoon character wrapped around them and a person in black clothing is sitting on the right side of her.,0.01477980424543264,0.24999999582519536,0.8617179989814758,0.12214983713355049
307,A black and white dog is standing on a wooden bench. The bench is made of wood. There is a white fence behind the dog.,Some planes sit on the ground. The ground is covered in mostly green grass. The plane in the front is mostly silver with some red and black signs. There is a black plane and a red plane behind it. Many tall trees are behind the planes. The sky above is blue. There are no clouds in the sky.,0.015675863288387454,0.3333333287722908,0.8792026042938232,0.10968921389396709
308,A black and white photo of a man and a woman sitting on a bench. The man is wearing a blue shirt and blue jeans. He is holding a black remote control in his hand. There is a white wall behind the man.,A hot rod truck sits in a parking lot.  A surfboard is resting on top.  The truck is antique looking.  It has fancy wheels with fenders.  The hood has exhaust pipes sticking out.  The truck bed is covered up.  The truck is painted black.  A modern conventional car is parked nearby.,0.005985261432424431,0.17910447270216096,0.8547638058662415,0.11952191235059761
309,A wooden bench is sitting on the ground. There is a black and white bird perched on top of the bench. The bird has a long black beak.,"A person stands, wearing a wetsuit, on a surfboard surfing in the waves of the ocean. While another surfer sits on the surfboard looking on at the surfer. Two heads can be seen bobbing in the distance behind the ocean wave. A concrete pillar is in the foreground of the beach.",0.010819755387937363,0.21818181346115711,0.8591262102127075,0.15150866986082595
310,There is a black dog on the ground. The dog has a white collar around its neck. It is looking down at something. There are trees behind the dog.,"A man in an elaborate blue, red and gold eastern style costume is standing in front of a stand on which two large brown bears are on four paws and appear to be kissing the man on his cheeks. Behind them is a cloth with has small bears and trees painted on it. A large large with rope on it is in front of them.",0.005760539482207698,0.20895521937179784,0.8598231673240662,0.1388888888888889
311,A young boy is standing on a skateboard. He is wearing a white shirt and blue jeans. There is a black and white fence behind the boy.,A red fire hydrant is in the dirt. There are green bushes all around the hydrant. There is a brown leaf on the ground in front of the hydrant.,0.03964970465507057,0.29268292183224276,0.8799582719802856,0.19876700680272108
312,A man is sitting on a bench. The bench is made of wood. There is a silver chain link fence behind the man.,Two people are sitting next to each other at the table. On the table are drinks and many dishes of various foods. In the middle of the table is a cutting board with a whole pizza on it.,0.012479265556426299,0.24999999531250006,0.881431519985199,0.1095890410958904
313,A man is standing on a skateboard. He is wearing a white shirt and blue jeans. There is a black and white sign on the skate board.,"A parade is going down the street in a town in a residential area. There are there police officers on motorcycles in the front, and behind them there is a police car. People are standing on the sidewalk watching as the parade goes by.",0.01619977045444138,0.2745097991541715,0.8667503595352173,0.21423475596961686
314,A black and white photo of a man and a woman. The man is wearing a black jacket and black pants. He is holding a white remote control in his hand. There is a large white building behind the man.,"A man in a black t-shirt, black leather vest, and blue jeans is sitting on a dark red Kawasaki motorcycle with a USA flag on the back. The rider is wearing a helmet with a design painted on it, and looking off to his left. On the left of him there is a white car in front. And there is a gray car behind him. There are two trucks and two cars going the opposite direction on the left of the street.",0.016924218581941843,0.3749999956125,0.8791375160217285,0.2118457583547558
315,There is a white bus on the street. There are people standing in front of the bus. The bus is red and white.,There is a large gray plane with people standing next to it. There is a person in a blue shirt next to the plane. There are cars next to the plane.,0.047638081939227694,0.44444443945987655,0.9211757183074951,0.2644901756882491
316,A wooden bench is sitting on the ground. There is a black and white bird perched on top of the bench. The bird has a long black beak.,A white and brown building is in front of a brick sidewalk. There is a person standing behind a silver table. There is a yellow cart in front of the window on the building.,0.045122007984745645,0.27272726773760336,0.889772355556488,0.25532268795741847
317,A wooden bench is sitting on a bench. There is a black and white picture hanging on the wall. The bench has a white handle.,An old steam locomotive is chugging down the tracks through a wooded area. There is a steamstack on it that has smoke billowing from it. The train has many open windows and it is filled with people.,0.03134878445607302,0.24489795453561022,0.8663244843482971,0.13966480446927373
318,A wooden bench is sitting on the ground. There is a white wall behind the bench. The bench has a black handle.,A flat screen computer is positioned on a contemporary desk.  There is a flexible desk lamp to the side.  On the opposite side is a set of speakers.  On the front left edge is a large pair of headphones hanging from the corner.  An ergonomic office chair is in front of the computer and facing a red wall.,0.011016611531295295,0.24999999577168372,0.8820158243179321,0.11681985294117649
319,A black and white dog is sitting on a bench. The bench is made of wood. There is a white fence behind the dog.,There is a wood fence with bushes and trees in front of them. There is a large brown cow behind the fence. The cow is standing in a field of grass. The sky is blue and there are no clouds in the sky.,0.02777243103728931,0.39130434306238193,0.8996660113334656,0.1581508515815085
320,A black and white cat is sitting on top of a wooden bench. The bench is made of wood. There is a white wall behind the cat.,There is a black steel fence with a white and black sign on the front of it. There is a yellow and orange building behind the fence. There is a brick building next to them.,0.04407566756448815,0.465116274094105,0.8857153058052063,0.3423679641812865
321,There is a black and white dog laying on the ground. The dog has a white collar around its neck. There is another dog in the distance behind the dog.,"Two birds stand next to each other.  The birds seem to be of the same species, only male and female.  One bird has an elaborate growth coming from the top of its head.  Its head is black with white stripes.  The other bird's head does not have a growth or any stripes.  The birds are standing on flat ground next to some green grass.",0.003661318385414948,0.30985915076373743,0.8710930943489075,0.11551155115511551
322,A black and white cat is sitting on a wooden bench. The bench is made of wood. There is a white wall behind the cat.,There are two zebras standing on dirt. They are both facing away in the same direction. There are several bushes on the ground next to them.,0.009579284959151963,0.14999999501250016,0.8861812353134155,0.07722007722007722
323,There is a wooden table in the middle of a room. There are books on top of the table. The table is made of wood and the wood is light brown.,The image contains a bed with an intricately carved headboard and foot board.  A flowery blanket covers the bed along with two pillows.  A blue piece of material is draped over the foot board.  Two gold-framed mirrors of differing sizes are standing against the wall.,0.006829002374464956,0.24561403053247163,0.8649475574493408,0.14908256880733944
324,This is an image of a bathroom. The bathroom is white. There is a mirror on the wall above the toilet. It is made of glass. On top of the mirror there are two white towels on a white towel rack. Next to the,a train is on the tracks. the train is red in color. the tracks are black in color. there is nobody on the platform. there is a sign above the platform.,0.01927811464498836,0.3111111065283951,0.8645186424255371,0.30691934395320686
325,A black and white striped zebra is standing on a grassy field.  The field is surrounded by tall grass and weeds and there are trees in front of the field that have green leaves and no leaves on the ground. There is a fence,A rear view mirror on a car. It is black around the rim. There is a white and gray dog in the reflection of the mirror. There is a large tree in front of them.,0.04927047366113757,0.3793103399227111,0.8686266541481018,0.4233828964729666
326,A man is sitting on a bench. The bench is made of wood. There is a silver chain link fence behind the man.,There is a man sitting at a table wearing a green shirt and a gray jacket. There is a pizza on the table in front of him on a wood serving board. There is a salad and a sandwich on a plate on the table.,0.02411939555964059,0.4090909042561984,0.8947706818580627,0.1842891113200243
327,A man is sitting on a bench. The bench is made of wood. There is a silver chain link fence behind the man.,A man is presenting a woman with some desert. There is some cheesecake and icecream with a candle. They are in a very nice restaurant and they are both smiling.,0.04135502525932889,0.24390243409875084,0.875113844871521,0.16368322072856448
328,A black and white dog is standing on top of a wooden bench. The bench is made of wood. There is a white wall behind the dog.,The sun's rays are shinning through the trees in the back ground. The trees are tall and they produce a lot of shade. There is a white table in the foreground. On the white table is a zip lock bag. In the bag is three or four rolls of what appears to be some kind of processed meat. The meat are in rolls such as what you would expect bologna or sausage to be.,0.020460086332785343,0.23529411349480975,0.861922025680542,0.10822510822510824
329,There is a wooden table in the middle of a room. There are a lot of books on top of the table. The table is made of wood and the wood is light brown in color.,The room is being finished. There are bare walls. There is no sheetrock. The bath tub is white. It is just sitting in place. The wood beams are thin.,0.018889796346849765,0.2727272677272728,0.8803024888038635,0.23123799983304116
330,A man is standing on a skateboard. He is wearing a black jacket and black pants. There is a white wall behind the man.,A person is riding on a skateboard. The skateboard is black with yellow wheels. The person's shoes are black with green socks. Pants are black. Two hands are hanging by the side of the body. The ground is nicely tiled with a sort of brick.,0.022591898865391202,0.2857142810662225,0.9052236676216125,0.12820512820512822
331,There are two elephants standing in a field. There are trees behind the elephants. The elephants are standing on the grass.,A white polar bear is relaxing in water. The water is blue and calm. The polar bears back paw is sticking out of the water. The paw has black padding. The water is enclosed by a rock like wall. The polar bear has closed eyes. The mouth is in a frown.,0.005505229904247318,0.17391303924385643,0.8797264695167542,0.09991496598639457
332,A man is standing in front of a white wall. He is wearing a black shirt and black pants. There is a blue and white sign on the wall behind him.,There is a road that has sheep standing on it. There is a person riding a bicycle going down the road in front of them. There is tall grass and trees around the road.,0.056333438799392,0.4166666616753472,0.8822380900382996,0.3311572700296736
333,A black and white cat is sitting on top of a wooden bench. The bench is made of wood. There is a white wall behind the cat.,three kids are all standing outside in the grass. they are all holding bats and balls. the bat is red in color. the ball is white.,0.009871721786705418,0.19999999500000015,0.880609929561615,0.11494252873563218
334,A man is sitting on a bench. The bench is made of wood. There is a white wall behind the man.,A lady is holding her phone and sitting with her legs crossed. She has a gray flip phone. She is wearing a brown tank with some short white shorts. She has blond hair and sunglasses on the top of her hair and she is in a building that has a lot of wooden furniture.,0.003455942952212525,0.22641509012459957,0.8874908685684204,0.11834319526627218
335,A man is standing on a bench. The bench is made of wood. There is a black and white picture hanging on the wall behind the man.,A large swimming pool is free of people swimming. The light blue pool is decorated on the bottom with three blue triangles and a curvy stripe. People stand around the pool by a few white tents set up on the far end of the pool. A set of stairs leads into the pool. The stairs have a metal railing.,0.007205172146822548,0.2711864361964953,0.8713955283164978,0.14336917562724014
336,A black and white photo of a man and a woman. The man is wearing a black jacket and black pants. He is holding a white remote control in his hand. There is a large white building behind the man.,"The view is an industrial area of a city and is under construction. To the right is a business with a yellow and blue billboard. In addition there is a flagpole with an American flag adjacent to the building. There are several vehicles in a parking lot in front of the business. To the left is a construction site that is fenced and barricaded off from the street. A tall, blue crane stretches into the blue, cloudy sky. In the foreground a stop sign with a sticker under the silver letters stands on a street corner. The sign casts a dark shadow on the sidewalk behind it.",0.0037701175221027112,0.23404254918967865,0.853474497795105,0.09970089730807577
337,This is a bathroom. The bathroom is white. There are two sinks on the wall. One of the sinks has a white soap dispenser on top of it. On the other wall there are white tiles.,A room with a lot of machine in it.  Some of the machines are silver and some of white.  The floor is black and shiny.  The wall in the room are white.  There is writing on top of the silver machines and black dials on top of the white machines.,0.032637752823588044,0.42307691810650894,0.8760727643966675,0.26152263374485596
338,A man is standing on top of a wooden bench. The bench is made of wood. There is a black and white picture hanging on the wall behind the man.,Two children are posing for a camera in the snow.  The boy is standing on skis with a blue helmet and a snow jacket.  The girl has a graphic designed ski jacket and blue helmet.  There is a ski lift on the right side of the mountain.  Trees and mountains are seen in the distance.,0.02897767303317804,0.3103448228775268,0.8677977919578552,0.2019922254616132
339,A large airplane is flying in the sky. The plane is white and has a blue tail. There is a large black and white building behind the plane.,there is a plane in the air. it is a green military plane. it has really shorts wings. the tail wings are also small. it has propellers on the front. it is being surrounded by clouds. the sky is very blue.,0.016259611271168452,0.37499999513888893,0.8887816071510315,0.17632241813602018
340,There is a black and white striped cat laying on the ground. The cat has a white collar around its neck. There is another black cat in front of the cat.,A cat is black and white. It has a pink mouth and white whiskers. It is looking up. The cat is laying in green grass. The ears of the cat are pointing up.,0.029596242190871147,0.5217391254442345,0.9113276600837708,0.37180764813188294
341,A black and white striped cat is sitting on a wooden bench. The bench is made of wood. There is a white wall behind the cat.,Many narrow kayaks sit in the water. They are all bright colors.The water is still and flat. Next to the water is a fence. There is a bridge over part of the water. There are many trees next to the water. A tree branch covers some of the boats. There are the reflections of many trees in the water. The sky above is clear.,0.011538635985260955,0.2711864361964953,0.8597441911697388,0.09966777408637874
342,A black and white striped zebra is standing on a grassy field.  The field is surrounded by tall trees and a few tall grasses. There is a black fence surrounding the field and there are small bushes in front of the fence.,A group of animals is gathered in a field. There are elephants and rhinoceroses standing together near a watering hole. There are both younger and older animals here together. Some of the elephants are caked with mud after being in the water.  The rhinoceroses are walking toward the water while the elephants are facing the direction the rhinos are walking from. The elephants have large flapped ears and long trunks. The water hole is surrounded by tall green grass and trees with many green leaves on them.,0.03081578349954962,0.3764705836678201,0.8732386827468872,0.16897939393939396
343,A man is sitting on a bench. The bench is made of wood. There is a white wall behind the man.,A man is taking a selfie in the mirror. He has on a black suit with a orange shirt. His tie is green and white. The bathroom has very dim lighting.,0.04089923603237339,0.37209301858301785,0.8899409174919128,0.248
344,A man is sitting on a bench. The bench is made of wood. There is a white wall behind the man.,A woman in a blue shirt is standing on the sidewalk. There is a hot dog in her hands and she is taking a bite out of it. There are people walking on the sidewalk behind her.,0.029200869758581858,0.37209301858301785,0.9030450582504272,0.18361581920903958
345,A black and white picture of a man and a woman. The man is wearing a white shirt and black pants. He is holding a black remote control in his hand. There is a silver pole next to the man.,A hot dog is sitting on a white piece of paper. There are chopped onions on top of the hot dog. There is mustard on top of the hot dog.,0.01643434939684039,0.31111110631111116,0.8645147085189819,0.18837116686579056
346,A black and white cat is sitting on a bench. The bench is made of wood. There is a white wall behind the cat.,a toilet is in the ground. the toilet is bright white. there is a bowl in water in front of the toilet. the bathroom is made of cement.,0.04688405140614485,0.35294117148788934,0.88825923204422,0.23025362318840578
347,A man is standing in front of a building. He is wearing a black jacket and black pants. There is a white building behind him.,there is a motorcycle on a road. there are white lines on a road. a man is riding the motorcycle. the man is wearing red and black. he is also wearing a helmet. there are many people on the sidewalk.,0.018593573585973345,0.2926829218560381,0.8908924460411072,0.16883116883116883
348,A man is standing on top of a wooden bench. The bench is made of wood. There is a black and white picture hanging on the wall behind the man.,A man is wearing a t shirt and jeans. He is jumping off of a skateboard. The man is wearing a white cap. There is a skating ramp behind the man.,0.08046201302399174,0.4999999950000001,0.8983832597732544,0.3897159295217548
349,A man is standing on a wooden bench. The bench is made of wood. There is a black and white picture hanging on the wall behind the man.,Two donkeys are pulling a carriage. The donkies are wearing reigns. The reigns are black in color. There is a man pulling on the reigns. He is wearing a cowboy hat and blue jeans.,0.041087204502100065,0.3999999950222222,0.8811538815498352,0.19461077844311378
350,A black and white cat is sitting on top of a wooden bench. The bench is made of wood. There is a silver chain link fence behind the cat.,A white cat with black paws is standing on top of a parked car and standing at the camera. On the windshield of the car is the reflection of a building and the fluffy clouds in the sky. Behind the car there are two buildings and a gray car parked on the street.,0.051750565201941656,0.357142852302296,0.8871457576751709,0.20589347582101206
351,A man is sitting on a bench. The bench is made of wood. There is a black and white picture hanging on the wall behind him.,a woman is on the phone. her phone is white. her hat has a bow on it. she is smiling at somebody. she is wearing neutral colors.,0.0209100828813675,0.2499999950125001,0.8833572268486023,0.14869888475836432
352,There is a white toilet in the middle of the room. There is also a black door on the wall behind the toilet.,A person is wearing a tan jacket. They have a brown backpack on their back and a gray scarf. They are holding a cell phone in their hands. There is a silver train in front of the person.,0.03109964685730094,0.3111111065283951,0.8785613179206848,0.15998647048875358
353,There are two horses in the field. One of the horses is black and the other one is brown. There is a fence behind them.,There is a large elephant standing in the grass. There is a giraffe in front of the elephant. There are trees behind a fence in front of the animals.,0.06066819748018041,0.44444443945987655,0.9114238023757935,0.27578929945793845
354,A black and white bird is standing on top of a wooden bench. The bench is made of wood. There is a black fence behind the bird.,"The sky is gray and cloudy. The clock tower is visible. The tower has compass on its top, and has two clock faces. Below of the tower is row of trees and a field. On the field a person is walking.",0.00756896242591327,0.21739129943289237,0.8702143430709839,0.13888888888888892
355,A man is standing on top of a snowboard. He is wearing a black jacket and black pants. There is snow all around him.,a man is getting ready to ski down a mountain. he is wearing a really yellow jacket. his hat is red in color. there are two ski sticks in the ground. his skis are pointed forward. he is a happy man.,0.026380577733662137,0.20408162782174108,0.8881216645240784,0.1272264631043257
356,A black and white photo of a man and a woman. The man is wearing a black shirt and black pants. He is holding a white remote control in his hand. There is a red and green sign on the wall behind the man.,A bed with a colorful quilt on it. The headboard on the bed is wooden. Next to the bed is a small table with a small lamp on it.,0.015740514694365725,0.25531914421004986,0.8645544052124023,0.16393442622950824
357,A man is standing on a wooden bench. The bench is made of wood. There is a black and white picture hanging on the wall behind the man.,A man is being shown laying on the side of a mountain. He has ski equipment. Behind him are very tall and sharp mountains and clouds in a very clear blue sky.,0.041970107748240365,0.27999999512800006,0.8897826671600342,0.23349595639943743
358,A wooden bench is sitting on the ground. There is a black and white picture hanging from the bench. The picture is on a white wall.,Two octagon-shaped waffles are in a pile on a floral bordered plate. There is a neat square of butter on top of the waffles. The waffles are slightly browned. Next to the plate is a bottle of syrup with a light colored label. The counter beneath the plate is a dark granite.,0.020259134814931155,0.23076922624260363,0.8631557822227478,0.13157894736842105
359,There is a sign on the pole. The sign is red and white. There are trees behind the sign.,The square sign is black white and blue. It has a white triangle has a icon of a person walking across the crosswalk. The sign is on top of a silver pole. Behind the sign is a stop sign and a paved street.,0.02182213453939158,0.3902438979417014,0.9058790802955627,0.18173576902025176
360,A wooden bench is sitting on the ground. There is a black and white clock on top of the bench. The clock has a white face and black hands.,A bunch of cars are driving in a snow storm. A couple of cars that are parked near the sidewalks are completely covered in snow. The signs are all covered and so are the houses.,0.008559476303029024,0.27272726776859507,0.8714885711669922,0.1308139534883721
361,A black and white cat is sitting on top of a wooden bench. The bench is made of wood. There is a white wall behind the cat.,"I see a wooden table with broccoli, onions and carrots on top of it. There is also a sharp kitchen knife next to the carrots. The broccoli carrots and onions appears to be chopped.",0.04386783616409464,0.37499999513888893,0.8785034418106079,0.28434684684684686
362,A man is sitting on a bench. The bench is made of wood. There is a white wall behind the man.,A sheep is laying down in some hay. There is a hand of a person reaching in and petting the sheep. The person is wearing a blue jacket. The sheep is looking up.,0.03449612988879278,0.35897435413543727,0.8965330123901367,0.17295597484276728
363,This is an image of a building. The building is made of brick. There is a clock on the top of the building with a black face and white numbers on it. On the clock there is white writing on a white circle with black numbers,There are two red trolleys on the tracks. There is a fence next to the trolleys. There is a building behind the trolley.,0.02958403749882612,0.28571428099773244,0.871216893196106,0.3157155456832065
364,A man is standing on a skateboard. He is wearing a black jacket and black pants. There is a white building behind him.,"A man is walking by an MBTA commuter rail coach.  The coach has a purple stripe and a ""T"" logo, signifying transit.  He is wearing sunglasses, a t shirt, pants and sneakers.  He is carrying a red bag over is shoulder.  A yellow tactile warning strip runs along the side of the train.",0.021767053910228068,0.23333332913333338,0.8766254782676697,0.14756944444444445
365,A bathroom with white walls. There is a mirror on the wall behind the toilet. The toilet is white.,A note is hanging on the wall above a range top. The walls have white tiles and all the cabinets in the kitchen are white. The refrigerator has a bunch of gray magnets on it.,0.029335066524426485,0.36363635914256204,0.9002363085746765,0.14970059880239522
366,A black and white cat is sitting on top of a wooden table.  The table is made of wood and there is a white wall behind the cat. The cat has black eyes and a black nose.,There are two people waking in snow shoes in the snow wearing black snow suits. There are trees next to the people on both sides. There are tracks in the snow.,0.0065958005888164355,0.14285713790249452,0.8659018278121948,0.09493670886075949
367,A man is sitting on a bench. The bench is made of wood. There is a white wall behind the man.,A woman is wearing a grey tie and holding up a bottle of beer. She is having a good time dancing at a party. The woman has dark brown hair. There is a picture on the wall behind the woman's head.,0.035589811961831835,0.40816326090795507,0.908123791217804,0.31128990057561484
368,A wooden bench is sitting on a bench. There is a black and white picture hanging on the wall. The bench has a white handle.,"A contrail is the only mark on this bright blue sky above a distinctive building. The building is made of different sized grey, tan stones. A peak of a rooftop in one area of the building can be seen. The roof is shingled with rust colored shingles. Behind the roof is a square tower with a black round clock. The tower is topped with a flag resting without a breeze.",0.004709252637498697,0.21212120815427005,0.8554894328117371,0.07633587786259541
369,There is a wooden table in front of a white wall. There are a lot of books on top of the table. The table is made of wood and the wood is light brown.,There are several benches on the ground. There are trees and bushes behind the benches. There is a person walking on the sidewalk in front of the benches.,0.05997420375079602,0.48780487307555026,0.8999914526939392,0.2757892994579385
370,A black and white dog is sitting on a wooden bench. The bench is made of wood. There is a metal fence behind the dog.,An open door of a bathroom. The toilet is cleaned and the lid is closed. The wall appears to have very nice and neat wallpaper on it. The light is on and the overall appearance of the doorway and room is very clean.,0.006386944739054752,0.2799999952000001,0.8624634742736816,0.13349514563106796
371,A man is sitting on a bench. The bench is made of wood. There is a white wall behind the man.,"A white cup of tea with a tea bag inside sits on a saucer with a spoon on it. Beside the saucer there is a small container of cream, and a pair of silver over sized sunglasses. Next tot eh glasses there is a black flip phone. Closest to the camera there is a black leather portfolio open with pages of paper clipped inside.",0.0044327067020607245,0.16949152147084182,0.8593194484710693,0.15179447533525617
372,A wooden bench is sitting on the ground. There is a black and white picture hanging above the bench. The picture is on a white wall.,A black steam locomotive is riding on train tracks. It is black and green and yellow. There is steam coming from the stack. Around the locomotive is green grass. A few people are walking by the train.,0.017897996433722335,0.3255813904813413,0.8803119659423828,0.21970958118376158
373,A man is standing on a bench. The bench is made of wood. There is a black and white picture hanging on the wall behind the man.,"Inside of a white bowl is some yogurt, blueberries and almonds.  A silver spoon is inside the bowl and used for eating with.  The juice from the blueberries is making the white yogurt tinted blue.  The almonds are whole and there are more berries than anything else in the bowl.  The bowl is round and is sitting on a wooden table.  Residue of the food can be seen on the insides of the bowl.",0.005008103770239968,0.26865671222989534,0.8530063033103943,0.1430518731556794
374,A black and white cat is sitting on top of a wooden bench. The bench is made of wood. There is a silver chain link fence behind the cat.,A person is skiing down a hill. There are trees on the other side of the hill. The person has a red jacket on. There are many tracks in the snow in front of the person.,0.009040594957248894,0.34042552691715716,0.881355345249176,0.141643059490085
375,A black and white cat is sitting on a wooden bench. The bench is made of wood. There is a white wall behind the cat.,Tug boats are docked at the shore. Three men are on the pavement wearing jackets. Two are standing and one is sitting on a green park bench. There are two green metal park benches which are curved into a half circle.,0.06089400376340562,0.31372548552095353,0.8708811402320862,0.20273104837018077
376,A black laptop is sitting on a desk. There is a black mouse on top of the laptop. The desk is made of wood.,There is a white desk with various items on top of it. There is a computer monitor that is turned on. There is a black keyboard in front of the computer. There is a black mouse and several black wires.,0.1229971089881861,0.4878048732897086,0.9181061387062073,0.277099609375
377,There is a wooden bench sitting on the ground. The bench is made of wood. There are a lot of trees behind the bench.,A kite is flying hair in the air. It is flying over a building. The sky is gray and cloudy. The kite is red and green in color.,0.010016472986529388,0.21621621124908705,0.8670119643211365,0.12681159420289856
378,A black and white dog is standing on top of a wooden bench. The bench is made of wood. There is a white fence behind the dog.,"This image shows a bird perched on a wood stand to the right of a corn cob. The corn cop has about 1/3 of its kernels still attached to it. The cob has been attached to the wood below it at a ninety degree angle, so it is standing straight up. The bird has black plumage on its head and shoulders, and dark blue feathers on its wings and tail. The bird's beak is slightly curved upwards and it has a small crest of feathers on its head. Its eyes are shiny and black, and its feet are thin and black.",0.001772728144465308,0.22499999625000006,0.8582332134246826,0.07478632478632478
379,A wooden bench is sitting on a bench. There is a black and white picture hanging on the wall. The bench has a white handle.,A pizza sits on a yellow plate. There are cut up tomatoes on top of the pizza. There is spinach on top of the pizza.,0.026058929270445657,0.3428571378612245,0.8859366178512573,0.23358024691358026
380,A man is sitting on a bench. The bench is made of wood. There is a white wall behind the man.,Two people are walking down the street. They are huddled under a clear umbrella. There is a man wearing an orange vest and a woman carrying a black bag.,0.03673084719866783,0.24390243426531835,0.8897098898887634,0.22384751773049644
381,A man is sitting on a bench. The bench is made of wood. There is a black and white picture hanging on the wall.,A girl is pointing at a fuzzy teddy bear. She is crouched down and wearing a sweater. The bear is sitting on the ground and facing the girl.,0.050769257044088176,0.39999999501250005,0.8889021873474121,0.1992753623188406
382,A man is sitting on a bench. The bench is made of wood. There is a black and white picture hanging on the wall.,"A multi-colored train traveling down tracks. The train has a single headlight on it's engine. There is smoke billowing out of the train engine's smoke stack. The train track is on top of a hillside. There are plants to the left of the train,. There are large gray clouds above the train. The sky above the train is partially blue.",0.005843974676272769,0.2807017499415205,0.8650979995727539,0.10638297872340426
383,A man is sitting on a bench. The bench is made of wood. There is a white wall behind the man.,A man is shaving in the bathroom. He is looking into a very big mirror. He has on a white tank and the door is open.,0.05725226867051999,0.37837837346968595,0.8991669416427612,0.34840382433965317
384,A woman is sitting on a bench. The bench is made of wood. She is wearing a white shirt and black pants. There is a black chair behind her.,"The dog is a husky. His nose is black. His fur is combination of white, beige and gray. There is a stuffed elephant toy on his head. The elephant is gray with white tusks. The dog is looking sad and lying on the carpeted floor. Behind the dog are the feet of brown chairs and table, they are made of wood. The dog has whiskers.",0.01924008719449498,0.34374999548828133,0.880572497844696,0.17330008143322478
385,A man is standing on a skateboard. He is wearing a white shirt and blue jeans. There is a black and white dog sitting on the ground next to him.,A man is walking with his surfboard and sun on the beach. They are walking towards the water. The man has a black and white shirt on and some blue shorts. His son has no shirt on and plaid shorts.,0.1022740778592663,0.42307691814349113,0.9058868288993835,0.2022454862691549
386,There is a red and white train on the tracks. There are trees behind the train. The train is stopped at a station.,a sign is on a pole. the pole is silver. there is a light on the pole. the light is red in color. the cars are going down the road.,0.022376470904100665,0.35294117147058834,0.8864816427230835,0.18771331058020477
387,A man is playing tennis on a tennis court. He is wearing a white shirt and blue shorts. The court is green and white in color. There is a green fence behind the man.,a blonde haired woman with a white top and shorts is waiting to hit the tennis ball that is in the air. there is a bald man with brown shorts with a stripe on the side holding a tennis racket waiting for the ball to come to him/. The court is made up of green and white with white lines. there is a long net separating the man from the other player.,0.023161966290011375,0.38805969698373804,0.8922383189201355,0.21868410848016287
388,A wooden bench is sitting on a bench. There is a black and white picture hanging on the wall. The bench has a white handle.,There are women standing in a kitchen wearing white. There is a large sink behind them. There are ovens next to the women. One of the women is holding a basket.,0.03645238021010922,0.24999999505000006,0.8848474621772766,0.13157894736842105
389,A man is sitting on a bench. The bench is made of wood. There is a silver chain link fence behind the man.,A black and white photo of a foreign scene. The scene appears to be somewhere in Asia. There is a person wearing a big triangular hat in the foreground.,0.04035392952351452,0.3255813904813413,0.8768182992935181,0.20561641453660237
390,"A wooden bench is sitting on top of a green grassy field.  The bench has a red and white stripe down the side of the bench, and a white and blue stripe on the other side. There is a wooden fence next to the",The half eaten sandwich is on the plate. The sandwich has meat in between. The plate is white. Behind the plate is a bowl of salad. The bowl is blue. There are two glasses of water behind the bowl.,0.016474575791240956,0.37735848558205776,0.865204393863678,0.16455696202531644
391,A man is standing on a tennis court playing tennis. He is wearing a white shirt and blue shorts. The court is green with white lines on it. There is a green fence behind the man.,"A tennis match is about to begin on an outdoor court. It is a clear day with a blue sky and small fluffy clouds. In the background there are white outbuildings with gray, metal roofs surrounded by trees. Nearer to the court, on a grassy slope,there are several rows of spectators dressed casually and for mild weather. The spectators sit on the ground or in chairs. In the foreground is the tennis court. The playing surface is natural grass with white lines that shows wear in some areas where play is frequent. The court is surrounded on the spectator side by a low green carrier. To the left of the spectator side, the court is surrounded by a higher, dark barrier. People wait along this barrier to enter the court to retrieve balls. On the court two players are present along with one official or coach. One player is warming up by tossing the ball in the air to hit. The other is standing next to the official. A full court net separates them. Because of the time of day, and direction of the sun, people cast shadows across the court.",0.0009421389298736384,0.19718309569033923,0.8525426983833313,0.08229656602437667
392,There is a train on the tracks. The train is red and white. There are trees behind the train.,A red and yellow train moves along the track.  One side of the track is lined with trees.  There is a single light near the window on the front of the train.,0.04423775344686227,0.47368420587257637,0.9118937253952026,0.2777777777777778
393,A black and white cat is sitting on top of a wooden bench. The bench is made of wood. There is a silver chain link fence behind the cat.,"A paper plate is filled with a salad. The salad has large, soggy pieces of lettuce. They all have salad dressing on top of them. There is a toasted piece of bread in front of the lettuce. The paper plate is white.",0.041744697297965434,0.37735848565325736,0.8677700161933899,0.20627538484681338
394,A black and white striped zebra is standing on a grassy field. There is a black fence surrounding the field and there are trees in front of the fence.,A brown and white spotted bird is standing on a fence. The fence under the bird is steel. There is a field of grass behind the bird.,0.1499252689528993,0.5714285664399092,0.9281166195869446,0.4304773667279412
395,This is an image of a bathroom. The bathroom is white. There is a mirror on the wall behind the toilet. It is made of glass. On top of the mirror there are two white towels. Behind the towel there is another towel.,a plane is flying in the air. the plane is all white in color. the plane is very pointy. the sky is very blue. the clouds are very fluffy.,0.007806525322281482,0.17777777307654333,0.8584562540054321,0.19736842105263158
396,A man is sitting on a bench. The bench is made of wood. There is a silver chain link fence behind the man.,There are three old people in the picture. At the center is a classic and shiny tricycle. At the front of the tricycle is an old man holding a plaque.,0.018270311986426934,0.24999999505000006,0.8820376992225647,0.17064846416382248
397,A man is standing on a wooden bench. He is wearing a black jacket and black pants. There is a large black and white dog in front of him.,A man is wearing a gray shirt and jeans. He is jumping in the air on top of a black skateboard. There is a black skateboard ramp on the side of him. There are small clouds in the sky above him.,0.06352983399220756,0.5199999950720001,0.9134947061538696,0.3458651281096842
398,A man is sitting on a bench. The bench is made of wood. There is a silver chain link fence behind the man.,there is a big gray building. the building has a clock on it. the clock is made of glass. the clock has big hands.,0.05550351529025982,0.36363635867768596,0.8836145401000977,0.26589958158995813
399,A black and white dog is laying on the ground. The dog has a black collar around its neck. There is a white wall behind the dog.,A piece of food sitting on a white towel. There is a bottle of alcohol behind the piece of food. There is a remote control near the bottle of alcohol. There is a cap for the bottle next to the towel with food.,0.031432678138695005,0.32558139037317474,0.8871154189109802,0.2059849704777241
400,A black and white dog is standing on the ground. The dog has a black collar around its neck. There is a white fence behind the dog.,There is a bird in a tree and the bird has a fish in its mouth. The bird has a white breast and belly with brown wings and a yellow eye. The fish is silver with darker spots on its back.,0.034593817292612544,0.4347826037807184,0.8840168714523315,0.21200525664811376
401,A man is standing on top of a skateboard. He is wearing a black jacket and black pants. There is a white building behind him.,"Colorful boats with teal canopies are lined up on a murky river on a gray, overcast day. The boats have oars in front sitting in the water. Behind the boats small buildings can be seen lining the river.",0.005927502438101601,0.07999999520000028,0.8594793677330017,0.08174386920980926
402,A black and white cat is sitting on top of a wooden bench. The bench is made of wood. There is a white wall behind the cat.,There is a pool of water with a splash in it. There is a brown dog in the water. There are people standing next to the pool. There is trees behind the people.,0.040291085266005555,0.2999999950000001,0.8944594264030457,0.24653096622793588
403,There is a white toilet in the bathroom. The toilet seat is white. There are white towels hanging from the wall behind the toilet.,A bathroom with a white sink in it and a bar of soap on top of the sink. There is a bath with shelves on the side of the wall. There are bottles inside of the shelves. The shower curtain has orange circles on them.,0.02686644687214512,0.38297871891353563,0.9042206406593323,0.17199235949235947
404,A man is sitting on a bench. The bench is made of wood. There is a white wall behind the man.,three men are talking. they all have bears on their face. there is a blue shirt on the man. the shirt has flowers on it.,0.02387582529674842,0.27027026536157783,0.8896329402923584,0.25660569105691056
405,A man is sitting on a wooden bench. The bench is made of wood. There is a silver chain link fence behind the man.,"A white dinner plate with spaghetti shaped noodles and three tiny meatballs sit on a table that has pink back chairs next to it. There are vegetables on the past in the dinner plate. Next to the pasta plate is a black bowl with chunks of sliced orange carrots. 
Against the wall of the room is a radiator painted white and above that a shelf and window.",0.0048312767536001396,0.20895521981733134,0.8546807169914246,0.08771929824561404
406,A man is sitting on a bench. The bench is made of wood. There is a white wall behind the man.,A brown door on a house has some stickers on it. Next to the door on both sides is red toilets. There are plants growing out of the toilets. There are some dead leaves scattered around on the porch.,0.011212520441932897,0.3111111065283951,0.8697497248649597,0.1075268817204301
407,There is a silver train on the train tracks. There are people sitting on top of the platform. The train is red and white.,"A train is opening it's doors. The train is currently parked at a train station. The train is blue, the doors are red, and it has white stripes on it. There is a long yellow line near the train area.",0.04338213486659212,0.4347826039319471,0.9088709354400635,0.23599297337278102
408,A man is standing on a wooden bench. The bench is made of wood. There is a black and white picture hanging on the wall behind the man.,There are people standing on the beach. There is water in front of them. There is kites in the sky above the water. There are clouds in the sky.,0.025508416833140743,0.3157894687396123,0.8884793519973755,0.15570934256055363
409,There is a toilet in the bathroom. The toilet is white. There is also a mirror on the wall behind the toilet.,A white toilet sits next to a white wall. There is a white sink on the wall. The tile on the floor is black and white.,0.054898371131064924,0.5624999950781251,0.9179940223693848,0.21484374999999997
410,There is a train on the tracks. The train is red and white. There are trees behind the train.,RED AND YELLOW TRAIN ON THE TRACKS WITH TWO LARGE WINDOWS IN THE FRONT.NUMBER ON THE FRONT IS IN BLACK NUMBERS. THERE IS ASLO A SQUARE BOX WITH THE INITALOS OF DB OUTLINED IN RED.THERE ARE MANY WIRES CONNECTING THE OTHER BRIDGES RUNNING ALONG THE TRACKS. A GRAY BRICK BUILDINGIS ON THE SIDE OF THE TRAIN WITH A WHITE ELECTICAL BOX ON THE GROUND.,0.0,0.0,0.8395759463310242,0.16120734007888873
411,A man is standing on top of a skateboard. He is wearing a black jacket and black pants. There is a white building behind him.,a man is standing on the sidewalk. he has a cut on his arm. his arm is bleeding. he is smiling at something off camera.,0.11213336822390839,0.2631578897506926,0.8853532075881958,0.27530864197530863
412,There is a black and white photo of a man. The man is wearing a white shirt and blue jeans. There is an orange and yellow sign on the wall behind him.,There are black cows walking along the street. There is a man riding a brown horse down the street next to them. There is a white car on the street in front of them.,0.04921270114195284,0.38297871840651887,0.8869864344596863,0.33017751479289936
413,There is a white toilet in the middle of the room. There are white shelves on the wall behind the toilet. The wall is made of wood.,A man stands in front of a group of white sinks which are mounted on a wall. The wall is maroon square tiles.  A mirror covers the wall.  The man is wearing black dress pants and a white shirt and he is adjusting his tie while looking into the mirror.  Next to the man is a partition all with a large yellow trash bin.  The floor is tan tile and the room is a bathroom with stalls on the far side.,0.008934318740981221,0.22535210889109306,0.8785365223884583,0.11243386243386243
414,There is a wooden bench sitting on the ground. The bench is made of wood. There are two wooden chairs on either side of the bench. One chair is white and the other is black.,A large orange truck is parked next to the brick building. The word Allied is on the back of the truck behind the cab.  There is snow on the hood of the truck.  The ground is covered with snow and footprints.   A red and white stop sign is next to the driveway.  The trees have no leaves but do not have snow on them and the sky is clear and blue.,0.009397929808438761,0.20895521928269115,0.8623825907707214,0.1261127596439169
415,A man is sitting on a bench. The bench is made of wood. There is a black and white picture hanging on the wall behind the man.,"On the white table, there is a monitor with black frame. Beside the monitor is a laptop that has a stand underneath it. In front of the monitor is a silver keyboard with white keypads. In front of the monitor is a cellphone, mp3 player and a hard drive. Beside the keyboard is a mouse on a mouse pad. Behind the laptop is a lamp and behind the lamp is a white curtains.",0.005645922908190631,0.2807017498307172,0.8522339463233948,0.16317104757279588
416,A black and white cat is sitting on a wooden bench. The bench is made of wood. There is a silver chain link fence behind the cat.,There are three giraffes in a pen. The pen is surrounded by a rope fence. The giraffe in front is eating food out of a net hanging from the tree.,0.010504985654780955,0.30434782109640834,0.877996027469635,0.15151515151515152
417,A man is sitting on a bench. The bench is made of wood. There is a white wall behind the man.,Three people are all together drinking wine. One lady has the glass up to her lips and is preparing to drink. A lady is talking and looking at someone and a man is smiling and looking at the same person.,0.010691104097391126,0.21739129981096417,0.8758105039596558,0.10498687664041995
418,A man is standing on a wooden bench. The bench is made of wood. There is a black and white picture hanging on the wall behind the man.,"a young black man is jumping off of a skateboard, he is wearing a white tank top and blue jeans with green shoes. there is another white guy holding a skateboard watching dressed in a black shirt and pants. with one other black kid watching the both of them.",0.012218728664514076,0.24561403043397972,0.8653214573860168,0.20451677472694835
419,A black and white cat is sitting on top of a wooden bench. The bench is made of wood. There is a silver chain link fence behind the cat.,There is a brick building with a white glass door. There are two white chairs on the porch of the house. There is a gray cat sitting on the porch. There is grass in front of the porch.,0.03749832081221899,0.391304342826087,0.8913861513137817,0.28680929919137466
420,A man is standing on the sidewalk. He is wearing a black jacket and black pants. There is a white building behind him.,This photo is taken outside on a sunny day. A red and black motorcycle is sitting on a brick paved sidewalk in front of a bench. There are numerous cars lined up on the street across from the motorcycle.A brown brick building is surrounded by large green trees in the background. Two people can be seen walking past some of the vehicles.,0.005981229632674461,0.20588234891435991,0.8909375071525574,0.13575858802920895
421,A black and white cat is sitting on a bed. The bed is made of wood. There is a white blanket on top of the bed and a blue blanket underneath.,"A person is surfing a large wave during the day. The spray from the wave is large and white, the wave is a light green. The person is wearing a pink and black long wetsuit. The hair on the person's head is very dark. Under the surfer is a white and blue surfboard. The sky above the surfer is blue. The bare hands of the surfer are a little tan and dark.",0.013378612927456313,0.32786884805159905,0.8693568110466003,0.15671023564064798
422,A man is playing tennis on a tennis court. He is wearing a white shirt and blue shorts. The court is green with white lines on it. There is a green fence behind the man.,There is a person standing on top of a tennis court. The person is wearing a white shirt and blue shorts. The person is wearing a white hat and dark colored shoes. They are holding a blue tennis racket in their hand. There is a green fence behind them. There is a bush behind the fence. There are cars parked in a lot behind the bush.,0.17578232250268558,0.5573770444074175,0.9249411821365356,0.2881440438001524
423,A black and white dog is laying on the ground. The dog has a white collar around its neck. There is a black dog next to the dog.,"A stuffed bunny rabbit sits on a windowsill. The stuffed critter has a black button nose, two deep set eyes, and two multicolored buttons going down its torso. It is ""wearing"" a black and white plaid jumper. This same black and white plaid fabric is used to represent the underside of the bunny's floppy ears and the underside of its feet and paws. The windowsill is of a rustic marble look, and the window panes behind the bunny are rectangular and feature dirty glass and dirty white window frames. The black box surrounding the tableau says 'left behind"" along with some writing underneath that.",0.004040816530150283,0.2696629178639061,0.8609966039657593,0.09854771784232363
424,A train is on the tracks. The train has a red and white stripe down the side of the train. There is a white and blue sign above the front door.,There is a train on the train tracks. The train is blue with a yellow front and red doors on the side of it. There are black poles on the platform next to the train. There is a cement bridge over top of the train tracks. There is empty tracks on the other side of the platform. There is a white building in the distance.,0.09775142131571053,0.4642857095153061,0.9051287770271301,0.29799241401320803
425,A man is standing on a bench. The bench is made of wood. There is a black and white picture hanging on the wall behind the man.,A man in a straw hat holding up his tiger neck tie. The man is wearing a black watch. There is a pink and brown stripe around the rim. There are people standing behind the man in the straw hat. There is a white umbrella above the man in the hat and tie. The man in the straw hat is wearing a white shirt. The man in the hat is wearing glasses.,0.013050332627268225,0.4074074027434843,0.8791178464889526,0.1259259259259259
426,A man is sitting on a bench. The bench is made of wood. There is a black and white picture hanging on the wall.,"There are four birds on a small boat. These birds are gray with black beaks. The boat is white with blue in the inside. It is tied to a narrow dock. On the dock, there are three birds resting. They are few inches apart for each other. The water is gray and calm. On the other side of the dock is a bigger boat with paddle inside of it.",0.0048729944876139,0.31249999582519533,0.8723796010017395,0.13801894918173988
427,A man is standing on top of a skateboard. He is wearing a black jacket and black pants. There is a white building behind the man.,"A man is suspended in the air with his skateboard doing tricks. He is bald, wearing a white shirt with red logo on it. He is also wearing jeans and black shoes. Underneath him is a big gray, cemented ramps. The skate park has few people skateboarding. Farther down the skate park are trees and beyond the trees is a mountain.",0.01914066529504523,0.3636363594123049,0.9001586437225342,0.17596135265700483
428,A man is sitting on a bench. The bench is made of wood. There is a red and white sign on the side of the building.,A picture of a woman seducing a man. The woman is wearing a short skirt. The woman is wearing boos. The woman is wearing socks. The woman has white hair. The woman is wearing a blue sweater. The man is wearing a blue wig. The man is wearing a blue jacket. The man is holding a suite case. There are many other people standing around. There are escalators near the man.,0.0042600890417035684,0.33962263690993244,0.8657117486000061,0.10526315789473682
429,A man in a blue shirt and black pants is standing on top of a black skateboard. The man is holding a red and white Frisbee in his hand. There are trees behind the man.,"A woman walking is holding a golf pole. She is wearing a white visor, gray windbreaker, pink pants, and white shoes. Behind him is a man carrying a big gray umbrella. He is wearing a white vest, blue windbreaker and white shorts. Beside him is a thin yellow pole with a small yellow flag. The woman is holding a white golf ball in her hand.",0.01846069280509095,0.3283582041434619,0.888114869594574,0.17162298387096775
430,A man is standing on a skateboard. He is wearing a white shirt and black pants. There is a black and white fence behind the man.,A picture of a man with blue hair riding a skateboard. The skateboard has four yellow wheels. The man is wearing black shoes. The man is wearing a white shirt. The man is wearing black knee pads. The man is wearing gray shorts. There is a tree to the left of the man. There is a park with a gray sidewalk behind the man. There are many trees and bushes behind the man.,0.03381503557540396,0.46428570992346946,0.9051795601844788,0.18728648121034652
431,A man in a blue shirt and blue shorts is standing on a bench holding a red frisbee in his hand. He is wearing a black and white striped shirt with a white stripe down the side of the shirt. There are trees behind the,Four men are standing together on a tennis court. Three of the men are holding rackets in their hands. One of them is holding a green ball in his hand. Another man can be seen sitting in the background of the photo. A tall fence and a green bush can be seen behind the men with a net on it. One of the men is wearing eyeglasses on his face. Another man is wearing a necklace around his neck.,0.02797845868624242,0.43037974201570267,0.8721190094947815,0.18440211640211648
432,A man is standing on a skateboard. He is wearing a black helmet and black pants. There is a white line painted on the ground behind him.,"A motorcycle is parked at the curb. It has a sharp looking features. The motorcycle has two boxes attached to it. The first one placed behind the seat, it is medium and black. The second box is beside the wheel. It has silver color in front and the rest is black. The handles of the the motorcycle is black. It also have plastic shield in the front.",0.0026684014849953463,0.19047618603174613,0.8628976941108704,0.06349206349206349
433,A man is sitting on a bench. The bench is made of wood. There is a black and white picture hanging on the wall.,"An antique steam locomotive is traveling along a set of tracks.  The locomotive is black and green.  It has a red sign in front with the number ""823"" on it, in yellow.  Smoke is coming out of the smokestack.  A man is behind the locomotive in the background, taking photos of something behind the train.  He is dressed in a red shirt and blue jeans.  Three buildings with gabled roofs are in the background.  Two are brick.  A switch throw is in front of one of the buildings, a single story structure.  It is sunny.",0.0032458843811640887,0.24999999637812503,0.8523789644241333,0.08532423208191126
434,This is an image of a bathroom. The bathroom is white. There is a mirror on the wall above the toilet. It is made of glass. On top of the mirror there are two white tiles. Behind the tiles there is another wall.,Inside of a white ceramic toilet bowl with no lid are many clear ice cubes. The light is reflecting off the rim of the toilet seat. The hinge that connects the seat and the toilet is long silver and shiny. Under the toilet are off white ceramic tiles with black grouting between them. The drain of the toilet is covered in ice cubes.,0.011204500020291615,0.2727272678925621,0.8687047362327576,0.15573770491803277
435,A man is sitting on a bench. The bench is made of wood. There is a black and white picture hanging on the wall behind the man.,There is a woman wearing a white shirt. She has many gold necklaces around her neck. The woman has dark hair and there are many gold headbands and decorations in her hair. The woman is wearing large gold earrings. There is a water behind the woman with many small waves in it. there is a large white boat in the water. There is a black engine on the black of the boat.,0.025946368847850048,0.37931034030915584,0.8739544749259949,0.17346643518518515
436,A wooden bench is sitting on top of a concrete platform. There is a black and white sign above the bench. The sign is white with black writing on it.,A red fire hydrant with a white top and a black knit cap on top of it sits on a sidewalk at the side of a parking lot.  The hydrant is casting a shadow on the sidewalk where leaves are scattered around it. There is a manhole cover a bit down from the hydrant.  Behind the manhole cover is a small area with small green shrubs and mostly covered by leaves.  At the end of the sidewalk are rows of cars with a store in the far back. A couple of people are near their cars in the parking lot.  At the end of one row of cars is a wooden fence with a brick building behind it.,0.004083597878035967,0.34883720549486213,0.8671926856040955,0.10463598901098903
437,A man is standing on a skateboard. He is wearing a black jacket and black pants. There is a white building behind him.,There are four men sitting at a table eating and socializing. The man at the far left is wearing a brown long sleeve shirt. The man to his right has on a black and white jacket and a plaid shirt. He is also wearing eye glasses and has a beard on his face. The man next to the man wearing eye glasses is wearing a long sleeve black shirt and is facing the man wearing eye glasses. His face is not visible. The man to the far right is wearing a long sleeve gray shirt. His eyes are squinting in the direction of the other three men probably because of the brightness of the shining sun. It is a very sunny day. It appears the setting is an outdoor area of a restaurant.,0.0007135000177156712,0.26506023756713604,0.864452600479126,0.06967213114754098
438,There is a black and white train on the tracks. There are people sitting on top of the train. The train is yellow and black.,A large white bus is positioned near the stop sign on the corner.  No one is in it.  On the sidewalk near the bus are several colorful bicycles parked on the sidewalk.  A blue sign referring to bike rental is near the bikes closest to the street by the stop sign.  Several buildings are hovering in the background.,0.006052409981528816,0.15094339186899264,0.8650540113449097,0.09140767824497259
439,A black and white dog is standing on top of a wooden bench. The bench is made of wood. There is a metal fence behind the dog.,"The image is black and white. There is a car with its hood open. On the front bumper, there is a sign that says ""is your camera loaded"". There is also a license plate that says A1400. At the top of the car, there is a sign that says D. Monosson & Son. On one side, there is a flash of a camera, and between the hood and the bumper, there appears to be a camera lens. This car is parked in front of a multilevel building.",0.006792152055331994,0.27777777364583334,0.856656551361084,0.0925925925925926
440,A wooden bench is sitting in a room. There is a white door on the wall behind the bench. The bench has a black handle on it.,"In the center of this room is a column going half way up and stopping and then begins again with an snit object encased in glass, finishing up almost to the ceiling. The object is fragile and is sitting upon a satin pillow with wire connectors coming out and down out the bottom. These are motion sensor wires, which will indicate if anyone tries to pick up the object. There is a commuter laptop open on one side, as if is keeping track of the monitoring of the security of this object.",0.004868887970123094,0.1882352905190312,0.8480436205863953,0.07017543859649122
441,A man is standing on a baseball field. He is wearing a blue and white uniform. There is a black helmet on his head.,"This is a picture of a catcher on a baseball field. The catcher is crouched down and holding the mitt in his left hand. His uniform is white and black and he is also wearing a helmet and knee pads. The field has green grass, brown dirt and white lines painted on it. The catcher is a man. He is wearing white shoes and has a bracelet on his right wrist. The helmet the man is wearing is black and his shoes are white. His last name is on the back of his uniform and so is his number.",0.009425033894226475,0.37681159021214033,0.889869749546051,0.12487704918032791
442,This is an image of a bathroom. The bathroom is white. There is a mirror on the wall behind the toilet. It is made of glass. On top of the mirror there are two white towels. One is on top and the other is,There is a white sink sitting in front of a blue wall. There is a roll of toilet paper sitting on the top of the sink. There is a white bar on the wall next to the sink. There is a white shelf on the wall above the sink. there is a hole in the top of the sink where the faucet should go.  There is a pipe coming out of the wall above the sink.,0.029984560021439746,0.30508474077563924,0.8775981068611145,0.1983935073801938
443,A man is standing on top of a skateboard. He is wearing a black shirt and black pants. There is a white wall behind the man.,"The bike is leaning on the white wall. The body of the bike is blue with red and linings and white text. The bike is surrounded by shoes and slippers. The seat of the bike is black, and so are the handles and break. There are reflectors on the bike's spokes. The wheels of the bike is black. On the wall there is an umbrella with black handle.",0.0026307673186028407,0.2807017498307172,0.8730522990226746,0.11565003483106935
444,There is a white toilet in the middle of the room. There are white towels on the wall behind the toilet. The wall is made of wood.,"The image is of a light blue strainer on a wooden table that is holding two bananas and three peaches. There is a white curtain to the right of the strainer and a yellow squared tiled wall directly behind the wooden table. The handle on the strainer is silver appearing chrome and there are holes in the shape of circles near the bottom of the strainer. The strainer is resting on a cylinder shaped bottom, allowing it to stand on the wooden table. There is one silver screw on to the left of the bananas and one silver screw directly in front of the silver handle on the strainer.",0.0075034262458989745,0.3380281652291212,0.870620608329773,0.09424603174603173
445,A man is sitting on a bench. The bench is made of wood. There is a white building behind the man.,"A cat is sitting on a wooden stool near the window, its tail hanging down behind it. A dog is lying on the ground next to the cat, in front of the window. There are black bars on the window. Outside is bright, with green grass and trees visible. There are brown bamboo shades on the other half of the window.",0.021794130657320766,0.29999999608888894,0.886936366558075,0.1472878625134264
446,A man is standing in front of a building. He is wearing a black jacket and black pants. There is a white building behind him.,There are two people in the photo. One person is wearing a red and black jacket. There is snow on the ground. The person wearing the red jacket is also wearing black gloves. She is throwing a white frisbee to a person wearing a black hoodie. The person in the black hoodie has his hands in his pockets. There is a small house in the background.,0.019242807728829584,0.29629629173525385,0.8895422220230103,0.19454316998743493
447,"A black and white striped zebra is standing on a grassy field.  The field is surrounded by tall trees and is covered in a thick layer of green grass and weeds. There is a black fence surrounding the field, and there are two",There is a large grey elephant standing in a field. There is dirt and grass in the field. There is a large log on the ground next to the elephant. There is a large tree in front of the elephant. There are tall trees behind the elephant. There is tall grass and weeds in front of the elephant. There are white clouds in the sky.,0.026014156551576347,0.4193548337304891,0.8843057751655579,0.23498319179051663
448,There is a wooden bench in the middle of the room. The bench is made of wood. There are a lot of books on the bench.,Many people are flying kites in a large open field. Huge billowy white clouds float above the kite flyers in a blue sky. Many of the kites are yellow and orange and have flags hanging from the strings. Beyond the dark green grass field is a city skyline. The sky line has many tall skyscrapers mostly all grey and white colors. There is also a large square like sculpture in front of all the kite flyers.,0.004719232208377046,0.2285714248938776,0.8611590266227722,0.11824518539810289
449,There is a wooden table in the middle of a room. There are a lot of books on top of the table. The table is made of wood and the wood is light brown in color.,The sky is cloudy in the background of a snow speckled mountain top. There are snow dunes and there is a bright yellow sign on a metal pole stuck in one of the dunes. There are two people standing at the bottom of the snow dunes. There is also a ski lift in the background with a light blue sign in front.,0.014922605568600639,0.36666666202222226,0.8756445646286011,0.18518518518518517
450,A man is standing on top of a wooden bench. The bench is made of wood. There is a black and white picture hanging on the wall behind the man.,A Man is standing in ice and snow while holding skiis. The sun is shining behind the man. There is a red pole to the right in the picture and a man in front of the first man. The man is kneeling and crouching. They are both atop of a mountain. The mountain is covered in snow. The clothing they are wearing is white and grey.,0.024019102132852077,0.3548387050988554,0.8894255757331848,0.19118117332403048
451,A man is standing on a wooden bench. He is wearing a white shirt and blue jeans. There is a black and white clock on the bench next to him.,"The crowd is covering the whole street. The crowds have colorful umbrellas. At the center of the crowd is a bus parked with a sign ""DANCE"" on it. There are white placards with number on them. The scene is taken at night. There are buildings surrounding the crowd. There are some people standing and watching from a building porch.",0.008019689923508294,0.2187499954882813,0.8654930591583252,0.11586452762923352
452,A man is sitting on a bench. The bench is made of wood. There is a white wall behind the man.,There are three woman in the living room of a home. In the living room there are hardwood floors. Two woman are standing up in front of the television. They have game controllers in their hands. They are playing a game together while the third woman sits down on the couch and watches them. They are all smiling and look like they are having a great time with one another.,0.0013863253744617263,0.1562499962500001,0.8787095546722412,0.09216589861751152
453,This is an image of a bathroom. The bathroom is white. There is a mirror on the wall above the toilet. It is made of glass. On top of the mirror there are two white towels on a white towel rack. Next to the,A person is standing on top of a hill. There is a lot of snow on the hill and on the trees in front of the person. There is a ski lift in the air next to the man. There are wires hanging from the ski lift. The person is wearing a red jacket and black ski pants. They are holding black ski poles and standing on top of black skis.,0.02495122527330144,0.2727272678007347,0.8685491681098938,0.25755783308931185
454,A man is standing on top of a skateboard. He is wearing a black jacket and black pants. There is a white building behind him.,A model train car is driving around on model train car tracks. The plastic train car has a red roof with blue sides. The front has red and white stripes with two small windows. The black tracks curve around where two train cars in the center. One car is yellow and green and the other car is black. Off in the distance are four lit lights on a model pole.,0.002226868083295233,0.22222221788863702,0.8535322546958923,0.07633587786259541
455,A black and white dog is standing on top of a wooden bench. The bench is made of wood. There is a white wall behind the dog.,There are two black and white striped zebras standing on the dirt ground. The zebra in the back has its head down. Both zebras are looking down. There are a few scattered rocks in the dirt. There are a lot of trees in the background behind the zebras. There appear to be tracks in the dirt that may have came from a vehicle.,0.015315419943548054,0.354838705306972,0.8836061358451843,0.17913510101010097
456,This is an image of a man. The man is wearing a white shirt and blue jeans. He is holding a black and white frisbee in his hand. There is a large white building in the background.,This image is of a city bus. The front of the bus has a large windshield window. There is a marquee display above the window that reads 44 BEALINE. There is a blue and white license plate below the grill of the bus. The license plate reads CR-526-AX. Both front headlights are turned on. The driver is visible through the front windshield window. She has short hair and is wearing a black jacket. The passenger directly in front of her is a man that is wearing a black jacket with white sleeves and he has short hair. The door is open on the bus and there is an older man waiting on the bottom step to get on the bus. He is wearing a black jacket and jeans. He is also carrying a black and white Adidas messenger bag.,0.011456983205330517,0.3368421012875346,0.8638935089111328,0.1343001528792254
457,This is an image of a building. The building is made of brick. There is a clock on the top of the building with a black face and white numbers on it. On the clock there is white writing on a white circle with black numbers,There is a large blue clock on the side of a building. The clock has black handles. The numbers on the clock are black. The background of the clock is white. The building the clock is attached to is very tall. The building the clock is attached to has many windows. There is a tall black metal pole near the clock.,0.09248586107197122,0.40740740241426615,0.8967011570930481,0.24274029138282532
458,A wooden bench is sitting on top of a metal railing. There is a black and white picture hanging on the wall behind the bench.,A zebra stands next to a narrow tree. The tree has some wire around it. The shadow of the zebra is on the ground. There is another zebra next to the wall. There is a fence in a background. There are some rocks on the ground. There is a black stripe on the zebras back. The zebra is looking off to the side. There are shadows on the ground.,0.022942148065028374,0.285714281122449,0.8744227290153503,0.11421783625730994
459,A black and white picture of a man and a dog. The man is wearing a white shirt and black pants. There is a black dog in front of the man.,The people are standing up on the bus. Some of the seats are occupied on the bus. There's a boy on the front of the bus and a yellow shirt sitting down. There's a woman in a green shirt looking out of the window on the bus. There's a man taking a picture of the top of the bus. The camera he is holding is black. He is wearing a watch on his right wrist.,0.018122433738311086,0.3999999958,0.8705759644508362,0.14756671213234007
460,This is an image of a building. The building is made of brick. There is a clock on the top of the building that is black and white. It has a white face and black numbers on it.,There is a person snow boarding down a hill. There are tracks in the snow all around the snowboarder. There is a large rock in the snow next to them. There is a green pine tree in front of the snowboarder. The snowboarder is wearing blue ski pants and a blue and yellow jacket. They have a yellow snowboard on their feet.,0.021228676075080832,0.25396824925170075,0.8690163493156433,0.16633380553168758
461,A man is standing in front of a white wall. He is wearing a blue shirt and blue jeans. There is a black and white sign on the wall behind him.,"People surrounding a adult giraffe that is contained behind a fence.  A gentleman with dark hair and eyeglasses is stroking the cheek of the giraffe.  On the opposite side of him, a woman with dark hair and sunglasses is holding out her hand to feed the giraffe.  Behind that lady, is a man in a short sleeved black shirt with a video camera recording the giraffe.",0.006937256805557247,0.2985074581777679,0.8532112836837769,0.16
462,A black and white cat is sitting on a bed. The bed is made of wood. There is a white blanket on the bed and a blue and green bedspread.,There is a white sink hanging from the wall. There is a mirror hanging above the sink. There is a black and white cat sitting on the edge of the sink. There is a red and white toilet next to the sink. There is a roll of toilet paper hanging from a roll next to the sink. There is a red bottle on the back of the toilet.,0.0576429918553919,0.47826086465028356,0.8890788555145264,0.21586838006230527
463,There is a red and white bus on the street. The bus is white and blue. There are trees behind the bus.,This photo is taken outside on a cloudy day. Part of a blue sky can be seen in between the white clouds. An old dark truck is sitting parked in a parking lot. The truck has a trailer attached to the top of it. Part of a white building can be seen behind the truck. Another old car can be seen parked in the parking lot. Green trees can be seen in front of a mountain in the background.,0.0021087459278959866,0.2333333295833334,0.8759594559669495,0.08185538881309685
464,There is a clock on the wall. The clock is black and white. It has a white face and a black face. There are two clocks on each side of the clock. One is red and the other one is blue.,A clock is attached to the stone exterior of a building.  The clock has diamond shaped metal objects as numbers and silver metal hands.  The clock has a black face with gold borders.  A square shaped border is bordering the gold border of the clock.  The square shaped border has red and green stripes on it.  The stone portion of the building has a ridged design on it.  The sky is stark white.,0.023244591014577425,0.3939393892332415,0.87514728307724,0.21141754218401784
465,A black and white dog is sitting on a wooden bench. The bench is made of wood. There is a white fence behind the dog.,There is a white plate sitting on a table. There is food on top of the table. There are small pizza slices sitting on top of the plate. There are black olives slices on top of the pizza. The crust of the pizza is dark brown. There is cheese and lettuce on top of the pizza. There are sliced up onions on the top of the pizza.,0.030224884662670225,0.46808510156631966,0.8758534789085388,0.11146496815286623
466,A wooden bench is sitting on top of a wooden table. There is a black and white picture hanging on the wall behind the bench.,"A supermarket produce stand.  Closest to the camera is a bin of ripe oranges.  Most of the oranges have an oval, dark sticker on them.  Next to the apples are red apples with a tint of green.  The apples seem to take up two bins, then past the second bin of apples is another bin of oranges.  The setting of the store is dark and lights can be seen glowing to the left of the produce stand.",0.002992898825551396,0.20895521981733134,0.8495754599571228,0.10276423707830394
467,A man is standing in front of a mirror. He is wearing a black shirt and black pants. There is a white wall behind the man.,"A couple is posing at a formal black tie event. They are both enjoying themselves and smiling. The man is wearing a black tuxedo with a bow tie. He has short combed back brown hair and is wearing square black frame eyeglasses. The woman has on a black silk top with silver and crystal embellishments, she is also wearing a necklace and earrings that are also silver. Her hair is chin length and brown, she is wearing minimal make-up. The wall in the background is painted tan and has a framed painting hung on it.",0.009672497883963484,0.19753086047858565,0.8627662658691406,0.10679004682179342
468,A wooden bench is sitting on a bench. There is a black and white picture hanging on the wall. The bench has a red and black handle.,"There are two grown men standing in the dirt on a baseball field.  Its a clear day.  There are a few trees in the back ground on the other side of the fence.  The fence is decorated with billboards and have a tall yellow pole standing next to it.  The grass is cut short and is very green.  The men are both wearing uniforms, cleats and a baseball cap.",0.005799112390416458,0.21212120802112036,0.8574455976486206,0.10030864197530866
469,A man is standing on a tennis court. He is wearing a white shirt and blue shorts. There is a green tennis ball in front of him.,"A male tennis player is wiping his forehead with his wrist. He seems tired and is holding onto his tennis racket loosely. His shirt is blue and yellow, his hair short and brown. He has a white bracelet on. Near him are white and green advertisement banners that line a wall of a tennis court. Behind the banners are two fully visible red seats made of metal and cloth. Behind those are a white wall and behind the white wall are the basic seats of a sports stadium. Next to the seats is a long hallway leading down from the sports arena.",0.00394122815592776,0.23255813572742023,0.8781166076660156,0.1102456071591874
470,A black and white photo of a man riding a motorcycle. The man is wearing a black helmet and black pants. There is a white building behind the man.,A group of sheep are standing outside. Two faces are showing. The upper part of the face is black and the mouth and snout is white. The horns are gray and curled towards the face. The wool is very thick and white. All the sheep are standing on hay that seems to be in damp dirt. Behind the sheep is very short green and yellowish grass. In the background are dark figures of trees and buildings.,0.003942128420110747,0.23529411362024225,0.8598922491073608,0.07713884992987377
471,A black and white cat is sitting on a bench. The bench is made of wood. There is a white wall behind the cat.,"A man is sitting in a restaurant with others while eating pizza. The walls are painted a bright shade of green and a blue picture hangs behind the man. The man is in his late 40's or early 50's. He has silver hair with black eyebrows. He is wearing a short sleeved button up plaid shirt in white, blue and black plaid. On the table in front of him there is a pizza with one slice missing, on the pizza there is prosciutto and basil. An empty glass with a slice of lemon on its edge also sits on the table.",0.00144812348407228,0.26506023756713604,0.8612629175186157,0.10083818997856377
472,There is a man in a blue shirt and blue jeans standing in front of a white table. There is an orange table cloth on the table behind the man.,"A large red truck is parked in the middle of the road. The truck appears to be a fire truck, and has a blue light on the top. There is a large brown and yellow brick building on the other side of the road. On the near side, there is a small fence, and small plants growing out of the dirt. Past this, there is a concrete wall and a concrete surface covering the ground.",0.011831746360293707,0.26470587820069214,0.8707799911499023,0.1504197423650311
473,A large black and white bird is standing on top of a wooden bench. The bench is made of wood. There is a large white building behind the bird.,A sunset is shown in the background. There are a bunch of cars heading towards the direction of the camera but they are at a traffic light because it is red. There is one car going through the light. It's starting to get dark outside and the streetlights are getting ready to come on. The sky looks beautiful.,0.007880024073558553,0.2727272683884298,0.8573238849639893,0.15236675432423422
474,A man is standing on top of a skateboard. He is wearing a black jacket and black pants. There is a white fence behind the man.,There are people walking down a road while holding their bikes.  There are cars parked along the left side of the road.  The trash bins are on the sidewalk on the right side of road.  A blue and green bin is visible.  There is a 20 mph sign on the sidewalk.  A red light is on the traffic signals.   Green trees surround the road.  There is a house peeking out from behind the trees on the left side.,0.007770770438315571,0.2424242382001837,0.8563466668128967,0.12447981013069769
475,A black and white dog is standing on the ground. The dog has a black collar around its neck. There is a white fence behind the dog.,Two sheep are in a green field.  One of the sheep is standing up and looking to the left.  The other sheep is sitting down in the grass and is also looking to the left.  The field is covered in grass with some brown leaves on it.  Behind the sitting sheep is a metal manhole with a paved cement border.  Both sheep have tan fur and white faces.,0.0065166167606569205,0.25806451175858486,0.8707090616226196,0.13138353933122543
476,A black and white cat is sitting on a wooden bench. The bench is made of wood. There is a white fence behind the cat.,Two giraffes are bending their necks to look at something in the bright green grass below. One giraffe is standing behind the other giraffe. Each has large brown spots and black hairy tails. Around them they are in a forest filled with large and small trees. The bottoms of the giraffes are off white colored.,0.007028000881089276,0.2769230727857988,0.8625243306159973,0.08653846153846154
477,There is a train on the tracks. The train is red and white. There are trees behind the train.,The image is a black train with smoke coming out of the smoke spout at the top of the front of the train. There is a blue sign on the front of the train and a black number sign below the blue sign with the numbers 60009 on it. The conductor can be seen on the left side window of the train. He is wearing a blue shirt and there are two more train cars behind where he is located. The train car behind the conductor is green and the last visible car is maroon in color. The train is on the tracks and the gravel on the tracks is light brown. There are trees on the right side of the train and atop a grassy hill.,0.00049900042857623,0.31999999696355563,0.8868133425712585,0.09157164371772805
478,A black and white photo of a man and a dog. The man is wearing a blue shirt and blue jeans. He is holding a white surfboard in his hand. There is a black fence behind the man.,"The image is of a telephone poll between two streets. The pole has a green and sign on it with white lettering that says ""E Main st 1700"" There is also a no parking sign attached to the pole. There are vertically striped awnings on both sides of the street. One awning covers produce stands, on the opposite side the awning is attached to a multilevel brick building. Behind the produce stand is a brown multilevel building with a brown stone facade and red roof tiles. The road is paved with cobblestones. There are several vehicles parked on the street.",0.004391657153101358,0.17977527685898254,0.8445307016372681,0.0906183368869936
479,There is a train on the tracks. The train is red and white. There are people sitting on top of the train. One person is wearing a blue jacket and blue pants.,There are people sunbathing outside on the pier. Some of the people have umbrellas over their chairs. Some people are in the Water swimming with their pets. There are a lot of people on the pier enjoying the Sun. It is a hot sunny day out. There is a flag on a flagpole on the pier to the right. The pier to the left has more people on it.,0.02090097734614935,0.2950819626014513,0.8641507029533386,0.10719754977029097
480,There is a bed in the room. The bed has a white blanket on it. There are two pillows on top of the bed.,The small bathroom has an angled ceiling. There is a window in the angled ceiling. There is light coming into the room. There is a white sink below the window. The sink is round. The is a toilet next to the sink. There is a tub next to the toilet. There are some glass panels on the wall above the tub. There is a white shower curtain. There is a blue carpet on the groun. There are bottles on the corner of the tub.,0.006682254891643273,0.4137930991676576,0.8821098208427429,0.15011518429487178
481,This is an image of a kitchen. The kitchen is made of wood. There is a microwave on top of the counter top.  The microwave is white and black. It is on a white wall. On the wall there are a bunch of,A black and brown bag is sitting on top of some carpet. The carpet is brown and there is a brown wall next to it. There is a cat inside of the bag looking out the top of the bag. There is an orange cat sitting in front of the bag looking down into the bag. The cat inside of the bag has its eye looking out of the bag.,0.032272816068909735,0.40677965613329503,0.8607762455940247,0.17830609212481424
482,There is a wooden bench sitting on the ground. The bench is made of wood. There is an orange and black umbrella on top of the bench.,A male is surfing in the blue ocean.  There is a wave behind him with white foam surfacing on the water.  The male surfer is laying on the surfboard in preparation to ride a big wave.  He is wearing a black wet suit that covers his entire body.  The surfer has dark brown hair and the board is red.,0.016528526887563785,0.25396824975560595,0.8594266176223755,0.12544802867383512
483,This is an image of a man. The man is wearing a white shirt and blue jeans. He is holding a black and white frisbee in his hand. There is a large white building behind the man with many windows on it.,A smile is represented on a blue plate utilizing food.  Two eyes are displayed using oranges.  A chili pepper represents a nose and a banana represents a smile.  The circular blue dish is sitting on top of a wooden plank table.  There is a light casted on the left of the plate.  The blue ceramic plate has swirls of white around it.,0.02270983489537649,0.27397259785325584,0.8443430662155151,0.17734374999999997
484,A man is sitting on a bench. The bench is made of wood. There is a black and white picture hanging on the wall behind the man.,"A lone soda can sits on a desk. Inside the grey and silver can with tiny writing are small bright red and pink flowers. The can is being used as a vase. Behind the can is a blue white and yellow calculator, a pink notepad and a black plastic corded phone. The point of a white elbow can be seen. The desk is very large.",0.007735011454097271,0.276923072662722,0.8669640421867371,0.13071895424836602
485,A large white and blue airplane is flying in the air. There is a large black and white building behind the airplane.,The plane is parked on the runway. The tail of the plane has a circle on it. The top of the plane is white. Underneath the plane is a grey color. The sun is shining outside. There are other planes parked out. All the planes are getting ready from passengers and for take off. There are baggage carts around the bottom of the Planes.,0.003724435604224696,0.21428571020408166,0.8756150603294373,0.07525083612040134
486,This is an image of a bathroom. The bathroom is white. There is a mirror on the wall above the toilet. It is made of glass. On top of the mirror there are two white towels. One is on top and the other is,"A small bedroom is in view. The ceiling is high and angled into three white sections. The window is covered with a white set of curtains covered in little yellow flowers. The walls of the bedroom are painted yellow. There is a lamp and a black alarm clock on the bedside table beside a photo in a frame. The bedframe is brown wood, and the covers are white and yellow. There is a striped pillow on the bed, and a small picture above the headboard. There is a large dresser of brown wood to the right, with multiple small ceramic decorative objects adorning the surface. There is another small framed picture on the wall above the dresser.",0.028043047482745782,0.2608695609829868,0.8573266267776489,0.14081190817256709
487,A black and white picture of a dog. The dog has a white collar around its neck. There is a red and black umbrella over the dog's head.,"This is a black and white photo of elephants standing in a row. There are ten elephants shown in the picture. There are men standing in front of the elephants. The men are wearing denim, hoodies, and hats on their heads. They are holding hoses and they are spraying the elephants down. There are people in the background behind the elephants, too.",0.015115137831529336,0.3278688478473528,0.8874596953392029,0.09385665529010238
488,"A man in a blue shirt and blue shorts is standing on top of a white surfboard.  The man is wearing a black and white striped shirt, blue jeans, and a pair of black sneakers. There is a large wave in the water","Two shoe less young boys are standing on a sandy beach. One of them are wearing turquoise shorts and the other is wearing black shorts. They both have short dark hair. The boy wearing the turquoise shorts is resting his foot on a dirty, white soccer ball while resting his arm on the shoulder of the boy wearing the black shorts. A shadow of the ball is shown in the sand, a small wave is rushing up the shore and there is a small, white boat traveling in water just behind the two young boys.",0.00768072317254891,0.3488372049107626,0.8646906614303589,0.18698013726648785
489,There is a wooden table in front of a white wall. There is an orange table cloth on top of the table. The table is made of wood and has a black and white picture on it.,Two vintage trains cars are on display behind ropes.  The train cars have information signs on poles in front of them.  The car on the left is red and has DD1631 on the front.  The right car has a back door and blue chairs can be seen inside on it.  There are lights on inside left car.  The trains are indoors and there is a low ceiling above it.,0.020890506669400212,0.3478260824196598,0.8646524548530579,0.16599449351261697
490,A man is sitting on a bench. The bench is made of wood. There is a white wall behind the man.,A bride is wearing her white gown and veil while holding a knife in her hand.  She has red hair and a bruise under her right eye.  A wedding cake is on a table  with white frosting and clusters of dark fruit o top.  The scene takes place outdoors at night. Several cars are either parked or driving down the street.,0.004299852582131994,0.23529411404844294,0.8649998307228088,0.09649122807017543
491,This is an image of a bathroom. The bathroom is white. There is a white toilet in the middle of the room. A white sink is next to the toilet. Two white towels are sitting on the wall. One is on a towel rack,"A white topped surface is topped with several dozen long sheaves of wheat in the upper left hand corner of the image. In front of the wheat stands a small sign that says, ""Please Do Not Touch""  A larger sign in front of the wheat says ""Wheat Weaving."" Next to this sign is a spool of silver thread. In front of the spool of thread lies a pair of green handled scissors. Next to the scissors and in the foreground lie a couple of woven articles which look to be the same size as a bracelet. The wheat has been already fully woven in these.",0.005564726828715777,0.21276595326392037,0.8396059274673462,0.10111223458038424
492,A large brown bear is standing on the ground. The bear has a black nose and black eyes. There is a large rock wall behind the bear.,"A large black bear is sitting on the side of the road. The bear is sitting on its bottom, with its front paws in front of it. The area where the bear is sitting is full of rocks and dirt, with some green grass and weeds. The roadway in front of the bear is graveled. There are trees surrounding both sides of the road.",0.008467095443012886,0.31578946912896283,0.9102029204368591,0.17646144278606962
493,A wooden bench is sitting on top of a wooden floor. There is a white wall behind the bench.,"A woman is skating around a concrete skate park. It looks like an old swimming pool and her shadow is cast below her by the sun. Both of her feet are on the black skateboard. She is wearing a sleeveless short red dress and black sneakers. Her arms and legs are bare, only the back of her head can be seen. Her hair is bleached blond and she has dark roots showing.",0.0010523754682340435,0.16901408117437022,0.8583850264549255,0.06746626686656672
494,A man is sitting on a bench. The bench is made of wood. There is a silver chain link fence behind the man.,A white truck is on a dirt road. There are a lot of people in the back and a man is sitting in the passenger side. Another white truck is parked beside that truck. It is going in the opposite direction. A man's arm is stretched out of the passenger window. There are bushes and small trees in the background. There appear to be power lines in the air above the trucks.,0.007620607665119939,0.2812499959570313,0.8814769387245178,0.09687034277198212
495,This is an image of a man. The man is wearing a white shirt and blue jeans. He is holding a black and white frisbee in his hand. There is a large white building in the background.,There are a group of zebras all standing outside together. There appears to be four of them and they are all pretty much looking in separate directions. One of the zebras is looking directly at the camera. They are all huddled pretty closely together. They are standing in a field of grass that has some small bushes and very small trees present as well.,0.004296052782042831,0.19999999533061236,0.8456254005432129,0.09787928221859707
496,There is a wooden table in front of a white wall. There are books and papers on top of the table. The table is made of wood.,There is a reflection of a building in the window. The window is dark and has various panes and metal bars. The reflection is of a clock tower. The clock tower has a gold clock with roman numerals. The reflection in the glass made to reflection of the clock face. The tower is made of dark tan brick and has a fence like design at the top.,0.017732085900598757,0.3703703657064472,0.8679240345954895,0.14384333615102846
497,A black and white cat is sitting on top of a wooden bench. The bench is made of wood. There is a black door on the front of the bench and a white door behind it.,"The man is snowboarding during the winter time. From the edge of a large cliff that leads to a range of mountains, he is trying to slide across the snow. His outfit consists of a bright green pants, that are long-sleeved, followed by a jacket with scribble patterns. His head is protected by a beanie.",0.010069165623461567,0.15873015418493333,0.8520505428314209,0.13182674199623348
498,A man is sitting on a bench. The bench is made of wood. There is a black and white picture hanging on the wall behind the man.,"A woman is up in the air with her ski boards. The woman's ski boards are yellow. She is also wearing green cargo pants, black hoodie jacket, brown helmet and goggles. Her ski poles are black and white. The sky is blue with white sheets of clouds. The pants have pockets on the side. The goggles are too big on the face.",0.00766737876917609,0.2812499957031251,0.8684485554695129,0.14351125065410775
499,A man is sitting on a bench. The bench is made of wood. There is a white wall behind the man.,"Three men are airborne on top of white ski boards. They are jumping in different directions, one ski angled to the left, the other two towards the front. They are wearing thick winter protective clothing and helmets to protect themselves in case of a fall. The sun is glowing against the pile of white snow they are above. There is an expanse of white glowing snow in front of the pile with people wearing dark winter clothing walking and skiing. A large hill in the background displays patches of dark, snow covered trees running down the slope. The sky is heavy and grey with clouds.",0.0005418154620715582,0.21176470282629759,0.8607227802276611,0.056935817805383024
500,A man is sitting on a bench. The bench is made of wood. There is a black and white picture hanging on the wall.,There's a man standing on a snowboard outside. The snow has lines in it. The sign says Superstar on it. The majority of the sign is black and the letters are white. The symbols on the sign are black. There is an arrow pointing to the left. The snowboard is blue and orange. The tree to the right of the man is filled with snow.,0.007374108218022951,0.3508771885380117,0.8814136981964111,0.11494252873563221
501,A man is sitting on a bench. The bench is made of wood. There is a silver chain link fence behind the man.,A white game controller is sitting on top of a small table in a room. It is connected to a game system. Behind the table is a newspaper that is sitting beside a small decorative lamp. A wall is behind the lamp and paper. Near the lamp is a wooden cabinet with drawers and a door. The handles to the door and drawers are black.,0.011101990946652084,0.31578946936288094,0.8803056478500366,0.12972983494238555
502,There is a clock on the side of the building. The clock is black and white. There are two clocks on top of it. One is white and the other one is blue.,"A chair is sitting in front of a long white table. The table has two laptops, papers, and numerous cords on top of it. A microphone is hanging on a microphone stand beside the table. A long black cord is running along the wooden floor into a white outlet that is on the wall. Part of a large picture frame can be seen hanging on the white wall.",0.038619693319175905,0.33333332888888895,0.8702833652496338,0.15503875968992245
503,A wooden bench is sitting on the ground. There is a black and white picture hanging from the wall above the bench. The picture is of a man in a blue shirt and black pants.,This is a black and white photo. A man is riding on a black bull with long horns. The bull is pulling a small wooden cart with bags on it. The man is dressed in a white tee shirt and shorts with no shoes. The road is dirt and grass and there is a tree behind the bull. There appear to be small mountains or hills in the distance.,0.05928456817529259,0.37681158958202066,0.8819594979286194,0.1753048780487805
504,There is a man in a blue shirt and blue jeans standing in front of a white wall. The man is holding a black remote control in his hand. There is an orange and white sign on the wall behind the man.,Two dog figurines are standing by a large blue barrel and in front of a light green color wall. Next to the wall are wooden racks stacked one on top of another. Next to those are several red fire extinguishers. There are more blue barrels laying on top of the wooden racks as well as standing up across from the racks.,0.05200430824364856,0.31884057494643986,0.8658221960067749,0.1353637901861252
505,This is an image of a bathroom. The bathroom is white. There is a mirror on the wall above the toilet. It is made of glass. On top of the mirror there are two white towels on a white towel rack. Next to the,"Two women and a man are sitting in a living room of a home. The women are sitting in chairs and the man is sitting on a sofa. There are picture frames on the white walls in the room. Two windows are above the man, one of them is halfway covered up. There is a small black t.v. sitting on a large brown entertainment center.",0.026835564246178722,0.2941176421669551,0.8721439838409424,0.22163434022257558
506,This is a bathroom. The bathroom is white. There are two sinks on the wall. One of the sinks is black and the other sink is silver. Both sinks are made of metal. A mirror is hanging on a wall above the sink.,A picture of a bathroom with a bath tub and toilet. There is a white sink  under a large mirror in the bathroom. There are lights mounted in teh ceiling. There is a black and white shower curtain on the bath tub. There are many white cabinets under the sink. There is a metal handle next to the shower.,0.017016092041165682,0.4590163885084655,0.8929032683372498,0.21660019581305615
507,A man is sitting on a bench. The bench is made of wood. There is a silver chain link fence behind the man.,Two black cubs are roaming in an enclosed area.  There are stone walls behind the two cubs.  Green shrubs  are in the front of the enclosure.  The cubs appear to be grazing on the ground.  A tub like structure is in the back of the left side.  The two cubs are on the top level and beneath them is a step to a lower level.,0.005136842258901628,0.2950819630529428,0.862056314945221,0.09868421052631578
508,A man is sitting on a bench. The bench is made of wood. There is a black and white picture hanging on the wall behind the man.,There are two men sitting together. Both of the men are holding skis. The man on the left has a red turtleneck on. The man on the right has a black jacket on. There's a light coming off of the camera. Both of these Keys have black footholds to put your feet up. Both of the men are looking into the camera and smiling. The man on the right is wearing a watch on his left wrist.,0.004481448156297004,0.3076923034319527,0.8720802664756775,0.11111111111111112
509,A man is playing tennis on a tennis court. He is wearing a blue and white striped shirt and blue shorts. The court is green with white lines on it. There is a green fence behind the man.,The picture is a baseball or softball game. There players are wearing green black and white. There is a pair of legs visible from someone sitting on a bench. The legs are wearing a pair of high green socks with low shoes. There is a baseball glove next to the legs on the bench. there is also another person with his or her leg propped on the bench. It has green socks with a white front and black pants. Someone in the background is standing next to a fence with a baseball bat in their hand.,0.010018737671671742,0.3037974640282006,0.8752826452255249,0.12195121951219509
510,A black and white dog is laying on the ground. The dog has a black collar around its neck. There is a brown dog next to the black dog.,"A giraffe is standing in the grass with his head halfway down towards the grass. The giraffe is looking at something in the grass and his mouth is open. His left front leg is standing wide and far from his body. The giraffe is young and he has a long neck and long legs. The grass is both, green and dry and there are trees casting shadows on the ground.",0.011930335482225546,0.3030302986914601,0.8709843754768372,0.09104704097116845
511,A man is standing on top of a white surfboard. He is wearing a blue shirt and blue shorts. There is a black and white board in front of him.,There's a man standing at the top of the hill on skis. The man is wearing a black helmet. The man is also wearing goggles. The coat that the man is wearing is a bright red. The man is holding ski sticks. There are lines in the snow where the man is standing. A man is standing at the top of the hill looking over at the land. The land is covered with snow.,0.036407389379069274,0.3389830461706407,0.8850106596946716,0.12931034482758622
512,A black and white photo of a man and a woman sitting on a bench. The man is wearing a white shirt and blue jeans. He is holding a black cell phone to his ear. There is a silver pole next to the bench with a,"A black tall metal steel pole is in front of a very tall buildings with many windows. The black pole has two street signs on it being held on by silver metal rings. One of the signs is black and has the numbers, 1 and 21. It also has in white writing Wall st. On the other black sign are the numbers 92 and 113 and the white word broadway. Above the street sign pole is a street light and the lamp is round. The light is turned off.",0.008347928076238948,0.2790697628312602,0.8437430262565613,0.11806375442739078
513,A man is standing on a baseball field. He is wearing a blue and white uniform. There is a black helmet on his head.,"There is hitter getting ready to swing at the ball that has just been thrown by the pitcher. The pitcher is wearing a black shirt with gray pants and red socks while the hitter is wearing gray pants, dark blue shirt, and black socks. The umpire and the catcher is squatting down anticipating the play. The field is a mixture of dirt sand green grass. The image was taken through a metal fence.",0.008846283267513673,0.19718309467169218,0.8665227293968201,0.08076358296622613
514,A man is sitting on a bench. The bench is made of wood. There is a silver chain link fence behind the man.,A worn wooden building is on the side of a set of train tracks.  The building has many windows with screens over the windows.  Many of the screens are torn or missing.  The paint on the building is severely thinned and peeling.  A small foliage bush is at the front of the building.  Tall mountains are in the far distance.  A large metal structure is suspended in the air above the building and the train tracks.,0.0014320069649843053,0.21874999595703135,0.8664942383766174,0.07779349363507779
515,A black and white dog is standing on top of a wooden bench. The bench is made of wood. There is a white fence behind the dog.,"A man and woman are standing outside on a snow covered field. the man is wearing a dark coat, scarf, pants, gloves and eyeglasses. The woman is wearing a dark coat, gray scarf, dark pants and black gloves on her hands. They are standing behind a homemade snowman. There are colorful frisbee rings on the ground surrounding the snowman.",0.0040517660532687835,0.35087718842720844,0.8663017749786377,0.12544802867383512
516,A man is standing on a wooden bench. The bench is made of wood. There is a silver chain link fence behind the man.,"A long food banquet table is covered in a white tablecloth with long red cloth fringes.  The table is covered in food on metal platters.  In the center of the table are several raised bowls of food.  Next to the table in the foreground is another identical table with different food items.  Two large windows are on the wall next to the tables.  The windows have white sheer panels and dark blue curtains.  The room the table is in has red walls and hardwood floors.  A tall, green, decorated Christmas Trees  is against the wall next to the windows.  Another plain red table is in front of the Christmas tree with two tall glass bowls filled with oranges on it.",0.000251036826680745,0.16091953681595988,0.8457632064819336,0.049818840579710144
517,This is an image of an animal. The animal is a giraffe. There are two giraffes in the image. One of them is looking down at the camera and the other one is standing on the ground. Both of the animals are,"The woman is sitting on top of a large, white lifeguards chair. The woman has dark hair and a blue headband. The is wearing a colorful, flowered bathing suit. She is wearing sandals with a small kitten heel. The woman holds a large pink umbrella. There is a a stand of green trees in the background. The sky is blue with big white clouds.",0.010446391908461071,0.24999999518904328,0.8346505761146545,0.15372168284789645
518,A black and white cat is sitting on top of a wooden bench. The bench is made of wood. There is a silver chain link fence behind the cat.,"A person is in mid air in a jump pose with a snowboard attached to their feet.  The person is wearing a black hat, pants, gloves and red jacket.  The person is in the air above a snow covered steep ski slope.  The sky is white with clouds and a few sections of pastel blue.  The sun is in the background and glowing as a white round and bright circle in the sky with a white haze of clouds over it.  A ornate type graphic in green-yellow and pink lettering is at the bottom of the ski slope.  Trails of narrow white lines are in the sky with the clouds.  Another person can be see in the background at the bottom of the slope in the background.",0.0004186939806799964,0.2045454506844009,0.840299665927887,0.06825938566552901
519,A man is standing in front of a wooden bench. The bench is made of wood. There is a silver chain link fence behind the man.,"A woman is looking down at her hand while standing over a motorcycle.  The woman is wearing a sleeveless vest, black helmet and blue jeans with rips on the upper thigh.  The motorcycle is a pale color and is surrounded on both sides by two more motorcycles.  The woman is parked on a paved surface next to a field of grass.",0.005979428873441531,0.2153846111242604,0.8748701214790344,0.09565217391304348
520,A man is sitting on a bench. The bench is made of wood. There is a black and white picture hanging on the wall.,A man is parasailing in the ocean. The man is standing on a flat board. He is holding on to the handles of the sail. The sail has several white cords attached to is. The sail is dark blue. There black stripes on the sail. On top of the black stripes are blue stripes. The water is dark blue. In the distance is a large land mass.,0.012274649669511722,0.3508771885380117,0.8787954449653625,0.150051086523126
521,A man is sitting on a bench. The bench is made of wood. There is a black and white picture hanging on the wall behind him.,A man is pointing at something pink. The pink item is a wristband. The wristband is on his right wrist. There is some some writing on the man's right hand. the man is wearing a green tie. The man is wearing a white button up shirt. the man is wearing a ring. The man has a beard on his face. The man is standing in a room.,0.0134792658790868,0.32142856674107145,0.8737824559211731,0.10333863275039747
522,A man is standing on a tennis court. He is wearing a white shirt and blue shorts. There is a green tennis ball in front of him.,"A bunch of small green bananas is hanging from a large banana tree. Under the bananas are a slew of large, dead brown leaves. Hanging from the center of the bunch is a long stem with a pod at the end of it that is dripping some type of fluid. Behind the banana tree is a green wall of other trees. The bananas are facing upside down.",0.010334674512382118,0.15384614936804744,0.854142427444458,0.11809523809523809
523,A woman is sitting on a bench. The bench is made of wood. She is wearing a white shirt and blue jeans. There is a black and white dog sitting in front of her.,A stop sign is locating at an intersection on 7th street. There is a street sign and a bunch of pedestrians as well. The pedestrians are all walking across the street and they all have on short sleeve shirts. There are a bunch of palm threes located in the background and the sky is very clear and monotone.,0.02000291873919761,0.25396824925170075,0.8655982613563538,0.14388489208633093
524,A man is sitting on a bench. The bench is made of wood. There is a white wall behind the man.,A little boy lays back on the bed. A little girl lays next to the boy. The boy has a blanket covering him. There is a white laptop on the boys lap. The laptop is open. The laptop has an Apple logo on the screen. The two kids are watching something on the laptop. The laptop is plugged into the wall. There is a cord attached to the laptop. The kids are resting on pilllows. There is a window in the corner of the pic.,0.0071031361588286815,0.327868848589089,0.8860011696815491,0.10849590048063329
525,A black and white striped cat is standing on top of a wooden bench. The bench is made of wood. There is a white fence behind the cat.,A black and white zebra is standing outside by himself. No other animals appear around him. He is standing on the ground covered in dirt. You can see a tree branch next to him with green leafs. In the back of him you can see the shadow on the ground cast about by a tall tree near him. It appears to be sunny and warm outside.,0.035608992340454615,0.2898550682293636,0.8855686783790588,0.15938094549338555
526,A black and white cat is laying on a bed. The bed is made of wood. There is a white blanket on top of the bed and a black headboard.,"The image is a pencil outlining of a baseball player on a baseball field at  home base. The sketch appears like a comic strip picture that has not been colored in. The baseball player has the baseball bat raised in the air and is looking towards the direction of where the pitcher would be standing. The uniform of the player has the letters ""ARAI"" on the back of the shirt with the number 25. Both the shirt and the pants are striped. The player is also wearing a baseball helmet on his head and gloves on his hands.",0.002930226791958371,0.18181817810086023,0.8508355021476746,0.08223684210526315
527,A woman is sitting on a bench. The bench is made of wood. She is wearing a white shirt and black pants. There is a black and white toilet in front of her.,A bedroom has a twin bed that is high up off the floor. The bedframe is metal with metal bars. In front of the bed is a chest. The windows have shutters on them that are closed and drapes that are open. A green plant in a pot is in front of one of the windows. There is a rug on the floor. The bed is made and there are two pillows on top.,0.018888758626167807,0.32835820444642466,0.8549821376800537,0.1562580496871273
528,A man is sitting on a bench. The bench is made of wood. There is a silver chain link fence behind the man.,Two men are sitting in front of their laptops. Both of the laptops are black and gray. The man on the right has gray and black hair. The man on the right is wearing a watch on his right wrist. The watch is black. The man on the left is wearing a navy blue shirt. The american flag is stitched on the right shoulder of the dark blue shirt.,0.002041311375170992,0.30188678796724816,0.8723686337471008,0.08540372670807453
529,This is an image of a bathroom. The bathroom is white. There is a mirror on the wall above the toilet. It is made of glass. On top of the mirror there are two white towels on a white towel rack. Next to the,A large plane is flying over a whole bunch of clouds high in the sky. But because it seems so far away it looks very small. It has a wing and a tail visible and is dark in color. The sky is white and blue. The clouds below the plane are fluffy and puffy and white. Far off is a patch of bright blue. The puffy clouds are a light blue color with a twinge of blue and grey to them.,0.0066126780453862385,0.22784809661913166,0.8397424221038818,0.129366106080207
530,A black and white dog is standing on top of a wooden bench. The bench is made of wood. There is a white fence behind the dog.,This is an old bus painted blue. There are white curtains in the windows and bicycles attached to the front. there are six windows on the side and one big window in the back. On the back of the bus is a spare tire. The bus is parked or traveling along a road next to a patch of green grass. There are many trees in the background.,0.0053575288083885925,0.24615384189349115,0.8708780407905579,0.1111111111111111
531,A man is sitting on a bench. The bench is made of wood. There is a black and white picture hanging on the wall.,Two light brown cows stand on a muddy path.  They have horns on their heads.  There are several cows on the ground behind them.  There is a thatched roofed building in the back ground. The building behind it had a blue tarp on part of the roof.  The roofs of several structures can be seen in the background.,0.01486551111046462,0.23333332900555565,0.8642646670341492,0.1351368538868539
532,There is a white toilet in the middle of the room. There are two white sinks on the wall next to the toilet. The floor is made of tiles.,"Four white fire hydrants sit outside. A small brown dog with a long tail is walking toward them, with its rear facing the camera. There are wooden posts lining a parking lot, and greenish brown grass on a hill in the background. There is a wooden fence post in the foreground, and a wire fence. The sun is casting shadows on the ground.",0.01832856161416231,0.2686567121140566,0.8632470369338989,0.1174496644295302
533,There is a wooden table in the middle of a room. There are a lot of books on top of the table. The table is made of wood and the wood is light brown.,"A cat stands on a tiled kitchen floor, looking into an open refrigerator. There are white cabinets to the right of the fridge, and the main source of light is coming from the fridge. The door of the fridge has eggs, bottles of drinks and condiments, and there are containers of food in the main part of the fridge where the cat is looking.",0.011569113518061159,0.28124999559082037,0.873707115650177,0.17905635529721634
534,A black and white cat is sitting on top of a wooden bench. The bench is made of wood. There is a white wall behind the cat.,"A man is taking a photo in a public restroom mirror with a camera. There is a long counter with four white sinks, soap dispensers, and one water knob for each. Above the sink is a long mirror reflecting the back wall. The wall is covered with beige subway tile. The man taking the picture is wearing a gray shirt, and tan pants.",0.012878681728634806,0.22222221788863702,0.8690495491027832,0.11784511784511784
535,There is a white bus on the street. There are people standing in front of the bus. The bus is red and white.,There is a guy skateboarding. He is skateboarding on a black skateboard with white wheels. He is wearing a white shirt with gray shorts. He has on a pair of red sneakers with black markings and laces. He is in mid jump and has his hands over his heads. There are wooden benches behind the guy on the skateboard. The benches have purple handles. A building with bars and window is behind the benches and is showing the reflection of trees.,0.006190674572475799,0.37499999609863277,0.8683525323867798,0.1183806146572104
536,There is a black and white striped boat in the water. The water is calm and calm. There are small waves on the side of the boat.,A man in a black wetsuit is surfing. The sky above him is a dark shade of blue with a lighter area towards the water. The ocean that he is surfing in is a shade of green with white foam meeting the skyline. The man has his arm outwards for balance and his body bent. His surfboard is white and has a point on the end.,0.015322476839829216,0.31746031324766943,0.8746287226676941,0.12077294685990339
537,A black and white photo of a man and a woman. The man is wearing a white shirt and black pants. He is holding a black remote control in his hand. There is a red and green sign on the wall behind the man.,"A small elephants is bathing in a small man made pond. The water is shallow coming to his under belly and covering his legs. There is water splashing to the right of the elephant. The bottom of his tail is in the water, and his trunk is raised upward as he closes his eyes. The shadow of his turns is cast on the light colored rocks in front of the elephant as the sun shines above.",0.008554574099227783,0.3116883069927476,0.8462207317352295,0.12362637362637362
538,A man is sitting on a bench. The bench is made of wood. There is a black and white picture hanging on the wall behind the man.,People are gathered to board a bus.  The bus is yellow with side doors opened for passengers to enter.  The bus has two front windshields that are high up on the front of the bus.  There are street light poles above the walkway.  People entering the bus are wearing jackets and some have hats on.  The sky is blue with white clouds in the distance.,0.00553346044526739,0.272727268503214,0.8665521740913391,0.09803921568627451
539,This is an image of a bathroom. The bathroom is white. There is a mirror on the wall above the toilet. It is made of glass. On top of the mirror there are two white towels on a white towel rack. Next to the,A cat is looking outside of a window. The cat is peeking with it's head tilted to the side. It appears to be focused on something that is moving outside. The cat is white and has black spots all around its body. The tail is black and the cat has on a pink collar. The cat is looking out of a glass door that is behind an open door.,0.011431458440884099,0.27777777296682105,0.8515012860298157,0.15789473684210528
540,A black and white striped giraffe is standing in a field. There is a fence behind the giraffes.  There are trees in front of the fence.,A single giraffe stands just in front of a series of high boulders which form an enclosure behind it which is higher than it's head.  The giraffe is standing in a depression and a small grass hill rises in front of the animal.  Trees are behind the rocks and cast shadows onto the rocks.  The area in front of the giraffe is grass.,0.06517450532684764,0.3999999955555556,0.8936355710029602,0.22257945932067894
541,There is a wooden table in front of a white wall. There are books on top of the table. The books are white and have a black cover on them.,"A bathroom has brown tiles going halfway up the walls and on the floor. The tiles are rectangular. There is a small white toilet attached to the wall and a metal gray flusher. There is a small white sink on another wall. The wall above the tiles is a light yellow color, almost white. The walls outside the bathroom are white.",0.0167111473235209,0.35087718832871656,0.8836086392402649,0.1381692573402418
542,A large brown bear is standing on top of a rock wall. The wall is made of wood. There is a large boulder in front of the bear.,A bunch of elephants are gathered together outside. Two of the elephants are very close to eachother and the other one is a couple steps away. Two of the elephants look like parents and the smallest one looks like a child. They are in an enclosed area that appears to be a zoo. There is a small body of water in the very front.,0.014073142245033143,0.25806451175858486,0.8744233250617981,0.15880524395188542
543,A black and white bird is standing on top of a wooden bench. The bench is made of wood. There is a metal fence behind the bird.,"The image is of a train-station. It is an aerial view. There is a train in the station and there are three platforms. All three platforms are crowded with passengers. There is a metal archway that goes above the train tracks. On the outside of the station there are trees. On the right side of the image there are large white buildings in the background. It is daytime. Some of the people at the train station are wearing backpacks, many of the people are wearing white shirts.",0.01358430411066399,0.2352941133780277,0.8643491864204407,0.11615065586419752
544,There is a black and white photo of a horse. The horse is standing on a dirt road. There are trees in the background.,"The image is of a jet plane. It is gray in color and has two small black wheels below its body. These small black wheels extend to each side of the plane. On the front of the plane there is a propeller that is moving in full motion, as the plane is up in the air. The letters ""TF-FTE"" are on the bottom of the left wing. The tail has a small wing on each side. The sky appears gray and dark.",0.003137443332722566,0.2985074586233014,0.8615967631340027,0.09186351706036747
545,A black and white cat is sitting on top of a white desk. The desk is made of wood. There is a black laptop on the desk next to the cat.,"Chopped tomato pieces sit on a cutting mat next to a silver chef's knife. There is a glass measuring cup in the background, and two bunches of green broccoli next to the tomatoes. The flash from the camera gives a bright light on the food, and the kitchen counter that everything is sitting on is a creamy white color.",0.03360402707297529,0.374999995703125,0.8697747588157654,0.21699805798444416
546,A wooden bench sits in a room. The bench is made of wood. There is a white wall behind the bench.,The room is a little dark. There are two windows in the room. The two windows are letting in the only light that is coming into the room. The two windows have drapes. There's a cream chair to the left of the room. There are two lamp shades on both sides of the windows. There is a silver kettle on a table closest to the camera.,0.007931045326633895,0.30188678809540764,0.8787768483161926,0.1199751580849142
547,A man is sitting on a bench. The bench is made of wood. There is a white wall behind the man.,The room shows computer desktops on long table. A man with balding head is looking at the his computer. He is wearing a stripe shirt. He is also wearing eyeglasses. In front of him is a woman wearing a white blouse. She is also looking at her computer. The wall is white and there is a green poster. The room is dark except fro the lights coming from the desktops.,0.003936348230998203,0.2622950780972857,0.876424252986908,0.10752688172043011
548,A man is standing on a bench. The bench is made of wood. There is a silver chain link fence behind the man.,"A vintage ad for Gold Seal floors and walls shows a woman in a red and black party dress entering a bedroom. There is a platform, and a bed on the platform with a ottoman, and a nightstand. A tall window behind the bed has closed curtains. A bookcase on the wall has white books on the shelves. The floors appear to be terrazzo.",0.010041853225481458,0.25396824988662137,0.8649848699569702,0.10609348914858094
549,A black and white dog is standing on top of a wooden bench. The bench is made of wood. There is a white fence behind the dog.,A little brown teddy bear sits on the corner of a couch. The couch is black and made of leather. The bear has a pink bow around its neck. there is a painting on the wall behind the couch. The painting is of a tidal wave. There is a mountain in the background as well. The bear sits alone on the couch. The bear is cute.,0.016297893141659667,0.4137930989298454,0.9000207185745239,0.1596375975795263
550,A man is playing tennis on a tennis court. He is wearing a blue and white shirt and blue shorts. The court is green with white lines on it. There is a green fence behind the man.,"This is photo inside a stadium at a soccer game. There are spectators in the background. The ground is covered with green astro-turf. There are two men play soccer. One of the men is wearing a black pair of shorts, white shirt, white socks and black shoes with yellow at the bottom. The other player is wearing a purple pair of shorts, a purple shirt with white writing and purple socks. They are both trying to kick the white ball that has multi-colored swirls.",0.01206185975321716,0.2631578904155125,0.8840275406837463,0.14408890290037832
551,A man in a blue shirt and blue shorts is standing on a wooden bench. He is holding a black and white frisbee in his hand. There is a white building behind the man.,There is a baseball game going on. There are batters on the side warming up. They are wearing grey uniforms. They are wearing red helmets. The other team has red and white uniforms. There are many people watching the game. The ground is green. The sky is blue. There are many trees. Many people are playing.,0.0206633500152148,0.27118643585176677,0.8708521723747253,0.08364312267657993
552,A black and white cat is sitting on top of a wooden bench. The bench is made of wood. There is a white wall behind the cat.,A cow eats grass on the side of a hill. The cow is white. The grass is green. The grass is all over the hill. There are some weeds in the grass. There are  some trees by the grass. There is a rock by the trees. There are many mountains.  There is some snow on the mountains. there is some fog near the top. There is just one cow.,0.011167017591060042,0.3773584858668566,0.8773998618125916,0.10598408325681054
553,A wooden bench is sitting on the ground. There is a black and white picture hanging from the wall above the bench. The picture is of a man in a blue shirt and blue pants.,A woman has a bunch of bananas o her head. She is seen in the forefront of three village type cottages. There is three other people behind the woman. There appears to be two men and a child as the man is wearing a blue shirt and stands in the doorway of one of the cottages. The child sits on the dirt ground a few feet away from the man in the blue shirt. A man wearing a red shirt is seen a few yards behind the others. Trees protrude from the tops of each cottage.,0.021898870699838292,0.3703703661027282,0.8668933510780334,0.1438901867439352
554,A man is standing on a skateboard. He is wearing a black jacket and black pants. There is a white fence behind the man.,A little girl is gesturing while standing in a grassy area. The girl has red paint on her cheeks. The girl has short black hair. She is wearing an orange shirt. She is also wearing a short that are a floral print. Behind the girl is a wooden fence. The fence is discolored and gray. On the ground behind the girl is a black bat and a small white plate.,0.00628509304105766,0.3174603133786848,0.8910803198814392,0.1515824894447795
555,A man is sitting at a table. The table is made of wood. There is a laptop on top of the table with a black keyboard on it.,"Multiple hair styling tools are sitting on a metal grate. A silver pair of shears is laying on top of a smaller pair of thinning shears. The thinning shears are different colors of blues, yellows, and pinks. Next to the shears is a gray comb. The comb has 2 varying ends. One side of the comb has small teeth the other has wider teeth. A golden comb is laying on top of the gray comb. The golden comb is large with large teeth. The metal grate is dark gray.",0.01438143274114161,0.3030302988062443,0.8554080724716187,0.11958377333761858
556,A black and white striped zebra is standing on a grassy field.  The field is surrounded by tall trees and is covered in a thick layer of green grass and weeds. There is a black fence in front of the field and there are,"Black and white cows are lined up at a feeding station in a green field. The line up shows seven cow rumps and no heads, but the eighth cow is turned, looking at the camera. A farmer is in a green tractor in the distance, directly behind the feeding area. Bushes are to the left, behind the cows. The one cow with a visible face has yellow id tags in her ears.",0.010368179892463806,0.2499999952531251,0.8539621829986572,0.1300578034682081
557,A black and white dog is standing on top of a wooden bench. The bench is made of wood. There is a white fence behind the dog.,"A group of 24 young men are posing on the stairs in front of a building. They are mostly dressed in jackets and ties, although one seems to be wearing a sweater under his jacket.  Two of the men are wearing glasses. The men appear to be Caucasian. Most of the men are standing on the stairs, but a few are sitting on the stones on the side of the stairs. They are in front of a porch.",0.003970099459572135,0.24615384189349115,0.8632346987724304,0.08230452674897121
558,A man is sitting on a bench. He is wearing a black jacket and black pants. There is a white wall behind him.,"Two young men are seen on a ski slope skiing in a black and white photo. The boy in the foreground is wearing a winter hat with white specks, and white pine trees knitted into the design and a white pom pom on the top. The man is bending his right leg as he holds of his ski poles in the air. The boy on the left side of him is barely visible.",0.008676902818637122,0.24242423845730032,0.8676711916923523,0.1410564225690276
559,A black and white striped cat is standing on top of a wooden bench. The bench is made of wood. There is a white fence behind the cat.,"A boy is sleeping on the couch with a black cat. The cat's ears are perked up. The boy has short brown hair and is wearing a white and gray shirt. The couch is light brown and there are some wooden bars at the top, where the boy's head is. The surface behind the wooden bars is white. The boy's ear is red.",0.008008541368070738,0.2950819626981994,0.8946033120155334,0.16661335814602657
560,This is an image of a building. The building is made of brick. There is a clock on the top of the building with a black face and white numbers on it.  The clock has a white face with black hands and black numbers.,The building is painted burgundy and orange. There is an old sign attach to the wall for a restaurant. The writing on the sign is yellow. There are lights attached to the wall as well. The windows on the building are very big. The windows are reflecting the trees. There is a aqua blue square small sign in the sign on the wall.,0.03324965789674816,0.29999999520000004,0.868559718132019,0.17415098199672666
561,There is a white toilet in the corner of the room. There is also a black and white mirror on the wall behind the toilet.,The desk has laptops on it. Two of the laptops are turned off. There are two desktops to the right of the laptops. The two desktops are on. The desk is made of wood. There is a glass on a coaster to the right of the desktop computer. There's a garbage can underneath the cabinet under the desk. There is a shelf over the desk that has books on it.,0.01042328949844172,0.23076922636834327,0.8761737942695618,0.13835313248114187
562,A man in a blue shirt and black pants is standing on a wooden bench. There is a black and white picture hanging on the wall behind him. The bench is made of wood.,"A man in a red and black jacket, blue jeans, and a black motorcycle helmet is seen standing on the side of the road near his motorcycle. The man is holding his riding gloves in his right hand just below the license plate on his bike. The man has the face plate of the helmet down obscuring his face. Across the road there is dry grass and bushes on an incline. The road is empty otherwise.",0.03615037927274578,0.36111110649691364,0.8796458840370178,0.18416930374749715
563,A black and white bird is standing on top of a wooden bench. The bench is made of wood. There is a black fence behind the bird.,A train is traveling on the railway track that is up on a small hill. The train is dark gray and light gray colors with yellow on its front. The hill has dry yellow as well as green grass. Next to the hill is a fence with wooden posts and green plants are growing on that side of the fence. There are also some green trees. There are some white clouds in the sky.,0.004284563917000801,0.3283582047672088,0.8794612288475037,0.13576050685425686
564,A wooden bench sits in a room. The bench is made of wood. There is a white wall behind the bench.,"The surfer is wearing a blue and black wetsuit on a cloudy day.  His surfboard is baby blue and cutting through the wave.  The surfer is focused on riding the wave as the spray from the wave is hitting him.  The surfer is keeping his body bent and low to the surfboard to keep himself on the surfboard.  The spray from the wave is small, so the surfer is coming to the end of the wave.",0.0010827239214738886,0.17857142434311235,0.8484780192375183,0.06382978723404256
565,A black and white cat is sitting on top of a white toilet. The toilet seat is white and the lid is open. There is a black handle on the side of the toilet and there is an orange handle next to it.,A woman in a white hat with a light brown ribbon walks down a city sidewalk with her purse over her shoulder and carrying a large wooden basket.  There is a railing on the sidewalk and two bicycles are leaning against the railing.  There are a couple of signs and both signs are in the Asian language.  A statue of Colonel Sander from KY Fried Chicken stands in a glass showcase in front of one of the windows.,0.017675813426886303,0.2307692263247864,0.8546261787414551,0.13984174330930482
566,A wooden bench is sitting on the ground. There is a black and white clock on top of the bench. The clock is black with white numbers on it.,A picture of people having a bike race. There are orange cones on and around the street. There are tall buildings behind the bike race. There is a large green tree to the right of the bike race. There is a tall street light to the left of the bike race. There are white lines and words painted on the street. The two men at the lead of the bike race are wearing helmets.,0.011644539543267995,0.3389830463659868,0.8648640513420105,0.12079723975921304
567,A black and white truck is driving down a road. There is a red stop sign on the side of the truck. The road is made of concrete and is surrounded by trees.,There's a truck and motioned down the street. The front of the truck is ready. This guy is blue with no clouds. The back and top of the truck is white. Their trees to the left side of the truck. The truck has big black wheels. The headlights on the truck on. There's a puff of black smoke behind the truck.,0.06860641832759551,0.36666666186666674,0.8715733289718628,0.1790070425522888
568,A man is sitting on a bench. The bench is made of wood. There is a black and white picture hanging on the wall behind him.,There are a bunch of motorcycles sitting in front of a store. There is a large white sign on the store front. There is a large red sign on the store front. The sky above the store is blue. The road in front of the store is gray and paved. There are yellow lines on the road in front of the store. There are people standing around the motorcycles.,0.011190331585233484,0.3921568579008074,0.880361020565033,0.11591962905718702
569,A black and white dog is standing on top of a wooden bench. The bench is made of wood. There is a white wall behind the dog.,"A young child is brushing his teeth.  He appears to be about three or four years old.  He looks Asian, with epicanthic folds in his eyes.  He has brown hair and light eyebrows. He is wearing a white t-shirt. The toothbrush is blue and gray.  The sink is white.  A mirror in the background reflects a bathtub or another sink.  Nobody else is visible.",0.005607039548616247,0.17647058408304508,0.8508646488189697,0.08291873963515754
570,A man is standing on a wooden bench. The bench is made of wood. There is a black and white picture hanging on the wall behind him.,"A giraffe stands in an outdoor enclosure. The giraffe is standing in a side view, with its head turned toward the camera. There is a metal fence behind it, with wooden posts. There are tall palm trees with brown trunks, and green leaves and branches. It is a clear sunny day, and blue sky is visible in the background above a tan building. The giraffe is standing on beige dirt or sand and its hooves are dusty.",0.011270245450237618,0.2857142816326531,0.8673498034477234,0.10416666666666669
571,A black and white photo of a man and a woman. The man is wearing a white shirt and black pants. He is holding a black remote control in his hand. There is a red and green sign on the wall behind the man.,A person is in fast motion skiing on the snow. The skis are multicolored. The trees in the background are a blur because the person is moving. The person is wearing a hat and gloves. The hat and gloves are both black. The trees in the background have snow on them. The person is wearing black pants. The hood on the person's jacket is bright red.,0.02270696982079415,0.38095237598387505,0.8728191256523132,0.13322884012539185
572,A wooden bench is sitting on top of a bench. There is a black and white picture hanging on the wall. The bench has a white handle.,There is a man surfing in the ocean. He is in the wave. He is on his stomach on his surfboard. He is holding on with his two hands. The wave is big. The surfboard is red. The man is soaking wet. The water is a greenish color. The man has short sleeves on. The Water behind the waves is calm. The man is wearing some sort of paddle on his feet.,0.009029411445290562,0.23728813111174954,0.8545401692390442,0.08148148148148149
573,A man is standing on a wooden bench. The bench is made of wood. There is a black and white picture hanging on the wall behind the man.,The man is sitting on a pink bicycle with a basket on the front.  He is wearing an orange short sleeve t-shirt and blue jean shorts. He also is wearing a pair of thong shoes.  He is sitting on a bicycle on the beach near the blue water.  The sky is clear blue. There is a  boat in the water.  The man is near a white pick up truck that has a license plate on the back of it.  There is a board in sand near the water.,0.007332895486294028,0.2898550682293636,0.8635105490684509,0.14942189214279689
574,A black and white dog is standing on the ground. The dog has a black collar around its neck. There is a white fence behind the dog.,"In the image only the head, neck, and a partial hoof of a Zebra is visible. The Zebra is white and black, and is leaning down to eat from the grass. The Zebra is striped. The grass that the Zebra is eating from is green with various twigs and clumps of dirt scattered across it. The picture was taken while the sun was shining.",0.003071102041600702,0.1967213070679926,0.871886670589447,0.0746268656716418
575,A black and white cat is sitting on a wooden bench. The bench is made of wood. There is a white wall behind the cat.,A woman is standing in the middle of a concrete path crouching and holding a tennis racket as she poses for the camera.  She has short blonde hair and is wearing a short-sleeved button-up light blue shirt and a dark blue denim skirt that falls to her knees.  She is wearing black thong sandals and has red painted toenails.  The path is long and winding as it stretches between two areas of dense green shrubbery lining each side.,0.0016560308687027046,0.2025316419163596,0.8438741564750671,0.08940852819807428
576,A wooden bench is sitting on top of a metal railing. There is a black and white picture hanging on the wall behind the bench.,"The image is of a man's forearm outstretched holding some fruit. The man has light skin and blond hairs on his forearm. He is holding out his left hand, he is holding a bushel of miniature bananas in the open palm of his left hand. They are lying across his fingers, there are seven small bananas. The man is standing on sand that has many shoe and paw prints in it.",0.0037058116207662464,0.17391303936147878,0.8488999605178833,0.08283132530120482
577,A black and white cat is sitting on top of a wooden bench. The bench is made of wood. There is a white wall behind the cat.,Two people are standing on a beachy sand area flying a kite.  There is a woman and a man.  Both are wearing jeans.  The woman has a black long sleeved turtle neck on .  The man is also wearing a lightweight jacket.  In the distance are sandy hills with grass growing on top.  The sky is blue with white clouds in the distance.,0.012878681728634806,0.31746031312673223,0.8597989082336426,0.10942760942760943
578,A black and white dog is sitting on a wooden bench. The bench is made of wood. There is a white fence behind the dog.,"A woman is posing in a very weird position to take a photograph. She has on a hat that looks like it may be corduroy. She has her hands up, one is an all the way opened palm and the other has her two fingers in the middle pointed downward while the outside fingers are pointed up. She is looking directly at the camera.",0.004903269834342336,0.17910447354867462,0.8470075130462646,0.1227699205028656
579,A man is standing on a skateboard. He is wearing a black jacket and black pants. There is a white building behind him.,"A woman is standing on a train platform. She is wearing a scarf on her head, a coat, and a red skirt. She is holding on to a black suitcase. A lot of people are standing across from her on another train platform. They are standing near their luggage. A large building with windows is over a platform.",0.03977142073011869,0.2909090865057852,0.9073193073272705,0.11926605504587155
580,A black and white striped giraffe is standing next to a white fence. The fence is made of metal bars. There is a large tree in front of the fence with a green leaf on it.,"Two zebras with dark brown and white stripes are standing close to each other, and they are leaning their heads on each others backs. The horse on the right is taller than the one on the left, and he has a longer face as well. The one on the left appears more white, and brown, than black and white. There are mountains in the distance behind the dry grass , and the plains.",0.007409591560183768,0.32499999545,0.865476667881012,0.10822510822510822
581,This is an image of a bathroom. The bathroom is white. There is a mirror on the wall above the toilet. It is made of glass. On top of the mirror there are two white towels on a white towel rack. Next to the,Two black microwaves are sitting on a yellow counter top in a kitchen. A brown shelf is hanging above the microwaves. Objects are sitting on the shelves. A phone outlet is hanging from a white painted wall above the counter top. Two wooden chairs are sitting in front of the counter top. Part of a room can be seen in the background of the photo.,0.027889930281419967,0.26865671150813103,0.8730514049530029,0.22649748603268013
582,There are three giraffes standing in a field. There are trees behind them. The field is covered with grass and weeds.,Brown cows are lying on the green grass. Behind the meadow there is a small rocky mountain. Some parts of the mountain is covered with grass and shrubs. The cow on the front has two long horns and a long tail. On back a cow is stand facing to the right. On back the meadow is covered with dark green vegetation.,0.0284628820761147,0.2807017500646353,0.8899607062339783,0.14013339132956354
583,A man is sitting on a bench. The bench is made of wood. There is a white wall behind the man.,Three men and a woman are standing in a room of a home. They are holding white game controllers in their hands. A blue and brown futon is sitting in front of a window. A tall cabinet is leaning against a wall beside the window. A brown table is sitting near the cabinet with different items on it. A long picture frame can be seen hanging on a wall in the room.,0.003169704606302793,0.28571428192491816,0.8838385939598083,0.11210762331838564
584,A wooden bench sits in the middle of a field of grass. The bench is made of wood. There is a black fence behind the bench.,The sky is mostly cloudy and overcast. There is a bench to the right of the walkway. The bench is made of wood. There is a red sculpture made of metal to the left of the bench. Some of the grass is cut short and some is not. There are trees behind the bench the trees directly behind the bench is a reddish wine color. The trees in the distance are tall and bushy.,0.061587288441819,0.4210526271345029,0.8964880704879761,0.15783869469841322
585,A black and white bird is standing on top of a large rock wall. The bird has a long black beak and a black nose. There is a small black bird in front of the bird.,The image is of a seagull flying in the air in the direction of the west. The seagull in the air is white and its wings are spread open. There is another seagull on the ground. The ground is made of sand and the seagull is located near the shoreline of the water. There are waves in the water in front of the seagull on the ground. The clouds are gray and the sun is orange. The sun can be seen in the distance.,0.02629552518877909,0.3174603127437642,0.8658305406570435,0.10600262832405687
586,There is a wooden bench on the side of the street. The bench is made of wood. There are trees behind the bench.,"The image is of a sign hanging on a black pole. The sign says ""Objazd"" in black lettering. To the left of the lettering is a solid black arrow which is pointing to the left. The sign's background is yellow. It has markings and scratches on it making it look worn. The sign is near the bottom of the picture. The pole does not have a top or bottom. In the background is blue sky with numerous clouds. The clouds are large and puffy. The picture was taken during the daytime since the clouds are out and the sky is blue.",0.0010738186776797004,0.1917808184950273,0.8609102964401245,0.06974248927038626
587,There is a black and white dog on the ground. The dog has a white collar around its neck. It is looking up at the camera. There is another black dog in the distance.,"There is a single person in black on the ocean as they para-ski on a mostly cloudy day. The sail in the air is yellow, with white, and black stripes on it, and is high in the air and far from the skier. Beyond the sand, and near the camera there is a swatch of area where there are small pebbles and small rocks on the sand. There is a red, white, and black kite on the beach on the damp sand near the rock covered ground. rocks.",0.010739072515563552,0.2702702658875092,0.8709707856178284,0.12001809696959542
588,A black and white dog is standing on top of a wooden bench. The bench is made of wood. There is a white fence behind the dog.,"Four elephants are seen in a muddy field on a sunny day. The Elephant nearest the elephant is small and his head, trunk, and front legs are wet. The taller elephants on the right are facing away from the camera, and are fully wet. The fourth elephant is far in the distance behind a wooden post fence. A person in a tan hat is standing near the two wet elephants.",0.005701210436561643,0.3030302988062443,0.8653939366340637,0.0989345509893455
589,A black and white cat is sitting on a wooden bench. The bench is made of wood. There is a white wall behind the cat.,There are two giraffes in the outside wooded area. One of the draft is sitting down. The other draft is standing with his face in the trees. The giraffe sitting down is looking to the right. The giraffe has two furry horns on its head. The top of the horns is a dark brown color. The giraffe is brown and tan. The giraffe's neck is very long. The giraffe ears are white. The eyes of the giraffe are very dark.,0.0032328262825014257,0.30769230355502963,0.8615147471427917,0.08053691275167785
590,There is a black and white train on the tracks. The train is red and blue. There are trees behind the train.,The picture was taken in black and white. There are planes parked on the grass. There's a big plane and a small plane parked next to each other. The big plane has two propellers under the weight. The windows are on the side of the plane. The windows are circle-shaped. The grass is high. Some of the grass is brown colored.,0.006428113844398194,0.37037036620027436,0.8789510130882263,0.12922017902315625
591,A black and white cat is sitting on a wooden bench. The bench is made of wood. There is a white wall behind the cat.,A Caucasian couple are sitting in bed reading a book together. They are both under a yellow bed sheet.The man does not have a shirt on. He also has blue eyes and short brown hair. The woman looks older with reddish-brown hair. The bed frame is made of metal and is black and gold. Above the bed a brown curtain with a funky print hangs.,0.01184756260664592,0.2898550684730099,0.8694870471954346,0.1552254098360656
592,This is an image of a bathroom. The bathroom is white. There is a mirror on the wall above the toilet. It is made of glass. On top of the mirror there are two white towels on a white towel rack. Next to the,This photo takes place inside of a bathroom. A long green curtain hangs inside of a white tub. Part of a window can seen above the tub. A window sits over a white toilet. Two small shelves are on a corner wall near the window. A roll of tissue hanging on a tissue holder near the toilet. The floor is blue in color. A small trash can is on the floor near the toilet.,0.023842842238672928,0.3611111063001543,0.8882936239242554,0.19014084507042256
593,A man is sitting on a bench. The bench is made of wood. There is a white wall behind the man.,"In this black-and-white image, a man is holding a cell phone to his right ear and looking straight ahead. He has very short, dark hair and has an East Asian appearance. He is standing next to a motorcycle outside a building. He appears to be wearing a robe. The appearance of him is reminiscent of a Buddhist monk.",0.004691029152633697,0.16949152147084182,0.8688212633132935,0.11703499079189686
594,A man is sitting on a bench. The bench is made of wood. There is a black and white picture hanging on the wall behind him.,"A man is riding a skateboard on a skateboard ramp. The ramp is covered in graffiti. Above the skateboard ramp, there is a metal chain link fence. The man is wearing a black shirt with green writing on it and black pants. He is wearing red and black checkered shoes. He is holding his arm out as he is doing the trick.",0.016337455192018957,0.29032257616545265,0.8825857639312744,0.136986301369863
595,A man is standing in front of a building. He is wearing a black jacket and black pants. There is a white building behind him.,"There is a large amount of snow on the ground. There are trunks that are partially covered with snow. There is a guy snowboarding through the trees. He is wearing a kaki colored puffy jumpsuit. The jumpsuit has a hat attached, but he is not wearing it. He is wearing a black cap with goggles. He is also wearing tan gloves on his hands. His snow board is bright orange and stands out on the white snow.",0.026600400975703115,0.2608695612266331,0.8683497309684753,0.13103346970752086
596,A man is sitting on a bench. The bench is made of wood. There is a silver chain link fence behind the man.,"A train with red and white cars is coming around a curving bend of a train track. The tops of the train is silvery white, and four cars are in view. There is a silver door at the front end of the train, and it is juxtaposed by a black metal fence. People are standing alongside the fence, watching the train. Numerous green trees and a giant cherry blossom tree flank the train tracks. There is a long wooden posted fence with wiring, and a wooden track near the cherry blossom tree.",0.006754601413954565,0.24324323956172395,0.8673463463783264,0.08670355137746442
597,A man is sitting on a bench. The bench is made of wood. There is a silver chain link fence behind the man.,The man in the picture is wearing a tie. That is black with pictures on it. The picture is of Santa Claus and a snowman. But I also have snow drawing on it. The man is wearing a white button down shirt. He is also wearing a dark-colored blazer. The man has gray hair. The man is wearing silver glasses. The wall behind the man is a green color.,0.004882437690856482,0.29999999580000003,0.8741542100906372,0.1489415642033211
598,A black and white dog is sitting on a wooden bench. The bench is made of wood. There is a white fence behind the dog.,"The image is a large clock tower. It is made of stone, red bricks, and grey bricks. There are two clocks that are visible on the tower. The clocks are white and black. The time on clock reads, 1:27. Based off of what the clouds in the image look like, it appears to be an overcast day. The trees in the image are bare. There is a lookout area at the top of the tower. Below the tower is a newer red brick building.",0.007223503968633648,0.3055555516705248,0.869081437587738,0.10749562308918441
599,A black and white striped zebra is standing on a grassy field.  The field is surrounded by tall trees and is covered in a thick layer of green grass and weeds. There is a black fence surrounding the field and there are small bushes,"There are two giraffes standing together. They look to be lower than the foreground, so they are standing in some type of pit. The foreground is green and grassy with sticks scattered on it. The two giraffes are tall and have white ears. They also have brown and white bodies with patterns on them. Behind the two giraffes are tall, green-leafed trees.",0.009888388058109987,0.3589743540927022,0.8732172250747681,0.14119601328903653
600,A wooden bench is sitting on the ground. There is a black and white picture hanging above the bench. The picture is of a man and a dog. Both dogs are brown and have white faces.,"This is a light colored bench on the shore. The bench has numerous slats in it.The bench is low to the ground and has rocks on it. There are also sticks and pieces of trash in the rocks. The rocks are light gray and brown in color. The bench is against a cement wall. In the background there is blue water, likely the ocean.",0.01125944792075701,0.36363635886134077,0.8858144283294678,0.13888888888888887
601,A man is sitting on a bench. The bench is made of wood. There is a silver chain link fence behind the man.,"A woman and two children are standing in front of elephants. The woman is wearing a black coat. The children are wearing black and white coats and blue jeans. The woman is helping a little boy put food in an elephant's trunk. A blue bag is being held by the woman, as she helps the boy. The little girl is standing near them with her hand out.",0.0021178073406344067,0.19047618639455788,0.8723490834236145,0.07188498402555911
602,A man is sitting on a bench. The bench is made of wood. There is a white wall behind the man.,"In a small kitchen with white walls, sink, door, and appliances, a younger man with brown hair and dressed in a black t-shirt and sweatpants with a red, white and green design going up the side, is turning a nob on the old gas stove. There is a pot and a baking pan on the stove, and several dish rags are hanging from the door handle. A cluttered rack is above it, full of scissors and other kitchen items. Bottles of flavorings and sauces line the small kitchen window. A large wood cutting board is on the small cabinet next to the stove. More items, that appear to be kitchen related are shoved in between the stove and the cabinet.",0.0005732521463632378,0.17204300790380395,0.850786566734314,0.059037238873751126
603,This is an image of a train. The train is blue and white. There is a yellow line on the side of the train with yellow lines on it. On the left side there are two red lines. Behind the lines there is another train,"A train is on the tracks with gravel underneath on a gray, dark, stormy looking day. The train in the front has many cars on the back and they appear to be open on the top. In the distance there is another train. The first train looks like a commercial train, the other one looks like it is a passenger train. The sun is on the right side casting shadows to the left. There is a small town, or a large farm in the distance on the right.",0.021783302159266594,0.31707316623438436,0.8626902103424072,0.18239426523297492
604,A bathroom with white walls. There is a white sink with a silver faucet on top of it. On the other side of the sink there is white soap dispenser.,The room has a fireplace in it. There are two windows in this room. The sunlight is coming from one of the windows. There is a sheer shade over the window. There are two light fixtures on the walls. Both of the lights are on. There's a small rocking chair on a square rug on the floor. The rocking chair is made of wood. There's a footstool in front of the small rocking chair. There's a picture over a small table by the door on the wall.,0.007234455465970237,0.23880596573847185,0.8637663722038269,0.10949842831761653
605,A wooden bench is sitting on top of a bench. There is a black and white picture hanging on the wall. The bench has a white handle.,"A road runs through a wooded area.  The road has two lanes, each running in opposite directions, separated by a double yellow stripe.  A sign points the way to two separate routes coming up at an intersection.  A pole is over the sign.  It holds overhead wiring.A car is in the background, heading away from the sign.  A stop sign is in the distance in front of the car.  It is partly cloudy.",0.0022005407707739906,0.1971830945447333,0.8451669812202454,0.07309941520467836
606,A black and white dog is sitting on a wooden bench. The bench is made of wood. There is a white wall behind the dog.,A picture of odd wooden shapes on the ground. There is a large framed mirror behind the objects. The floor under the objects is made out of wood. There are brown nail marks in the wooden floor boards. The wall next to the mirror is white. The wall above the mirror is brown. The floor in the reflection is shiny.,0.021638662329082757,0.5090909045685951,0.8939269185066223,0.1790757128810226
607,A man is standing on a skateboard. He is wearing a black jacket and black pants. There is a white building behind him.,"A couple of women walk on a sidewalk. The women have a dark complexion. There is a cross walk signal to the left of the women. The sidewalk they are walking on is gray. There are green, leafy trees behind them. There is a tall building directly behind them. There is a fence around the building that is behind them.",0.012564085650445813,0.26923076470414203,0.8871232867240906,0.10657193605683837
608,A man is standing on a bench. The bench is made of wood. There is a black and white picture hanging on the wall behind him. He is wearing a white shirt and blue jeans.,"A clear glass bowl is next the the computer keyboard. In the clear glass bowl is a variety of fresh nuts, dates, and a part of a peeled banana. Outside of the bowl next to it on the desk is a unpeeled small orange. The desk is painted red but the paint has started to chip. You can see part of the keyboard and part of the computer monitor.",0.008224333632197933,0.21212120734618925,0.8470567464828491,0.12195121951219512
609,A man is standing on a tennis court. He is wearing a white shirt and blue shorts. There is a black and white net in front of the man.,A boy is standing on a baseball field holding a bat in his hands. He is wearing a black helmet and a black and white uniform. A catcher is squatting behind the boy. He is wearing a black face mask and a brown baseball glove. The field is surrounded by a gray chain link fence. A silver vehicle is parked outside of the fence.,0.08213238883963636,0.41935483413111346,0.9115648865699768,0.20157505551612828
610,A man is sitting on a bench. The bench is made of wood. There is a black and white picture hanging on the wall.,A teddy bear sits on  a small table. The table is blue. The bear is wearing a hat. The bear is wearing overalls. The bear has a tag on its ear. The bear is wearing a tie. There is a bench sitting on the yard. There are trees behind the fence. There are people outside. The bear is inside a car. The bear is little.,0.012872512905927773,0.3461538415162722,0.8791138529777527,0.10673234811165846
611,A man is sitting on a bench. The bench is made of wood. There is a silver chain link fence behind the man.,"A picture of a man touching a cake. The cake has white frosting on it. The cake also has heart decorations on it. The man touching the cake is wearing a shirt, tie and pants. There are metal bars obscuring the view of the cake. There is another man behind the man touching the cake. There are candles behind the cake.",0.00624701926187938,0.399999995392,0.8911011219024658,0.13789464972896925
612,A man is sitting on a bench. The bench is made of wood. There is a white wall behind the man.,A woman is sitting in the drivers seat of a vehicle.  The woman has long red hair and is wearing dark sunglasses.  The woman is parked in front of a large camel.  The camel is standing still on top of some grass.  A person in the back seat is holding a camera in their hands filming the camel .  The hands have a watch on the wrist.  The windshield of the vehicle has two black windshield wipers on it.,0.0018687419055980687,0.2622950780972857,0.8808516263961792,0.08879781420765027
613,A wooden bench is sitting on a bench. There is a black and white picture hanging on the wall. The bench has a wooden handle on it.,Two giraffes behind a cage.  The giraffes heads are hanging over the cage.  The picture is in black and white.  The giraffes are standing next to each other.  The cage is made of iron and very tall.  The giraffes has spot over their body.  The giraffes heads are to the top of the ceiling.  The ceiling is made of concrete.,0.00650239791389385,0.33962263690993244,0.8657793998718262,0.08818342151675485
614,A man is sitting on a bench. The bench is made of wood. There is a black and white picture hanging on the wall behind the man.,A person holds on to a Nintendo Wii mote. The Wii mote is red.  The Wii mote is in the right hand. The bottom half of the Wii mote is white. The Wii mote is in the left hand. The person is sitting down. The person is wearing jeans. The person is wearing a blue shirt. The person is sitting near a wall. The two parts of the Wiimote are connected.,0.004528288259803714,0.3703703657064472,0.8617566227912903,0.1051051051051051
615,A man is standing on a skateboard. He is wearing a black helmet and black pants. There is a white building behind him.,"A healthy breakfast sits on a dark gray table under a bright light. There is an orange on the left upper side next to a cup of tea and an apple near that. Below the apple there are three old brown bananas. A knife sits in between the apple and tea. There is a bowl of fiber cereal on a plate, and a silver spoon on the plate.",0.008438871895156713,0.18749999595703135,0.85116046667099,0.1000787401574803
616,A man is sitting on a bench. The bench is made of wood. There is a white wall behind the man.,"Four people roller blade down a street. Each person is wearing safety gear: helmet, knee pads and gloves.  Each person also holds two ski poles.  One man wears a red and white jacket.  Two of them wear black and one wears an open blue jacket.  A car and a white house are visible behind them.  A tree sits upon a landscaped median directly to their left.",0.003204960010151372,0.20289854716236091,0.8720096349716187,0.08130081300813008
617,There is a black and white picture of a dog. The dog is wearing a blue shirt and blue pants. There is also a white and black dog in front of the picture.,"The photo was taken outside. There are two red train cars, a blue cargo car and a white cargo car on the train tracks. The train tracks are black in color. The train tracks are surrounded by a rocky ground. The rocks are gray. Surrounding the rocks are tall green bushes. The bushes are behind the train. In the front are green leaves with yellow and purple flowers.",0.007854006578711305,0.30508474152255105,0.872300922870636,0.11627906976744187
618,A man is standing on top of a skateboard. He is wearing a black jacket and black pants. There is a white building behind him.,Two men play tennis on a grey court.  The court is surrounded by a grey netting.  One man has a blue tee shirt.  The other man has a grey tee shirt.  There are two benches in the area.  Both men are wearing shorts.  Both men are holding rackets.  Yellow tennis balls are in the air.  There is a green covered area near the fence.,0.010369153239457127,0.20338982602700384,0.8666500449180603,0.13290521307462766
619,A black and white photo of a man and a woman sitting on a bench. The man is wearing a white shirt and black pants. He is holding a cell phone to his ear. There is a black door on the wall behind the man.,Three elephants are on an enclosure. The enclosure are circled with grey wires and poles. The big elephnat has a long trunk and small ears. Two stones are in the enclosure the are covered with green powder. Behind the elephants there is a grey building with windows that have red frames and metal roof.,0.010587547446283771,0.17647058334342575,0.8442079424858093,0.18910395703094524
620,A wooden bench is sitting on top of a bench. There is a black and white picture hanging on the wall. The bench has a white handle on it.,The sky is a golden yellow color. There is a bird flying in the sky high up. To the left there is a clock tower. The clock on the clock tower has a face that is gold colored. The hands on the clock are black. The water is reflecting the gold light coming from the sky. There are weeping willow trees next to the Clock Tower. The weeping willow trees are also next to the water. The water is calm.,0.009080936159009581,0.22222221777777784,0.8624509572982788,0.09851097759976264
621,A wooden bench is sitting in a room. There is a white wall behind the bench. The bench has a black handle and is made of wood.,A man sits down in a chair. The man is sitting in a room. There are many wires outside. There are many windows in the room. There are blinds on the windows. There are boats outside. There are many buildings outside. There are clouds in the sky. There is a tv in the room. The man's foot is in a chair. The buildings have many windows.,0.05627905812751312,0.3673469338775511,0.8729406595230103,0.17076637418252327
622,A man is standing on a bench. The bench is made of wood. There is a black and white picture hanging on the wall behind the man.,A bear sits on a tree. The bear is alone. the bear is black. The bear has a leg in the air. The tree has bark on it. The tree is brown. There are leaves on the tree. There are many branches on the tree. The bear is small. There is sunlight all over. The bear is laying down. There are many trees. The bear is in the woods. The trees are standing up.,0.005440639659739628,0.33962263681025284,0.874008297920227,0.0937950937950938
623,There is a large white building with many windows on it. There are two men standing in front of the building. The man on the left is wearing a blue shirt and blue jeans. He is holding a white remote control in his hand.,The bus is making a right turn at the corner. There are stripes on the side of the bus. The bus is mostly white. The windows are black. There is a silver car by the bus. There is a pole above the bus. There is a traffic light on the pole. There is a colorful sign by the bus. There are many trees by the side of the road. There are many cars on the road. The sky is bright and blue.,0.017188958001891443,0.37142856644489797,0.8699884414672852,0.15595001098114783
624,A black and white photo of a man riding a skateboard. The man is wearing a black helmet and black pants. There is a white building behind the man.,A red fire hydrant of the corner of a sidewalk.  A black car is riding along the road.  There is a white truck on the other side of the road.  White lines are painted in the road.  The hydrant has chain on each side.  The edge of the sidewalk is painted red.  There is a tree across the street covered in snow.  There is snow on top of the hill behind the trees.,0.028735878342261975,0.3728813515656421,0.8628922700881958,0.15511115160349853
625,A man is standing on top of a wooden bench. The bench is made of wood. There is a black and white picture hanging on the wall behind the man.,"A small round pizza is on a wooden table.  The pizza has red onions, red sauce, and melted cheese on it.  The pizza also has black olives and spices.  A dark shadow is on the table beneath the pizza.  The background is blurry beyond the pizza.  The pizza also has a red pepperoni curled at the top near a lone slice of red onion.",0.00850309085921555,0.36666666202222226,0.8700757622718811,0.132013201320132
626,A man in a blue shirt and blue shorts is standing on a wooden bench. He is holding a black and white frisbee in his hand. The bench is made of wood. There is a white building behind the man.,This is an enclosure with giraffes. The giraffes are tall and have dark brown and patterned skin. The ground is beige with dirt. There is a grouping of tall trees in the background with brown and green leaves. There is also a zebra laying on the ground. It is black and white. There is a little circle of water for drinking.,0.02275245303519521,0.32352940692041526,0.8637563586235046,0.21717600452744767
627,A man is standing on a tennis court. He is wearing a white shirt and blue shorts. There is a black and white net in front of him.,The boy is sitting on the bicycle. There is a dog fighting at the boys like. The dog is being playful with the boy the bike is silver and red. The dog is a light tan color. The boy is wearing a yellow black and white T-shirt. The boy is wearing blue jeans. There are trees and trees with flowers in the background. The trees directly behind the boy have red flowers.,0.01788625407893359,0.3278688478473528,0.8830716013908386,0.11094674556213019
628,A wooden bench is sitting on top of a metal railing. There is a black and white picture hanging on the wall behind the bench.,A small monument with a clock on both sides.  The clock is round and black and white.  The time is noon.  The monument is beige in color.  There is a oval door on the side of the monument.  There are two small windows with balconies on the building.  The sky is clear and blue.  There is a tree on the side of the monument on the right.,0.011989764821018243,0.35714285255102046,0.86998450756073,0.15273625373716365
629,A man is sitting on a bench. The bench is made of wood. There is a black and white picture hanging on the wall behind him.,"A young man of normal weight, with short brown hair and a small goatee, stares at the camera. He has a slight grin on his face, and one eyebrow is upturned. He  is wearing an orange t-shirt and a very wrinkled orange, tan and black checked sleeveless vest, with a pale blue striped tie. Slightly out of focus in the background is another person in a white t-shirt, sitting on a metal chair, and bed with white and beige pillows on it.",0.006239699942025632,0.2682926791165973,0.8581023216247559,0.12314401996073299
630,A large black and white bird is standing on top of a wooden bench. The bench is made of wood. There is a white and black fence behind the bird.,"Men, women and children are standing outside on a grassy field. They are flying kites. One kite is blue and red in color. Another kite is pink, green and yellow. A baby stroller is sitting on the grass beside two men. All of the people are dressed warmly. The sky is bright white above all of the people.",0.00474985367044557,0.3030302986914601,0.8704452514648438,0.12681159420289856
631,A black and white dog is sitting on top of a white bench. The bench is made of wood. There is a black fence behind the dog.,"This picture is taken outside on a sunny day. Three people are sitting on a grassy field. A man and woman are sitting beside each other. The woman is waving to a man that is standing on a field with a sail above his head. The sail is blue, yellow and white in color. A large body of blue water is in front of the people. Large buildings are seen in the background behind the water.",0.005236209063279435,0.3235294077378893,0.8813684582710266,0.13232353199718708
632,A black and white cat is sitting on top of a wooden bench. The bench is made of wood. There is a white wall behind the cat.,"There is some food leftover that is sitting on a  plate. The plate is very small and white and looks almost like a Frisbee or short disk. There is a piece of red pepper on the plate, a small little grape, a celery stick, an orange, and I believe a cucumber. There looks like there was some sauce or something that spilled on the plate as well.",0.016941993664475758,0.31249999570312503,0.8480557203292847,0.1332604470359572
633,A wooden bench is sitting on top of a bench. There is a black and white picture hanging on the wall. The bench has a white face and black writing on it.,The giraffes and zebras are in a place together. All the animals at casting Shadows on the ground. The giraffe's a way taller than the zebras. The zebras are all facing towards the right. The giraffe's closest to the camera facing left. The sky is mostly cloudy with some blue showing. The zebras are black and white. The giraffes are brown and cream colored.,0.00786168996992071,0.2499999954882813,0.8405489921569824,0.08223684210526316
634,A black and white cat is sitting on a wooden bench. The bench is made of wood. There is a white wall behind the cat.,Someone is balancing themselves on a round metal food with a snowboard. The person is wearing a yellow jacket. The person is also wearing a black hat. The snowboard is multicolored. The person is wearing black pants. The trees in the background have snow on them. There is a ski lift in the background. Some people are riding on the ski lift.,0.012762890366590698,0.25925925469821676,0.8715607523918152,0.17223705177261056
635,A black and white dog is standing on the grass. The dog has a white collar around its neck. There is a tree behind the dog.,"A boy is standing outside in the sunlight. He is holding an older, flip-style cell phone and is looking at the screen. The phone is grey in color. He is standing in the shade under a small tree to block the light from hitting the screen of the phone. The leaves of the tree are green with some brown spots on the leaves. The boy does not have a shirt on and has short brown hair.",0.004264307678989611,0.29411764290657444,0.8779405951499939,0.09859154929577464
636,A black and white cat is sitting on top of a wooden bench. The bench is made of wood. There is a silver chain link fence behind the cat.,A vase sits on top of a white surface. The vase is half filled up with a clear liquid. The vase has long green stems placed inside of the clear liquid. There are yellow flowers on top of the long green stems. The room the vase with flowers is in is white. There are red spots on the yellow flowers. The wall behind the flowers is white.,0.03248975961919132,0.385964907466913,0.8711667656898499,0.15685909509000923
637,A black and white cat is sitting on a bed. The bed is made of wood. There is a white blanket on top of the bed and a black headboard.,A book is open on a bed.  There are sheets on the bed with blue stripe.  It is a comforter and a pillow is under it.  The writing in the book is a black print font.  It is turned to chapter 6 on white pages.   A white wall is behind the bed.  The comforter is ruffled and messy.  Shadows are casted on the bed from the light.  Creases are visible in the comforter.,0.016200670513363078,0.3606557334157485,0.8756229281425476,0.15283842794759822
638,A black and white dog is standing on the ground. The dog has a white collar around its neck. There is a red and black umbrella behind the dog.,"The photo was taken at a baseball game. There are two players on the field. The field is green grass with brown dirt patches. The team players are wearing a black hat, white green and yellow jerseys saying SURF and white pants. Both players are wearing mitts. The player in the front is throwing the baseball. The baseball is in the air. It is a sunny day.",0.007902481889981947,0.28124999559082037,0.8681262731552124,0.14886397349683542
639,This is an image of a bathroom. The bathroom is white. There is a mirror on the wall above the toilet. It is made of glass. On top of the mirror there are two white towels. One is on top and the other is,A man stands in a snow covered field while holding a hose. There are two horses in front of the man with the hose. There is a fence in front of the man with the hose. The sky above the scene is gray and cloudy. There are large buckets near the horses. There is a forest off in the distance behind the horses. The hose is yellow.,0.024171549279547414,0.24999999507812506,0.8608608245849609,0.16228748068006182
640,A wooden bench is sitting on a bench. There is a black and white picture hanging on the wall. The bench has a white handle.,There is a semi stuck in the side of the road. The semi is white. The semi has a logo on the side of it. There is writing on the front of it as well. The semi is stuck in dirt and grass. There is a sign by the semi. There are some trees by the side of the semi as well. There are some people standing by the side of the road. there are cars parked on the road. The sky is grey. There are many trees in the distance.,0.004499843765225104,0.32727272286942155,0.8720942139625549,0.07109004739336493
641,A man is sitting on a bench. The bench is made of wood. There is a black and white picture hanging on the wall behind the man.,A man and woman are riding a motorcycle on a paved road. The man is wearing a short sleeve shirt and blue jeans. The woman is wearing a tank top and blue jeans. Both of them are wearing helmets on their heads. There are two long yellow painted lines on the road. Cars sit parked under a building near the road. Two of the cars are red.,0.007718371597932649,0.31746031312673223,0.875929594039917,0.12698412698412698
642,This is an image of a bathroom. The bathroom is white. There is a mirror on the wall above the toilet. It is made of glass. On top of the mirror there are two white towels. One is on top and the other is,A paper box sits on the table. There is a donut sitting in the box. The donut sits in the corner of the box. The donut has chocolate on the top. There is a plastic fork in the box. There is chocolate on the box. There is frosting on the box. there is plastic on the top of the box. The table is white. There is one box.,0.06717657576602279,0.33962263652545394,0.8651745915412903,0.19719097238231365
643,A black and white photo of a man and a woman sitting on a bench. The man is wearing a black jacket and black pants. He is holding a white remote control in his hand. There is a large white building behind the man.,A white polar beat is swimming inside of the water on his back with his belly facing up. He is white with gray markings on his fur. His mouth is open showing his teeth and it looks like he maybe smiling and enjoying himself swimming. The water is dark blue in color and the wave in the water appears to be white in color.,0.009593279059325619,0.3013698582248077,0.8514074683189392,0.14516129032258063
644,A large airplane is flying in the sky. The plane is white and has a blue tail. There is a large white building behind the plane.,There is a large passenger jet sitting on top of the airport tarmac. There is a red rear wing on the large jetliner. There are windows on the sides of the plane. There is a large towering light behind the jet. The tarmac under the jetliner is wet. There are buildings off in the distance behind the jetliner. There are vehicles pared off in the distance behind the jetliner.,0.028142194049018847,0.3461538415162722,0.900705099105835,0.16446097372488405
645,A black and white dog is sitting on a bench. The bench is made of wood. There is a white fence behind the dog.,The two dogs stared at each others.  The only thing that separated them were the bike.   The bike was park on the side walk.  The bushes seemed to be high from the view.  It covered the view .  The blonde dog was the tallest of the two dogs.  The black dog was noticeable shorter of the two dogs.  He seems to be walking toward the taller dog.,0.002145449517074651,0.20338982626831378,0.8585423231124878,0.07177033492822966
646,A black and white cat is sitting on a wooden bench. The bench is made of wood. There is a white wall behind the cat.,A woman washes dishes as she wears yellow gloves. The woman has dark black hair. The woman is wearing a white mask. The woman is wearing a flower print dress. The woman is standing in a kitchen. There is a crock pot next to the woman on the counter. There are two knives on the side of a cabinet. There are bottles on top of a wooden shelf.,0.011735053018715089,0.3548387054266389,0.8742241263389587,0.10989010989010986
647,This is an image of a cat. The cat is black and white. It is sitting on a white chair. There is a small window on the side of the chair that is open and has a black curtain hanging from it.,"There are three pieces of fabric that looks like that are project of some kind. One fabric has white and brown sheep walking hand grazing in a grassy field. The fabric in the middle is littered with small blue, purple, pink, and white flowers. The last piece of fabric is multi-colored lines with frills on the edge. There are two fabric carrots with leaves on them in on the top of the display. There is also a second place red ribbon attached to the carrots.",0.007709823764915781,0.2650602365742488,0.8577470183372498,0.11771995043370509
648,A wooden bench is sitting on top of a concrete platform. There is a black and white clock on the bench. The clock has a white face with black numbers on it.,"On a crowded street, two buses, a motorcycle and a car are driving.  The car is small and black with gray hues.  The buses are blue and white with maroon trim.  Each bus has a large rear windshield and a ladder.  Several people are crossing the street between the vehicles.  A couple - the man in a black jacket, the woman in a red jacket and blue jeans, walk behind the blue bus.  Another man walks near the bumper of the blue bus.  All vehicles are oriented in the direction of a large, brown apartment building with several windows.",0.0034973186519050817,0.2558139495700379,0.8478773236274719,0.08125677139761647
649,A man is standing on a skateboard. He is wearing a black jacket and black pants. There is a white fence behind the man.,"This image is of a wooden cutting board with various chopped vegetables laid out across it. Toward the top of the cutting board is a row of bright green broccoli florets. Below the broccoli is a row of a lighter green and white vegetable that looks like chopped celery, or perhaps leeks. Some of the celery is completely white. To the right of the image, there is a small pile of minced fresh garlic.",0.003034835764310087,0.1212121172451792,0.844058632850647,0.11576236675050902
650,A wooden bench is sitting on the ground. There is a white wall behind the bench. The bench has a black handle.,"A brown and white cow is standing behind a fence in an enclosure on a bright sunny day. The gate to the wooden fence is open and the cow is standing in the open doorway looking out. The fence is unfinished, unpainted wood. There is a pillar painted white on the left side of the fence. Behind the cow there is a wood panel on the wall, and the corridor behind the cow is dark.",0.006631924213283114,0.3448275820630202,0.8843200206756592,0.11316461928977102
651,A black and white striped zebra is standing on a grassy field.  The field is surrounded by tall grass and weeds and there is a fence surrounding the field with a yellow and black line. There is another fence behind the fence and a,A group of sheep are running in some grass. There is one small black sheep and the rest of the sheep are white or off-white in color. The sheep are running through somewhat short green grass. Small flowers are visible in the grass. There is a dirt path as well as trees that are visible in the background. It is daylight outside.,0.010943300278890894,0.2941176422145329,0.869005024433136,0.10797342192691031
652,A man is sitting on a bench. The bench is made of wood. There is a black and white picture hanging on the wall.,"A small boat with ""PZ4"" written on the rear back is seen anchored in a shallow turquoise body of water. The boat has a black bottom and a white deck with an orange roof on the cabin. An orange and white life preserver is on the top of the boat. A bunch of small white birds are swimming around in the water. There is a full lush bush near the camera at the bottom of the image. A tall rock cliff is visible on the other side of the water.",0.004707715694253518,0.30136985916307,0.860634982585907,0.08992805755395683
653,A man is sitting on a bench. The bench is made of wood. There is a black and white sign on the side of the building.,"A man with short brown hair sitting on a black piece of luggage. He is wearing a long sleeve black shirt with collar and black jeans with white tennis shoes that have a black stripe. He is holding an opened newspaper that he is reading. He is sitting on the piece of luggage in a large terminal with grey, black and yellow tiles on a floor. The floor goes a long way back. There is a train coming in the background on a track that runs in front of the man. Past the tracks is rows of dark windows. To the far left alongside the floor is bright orange cones next to pillars on the wall.",0.0035231290595474853,0.29545454206869837,0.8657034635543823,0.10678738317757011
654,A man is sitting on a bench. The bench is made of wood. There is a black and white picture hanging on the wall.,"A woman in a black tank top is sitting at a small round table indoors and filling out an application with two large wine glasses on the table. The woman has brown hair, and is making an odd face at her companion. The table behind her is empty. The table next to that has a person in a black shirt sitting at it. On the other side of the room there are two green arm chairs and a short table between them.",0.003137443332722566,0.26666666288355556,0.8656428456306458,0.12346723261154854
655,A wooden bench sits in the middle of a grassy field.  The bench is made of wood and has a black and white stripe down the side of the bench. There is a white and blue sign on the back of it. The grass,Outside of the older style building is a in ground pool. It is empty and has no water in it. You can see the inside of the pool appears dirty. There is still a metal ladder attached to the side of the pool for people to climb in and out of it. There is also a a few chairs and a table with a umbrella for people to sit at.,0.05397836246963617,0.27777777296682105,0.8638036847114563,0.2609970326409496
656,A black and white bird is flying in the air. The bird has a long black beak. There is a white building behind the bird.,People are skating and playing in the park.  There is a purple kite flying in the sky.  The sky is blue and full of clouds.  The kite has different color strings hanging from it.  There are house and trees in the background.  People are skating on the pavement.  The grass is green.  There is pond or lake behind the grass in the background.,0.01734172349005406,0.35714285278061225,0.8711397647857666,0.12463635510510511
657,A man is sitting on a bench. The bench is made of wood. There is a silver chain link fence behind the man.,This is image is in black and white and shows a royal family traveling down a road in a carriage. The front of the photo shows the back of a man head taking photos. He is behind a gate with is aligned with officers. They all wear the same black uniform with black hats. Not far from them is one royal guard with a tall fuzzy hat. In the street the carriage is being pulled by four white horses. Two of them are being ridden by men in white with black hats. The carriage is black with UK flag waving on top. Behind the carriage a band of people in amour ride on horse. On the opposite a group of spectators watch the show.,0.00018680090367637954,0.15217390989603033,0.8523123860359192,0.061457418788410885
658,This is an image of a building. The building is made of brick. There is a clock on top of the building with a black face and white numbers on it. It has black hands and a white face. On the clock face there is,The image is a close-up of a bottle of water sitting on a park bench. The bench is sitting outside of a fenced area. On the other side of the fence is a brown field with green grass and green trees in the distance. The bench is silver and has ridges on the seat. A plastic water bottle on the bench has a blue label and cap. The cap is on the bottle. Behind the fence is some dirt. The sky is blue with few clouds. It is a sunny day because there are shadows.,0.007493291883828885,0.30769230316568047,0.8641840815544128,0.1388888888888889
659,A black and white photo of a man and a dog. The man is wearing a blue shirt and blue jeans. There is a black dog in front of the man.,"This picture is taken inside of a train station. People are standing on a platform. Tall blue and white poles stand on the platform near benches. There is a large blue and white sign standing on the platform near the people. The ceiling of the station is rounded with windows in a row across the top. Two trains are sitting near the platforms. The trains are purple, orange, blue and white.",0.016168543755029647,0.29508196292394523,0.8707552552223206,0.15549566979915241
660,The image is of a clock. The clock is white and has a black face. There is a silver face on the clock and there are black numbers on top of it.,A tower has a green roof that is pointy. Arch windows are on the tower. There are two clocks on front the tower. The clocks have roman numerals color golden. The hands of the clocks are long and golden. People are in the Ferris wheel that has red flags on the top. People are in the round baskets of the Ferris wheel.,0.0091745448699675,0.35087718842720844,0.875241756439209,0.14406779661016947
661,This is an image of a building. The building is made of brick. There is a clock on the top of the building with a black face and white numbers on it. On the clock there is white writing on a white circle with black numbers,The snow is all over the ground. The pole with a traffic light on it is coming out of the ground. The pole is leaning to the left. There are footprints in the snow. There are cars driving on the street. The cars are driving slowly down the snowy Street. The car closest to the camera has their brake lights on. The brake lights are red. Most of the trees if not all are bare.,0.009633744098071625,0.19999999533061236,0.848555862903595,0.11095700416088765
662,A wooden bench is sitting on the ground. There is a white toilet in front of the bench. The toilet seat is made of wood.,"A ski life is filled with several people, and it is riding high above a snow filled mountain. The ground is covered in snow and batches of thin  leave less tress are scattered about on the mountain. The lift is riding on wires attached to sturdy large dark green poles. A few small evergreen trees are also scattered about on the mountain, under and opposite the lift. The poles are casting a shadow on the ground, and it is a bright sunny day with a deep blue sky.",0.002347513692064931,0.21052631203947372,0.8481523394584656,0.07343941248470012
663,A wooden bench sits in a room. The bench is made of wood. There is a white wall behind the bench.,"A small, skinny, scruffy dog wearing a red collar is sitting on a wooden rocking chair. The small dog is looking up towards the sky as he sits on the chair. Vertical blinds on a window behind the chair are pulled open and reveals a dimly lit living room. Behind the chair on the left there is a metal table frame with no table top, and a small green plant.",0.0034114030231216577,0.272727268902663,0.878889799118042,0.11334058713090972
664,A man is standing in front of a building. He is wearing a black jacket and black pants. There is a white building behind him.,A woman is a tan lamp shade shaped hat is sitting in a canoe handling greens.  the woman is wearing a long sleeve brown shirt and the canoe is brown and wooden with water stains on the sides.  Inside the canoe are bushels of greens the woman is handling.  The canoe is in a small crowded section of water.  The water is crowded with other canoes .  A green tent with metal poles and yellow cords attached is over one of the canoes in the water.,0.0050046591821514335,0.21538461124733732,0.8583265542984009,0.0750938673341677
665,This is an image of a bathroom. The bathroom is white. There is a white toilet in the middle of the room. A white sink is next to the toilet. Two white towels are sitting on the wall above the sink.,"A snowboarder is snowboarding while wearing a yellow snow coat.  The sky is blue behind the snowboarder in the sky.  The snowboard the person is using is green, white and black.  The snowboarder is wearing yellow and green gloves.  The snowboarder is also wearing a pair of white and metallic goggles and a blue winter hat.  The person is wearing brown and black pants.",0.00899437913196015,0.2666666617555556,0.8409749865531921,0.13776337115072934
666,A black and white striped zebra is standing on a grassy field.  The field is surrounded by tall trees and is covered in a thick layer of green grass and weeds. There is a black fence in front of the fence and there is,Two elephants are standing together outside by a concrete wall. One elephant is considerably smaller then the other one. Right by the elephants there is a large amount of bushes and trees with green leafs. The ground is mostly dirt with patches of green grass throughout. On the grass eating there is about a dozen or so large black crows.,0.02716686734595167,0.2933333285333334,0.8680391907691956,0.20427577423663532
667,This is an image of a man. The man is wearing a white shirt and blue jeans. He is holding a black and white frisbee in his hand. There is a large white building in the background.,A handle of yellow bananas are on a tree. The tree has dry leaves and green leaves. The tip of bananas are color black.  Some bananas have black and yellow peels. The bananas has small brown spots on the peel. Sunshine is on some bananas.  Behind the handle of bananas there are branches with green leaves.,0.008968991550795348,0.23728813066360255,0.8339805603027344,0.12694581506545882
668,A man is sitting on a bench. The bench is made of wood. There is a white wall behind the man.,A soft drink bottle and a vase of flowers are on a tabletop. There is about one-fourth of the cola-colored drink left in the bottle. The vase has pink carnations and another the of pink flowers in it. There is another table against the wall behind the one in the foreground. That table has a salt shaker on it. There are two red chairs in front of it. Both tables are covered with turquoise plastic tablecloths. Hanging on the wall is a decorative Mexican sombrero.,0.0038935464009404027,0.3030302993572085,0.8582364320755005,0.10035081379767229
669,A kitchen with a white counter top and white cabinets. There is a black microwave on top of the counter. The cabinets are made of wood.,This photo was taken in the kitchen. The photo was taken in the daytime. There are three lights hanging from the ceiling. There is a long marble counter in the middle with wood cabinets a silver dishwasher and a double sink on the left. There is a bowl on apples on that long counter. On the left there is a silver stove in the middle with two woos cabinet units on each side. Above the stove is more cabinets. The walls are painted yellow and the door and trimming is white. On the right there are two windows.,0.0033144750719237056,0.35135134740686635,0.883161723613739,0.0825991189427313
670,A black and white polar bear is standing on top of a rock wall. The wall is made of concrete. There is a black pole next to the bear.,"A young man is on one knee on his long skateboard. He is riding his skateboard down a empty city road. He is going at a fast speed because the photo is blurry. The sun is peaking out, but it is lower in the sky. Therefore my guess is it is sunset and its late on in the evening. You can also see blurry trees with green leafs on them.",0.0027991371052540114,0.19178081770688696,0.8519391417503357,0.08345978755690439
671,A man is sitting on a bench. The bench is made of wood. There is a black and white picture hanging on the wall behind the man.,An Asian baby is laying on the floor. There is a blue cellphone in front of the baby. The baby appears to be reaching for the cellphone. The floor is hardwood. There is a rug underneath the baby. Beside the baby is a stuffed animal and train toy. The stuffed animal is orange. The baby is wearing a plaid onesy. There is a reflection of the stuffed animal in the hardwood floor.,0.010212437179882402,0.29090908628099177,0.8768835067749023,0.14210128495842783
672,A man is standing on a skateboard. He is wearing a white shirt and blue shorts. There is a black and white dog in front of him.,"Four men are on a grass field playing soccer in red uniforms. They are running towards the right side, the man in front closest to the ball, his foot resting right next to it. The three other man are racing towards the man with the ball. In teh distance is a group of trees, some pine trees, some bear trees with no leaves on them.",0.0067251418476593225,0.20289854649023326,0.8580709099769592,0.0954167675300573
673,A wooden bench is sitting on top of a brick building. The bench has a black handle and a white handle. There is a red and white sign on the front of the bench.,"The top of a tower with the symbol of David is on the very top point.  An ornate tower has a clock on two sides.  The clocks read 11:58 and the numbers are gold, roman numerals.  The hands of the clock are golden.  An opening above the clock are on all sides.  A bell appears to be in the star of David.  The background is a beautiful, blue sky with no clouds to be seen.",0.016226827682509572,0.28985506812014283,0.8526443243026733,0.15007933709449933
674,A wooden bench is sitting in a room. There is a white wall behind the bench.  The bench has a black handle and a red and white handle. The floor is made of wood and there are white tiles on the floor.,"Two men are sitting on a bench. The bench is in front of a building with glass pane windows for walls. There is a drawing of a tree on the wall in the building. One of the men on the bench is sitting on the back of the of the bench with feet on the seat. He has on a tan shirt and tan pant and is talking on the phone. The other man is sitting on the bench seat and wearing a blue shirt with a design and a pair of short pants. There are two rolling suit cases sitting in front of the bench, one is lime green and the other is blue.",0.012450630249119788,0.3544303752475565,0.8668529987335205,0.17224266552728823
675,A black and white dog is standing on top of a wooden bench. The bench is made of wood. There is a white fence behind the dog.,A large black dog stands on a field of lush green grass. There is another white dog standing to the left of the black dog. There are sheep behind the two dogs on the field. There is a forest of lush green leafy green trees behind the sheep. There are green plants in front of the two dogs. There is a brown tree trunk sticking out of the ground in front of the forest of green trees.,0.009948465472080975,0.42105262702369967,0.8842374682426453,0.16220850480109741
676,A man is standing on a skateboard. He is wearing a black helmet and black pants. There is a white building behind him.,"A man on a motorcycle races down a race track. The motorcycle rider is wearing a red, white and blue helmet. There are black tires on the motorcycle. There is a white line around the race track. There is a field of green grass behind the motorcycle rider. There is an orange and white sign behind the motorcycle rider. There is metal scaffolding behind the motorcycle rider.",0.028966996068296835,0.4528301841936633,0.8989692330360413,0.14220802271920482
677,A man is sitting on a bench. The bench is made of wood. There is a white wall behind the man.,"There are several people outside working and shopping at a booth that looks to be at a flea market. Separating the booths are big colorful sheets,in the front there is a man with a brown table with an arrangement of fruits in front of a brown door.Next to him there is a man standing on top of a brown shelf fixing his merchandise.In the back there are some more stuff but there items aren't as visible.In the middle are a large assortment of shoppers and a man walking a white horse.",0.0012254352725999762,0.20512820186719266,0.8631817102432251,0.09994533527696793
678,This is an image of a man. The man is wearing a white shirt and blue jeans. He is standing on a wooden bench. There is a black and white dog sitting on the bench next to him.,A white toilet is in a bathroom. The sit of the bathroom is down. A roll of paper is on the tank of the toilet. A white used paper is on the floor. Behind the toilet there is a grey pipe that is connected to the wall. The wall of the bathroom is white. An empty bottle of soap is on a counter. On front of the counter there is a poster board.,0.00908266439874219,0.22580644669614994,0.8573464751243591,0.19175352238984436
679,A black and white dog is laying on the ground. The dog has a white collar around its neck. There is a black dog next to the dog.,A large bear is standing up on all four of it's legs. The bear is a dark color that looks like a dark brown or black. The bear is standing on a large rock. Underneath the rock there is a little water that can be seen. Behind the bear there are a lot of trees that look like a forest. On the ground there is grass but the sunlight is shining on it.,0.0041469477632438325,0.2187499957031251,0.8752173185348511,0.08759124087591241
680,A man is sitting on a bench. The bench is made of wood. There is a white wall behind the man.,The cat is eating cat food out of a round Bowl. The bowl is a light blue color with a brown trim around the edge. The bowl is on the floor. The floor is a light tan color. The floor is made of wood. The cat is a grayish color with black stripes. The pause on the couch all right. Under the cat's neck as white as well.,0.017149700787536082,0.3333333291632373,0.8755313754081726,0.17129850341662223
681,There is a wooden bench in the middle of a field. The bench is made of wood. There are trees on the other side of the bench.,"A horse is galloping in a meadow of hills.  The horse is chestnut brown with a long black mane and tail.  The meadow is full of long green grass and some shorter yellow, dried grass.  Deep green trees are in the back ground.  the sky is gray and cloudy.  A  black and white tall poll with a red and white top is nearby.",0.006089952589939439,0.24137930606420932,0.854225218296051,0.10942760942760943
682,This is an image of a man. The man is wearing a white shirt and blue jeans. He is holding a black and white frisbee in his hand. There is a red and black cat sitting on top of the man's head.,The two sandwiches are in the white trays. The white trays are on the left on the table. The white trays in the front are both open so that the sandwiches can be seen. On the left are fries in a red and white container. The fries in the container are curly fries. The curly fries are spilling on the tray. The food is on the black tray. The tray is on the wood table. There is sauce in a white container behind the black tray in the front. The floors are made of wood and the photo was taken at a restaurant.,0.01014799937293438,0.3287671184462376,0.8463553786277771,0.12311357291454596
683,A man is sitting on a bench. The bench is made of wood. There is a white wall behind the man.,"A mean is on a wooden tray near a small dipping pool on a terrace over looking the sea. On the ray there is a plate of what looks like chicken Parmesan, and two baskets of bread. There is a pat of butter on a plate, sale and pepper shakers, and a sauce of some sort in a small bowl. Near the top there is a pot of tea, and coffee mug.",0.005960000473316237,0.21874999625000005,0.8481272459030151,0.11939616301622008
684,A wooden bench is sitting on top of a hill. There is a white building behind the bench.  There are trees in front of the building.,In this photo there is a bridge with three oval openings straight in the distance to the left. The photo is of a still and calm body of water. Surrounding the body of water is grass and tree filled land. The sun is setting in the sky and it is the evening. There are more trees on the right side of the photo.,0.008360904681748205,0.29999999567222224,0.8702298402786255,0.16175104105723234
685,A man is standing in front of a mirror. He is wearing a black shirt and black pants. There is a white wall behind him.,"A man is sitting indoors holding up a skateboard over his right shoulder. The man has blond hair, glasses, a pink shirt with a snake on it and a set of headphones around  his neck. On the desk next to the man is a monitor, a mouse, a marker, a pencil and a lighter.  There are large fluorescent lights overhead, and a set of windows the far wall.",0.010281738031765781,0.26086956110060916,0.8726223111152649,0.08634222919937205
686,A man is standing on a sidewalk. He is wearing a black jacket and black pants. There is a red and white sign on the sidewalk next to the man.,A man and woman sit next to each other in front of a music store. There is a large green cement wall up against the front of the store. There is a yellow fire hydrant in front of the couple in front of the music store. The building the music store is in consist of multiple stories. The sidewalk in front of the music store is gray. There is a tree also in front of the music store. There are bars in the windows of the music store.,0.007950447099365385,0.33333332888888895,0.8731213808059692,0.12308732089753988
687,A black and white dog is standing on top of a wooden bench. The bench is made of wood. There is a white fence behind the dog.,"Three men are on a baseball field. The batters holds a black bat over the right shoulder. The batter wears red t-shirt and white pants. The catcher is crouched, and he wears blue top with white pants. Behind the catcher, the umpire is looking the game. People are sitting on the bleachers looking the game.",0.008190185875957842,0.27586206444708683,0.8651525378227234,0.1340996168582375
688,A black and white cat is sitting on top of a wooden bench. The bench is made of wood. There is a white wall behind the cat.,"A person is on a surfboard. The person wears a wet suit color white, red and black. The man has extended arms. The surfboard is on a white wave.  The wave is foamy and has drops splashing. The man is facing to the left. On the background the sky is blue and has white clouds, The body of water is blue and green.",0.006213044128766579,0.31578946912896283,0.8675624132156372,0.10942760942760943
689,A man is sitting on a bench. The bench is made of wood. There is a black and white picture hanging on the wall behind the man.,"A man is giving a thumbs up sign as he  rides a skateboard down the side of a busy car filled street.  The man is wearing a large false mustache that covers his mouth and a long beard.  The man is wearing a black hard helmet with a strap, a green backpack, a red t-shirt and brown shorts.  The red t-shirt has write lettering on it and a pair of sea green sneakers with white soles and laces.  Tall buildings, traffic lights, street lights and many cars are in the background.  Another person is standing behind the man and is wearing pink sneakers, and green pants.  The man in the foreground has a black camera bag strapped across his chest and is also wearing a black watch.",0.001537888402117921,0.22222221899806147,0.8485082387924194,0.08904452885934366
690,The image is of a large white building. The building is made of brick. There is a clock on the front of the building with a white face and black numbers on it.  The clock has a black face with black hands and white numbers,There is a red truck in a parking lot. It is next to a white car. There is a lot of chrome on the truck. there are many cars in the parking lot. There are trees at the end of the parking lot. There are signs in the parking lot. The sun is shining on the car. There is a sidewalk by the truck. There is a big windshield in the truck. There is a building in the background.,0.01844486108819632,0.31578946887042175,0.8739160299301147,0.14447668879801848
691,There is a wooden table in front of a white wall. There are books on top of the table.,Grey and white birds are flying in the air. The sky is blue and have some white clouds. On the background there is brown hills covered with white snow. The bird on the foreground has the wings extended and flies to the right. The bird has a long black beck. The ground is wet and muddy and is covered with stones.,0.0018159604110725715,0.24999999607780615,0.8567565083503723,0.07922535211267606
692,A large black bear is standing on the ground. The bear has a long black nose and black eyes. There is a large rock wall behind the bear.,A giraffe with lots of spots on it's back. There is a rock wall behind giraffe. There are a bunch of trees off in the distance. There are animal carvings on the walls behind the giraffe. There is a lawn of grass underneath the giraffe. There is a deer on the side of a rock. The giraffe has two long horns. The giraffe has a long neck. The giraffe has long leg. The giraffe has a long and hairy tail.,0.014678346079725867,0.4333333288888889,0.8804783225059509,0.14225434491978609
693,A man is standing on a skateboard. He is wearing a white shirt and blue jeans. There is a black and white sign above his head.,"There are two people standing on a dock. The dock is wooden and extends out over a lake. The lake is white toward the back, and dark colored in the front. You can see ripples on the water. One person is sitting on the deck. That person is holding a blue umbrella over his or her head, so it not possible to see if the person is male or female. The person is wearing a green shirt and blue jeans. The legs are draped over the edge of the dock. A girl with long hair is standing beside the sitting person. She has long black hair, and we cannot see her face. She is wearing a black jacket and a pink shirt. She is also wearing black pants and black shoes. One of the shoes is partially off her foot.",0.0026051734890741246,0.28571428246563935,0.8726204633712769,0.08493341892014149
694,A black and white photo of a man and a dog. The man is wearing a blue shirt and blue jeans. There is a black dog in front of the man.,The picture was taken in black and white. The left side of the sink has dishes on it. The right side of the sink clear. There's a white Basin in the sink. The basement has dishes in it. There's a glass on the left side edge of the sink. The sink fixtures are silver and made of stainless steel. There are glasses and dishes in the basin. The basement in the sink with the dishes and it is white.,0.0052459457054022125,0.3636363591140496,0.8595336079597473,0.09433962264150944
695,A red and white bus is driving down the street. There is a large white building behind the bus.  There are trees in front of the building.,"An exterior scene of a street, presumably in the commercial district of an English speaking part of the world, is seen. In the foreground is parked an SUV done up in camouflage colors of shades of green. It also has an orange sign on top. Behind it is parked a small blue car. Pedestrians can be seen on either side of the road on the wide sidewalks. Several shops line the street, including one with a large red sign with white lettering reading ""WAREHOUSE"" in the near distance. A blue paper and brown bag lie on the road in front of the SUV. There is a tree further back lining the road.",0.00683117610560971,0.25531914558623814,0.8681307435035706,0.1287620271120211
696,A man is sitting on a bench. The bench is made of wood. There is a silver chain link fence behind the man.,People are gathered around together in the living room. Most of the people are sitting down. Only two people are standing. The majority of the room has carpet on the floor. The floor closer to the door is made of hard wood. The hardwood floor is an amber color. The light above the table is turned on.,0.012630106383611048,0.28571428135204086,0.8804290294647217,0.11856343283582085
697,A black and white photo of a man and a dog. The man is wearing a white shirt and blue jeans. There is a black dog in front of the man.,"This picture is taken outside on a rainy day. Two women are walking while holding umbrellas above their heads. One woman is wearing a short sleeve blue shirt. She is holding a black umbrella above her head and carrying a white plastic bag in her hand. The other woman is wearing a gray shirt. She is holding a purple umbrella above her head and carrying a polka dot purse on her shoulder. Two other people can be seen in the background, a man and woman, walking under a white umbrella.",0.010902930100017824,0.2972972934806429,0.8757707476615906,0.12987440752830198
698,A man is standing in front of a white wall. He is wearing a blue shirt and blue jeans. There is a black and white picture hanging on the wall behind him.,Two men are playing a video game together. They have both have two remote controllers in their hands and one of them is swinging one of the controllers. There are a bunch of people behind them that are watching the two young boys play the game. One boy has a light blue tee on and the other boy has a white hat on.,0.007617307685521508,0.2686567118200045,0.872891366481781,0.12520868113522537
699,A man is sitting on a bench. The bench is made of wood. There is a white wall behind the man.,"A woman wearing a white shirt and blue jean pants is holding on to a brown horse that is in front of her. The horse is attached to a carriage that a man is riding in. The man is wearing a suit, shirt tie and black hat on his head. There are people sitting and watching the woman and man with the horse.",0.005056868903252842,0.3272727231471075,0.886641800403595,0.12755102040816324
700,A wooden bench sits in a field. The bench is made of wood. There is a tree in front of the bench.,There is a big building behind the trees. The building is wide and white. There is a clock tower in the center. THe clock says it is 4 in the afternoon. There are clocks on two sides of the tower. There are many palm trees in front of the building. There is a tile walkway in front of the trees. The ground is wet. There are steps by the walkway.,0.020191107282492814,0.3076923034319527,0.8863628506660461,0.15518064076346283
701,A man is standing on a wooden bench. The bench is made of wood. There is a white building behind the man.,A couple using an umbrella walk on a sidewalk near the ocean.  The couple are in front of a parked motorcycle.  To the left of the couple is a person wearing a clear plastic rain poncho over blue jeans and a jacket.  The person is standing in front of a metal fence.  The sidewalk is wet and the sky is overcast.  Two sea birds fly over the ocean above the heads of the people.,0.003483436209954524,0.25396825002771484,0.8756275773048401,0.10724523578811371
702,This is an image of a cat. The cat is black and white and has a white face and a black tail. There is a large window on the wall behind the cat and there are two small windows on either side of the window.,The instruction was on the table which help with the use of the phone.  It had colorful pages.  It show you have to use the Nokia phone.  The picture of a girl was shown using the phone.  The phone was a basic one.  It was not an android phone.  The color was silver buttons with a black monitor.  All of the pamphlets were shown on the table.,0.011976594763381894,0.208955219015371,0.8480885028839111,0.10030864197530864
703,The image is of a large body of water. The water appears to be calm and calm. There are two boats in the water with people on them. One boat is white and the other one is blue and has a black man on it.,A plane is flying in the blue sky. The wing of the plane is white. The sky has white clouds. Below the plane are cars in a parking lot. Next to one of the parking lots is a brown building. The brown building has many windows and a white roof. There are trees in between parking lots. The trees are green.,0.012816028012162535,0.3283582039563378,0.8779605031013489,0.16835016835016836
704,This is an image of a building. The building is made of brick. There is a clock on the top of the building that is black and white. It has a white face and black numbers on it.,"A freight train of tanker railcars is sitting on or traveling on a set of tracks.  The tankers are cylindrical, some with a few markings.  Overhead wires used for electric trains are present.  A few signal poles are visible in the foreground.  A few tall buildings are in the distance behind the train. It is a sunny day.",0.009723459923072775,0.18181817719008275,0.8497751355171204,0.125
705,There is a black and white photo of a dog. The dog is wearing a blue shirt and blue pants. There is an orange and yellow sign on the side of the building.,The scissor is made of metal. The roll of tape is to the left of the scissor. The tape is clear. The table is covered with a light blue paper. There is writing on the inside ring of the tape. The scissor is pointy at the tip. The paper that is covering the table is a little wrinkled. The letters inside the tape ring are dark colored.,0.009627404038536982,0.280701749646045,0.8571242094039917,0.110062893081761
706,A large brown bear is standing on the ground. The bear has a black nose and black eyes. There is a tree behind the bear.,The elephant stands in the grass. The elephant is small. The elephant has tusks. The tusks are little. The elephant is grey. The elephant is standing by the water. The water is like a river. The grass is mostly yellow. There is a hill on the other side of the water. The water is still. there is wood in the water. The grass is short. There are trees on the other side of the river.,0.00835023626011716,0.31372548552095353,0.8811689615249634,0.09285714285714286
707,A black and white dog is sitting on a bench. The bench is made of wood. There is a white fence behind the dog.,The image is of a bird. The bird is grey and white. It is standing on the ground and looking across the field area. There is nothing on the ground with the bird other than some grass.  The bird has a white chest and a grey throat and head.  It's wings are black and grey with white stripes.  It has black eyes and it's tail feathers are held upright.,0.005493699569061754,0.34482758192627827,0.8766430616378784,0.14586361434108527
708,A black and white cat is sitting on top of a white toilet.  The toilet seat is white and the lid is closed. The cat has a black nose and black eyes. There is a small white bowl on the wall behind the cat.,There is a large empty area. The pavement is made up of concrete squares. The pavement is wet. There are shadows on the concrete. Lights are shining in the air and is reflecting on the wet pavement. In the background is a large crane. The sky is overcast and full of gray clouds. On the left in front of the crane is a partially built building.,0.021762692677986965,0.25396824918115396,0.8515560626983643,0.18305661983822905
709,A man is standing on a bench. He is wearing a blue shirt and blue shorts. There is a black and white picture hanging on the wall behind him.,"A double image of the same athlete.  The athlete is wearing a purple polo shirt and a ball cap that is covering his eyes.  He has on white shorts and white socks on his feet with white sneakers with some black.  On his left knee, he is wearing a black brace.  He has a white cuff on his left wrist.  Both hands is holding a tennis racquet.",0.016761231254419744,0.33333332888888895,0.8667859435081482,0.17659651351232974
710,A black and white cat is sitting on a wooden bench. The bench is made of wood. There is a white wall behind the cat.,A baseball player is wearing a red and white uniform and a blue and red helmet. He is holding a black bat in his hands. A catcher is kneeling on the ground in front of him. He is wearing a red and gray uniform and a red helmet with a mask. A white base is on the ground in front of him. The baseball field is brown with green grass on it.,0.00397633477328846,0.3214285669451531,0.873856246471405,0.13227670463926033
711,A man is standing in front of a wooden bench. The bench is made of wood. There is a silver chain link fence behind the man.,A young man is seated looking at someone out of view.  The young man has short dirty blonde hair.  He is eating bread which he is holding in his hand.  He is wearing a grey Hartford sweatshirt.  The writing on the sweatshirt is white and red and also says champions on it.  He is seated at a table that has a beer and a glass sitting on it.  The atmosphere is dark.  There is a dark structure behind the man.  The man is kind of smiling.,0.008000031020810955,0.27397259876149377,0.8612304925918579,0.10625
712,A wooden bench is sitting on top of a bench. There is a black and white picture hanging on the wall. The bench has a white handle.,"This is an image of a bay. The bay has a line of boats. The boats are parked. The boats are sail boats. The right boat is black and yellow. There are nets on the mast of the boat. The middle boat is white and black. The left boat is red, white and black. The masts have many different ropes going to the masts.",0.008625427440325344,0.3999999953719009,0.8637786507606506,0.1392273327241344
713,A man is sitting on a bench. The bench is made of wood. There is a silver chain link fence behind the man.,The man lay in the bed and read the black book. He leans his head on the brown head board. The man is wearing a blue tee shirt. The little boy lay next to the man read the blue children's book. He is wearing a green tee shirt.  The man and boy are underneath the whit blanket.  There is a white curtain hanging behind the bed.,0.010400910513401843,0.28571428135204086,0.8746759295463562,0.15346434359805508
714,A black and white cat is sitting on a wooden bench. The bench is made of wood. There is a white wall behind the cat.,"Three people are outside with farm animals in a large open area.  Two of the three people is females.  They are all three dressed casually in white t-shirts and shorts. The animals they are caring for are goats.  The goats are mostly white with brown or black in their heads.  One goat, however, they are mostly brown with white spots.  The three people are holding a stick trying to herd the goats in the direction they want them to go in.",0.001434184150589736,0.20289854673387955,0.8499331474304199,0.07294429708222812
715,A man is sitting on a bench. The bench is made of wood. There is a black and white picture hanging on the wall.,"A man is riding a motorcycle through a parking lot. He is wearing pair of tan shorts, a short sleeve black shirt, and a black baseball cap. The motorcycle is red with black decals and slick black tires with white walls. He is driving past a parked Mitsubishi SUV with a man in a green jacket standing next to it.",0.013676930467793119,0.29508196292394523,0.8684754371643066,0.11524822695035461
716,There is a man in a white shirt and blue jeans standing in front of a large white building. There are two large windows on the building behind the man. The man is wearing a black helmet and black gloves.,The truck is parked on the pavement. The pavement is faded in some areas. There is a large white sign with a blue banner across the top at the other end of the pavement. At the front of the photo there is a white and orange U-haul truck. It has large black framed window protruding from the side windows. The window are rolled up and no on sitting in the diver side seat.,0.027126486140948508,0.4054054008473338,0.8654359579086304,0.226329238579542
717,A wooden bench is sitting on a bench. There is a black and white picture hanging on the wall. The bench has a white handle.,"A woman is taking an item from the oven that was baking. The individual, whom appears to be a Caucasian female, is wearing a knee length denim skirt, with a long sleeved green shirt. In addition, a brown furry dog is watching intently, the individuals actions. The cabinets in the kitchen are a dull white color, and the floor is a medium toned hardwood.",0.005034138577328772,0.19999999617959188,0.8540158271789551,0.08319467554076539
718,A man is sitting on a bench. The bench is made of wood. There is a silver chain link fence behind the man.,"There is a sandwich in a container. The container is a plastic tupperware container. The sandwich is made of untoasted slices of bread. There is a luncheon meat slice between the bread. There are slices of banana in the sandwich as well. On the counter, beside the container, is a banana that has been sliced into seven portions.",0.017101713938817494,0.26923076470414203,0.8710921406745911,0.13538481141692152
719,This is an image of a cat. The cat is black and white. It is sitting on a white chair. There is a black lamp next to the chair that is turned on.,Two trees brown tree trunks look as if the bark is peeling. One of the trees have a greenish mold on it. There are leaves of another tree in the background as well as a white wall. A chain link fence is at the bottom of the photo. There is a brown and tan giraffe in the photo that has to small horns on the top of his head.,0.015275653810484069,0.26086956087376606,0.8629798889160156,0.11467889908256881
720,A man in a blue shirt and black pants is standing on top of a wooden bench. The bench is made of wood. There is a black and white picture hanging on the wall behind the man.,"A man is holding the string of a flying kite. The man is wearing a gray hat and a gray and light gray jacket. The kite is light green with two eyes, a nose, and mouth and two red spots drawn on it. The kite is a triangle shape and has three green strips hanging from the bottom of the kite. Four other kites can be seen in the sky. The sky is full of white and gray clouds, with a patch of blue. Several trees are seen in the lower portion of the image with a light pole with two lights on it close by.",0.003842593959663619,0.25882352516539797,0.8651227951049805,0.11099899091826437
721,A man is sitting on a bench. The bench is made of wood. There is a black and white picture hanging on the wall behind the man.,"A middle aged woman with long, fine, blue hair and dark brown roots holds up her iPhone as if to take a selfie. She has blue eyes, and she is wearing a blue blouse with rolled up sleeves buttoned to the upper arm of the sleeve, breast pockets, and a blue silk tie in multiple shades of blue. She is standing in front of a plain wall. Her hand holding up the phone has a ring on the ring finger. The back of the phone is covered in an abstract melange of the colors white, red and purple, along with blue.",0.001490680741900246,0.2068965481833796,0.8476658463478088,0.08012820512820512
722,A black and white cat is sitting on top of a wooden bench. The bench is made of wood. There is a silver chain link fence behind the cat.,"A man is standing on a grassy field flying a kite in the air. He is wearing a white shirt and gray pants. The kite is blue, green, yellow and orange in color. White strings attached to the kite are being held by the man. Two people are sitting on a blanket near the man. A dog is standing behind the people. Tall trees can be seen at the back of the field. Two tall buildings are standing behind the trees.",0.00440637332441365,0.2702702659861213,0.8748817443847656,0.14037763852242743
723,There is a white bus on the street. There are people sitting on top of the bus. The bus is red and white.,"A bus with a Japanese advertisement on the side, is driving down a city street.  The images on the bus are cartoon like dogs and paw prints on the windows.  There is a bus driver on the right hand side of the bus.  A large stone building is behind the road with windows all along the side.  Green leaves are on trees on the sidewalk.",0.015001011885782595,0.38596490824253615,0.8762581944465637,0.13157894736842105
724,A man is sitting on a bench. The bench is made of wood. There is a black and white picture hanging on the wall behind the man.,A black cat is lying on it's right side and a dead bird is in front of it.  The are laying on a side walk.  The cat has green eyes.  There is a crack the length of the sidewalk in the middle. The bird is brown and white.  It looks like the bird was in the cats mouth because it is wet.  The cat has long pointy ears.,0.01252266678324864,0.31746031312673223,0.8646333813667297,0.11737089201877934
725,A black and white cat is laying on a bed. The bed is made of wood. There is a white blanket on top of the bed and a black headboard.,An elderly man stands in the sun looking at the camera.  He is next to some kind of shelter in a park or on a golf course.  Purple columns supporting the top of the structure can be seen.  He wears a purple striped jacket and dark red tie with some white design on it.  He squints from the sun but does not smile.,0.016100576734872807,0.2318840539802563,0.8687945604324341,0.14911595012097523
726,A wooden bench is sitting on the ground. There is a black and white clock on top of the bench. The clock is black with white numbers on it.,It is am image of a very clean bathroom where the towels are neatly stacked and the shower fittings are golden. The tiles are gleaming and everything seems to be spick and span. The wall on the mirror has a black thick frame and the shower has a glass exterior to avoid the water to be spilled outside.,0.008720680169010526,0.22950819231389416,0.8491370677947998,0.11796733212341198
727,A black and white photo of a man and a woman sitting on a bench. The man is wearing a black jacket and black pants. He is holding a white remote control in his hand. There is a large white building behind the man.,There's a glass dish on the tablThe glass plate has Pizza on it. Half of the pizza is gone. The pizza has mushrooms on it. The pizza also have a meat on it. The crust of the pizza is golden brown. There's a spatula on the plate. The spatula is made of metal. The light is reflecting off of the back of the spatula.,0.004724489058303311,0.19999999500555568,0.8390023112297058,0.11077046121034391
728,A man is standing on the side of the road. He is wearing a black jacket and black pants. There is a white truck behind him.,A lot of people are skiing on a sunny day at a ski resort. The resort is brown and white and nestled into the valley. In the front there are blue and green umbrellas as if there are stands selling items. On the left of the resort there is a hill with lots of tall pine trees. Toward the camera there is a ski slope which slopes upward on the right. A few people are standing at the bottom of the slope.,0.003746705377734784,0.2499999958680556,0.8606647253036499,0.13927519633507854
729,A black and white cat is sitting on a wooden bench. The bench is made of wood. There is a white fence behind the cat.,"Three large brown bears are swimming in a river. The bear on the left has his head tilted to the left and his fur is wet up to the bottom of his ears. The one on the right of him is dry above is shoulders. The final bear is all the way in the water and only a little of his back is showing above the water. There is something in the water behind the first bear that appears to be a rock. Behind there is a green, grassy shore.",0.002450950444779192,0.21917807834115224,0.852770984172821,0.10852850511993763
730,A wooden bench is sitting on the ground. There is a black and white picture hanging above the bench. The picture is of a man and a dog. Both dogs are brown and have white faces.,"The trees are weighted down with heavy snow. The snow has turned the evergreen trees white. There is a person skiing down a slope. He is wearing a helmet, a black coat, a pair of black pants, snow boots and skis. He also holding ski poles. He is down the slope through his ski lime green ski goggles that match the lime green on both his ski poles and the tips of his skis.",0.01493817372193033,0.31428570961632657,0.8573092222213745,0.1353276353276353
731,A wooden bench is sitting on the ground. There is a black and white clock on top of the bench. The clock has a white face and black hands.,Part of a woman can be seen walking on a sidewalk. A large electrical pole is on the sidewalk in front of her. The sidewalk is near a road. The road has different vehicles on it. Power lines are running through the air across the road. Buildings are sitting on both sides of the road. A row of vehicles are parked in front of a building on the side of the road. A large leafless tree is hovering over the vehicles.,0.004786939441407571,0.276923072662722,0.8631266355514526,0.12654138172419363
732,A wooden bench is sitting on top of a bench. There is a black and white picture hanging on the wall. The bench has a white handle.,A cat is sitting on a DVD player. The cat is looking at the small TV. The TV is black. On the screen there are colorful lines. The cat is stripes of light and dark brown. The cat is wearing a collar with circle pendant. There are wires attached to the DVD player. The player is silver. The TV has a SONY logo on it.,0.013994318921780689,0.39344261854340234,0.8735030889511108,0.15372880923202614
733,A wooden bench is sitting in a wooded area.  The bench has a black handle and a red and white stripe down the side of the bench. There is a white and blue sign on the front of it. The sign is on a,A group of people stand on the top of a hill. There is a lot of grass on the ground. There are some trees as well. There are some people sitting on the ground. There are others standing up. There are no clouds in the sky. There is a lot of sunlight. The sky is blue. The people are talking to each other. there are rocks on the hill.,0.02060496664197001,0.3437499951220704,0.8652938008308411,0.14285714285714285
734,A black and white photo of a man and a woman sitting on a bench. The bench is made of wood. There is a white building behind the woman.,A man is standing on a surfboard and holding kite strings. The man is wearing a black and green wet suit. the man's hair is black.  The surfboard is black with white letters and multicolored images on it. The man's feet are on the surfboard and are above the water. The water is gray and white below the man and is moving and somewhat foamy. The water farther away from the man is green with white caps scattered around. There are dark clouds in the blue sky.,0.004334864866116362,0.3283582047672088,0.8630309104919434,0.09852216748768472
735,A man is sitting on a bench. The bench is made of wood. There is a silver chain link fence behind the man.,"Three dirt bikers are riding along a rain covered beach.  They appear to be in a competition, as the bikes have numbers on them.  The bikers are dressed alike - crash helmets, gloves, jackets and pants.  Two bikes are red while the third is blue.  It is a cloudy day.  The edge of the beach is in the background, gentle waves coming ashore.",0.004481422852000345,0.14925372741367798,0.8564015626907349,0.10169491525423728
736,A black and white cat is sitting on top of a wooden bench. The bench is made of wood. There is a white wall behind the cat.,"This is an image of appetizers. The appetizers are arranged on a tray. There is celery on the tray. The celery stalks are cut and are light green. There is cauliflower on the tray. The cauliflower is white. There are silver tongs meant to serve the vegetables with. There are small red, round tomatoes behind the celery.",0.008849814248266192,0.3703703657064472,0.8670752048492432,0.12718089990817263
737,A man is standing in front of a wooden bench. The bench is made of wood. There is a silver chain link fence behind the man.,"A woman and a little boy are sitting in bed looking at two cats.  The woman has glasses on and a long sleeved striped shirt.  The boy has short dark hair and is wearing a blue tshirt with a pattern on it and a red collar.  The two cats are lying on the bed next to eachother.  The cat on the left has white, orange, and black fur.  The cat on the right is black and grey striped.  The bed spread is blue colored and has a celestial pattern of suns and moons.  The headboard is made of wood.  Next to the bed is a nightstand made of wood.  On top of the night stand is a lamp, book, and several small items.  There is also a small table to the right of the picture with items on it.  The wall appears to be white.",0.0014457275727797353,0.210526312465374,0.854128360748291,0.07068522257700977
738,A man is sitting on a bench. The bench is made of wood. There is a white door on the door. A black door is behind the man.,A black train with a red bumper is either pulling into or out of the station. A large amount of smoke is coming from the engine and obscured the rest of the train. Beside the engine is a small green building with windows on the side beside the train. There is a set of stairs leading to the door on the green building. The railings beside the stairs have been painted white. To the right of the green building is a brick building. The background are bare trees. The sky is a white color.,0.008532638150593996,0.30985915128744296,0.8727368116378784,0.12497068275892673
739,There is a black and white picture of a dog. The dog is wearing a blue shirt and blue pants. There is also a red and black dog on the other side of the picture.,This is a photo of a dessert. The dessert is a cake that is brow and white and is sliced into triangles. The brown slices are chocolate and are powdered. The white slices are sugar powdered. The cake is on a white plate. The table under the plate is white and plain as well. There are speckles of brown powder on the cake on the edge of the plate.,0.011012142923096501,0.33962263681025284,0.8652129173278809,0.1780337247816923
740,There is a white toilet in the middle of the room. There is also a black toilet next to the wall. The wall behind the toilet is made of wood.,A laptop and a desktop monitor are on a desk.  Both the laptop and monitor are powered on.  The room is dark except for a lone desk lamp emitting a small yellow light.  A black keyboard is on the white desk .  the desk lamp is behind a magazine which has a black mouse on top of it.  The walls in the room are plain and light colored.,0.007322572965833591,0.31034482318073725,0.8707324862480164,0.16574182242990654
741,A man is sitting on a bench. The bench is made of wood. There is a white wall behind the man.,"The image is a portrait of a man. The man is wearing a gray suit jacket. The shirt is blue. He is wearing a patterned necktie. The man has grey and brown hair. He is smiling at the camera. The man is wearing eyeglasses. On his finger, there are two rings. The man is standing behind a blue leather chair. The background is gray.",0.0045395956132767545,0.22222221805212622,0.8771786689758301,0.11725293132328307
742,The image is of a man and a dog. The man is wearing a blue shirt and blue jeans. He is holding a black and white frisbee in his hand. There is a white building behind the man.,"The water is blue, but there a a lot of seaweed floating in the background. There is a dog, or what seems to be a dog, swimming in the water toward the wave. The wave has white suds spraying into the air. There is is surfer surfing the wave. The surfer is wearing a black wet suit. He standing with is knees slightly bent and his arms extended out.",0.025952128948457352,0.33802816453878204,0.8690498471260071,0.15933232169954475
743,A wooden bench is sitting on top of a wooden fence. There is a black and white picture hanging on the wall above the bench.,Two giraffes are standing on a very dirt covered area. There are small white rocks scattered across the dirt terrain. There are many trees off in the distance and the sky is grey. One giraffe is looking at an animal that is next to a bare gray tree. Both giraffes have brown spots and long necks. The trees in the distance are brown and green.,0.0027199028189956475,0.21212120802112036,0.8650175333023071,0.09016393442622951
744,A man is standing on a wooden bench. The bench is made of wood. There is a black and white picture hanging on the wall behind the man.,A plate of food is on the table. The plate is white and round. The light is reflecting off of the plate. The plate has food on it. There is a sandwich and there are french fries to the right of the sandwich. The sandwich has cheese on it. The sandwich is also a hot dog. The french fries have salt on them. To the right of the plate that is a small container of catch-up. The ketchup is red.,0.008588106974937042,0.2950819626981994,0.8694179654121399,0.10695187165775401
745,A man is standing on a tennis court. He is wearing a white shirt and blue shorts. There is a green tennis ball in front of him.,"A baseball player is holding a brown bat in his hands. He is wearing a blue and white uniform and a blue helmet. A white base is sitting on the ground in front of him. The field has green grass, brown dirt, and white painted lines on it. Three people can be seen sitting in a dug out watching the man play baseball.",0.0568613687580161,0.44776118961906886,0.9080355167388916,0.25050505050505045
746,A man is standing on a bench. The bench is made of wood. There is a black and white picture hanging on the wall behind the man.,A small giraffe is looking to the right inside of a pen.  The pen appears to have an Egyptian theme.  There are two egyptian statues sitting on top of a stone seat.  The bottom of the stone seat has hand painted pictures of people and animals.  The seat is grey. To the right of the statues are egyptian style pictures on the wall.  To the left of the statues is an out crop of grey rocks.  The giraffe is brown and white with spots.  The ground is covered in dirt with small sections of green grass peeking through.  To the right of the giraffe is a tree.  The pen is surrounded by a black fence.  The fence has poles and three wires between each post.,0.0009313111089287742,0.27272726921487606,0.8608976006507874,0.09918619791666668
747,A man is sitting on a bench. The bench is made of wood. There is a silver chain link fence behind the man.,"This image is of a two store commercial building site.On the top,there are two stores that have green awning above them,the left one is Fleet and there it houses a green atm machine.The building on the left is The Java Stop,you can see that it has several beverages in the inside and the glass is covered with white letter.On the outside there are several railings The bottom is similar but both spaces are Bertucci's and on the outside of the rails is snow and bushes with snow on top of them.",0.0007459497944552089,0.1558441522617643,0.8424080610275269,0.07125890736342043
748,A man is sitting on a bench. The bench is made of wood. There is a white wall behind the man.,"A man in a brown shirt, blue jeans and white sneakers is walking on the hardwood floor of a bicycle shop. Behind him on the walls are bicycle tires on a rack and three bicycles on their kickstands on the ground. In front of him are closed cardboard boxes and sporting shirts on hangers. A fitting room is directly ahead of him.",0.004875625902220905,0.271186436725079,0.8795493245124817,0.11226252158894647
749,A man is sitting on a bench. The bench is made of wood. There is a silver chain link fence behind the man.,"A group of people are sitting at a long table inside of a restaurant. The table is covered with a red tablecloth. There are white plates, coffee mugs, cutlery and other items on the table. Three long blue poles are standing near the table in the room. The door of the building is white. There are windows on the side of the building.",0.0026497412600449363,0.31034482330558866,0.8851261138916016,0.10169491525423728
750,A black and white cat is sitting on top of a wooden bench. The bench is made of wood. There is a white wall behind the cat.,The beach is full of many people. A lot of the people are laying down enjoying the sun. Even more people are walking and swimming in the blue ocean water. The sky is crystal clear blue and free from any clouds. You can't see the sun but you can tell it is a sunny beautiful weather kind of day. Besides the sand you can see a green grassy area with trees.,0.004430848746086294,0.19444444043209885,0.845211386680603,0.0975975975975976
751,A wooden bench is sitting on top of a stone wall. There is a clock on the side of the bench. The clock is black with white numbers on it.,The sky is overcast and grey. There is a horse standing out amongst the cars. There's a green car to the right of the horse. The horse is pulling a black cart. A man is leaning over the cart. The horses standing still. The horse is a white cream color. The horses standing in front of a short tan building. The building has a green roof.,0.016269843161688696,0.29999999545000006,0.8758631348609924,0.11217948717948717
752,A man is standing on a skateboard. He is wearing a black helmet and black pants. There is a white building behind him.,On top of a dark brown wood table sits a small plate with a dessert.  The plate is square shaped and white.  The edges come up and the center is lower than the sides.  On top of the plate is a small piece of cake.  The cake has a small orange decoration on top of it and a white frosting.  The cake is brown colored with darker brown at the top and the bottom of the cake.  A silver fork is resting upwards on the left bottom side of the white plate.  There is light focused on the back of the table and is shining onto the plate.  There are crumbs of the cake stuck to the white frosting.,0.000543339314423973,0.18918918550766992,0.8346976041793823,0.0639853747714808
753,A black and white photo of a man and a woman sitting on a bench. The man is wearing a blue shirt and blue jeans. He is holding a black remote control in his hand. There is a white wall behind the man.,An airplane starts to fly away. The plane is mostly white. The tail is blue and red. There is writing on the side. There are wheels on the bottom. There is fencing on the side. There are buildings in the distance. There are many trees around the buildings. There are poles in the distance. The sky is blue. there are no clouds.,0.008713889326134679,0.2812499950439454,0.8614640831947327,0.09151414309484193
754,A black and white dog is standing on top of a wooden bench. The bench is made of wood. There is a white wall behind the dog.,"While one giraffe is seen making it's way through the trees and bushes, the two giraffes in the forefront prefer to stay in the grass covered clearing.  The temperatures look to be quite high from the look of the haze that hangs in the sky and forms a veil over the distant hills. These giraffes have spots of chestnut brown with ragged edges, while their unsides are predominately white.",0.002396531961175725,0.18666666275555563,0.8390907049179077,0.07716049382716049
755,A black and white photo of a man and a woman sitting on a bench. The man is wearing a blue shirt and blue jeans. He is holding a black remote control in his hand. There is a white wall behind the man.,"This was captured at tennis match.Only one side of the court is visible and on it is a male player with a blue head and wristband, a blue shirt,black shorts,a white bandage on his knee,white socks,and black and white shoes.In his hand,he is holding a black and yellow tennis racket.He is also standing on top of green court with the word Gerfor painted on it in white.Behind him is a man sitting on top of something sponsored by Adidas  with a wall next to him from other companies.The wall separates the crowd of people who range from young women,young males, and adult males who are waiting for the other person to serve.",0.025170992380731578,0.3018867884781061,0.8656845688819885,0.15976038369677079
756,A wooden bench is sitting on the ground. There is a wooden fence behind the bench.  The fence is made of wood. The bench has a black and white stripe down the side of it.,In the picture there is a small dog. The small dog is off white in color. The dog is looking straight at the camera. The dog has a fluffy coat of hair. The dog looks happy in the picture. The dog is laying on a dog bed. The dog bed is tan and brown in color. The background in the picture is black. The dog has a small fuzzy tail.,0.008131733027094796,0.3448275813555292,0.8708603382110596,0.14907510992012904
757,There is a train on the tracks. The train is red and white. There are wires above the train.,A train in on a set of tracks. The train is white with a red nose. There is 2 reds stripes on the side of the truck. There are 3 letters in capital cursive near the front of the train. There are several utility lines above the train. The trains front is in the shape of a bullet.  There is multicolored gravel om the train tracks. The day is cloudy and overcast.,0.01581478382269026,0.42857142482142857,0.8951470851898193,0.14862810809128307
758,A black and white cat is sitting on a wooden bench. The bench is made of wood. There is a white wall behind the cat.,A black and white cat reclines on a bed.  The cat's eyes are gold.  The left ear of the cat is turned back.  The cat's right back leg is up.  The cat's whiskers are white.  The cat is resting on a light grey comforter.  Behind the cat is a person reading a book in bed.  Only one hand of the person can be seen.  The headboard of the bed is a light red colored wood.,0.028884890915119595,0.3809523767397329,0.8905802369117737,0.15200892857142856
759,A man in a blue shirt and black pants is standing on a wooden bench. He is holding a white frisbee in his hand. The bench is made of wood. There is a black fence behind the man.,A round plate with food is sitting on a wooden surface. A square piece of flat bread is on the plate. On top of the bread is an orange sauce. A pile of greens are on top of the bread. A fork is sitting face down on the plate. Next to the plate is 2 pieces of sliced lemon. There are several seeds in the lemons pieces. There is a coffee cup of next to the plate and the lemons. The cup is filled with a brown beverage.,0.013908279773425286,0.2933333286542223,0.8534511923789978,0.10843373493975905
760,This is an image of a building. The building is made of brick. There is a clock on the top of the building with a black face and white numbers on it.  The clock has a white face with black numbers and black hands.,A blue sky is filled with white clouds. There is a street pole taking up most of the image. On the top of it is a green rectangular street sign with Naples written on it in white writing. Below that street sign is another green street sign with Chrysolite Ave written on it in white. Below that sign is the top of a red Stop sign outlined in white.,0.029139823277319198,0.36065573293200753,0.86921226978302,0.18696016901758525
761,A black and white train is on the tracks. The tracks are made of concrete. There is a black pole with a white sign on it.,A boy is holding on the the handle of a kite while strapped to a wake board. The boy is in mid air. His legs are bent. The wake board is teal blue. The boy is in the air over a large body of water. The water is dark blue. There is water spray coming from the boy and the board.The handle the boy is holding is brown with 3 lines connected to it.,0.00469139468092648,0.39344261854340234,0.8696760535240173,0.11560693641618497
762,A wooden bench is sitting on the ground. There is a red and white fire hydrant on top of the bench. The bench has a black handle.,A large boat is docked next to a pier. The boat is white. There is a blue cover over part of the boat. There is a blue line attached to the pole. There are several birds sitting on different parts of the pier. The birds are gray and white. Th posts on the pier are discolored. There are other boats at the dock.,0.01683034855121659,0.3793103402080857,0.8860226273536682,0.14986906098017208
763,A wooden bench is sitting on top of a white bench. There is a black and white picture hanging on the wall. The bench has a red and black design on it.,The boat is on the ocean. The boat is a sailboat. The sale is being pushed by the wind. The water and slightly calm and moving along slowly. The sky is partly cloudy but mostly bluish. There are people on the sailboat. The sailboat is the only boat on the water. There's a lighthouse in the far distance. The lighthouse is very tall. There is no lighthouse on at the Lighthouse.,0.007512275285738006,0.22580644703433933,0.843009889125824,0.10996232820003313
764,A black and white dog is standing on top of a wooden bench. The bench is made of wood. There is a white fence behind the dog.,"A one car silver, white, and red train is on a track bordered with telephone poles strung with cables. To the left of the track is a dry, plowed field edged with green and yellow grass, and to the right of the tracks are small green bushes and a trees, then a large dry field that is not plowed, and then another field which long strips of green plats growing. Behind the field with the plants sits an expanse of more trees, some dry areas, and a forested mountain range can be seen in the distance. The day is sunny and bright.",0.0014364802524361245,0.18181817830578514,0.8468782901763916,0.07407407407407407
765,A man is standing on a skateboard. He is wearing a blue shirt and blue shorts. There is a white fence behind the man.,"Two small toddler boys are standing outside on a dirt and grass field. Several blow up amusement structures can be seen. One is a boucy one with a yellow front and another looks like a huge yellow and red blow up slide. One of the toddlers, who is dressed in an orange shirt and jeans, is holding a tennis racket in one hand, and a red and yellow ball in the other. Another racket lies on the ground next to him. An adult wearing white shorts and shirt stands near the toddlers, and another child and adult can be seen behind him.",0.0013890247785142836,0.24096385202496737,0.8717441558837891,0.07961783439490447
766,A wooden bench is sitting on the ground. There is a black and white picture hanging from the wall above the bench. The picture is of a man and a dog. Both dogs are brown and have white faces.,"Two older women are sitting side by side on a park bench overlooking a body of water.  The woman on the right has grey hair and is wearing a white shirt, blue pants and sunglasses. The woman on the left has a sleeveless top and is wearing a straw hat. Flowers are planted in a stone structure to the left of the women  There are two boats docked in the water nearby. Across the water is a very large building and some smaller ones, as well as other boats.",0.005886933004420307,0.2619047574603175,0.8613365292549133,0.12499999999999997
767,A man is standing on a wooden bench. The bench is made of wood. There is a black and white picture hanging on the wall behind the man.,The man is walking at the sidewalk. He is carrying a big umbrella. The umbrella is green. The handle of the umbrella is brown. The man is wearing a suit. The suit jacket is black. The fence is blue. There is graffiti on the fence. The sidewalk is paved and gray. The shirt is white. The sky is white.,0.009864642031617337,0.38461537980029586,0.8782051801681519,0.11627906976744186
768,A black and white picture of a man standing on a skateboard. The man is wearing a black helmet. There is a white sign on the side of the man.,A man in blue shorts and a white shirt is running on a tennis court getting ready to hit a tennis ball coming at him. The sunny sky is casting shadows on the court of his body. Around him is a tall brown post fence enclosing the court. Opposite the fence is a small white house with a black car parked in front of it.,0.010795524410031801,0.3384615343242604,0.8669878840446472,0.15447154471544716
769,A man is standing on a wooden bench. The bench is made of wood. There is a black and white picture hanging on the wall behind the man.,A dog is seen very closely to the camera and through a clear object. The dog is a golden brown color and is standing in what appears to be the kitchen. The floor of the room is tiled with a beige and darker beige design going diagonally across the tiles. There is a wooden cabinet located directly behind the tail of the dog.,0.017907642899625337,0.31249999559082037,0.8750129342079163,0.19678965336134452
770,A black and white cat is sitting on top of a wooden bench. The bench is made of wood. There is a silver chain link fence behind the cat.,A herd of sheep stand in a field. There is a white fence around the herd of sheep. There is green grass and dirt under the sheep. There is a large crowd of people standing around the fence near the sheep. There is a large white building off in the distance in front of the sheep. There are trees in front of the large white building.,0.012902390899319343,0.33962263659665365,0.8808609247207642,0.1428928125557339
771,A man is standing on top of a skateboard. He is wearing a black jacket and black pants. There is a white building behind him.,The clear blue sky in the background reflects off the vibrant white snow. There is a man skiing on the snow. He is wearing a yellow backpack on his back. He has a grey vest over a black long sleeve shirt with black long pants. He snow shoes are yellow and match his yellow skis. He is also wearing a helmet and goggles. The skiers shadow is cast under him on the snow.,0.025729258770456565,0.3582089510358654,0.8828614354133606,0.17124651533253685
772,A wooden bench is sitting on top of a metal railing. There is a black and white picture hanging on the wall behind the bench.,This photo is taken inside of a bathroom. A large window is sitting above a tub. There is a gray shower rod hanging on a wall above the tub. A white toilet is sitting beside a sink in the bathroom. A silver faucet is hanging over the sink. There is a mirror hanging on a wall above the sink. Part of a light can be seen hanging over the mirror.,0.011653591933837687,0.35714285255102046,0.8887400031089783,0.14363668893129772
773,A man is sitting on a bench. The bench is made of wood. There is a black and white picture hanging on the wall behind the man.,The brown bear stands in the yard covered in snow. The bear has a camera on its neck.  The house behind the bear has snow on its roof.  The house has two large windows in the front of it.  There is a large shrub covered in snow in front of the window.  The house has glass windows around the front door.,0.015018171061292648,0.31372548542868134,0.8766313791275024,0.13867366850321394
774,A man is standing on a tennis court playing tennis. He is wearing a white shirt and blue shorts. There is a black and white net in front of the man.,A baseball player is holding a bat in his hand while standing on a baseball field. He is wearing a black helmet and a gray and black uniform. A catcher dressed in red and white is squatting behind the player. People are sitting in stands watching the baseball game. A wall separates the field from the people.,0.06373974545107398,0.3934426182531578,0.9104971885681152,0.24262797679625484
775,A black and white dog is sitting on a wooden bench. The bench is made of wood. There is a black fence behind the dog.,"A white polar bear is sleeping on the grass. A grass stain blemished the center of his forehead. His black eyes are closed. His black snout is still. His fur has flecks of beige, brown and black in it. Beneath his is green grass with bare patches of dirt in the bald spots. A huge front paw tramps down on weeds.",0.003268802455618513,0.22222221800957423,0.8610121607780457,0.1219512195121951
776,There is a wooden table in the middle of a room. There are a lot of books on top of the table. The table is made of wood and the wood is light brown.,"A white refrigerator is against a wall in a kitchen. Someone has positioned two magnets to appear as eyes on the refrigerator so the appliance appears to have a face. There are two white handles in between the magnets to appear as if they are the nose on the  refrigerator. The refrigerator has a bottom drawer for the freezer and the handle is curved upwards. The refrigerator appears to have eyes, a nose, and a smiling mouth.",0.006322787552398039,0.2727272683884298,0.8633245229721069,0.1031636863823934
777,A black and white photo of a man and a dog. The man is wearing a blue shirt and blue jeans. There is a black dog in front of the man.,This picture is taken inside of a building. People are shopping at different booths and tables that are set up in the building. A man is wearing a black leather jacket and blue jean pants. A clock is hanging from a ceiling above his head. There is a tall brown and white pole standing near the clock in the room.,0.0633496345325409,0.40624999582519533,0.8956547975540161,0.2225919439579684
778,A wooden bench is sitting on a bench. There is a black and white picture hanging on the wall. The bench has a red and black handle.,This picture is taken inside of a kitchen. A white door is leading into the kitchen. A rug is on the floor in front of the door. The kitchen has white cabinets with black counter tops. A white sink drops inside of the kitchen. White tiles are on a wall behind the sink. A window is hanging above the sink with brown curtains on top of it.,0.006490351008297647,0.33898304648089633,0.8775386810302734,0.11904761904761907
779,A man in a blue shirt and blue jeans is standing in front of a white wall. There is a black and white clock on the wall behind the man.,"This image is taken outside of a busy downtown city streets.On the left,there are a bunch of buildings,street lights,birds,peoples,and red and black banners swinging from the pole.On the other side,the exact same thing is visible but there stores are different.The middle of the road has three cards and a big silver charter bus on the side of the road waiting at a red light.",0.007913017670972638,0.19999999591836745,0.8419775366783142,0.1385380885027278
780,There is a sign on the side of the building. The sign is black and white. There are a lot of trees in the background.,"A bench is sitting on a walkway near a tall pole. A motorcycle is sitting on the other side of the pole. A body of water is seen in front of the bench, pole and motorcycle. Boats are sitting on the water. Different color flags are standing near the boats. Homes can be seen sitting on the other side of the water. Green trees surround the homes.",0.011564129782299955,0.370370365925926,0.8779667615890503,0.1273885350318471
781,A black and white bird is sitting on top of a white bench. The bench is made of wood. There is a black metal fence behind the bird.,"A tall, rusty metal fence with bobbed wire is enclosing a lot.The lot has many small weeds growing and there is a cage inside this lot that encloses two trucks and there are some tall buildings behind this small cage. Trash is lying on the sidewalk in front of the fence. There are two manholes on the sidewalk and the sidewalk appears to be cracked. There is also a sign posted on the bobbed fence.",0.005674913231898204,0.31884057559336276,0.867465078830719,0.15136024182076815
782,There is a silver train on the tracks. The train is blue and white. There are trees behind the train.,"The sky is filled with fluffy white clouds. There are airplanes parked on the tarmac. The closest airplane is white and has a blue tail with gold world. The next plane is also white, however it has a blue and red tail and a blue engine. There are also dark brown or black trucks on the tarmac. The truck have yellow stairs placed at the back of the truck.",0.003619744265421195,0.33333332958333334,0.885082483291626,0.12305107588918937
783,A man is sitting on a bench. The bench is made of wood. There is a white wall behind the man.,"Two men can be seen standing on a tarmac under an airplane. Both of the men are wearing green reflective vests. The plane has over ten small windows on the side of it. The airplane is blue, black and white in color. There is a large propeller on one of the wings of the plane. The sky above the tarmac is blue with numerous white clouds in them.",0.007384434182508993,0.24999999625000005,0.8831694722175598,0.09478672985781991
784,A black and white cat is sitting on a bench. The bench is made of wood. There is a white fence behind the cat.,"A man with dark hair and wearing a black wet suit is standing on a yellow surfboard edged with lime green. He is riding on a large wave with a with lots of white foamy water filling the back of the wave. He is standing very close to the edge of the surfboard, and is tilting. The ocean water is a pale green color with lots of small white cresting waves surrounding the surfer.",0.0040305477803063644,0.31249999595703126,0.86519455909729,0.14663446054750404
785,A wooden bench sits in a room. The bench is made of wood. There is a white wall behind the bench.,The room is dimly lit. The door is closed. There are two windows by the door. The windows are on the left side of the door. The door is white. The door has a chain on it. The chain is black. There are two lights on in the room. There is light coming through the windows. The floor by the door is made of square tiles. The square tiles are two different colors.,0.00568284230211311,0.39215685830065367,0.8795373439788818,0.0937315634218289
786,A black and white dog is standing on the ground. The dog has a black collar around its neck. There is a white fence behind the dog.,The are two giraffes in the forest. One giraffe is smaller than the other. The giraffes have horns. Their ears are pointy and white. They have brown spots. Their necks are long. Their legs are long. The end of their tail is black. Behind them are trees and bushes. On the ground is grass. The grass are dry. The face of the giraffes are brown.,0.002674154229124909,0.23333332888888897,0.8746643662452698,0.07352941176470588
787,A man is standing on a wooden bench. The bench is made of wood. There is a black and white picture hanging on the wall behind the man.,There is a dirt road. Across the dirt road there is green trees that are tall and some have fallen onto the ground. In the fore forefront of the photo there are two giraffes. They are tan and brown have they both have two small horns on top of their head. They are playing in the sand. There is no vegetation on this side of the road.,0.011424487082351383,0.21538461101065096,0.8571702241897583,0.12500117217903395
788,A wooden bench is sitting in a wooded area.  The bench has a black handle and is made of wood and metal. There is a white wall behind the bench and a blue and white fence behind it.,The photo was taken outdoors in a dirt field. On the field are a group of goat. The housing structures are behind the animals. The sky is clear in the picture. There are also a few chicken on the field. The buildings are made of clay. The buildings on the right are dome shaped. The picture was taken in the day time.,0.011047099528551074,0.2903225757752342,0.8680678606033325,0.11523101669532419
789,A large brown bear is standing on top of a rock wall. The wall is made of wood. There is a small brown building behind the bear.,In the field are three elephants. The elephant in the middle is large and there are two smaller ones on the sides. The field is grassy as well being filled with small bushes. There are two small white birds in the picture. The grass is dark green. The elephants are looking to the side. The sky is clear and is gray in color. The picture was taken in the day.,0.0024591462728838533,0.2187499957031251,0.8643659949302673,0.09672754946727548
790,A wooden bench is sitting on top of a paved road. There is a red fire hydrant on the ground next to the bench. The road is paved and has white lines painted on it.,"This is an outdoor image of a bird sitting on a cobblestone balcony.The bird is small,he has a long sharp pointy black beak,grey feathers,and a blue tail with white lines.Next to he bird is beige crumpled up rocks that are going down a hill.On the side of the rocks,there is a small patch of grass that appears to be about eight inches long.",0.010605419366132674,0.2631578902354571,0.8584063649177551,0.11627906976744186
791,A wooden bench is sitting on top of a bench. There is a black and white picture hanging on the wall. The bench has a red and black handle.,"The sky is blue and clear. There is a building that looks like a castle. The building has three peaks at the top. There is a brown fence surrounding the building which is mounted in in a rock wall. The building on top of a hill. The hill is mostly dirt, but has some patches of grass. There is a black clock with a white face black numbers and black clock hands.",0.048132226027615875,0.3749999955908203,0.8703708052635193,0.19685184351690077
792,A woman is standing on a tennis court playing tennis. She is wearing a white tank top and white shorts. There is a green tennis ball in front of her.,"A crowd is sitting in red chairs at a tennis match. There is a green wall separating the crowd and the tennis player. The tennis player is wearing a white shirt with black stripe and black design as well as white shorts with a black line.He has white, black and red sneakers as well as white socks with a black logo. He is wearing white wrist bands on his wrist as he about to serve the ball. His tennis racket red and black with a white handle. He is playing on a brown, sandy ground with white lines outlining the court.",0.019187685166503876,0.33333332917488495,0.8842118382453918,0.12437712828199163
793,A man is sitting on a bench. The bench is made of wood. There is a white wall behind the man.,Three men are sitting in a room working on laptops that are on their laps. all of the men are wearing short sleeve shirts. The wall in the room is painted white. There is a black rack with shelves standing in front of the wall. Different objects are sitting on top of two of the shelves. The floor in front of the rack is brown in color.,0.007914893104321155,0.3636363595107438,0.8974941968917847,0.1264034289182218
794,There is a black and white train on the tracks. The train is red and blue. There are trees behind the train.,This is an image of a truck. The truck is for industrial work. The truck is for carrying concrete. The truck has a large white drum on the back. The truck cab is light blue. The truck has large rubber wheels. The wheels are black. The drum on the truck has concrete in it. The truck is on a cracked and damaged gray road.,0.004169981526242634,0.39999999564800004,0.8742485046386719,0.0919732441471572
795,There is a white table in a room. There are two chairs in front of the table. One chair is white and the other is black. The table is made of wood.,A white porcelain toilet sits with the lid open on a concrete platform over warped linoleum. The pipes running to the toilet are exposed against the yellow walls. Above the toilet are small square cutouts showing a view of the outside. On the opposite side of the room is a black trash can filled with water with a red plastic pot floating on top of it. A smaller blue waste can is on the floor behind it.,0.005506445229696442,0.2133333293013334,0.854839563369751,0.07586206896551724
796,A black and white cat is sitting on top of a wooden bench. The bench is made of wood. There is a silver chain link fence behind the cat.,"A white male in blue swimming trunks is on a small surf board. His left arm is stretched out to his side. He is wearing a white band on his wrist. The background is blue and contains text. The word ""Flow"" can be made out. The surfboard appears to be resting on a column of water, jetting up from below .",0.003995770432351976,0.2647058778762976,0.8618348836898804,0.12110726643598616
797,A man is sitting on a bench. The bench is made of wood. There is a black and white picture hanging on the wall behind him. He is wearing a blue shirt and blue jeans.,A woman's hand is reaching for a smart phone turned on on a white counter. She is wearing a ring on her middle finger and two silver bangle bracelets on her wrist. Next to the phone is a pack of cigarettes with the top open and two cigarettes halfway pulled out. A keyfob and two keys are laying on the pack. Beside that is a tall pilsner glass on a square coaster. The glass is half filled with foamy beer. Lastly is a floral pocketbook with a black strap on its side.,0.01062364706188139,0.25581394926987566,0.8515673875808716,0.12656358833291073
798,A man is standing on a wooden bench. The bench is made of wood. There is a black and white picture hanging on the wall behind the man.,The woman is holding a banana. The banana is yellow. The woman is wearing a hoodie. The hoodie is dark blue. The woman has blue eyes. The woman is wearing a cap. The cap is green. The woman is wearing a necklace. The woman's mouth is open. The bottom part of the banana is brown. The ceiling is white.,0.0037332551697751765,0.17021276101403365,0.8741001486778259,0.11627906976744186
799,There is a train on the tracks. The train is red and white. There are trees behind the train.,"This picture is taken outside on a cloudy day. Men, women and children are standing on a platform of a train station. A little boy is wearing a green shirt and blue jean pants. A long black train is sitting on a track near the platform. White smoke is coming out of the front of the train. Electrical lines can be seen running across the air above the train.",0.0031231979930542698,0.19354838360041626,0.8855185508728027,0.12324334319526624
800,There is a wooden table in front of a white wall. There are books and papers on top of the table. The table is made of wood.,"This image is of a bathroom. There is a white toilet and sink which are situated next to each other on one wall. There is a window above the toilet which has a board over it. There is a mirror over the sink with an arched shaped to it. An empty toilet roll holder is hanging on the wall to the left of the toilet. There is a dirty rag laid flat under the sink which looks as though it has been placed to catch drips from under the sink. The bathroom door is visible and ajar, it has a brass colored door knob. The flooring is tile, mostly beige but with some accent colors included, and the walls are papered with an orange floral patterned paper.",0.0016747132470025833,0.2340425498415573,0.8574521541595459,0.07264957264957266
801,A man is standing on top of a skateboard. He is wearing a black jacket and black pants. There is a white building behind him.,A cycling race with seven riders leaning to their right as they cross a street. They are a mixture of men and women and all are wearing cycling shorts and shirts which are covered in advertisements. One shirt clearly shows the word Mexico on the shoulders. They are all wearing cycling helmets and protective glasses. Six of the seven helmets are predominantly white but there is one bright yellow one visible. Behind the racers on the street is a white car with it's headlights on. The leaders of the race are wearing the same style of shirt.,0.0029124744256113777,0.19753086047858565,0.8589358329772949,0.10681332666696967
802,A white bowl is sitting on top of a white table. There is a silver fork on the table next to the bowl. The table is made of wood.,"This is an image of a lunch. The lunch is rice, meat and vegetables. The vegetables are various. The vegetables are green. There is broccoli on the plate. The rice is in a clump. The rice is white. The meat is cooked well done. The meat is pink and dark brown. There are carrot slices on the plate. The slices are orange.",0.009034521812920986,0.3076923030547338,0.8613945245742798,0.11073253833049404
803,There is a wooden bench in the middle of a field. There are trees in front of the bench. The bench is made of wood.,Cruise ships are at a port.  The boats are docked by a pier and anchored down.  A small red boat with an umbrella is in the ocean in the foreground.  The cruise ships are large and a pier is surrounded by a metal fence.  Buildings can be seen in the background and have pointed roofs.  The sky is blue and no clouds can be seen.,0.0048367471803267845,0.20338982655558752,0.8609307408332825,0.09016393442622951
804,A black and white cat is sitting on top of a wooden bench. The bench is made of wood. There is a white wall behind the cat.,There is a vase on the table. The vase is tan and black. There's a rock to the left side of the face. There are flowers in the vase. The flowers are bright yellow. The flowers have leaves on them. The leaves are thick and green and healthy. The table that the flowers are on has a tablecloth on it. The tablecloth is red white and blue. The tablecloth is red with white lines and a big blue line on it. There are chairs at the table. There are two chairs all together. To the right of the table are two windows. The wall under the windows is green.,0.0024785049838301786,0.3142857102040817,0.8600966334342957,0.08432539682539685
805,A man is standing in front of a white wall. He is wearing a black shirt and black pants. There is a silver chain link fence behind the man.,"A man is sitting at a table in a restaurant. He is wearing a long sleeve brown shirt. The man is looking a gray cellphone that he is holding in his hand. There are clear glasses and white plates on the table, along with a red and white checkered tablecloth. Different picture frames are on walls across from the man. Christmas lights surround some of the frames.",0.04105646403411797,0.3561643792456371,0.8888565897941589,0.14240506329113928
806,A man is standing on a skateboard. He is wearing a white shirt and blue jeans. There is a black and white dog on the skate board.,A woman is holding a tray. The tray is made of wood. On the tray is pizza. There are chopped tomatoes on top of the pizza. The woman is looking on the pizza. The woman is wearing a knitted blue jacket. The pizza has mushroom on it. The cheese is melted on the pizza. Behind the woman is a stove. The stove is white.,0.015056861489144204,0.3461538414201184,0.8833486437797546,0.1308055383830355
807,There is a toilet in the bathroom. The toilet is white. There is also a mirror on the wall behind the toilet.,"An old, dirty and rusted white toilet is attached to a wall.  The toilet has red, orange and grey stains inside the bowl.  The seat is covered in grey dirt and the exterior of the toilet has white lumpy drippings on it.  Above the toilet is a white sink bowl with a blue backdrop , two water handles and a faucet.  The wall the toilet and sink are attached to is white with dark marks on it including dirt smudges at the base of the wall.  The floor is a dirt floor.",0.0016325250380384185,0.2857142822574956,0.8720748424530029,0.08823529411764706
808,There is a red and white train on the tracks. The train is white and has a blue stripe down the side of the train. There are trees in the distance.,"A man is in an indoor skateboard and is performing a trick in the air at the top of a ramp. He is doing some variable flip with his board and he is wearing a light blue slate colored shirt, a hat, and some khaki pants with black and white shoes. There are a lot of painted murals and design displays on the wall of the park.",0.010197718231284809,0.31884057547574046,0.8703679442405701,0.15636427144619214
809,A wooden bench is sitting on the ground. There is a black and white clock on top of the bench. The clock is black with white numbers on it.,Building has multiple floors. There is a clock tower at the very top. The building is tan and off white with red letter in the front. On the top level there is metal fence that lines the roof. The window is just below the top level and is next to a large half circle display window above the bottom floor. There is glass awning covering the ground floor although the whole ground floor is not visible in the photo.,0.008241124253595576,0.30136985903546637,0.8668626546859741,0.12030030030030031
810,A black and white cat is sitting on a wooden bench. The bench is made of wood. There is a white wall behind the cat.,The man standing is looking down. There is someone squatting down next to a motorcycle. The man standing has gray hair. The man is standing by a parked car. The car is white. The mirror on the car is black. There are a bunch of trees in the background. The motorcycle has a big beige bag on yhe back of it.,0.005675975396352468,0.3272727227504133,0.8744745850563049,0.09581881533101046
811,A large brown bear is standing on top of a rock wall. The wall is made of stone. There is a black fence behind the bear.,"This is an outdoor image taken in a wild area that is full of wild life.In the middle there is paved road and on the side there are trees and dead grass on the side.In the middle of the road,there is a large giraffe walking west and behind him,there are three elephants walking across the road.The first on is on the side in the grass,the second is in the road and the third one is on the right in the grass also walking west.",0.002528274913052359,0.2153846111242604,0.8566237092018127,0.08312020460358056
812,There is a red and white bus on the street. The bus is white and blue. There are trees behind the bus.,"This is an outdoor image taken of a city street.In the middle of the street,there is a large truck on the side that has a picture of a island on the back with water and a palm tree.To the left of the truck,there is female dressed in all black riding a bicycle and she has a long blond braid going down her back.On the side of the street,there are benches,trees,and people sitting down and walking down the sidewalk.There are also large antique like buildings with several stories.",0.00165794051990253,0.21621621298392993,0.8614532351493835,0.06211180124223603
813,A man is standing on a tennis court. He is wearing a white shirt and blue shorts. There is a green tennis ball in front of him.,"A crowd of people is sitting in a stand watch a man in red and white ski with two ski poles in his hand.  The man has on a hat and the number sixteen in the middle of his shirt, there is also some writing on his shirt.  There is some writing on the wall by the people in the stands.  There is a pole in the middle of the people.",0.011014152269867551,0.3278688478473528,0.8777931928634644,0.1519185852519186
814,This is an image of a bathroom. The bathroom is white. There is a mirror on the wall behind the toilet. It is made of glass. On top of the mirror there are two white towels. Behind the towel there is another towel.,There is a broken phone on the ground. There are three pieces that are big and the phone has many buttons on it. The color of the phone is white and silver. The ground next to the phone is very dark. There are many tiny things on the street. It looks like an older kind of phone. The phone at the bottom of the frame is on its front. The buttons on the phone are dark and light.,0.017734440478598804,0.3142857094857143,0.8665841817855835,0.15436241610738255
815,A man is sitting on a bench. The bench is made of wood. There is a white wall behind the man.,This is an image of a laptop. The laptop is being cut by knives. The knives have black handles. The knives have silver blades. The laptop is black at the bottom. There are inputs on the back of the laptop. The inputs are different various types. There are two hands holding knives. The one wrist has a silver watch one it.,0.0024179847991592503,0.26923076497041426,0.8790835738182068,0.09649122807017543
816,A man in a blue shirt and black pants is standing on a wooden bench. There is a black and white cat sitting on the bench next to the man.,This is a toy shop. The shop has lots of stuffed animals. The stuffed animals are bears. There are many teddy bears in the window display. The bears are various different colors. The window is framed white. The letters on the window are red with a white and blue border on them. The bear in the front of the window has a red scarf on it.,0.007693533824982394,0.31034482296670635,0.8551992177963257,0.1201923076923077
817,A man is sitting on a wooden bench. The bench is made of wood. There is a silver chain link fence behind the man.,A man is sitting with his guitar. His left hand is holding the guitar neck. The man is wearing a straw hat. The man's head is down. You cannot see the man's face. There's a bottle on the table in front of the man. The guitar is made of wood. The guitar is a light brown color. There is a television behind the man. The television is not on. The television is gray color. The man is sitting on the side of a fireplace. The fireplace is made of thin brick.,0.021600536268348052,0.3999999958627219,0.894252598285675,0.13239501368895892
818,There is a wooden table in front of a white wall. There are a lot of books on top of the table. The table is made of wood and has a black and white table cloth on it.,This is a picture of a bedroom. The bedroom is very tidy. The bedroom is decorated fancy. There are many different pictures that are framed on the wall. The pictures have black and gold frames. The bed has a white comforter on it. The bed has a white pillow on it. The headboards and bed frame are dark brown.,0.01736742859486017,0.46666666186666667,0.8981252312660217,0.24139784165347358
819,A black and white dog is sitting on a wooden bench. The bench is made of wood. There is a white wall behind the dog.,There are two people kissing in the photograph. One of the men is dressed as a groom the other as a bride. The one dressed like a bride has a veil on his head and is wearing a pink dress. He has whit pearls around his neck and has a blue ring on. The woman has a grey hat on and white sunglasses. They are standing against a white wall with the sun shining down on them.,0.007479252367635775,0.2571428531877552,0.8590579032897949,0.1476962651355807
820,There is a white toilet in the middle of the room. There are white shelves on the wall behind the toilet. The wall is made of wood.,This is a hotel room. There is a patterned comforter on the bed. The comforter is tan and gray. The headboard on the bed is wooden. The headboard is brown. The wall in the room is a dark tan color. There is a small lamp by the bed. The lamp has a white lampshade on it. There is a rolling office chair by a desk with a yellow lamp on it.,0.013849563263749639,0.3773584860804557,0.8896371722221375,0.13366700033366702
821,"A black and white striped zebra is standing on a grassy field.  The field is surrounded by tall trees and is covered in a thick layer of green grass and weeds. There is a black fence surrounding the field, and there are two",This picture is of a giraffe. The giraffe is eating some grass. The giraffe has it's mouth full. The giraffe is spotted brown and tan. The giraffes eye is closed. The eye is lined in black. There are brown and tan horns on the giraffe. There is a piece of wood in front of the giraffe. The wood piece is light brown.,0.020393527525276702,0.3333333283333334,0.8634929060935974,0.13311148086522462
822,A bathroom with white walls. There is a mirror on the wall above the toilet. The toilet is white and has a black handle. On the other side of the bathroom there are white tiles.,The picture was taken inside. The picture was taken in a bathroom. There are lights lined along the ceiling. The floor in the bathroom is tiled. There are urinals on the wall on the right side. The urinals are white in color. The stalls are on the left of the bathroom. There are windows in the bathroom.,0.025911149924468135,0.4363636313785124,0.9046158194541931,0.17168253877737227
823,A black and white picture of a man and a woman. The man is wearing a white shirt and black pants. He is holding a black remote control in his hand. There is a red and yellow fire hydrant in front of the man.,"Two black cats lay on a desk; on is reading its grass on the other cat's hind quarters. One the desk area several items: a red notebook, a vup filled with pens, done papers, a basket with Witeout in it, a teddy bear, and a box of envelopes. There is also an LCD computer monitor, as well as a keyboard drawer. The keyboard drawer is slightly open, showing the bottom of a purple mousepad.",0.01080883243885147,0.23809523365079371,0.8384837508201599,0.12676056338028172
824,A large black bear is standing on top of a wooden bench. The bench is made of wood. There is a white fence behind the bear.,The elephant is in the wild. He has a long trunks. The trunks are brown with touch of white. The elephant's ears are wide and has spots. The elephants body is wrinkled and brown. Behind him are long brown trees. The ground is covered with green and brown grass. The sky is blue with touch of white/gray puffy clouds.,0.00343430979737567,0.21052631123422602,0.8653578758239746,0.0897666068222621
825,A man is sitting on a bench. The bench is made of wood. There is a silver chain link fence behind the man.,"Two men are sitting at a table outdoors. The man on the right is wearing a plaid shirt and a visor. He has his arms out and palms turned up. The man on the left is wearing a t-shirt that says ""BRONX."" Empty glasses and three bottles are on the table. There is also a cruet of oil. A brick structure, perhaps an oven, is to the left rear of the man on the left.",0.002915766284226002,0.29411764316609,0.8660317659378052,0.10028653295128939
826,A wooden bench is sitting on top of a bench. There is a black and white picture hanging on the wall. The bench has a white handle.,This is an image of a street. The street signs are on a white pole. The pole is metal. The top sign is blue and white with a red slash in the middle of it. The bottom sign is white and black with a red circle and red slash in the middle. The top sign has a white border. The street is concrete with rail road tracks embedded in it.,0.012495727537546505,0.36363635900826446,0.8653644919395447,0.1619577625570776
827,A man is standing on a skateboard. He is wearing a black helmet and black pants. There is a white building behind him.,This picture was taken at a tennis match. The man is wearing a yellow head band and a yellow shirt. The man is holding a black tennis racket. The crowd is behind the man on the court. The man is looking towards to the left. The man is wearing two sleeves on their arms with yellow checks. There is a white logo on the left of the picture.,0.027260278333565577,0.35087718866112655,0.8890134692192078,0.1896412948381452
828,A man is sitting on a wooden bench. The bench is made of wood. There is a white wall behind the man.,"This is an image taken in a kitchen.Directly in the middle is a wooden table with a white top.On the ends,there are two wooden chairs and on the sides,there are two computer cars.Behind the table,there is a side by side microwave with several magnets on the front,and an air freshener and bottles on the top.To the left there is a counter with average kitchen supplies including a toaster.The floor is hard wood,the walls are yellow and the drapes over the windows are black.",0.0022006673170638703,0.19444444083719137,0.8610530495643616,0.08452535760728218
829,This is an image of a bathroom. The bathroom is white. There is a mirror on the wall behind the toilet. It is made of glass. On top of the mirror there is another mirror with a white frame. Next to the glass there,This is a traffic or warning sign. The sign says do not enter. It is red and white. The text of the sign is very bold in white lettering and is centered in the middle of a filled red circle. The circle is inside of a white square. The sign is attached to a metal pole with bolts. Behind the sign a grey sky can be seen along with trees that have orange dying leaves.,0.0123274674173697,0.2666666620586667,0.8540743589401245,0.1808066759388039
830,A man in a blue shirt and blue shorts is standing on a skateboard. The man is wearing a black and white striped shirt. There is a white fence behind the man.,Four people are sitting around a television set. The two men on the right are playing guitars. The woman on the left has her hand to her mouth. Another woman has blonde hair and is facing away from the camera. A  small coffee table is in the middle. There are two glasses and a paper cup on the table. A floor lamp in the corner is casting bright light into the room.,0.003174022525210114,0.2535211225947233,0.8552468419075012,0.11029411764705883
831,A man is sitting on a bench. The bench is made of wood. There is a white wall behind the man.,Two men are standing in a living room holding white game controllers in their hands. A white covered sofa is sitting in front of a window in the living room. There are three pillow sitting on the couch. The walls in the room are painted white. Part of a chandelier is hanging in the room. A brown cabinet can be seen sitting against a wall near the sofa.,0.003912299336714242,0.3793103408323425,0.8865906596183777,0.12638230647709317
832,A black and white dog is laying on the ground. The dog has a white collar around its neck. There is a black dog next to the dog.,"Ann adult Zebra stands on a field facing to the left. The legs on the outside have strips and on the inside are white. The zebra is in an open field. The field is covered with grass that is tall. The zebra has stripes white and black, and the tail of the zebra is long and have a turf on the end. On back the field there are green with green leaves.",0.0054920093142778875,0.2857142813807005,0.8617985248565674,0.10355029585798817
833,There is a wooden table in front of a white wall. There are books and papers on top of the table. The table is made of wood.,"This picture is taken inside of a home. A black chair is sitting in front of a desk. There is a laptop sitting on the desk, along with other papers. Part of a wooden table can be seen behind the desk. Two chairs are sitting near the table. There is a white lamp sitting on top of the table near bottles and a book. The walls of the room are painted yellow with white trim. The floor of the room is hardwood.",0.038406104386892036,0.4057970973324932,0.9011224508285522,0.20882623021660454
834,A wooden bench is sitting on a bench. There is a black and white picture hanging on the wall. The bench has a white handle.,A desktop computer is on a desk with the monitor turned on. On the keyboard is a grey bird with a green head and orange cheeks. To the right of the desk is a tray with a blue mouse pad and a white mouse on it. Next to the desk is a grey upholstered chair. To the left of the desk is a blue drapery. In front of the bird are a yellow and blue stuffed bear.,0.004033857207777115,0.20338982626831378,0.8714302182197571,0.10276423707830394
835,This is an image of a man. The man is wearing a white shirt and blue jeans. He is holding a black and white frisbee in his hand. There is a large white building behind the man with a clock on it.,"A Man sitting in a chair working on his laptop. The chair he is sitting in has a red towel drapped over the back and wooden arms. The man has short dark hair, and glasses. He is casually dressed in a sweatshirt, with a yellowish t-shirt underneath and shorts. He is using a plug in keyboard with his lap top, the key board is on a make shift lap table, made from two grey boxes. This allows him to put his keyboard and mouse on his lap. The laptop is on the table in front of him, propped up on a few books so that he can see it. Also on the table are a few other items.",0.00364527537812141,0.2666666625850341,0.8462585210800171,0.12228260869565216
836,There is a white toilet in the middle of a room. The toilet is white and has a black handle. There is also a mirror on the wall behind the toilet.,"Passengers are seated in a mass transit bus traveling down the street.  The driver is seated on the left hand side in an enclosure.  He is visible through the reflection from a rear view mirror.  The farebox is next to the enclosure.  A television monitor is behind the driver, and is turned on.  A woman sits on a seat mounted atop the wheel well.  She has placed a white plastic bag on the floor. A passenger seated behind her is resting his or her foot on the well.  The bus has blue vertical poles for standing passengers to use.  Some bus straps are also suspended from the ceiling for passenger use. It is daytime.",0.001998942234116397,0.2580645127529194,0.8554689884185791,0.08514664143803216
837,A black and white cat is laying on a bed. The bed is made of wood. There is a white blanket on top of the bed and a blue blanket next to it.,A metal pan has pizza slices on it. The pan is round. There are other pizza pans next to it. The pans are on the table. There are napkins on the table. There is hot sauce on the one pizza. There is a lot of cheese on the pizza. There is a knife on the table. There are other slices of pizza on the other pans. The pizza slices are triangular. The table is made of wood.,0.03967451333558013,0.49056603288002865,0.8789572715759277,0.16086793864571647
838,There is a small boat in the water. The boat is blue and white. There are two people on the boat. One of the people is wearing a blue shirt and blue shorts.,"A guy with short, dark hair is wearing a blue wet suit and black shoes is surfing on a white surf board in a large body of water. The waves behind his surfboard are large, white and foamy. The body of water appears to be dirty and a reflection of the guy and the surfboard is in the water just near the surfboard. The sun is shining brightly into the body of water.",0.03623757834305262,0.39393938960055097,0.880955696105957,0.15829619816130724
839,A man is sitting on a bench. The bench is made of wood. There is a black and white picture hanging on the wall behind the man.,There is a white and brown cow in a cage. The bars next to the cow are blue in color. The girl next to the cow is wearing the color purple. The girl appears to be smiling. The bottom half of the cow is not visible. Only the top half of the animal is visible to the people. The roof of the structure is blue and there are bars above the ground to support the structure.,0.007957317007624023,0.20689654720570758,0.8743759393692017,0.09142053445850915
840,A man is sitting on a bench. The bench is made of wood. There is a black and white picture hanging on the wall behind the man.,"A boy is skating down a ramp. The picture has a progression of him starting from the top, then in the middle, then on the bottom. The boy is wearing a white helmet, gray t-shirt and blue jeans. He is slightly heavyset. His shoes are white. Next to the boy on the ramp is a boy on roller blades and he is wearing a blue graphic shirt with blue jeans. his hair is orange.",0.0050952338947812805,0.26865671222989534,0.8668288588523865,0.10822510822510824
841,A man is standing on a bench holding a white frisbee. The bench is made of wood. There is a black fence behind the bench.,This is an image of some animals. The animals are elephants. The elephants are very large. The elephants are dark brown. The elephants are in water. The water is shallow and murky brown. There is a long bamboo pole by the elephants. The shore by the elephants is sand. The sand is tan color. The elephants are drinking water.,0.012297421486619754,0.2399999952880001,0.865588366985321,0.08093525179856116
842,A man is sitting on a bench. The bench is made of wood. There is a black fence behind the man.,"A man is sitting in a white chair on the beach. The chair is in the sand.  He is wearing a black shirt and dark colored shorts. He is reading. His arm is resting around the top of his head. He has a wedding ring on. Beside the man is a black and white umbrella. To the right of the umbrella is a boy wearing green. He looks like he is playing in the sand. Behind him is another umbrella which is red and white. In front of the boy is the water. In the distance is a building, and beyond that are hills. Also on the beach are gray stones and other white chairs. Behind the chairs are two poles.",0.0016410463302281113,0.2499999968,0.8866022825241089,0.08641294355580072
843,A man in a blue shirt and blue shorts is standing on a wooden bench. He is holding a black and white frisbee in his hand. There is a white wall behind the man.,There are people in the snow in the picture. The trees in the background have a little snow on them. Some people are sitting in the snow. The snow is covering the entire ground. Most of the people have goggles on. Two people are walking together on the snow. The person on the right is carrying ski sticks.,0.004545540731470397,0.2142857093877552,0.8589091300964355,0.08093525179856115
844,A man is sitting on a bench. The bench is made of wood. There is a black and white picture hanging on the wall behind the man.,The woman is sitting on a bench. She is carrying a bag. The suitcase is black. The bags are black. The woman is wearing a scarf. The scarf is pink. The jacket is black. An old man is looking at the camera. The man's jacket is yellow. The woman's shoes are black. The woman is wearing eyeglasses. Her pants are gray. Her hair is curly.,0.0409521892488062,0.32727272264462814,0.8794038891792297,0.1062091503267974
845,A wooden bench is sitting on top of a bench. There is a black and white picture hanging on the wall. The bench has a white handle.,There is a big brown and beige building near the street.  It has many windows  all around it.  It has a traffic sign  on the corner near the building. There is street sign on the front of the building.  There is a small car near the building. There is a gray car behind the    maroon car.  The person walks  across the street  near the building. There is a large black sign near the  building.,0.010590850021960172,0.36363635900826446,0.8547160625457764,0.12845919512586182
846,A black and white cat is sitting on top of a wooden bench. The bench is made of wood. There is a white wall behind the cat.,"A small cell with iron gates is painted a light green on the bottom of its cement walls, and white on top. A lidless white toilet sits against the back wall, and a rusted small white sink is next to the toilet. On the back wall are two empty white shelves, and two metal shelves that fold up are attached to the left wall. The floor is tiled, and the walls and floor are dirty.",0.0040581756376810345,0.31884057559336276,0.8615648746490479,0.11396011396011396
847,A man in a white shirt and black pants is standing in front of a black and white television. There is a large white building behind the man.,Three men are standing in a room. One man is leaning over a table in front of a small cake. He is wearing a short sleeve shirt and green pants. The table is white and has brown and gray chairs sitting around it. There is are white coffee mugs and bottles that are also on the table near the man. A gray door can be seen near a wall with a gray door handle on it.,0.028768941321285917,0.39999999604489805,0.8899781703948975,0.21670934291319527
848,A black and white dog is standing on a wooden bench. The bench is made of wood. There is a white fence behind the dog.,"This is a beautiful autumn photo of a family riding a trail on horse back. Both the horses and the human riders are uniformed in matching colors and coats, which made for a beautiful photograph. The trees are evergreens and tall, and grass is brown in preparation for winter. The air is most likely brisk but still mild.",0.006553963424077474,0.22222221800957423,0.8508495688438416,0.11882998171846434
849,A man is sitting on a bench. The bench is made of wood. There is a black and white picture hanging on the wall.,A blue shower curtain is hanging inside of a white tub. A white toilet can be seen sitting near the tub against a white painted wall. A box of tissues is sitting on top of the toilet's tank. There is a vanity cabinet near the toilet with a white sink in it. A mirror can be seen hanging on a wall above the sink.,0.017312059116871528,0.39999999547768605,0.8753620386123657,0.19514973958333334
850,A black and white cat is sitting on top of a wooden bench. The bench is made of wood. There is a white wall behind the cat.,The photo is of various fruits. The orange slices are peeled and sectioned. The raspberries are deep red and have small red portions that have fibers protruding from them. There are also small round blueberries in the photo. The fruit is mixed together as a fruit salad. The photo is a close up and does not show what the fruit is in.,0.006038145598115584,0.22950819231389416,0.8443994522094727,0.09401709401709402
851,A wooden bench is sitting on the ground. There is a black and white bird perched on top of the bench. The bird has a long black beak.,"A man is relaxing on a lounge chair in front of a swimming pool on a warm sunny day.  He is white.  He is wearing a baseball cap and swim trunks.  There are no other people sitting on the chairs, which are white.  Four large white umbrellas provide shade.  The water in the pool is calm and is blue, reflecting the sky.  The side of the pool is made up of blue tiles.",0.011027347637052437,0.3142857100857143,0.8600298762321472,0.1094890510948905
852,A man is sitting on a bench. The bench is made of wood. There is a silver chain link fence behind the man.,"A young woman wearing a black bra mostly covered by a white tank top, and also wearing blue jeans and holding a pink cell phone to her ear is walking along a sidewalk. She is in front of a North Pacific Cellular store and another store in which numerous red shopping carts are lined up along its wall. Both stores have the same exterior of large windows and brown siding, and a white and red trim above the siding. The woman is being photographed at through the interior of a car, as the grey interior of a car window can be seen around the outside edges of the photograph.",0.00034105699450527886,0.12499999695312508,0.8545263409614563,0.0597609561752988
853,A black and white photo of a man and a dog. The man is wearing a blue shirt and blue jeans. He is holding a black remote control in his hand. There is a white building behind the man.,"The image is a transit center. There are many buses parked at the station. The roadway is brown with white lines. The cross walk has white painted stripes. There are shelters over the bus stop. There are blue poles holding the shelter roof up. The roof is dark gray. The bus is orange, white, red, and blue.",0.009897228506949256,0.27272726795224983,0.8654423952102661,0.11775362318840579
854,There is a clock on the side of the building. The clock is black and white. There are two clocks on each side. One is white and the other one is red and black.,There is a tall building with a clock on each side of the top of the building.  The very top of the building is green in color and it looks like a palace on top.  The building tan and it has a couple of barrier gates at the top of the building.  The design of the building holds a arch in front and a light pole on the top of the building.,0.05515013053735296,0.4285714238839286,0.8818644881248474,0.13196480938416422
855,A black and white photo of a man and a dog. The man is wearing a blue shirt and blue jeans. He is holding a white remote control in his hand. There is a black fence behind the man.,"There is a train in the picture. There are many train tracks. The train is blue, yellow, and white. There are many poles in this picture. The tracks are brown. There are green bushes near the tracks. In the background there is graffiti on the walls in different colors. The poles are grey and tall. The bushes are short.",0.018997842062579342,0.275862064019025,0.8732712864875793,0.11149122807017542
856,A man is sitting on a bench. The bench is made of wood. There is a black and white picture hanging on the wall behind him.,"A woman is sitting on a stone structure with her legs stretched out in front of her. She is holding a blue cellphone to her ear. The woman is wearing sunglasses, a necklace, red sweater, a long black skirt and red boots. She has a large black purse and a plastic bottle of water at her side. Two people are sitting on the ground having a picnic. The trees are bare.",0.02354658180739706,0.2816901366792303,0.8809268474578857,0.11278195488721805
857,A little boy is standing on a wooden bench. He is wearing a blue shirt and blue shorts. There is a black and white dog sitting on the bench behind him.,"This is a picture of a man. the man is taking a picture. The man has a hat on. The hat is light brown with a brown designed band. The man has a mustache. The mustache is gray. The man has glasses on. The man is wearing an unusual jacket. The jacket is purple with flower designs on it. The flowers on the shirt are orange, white and red.",0.007868563056590859,0.24137930555885861,0.8630741238594055,0.14711406034806562
858,A man is sitting on a bench. The bench is made of wood. There is a white wall behind the man.,"A young girl in a bright orange t-shirt is standing on a tiny child's skateboard while a woman in a pair of blue jeans and a patterned top kneels with one knee on the floor anf holds the girl steady, her right hand under the girls right arm and her left hand on the girls left hip. They are in a living room on a beige mat with a black border. Behind them is a small table with a telephone, calendar and writing pads. In the far distance is a wooden rocking chair. Both the people in the shot are looking up at something.",0.0006426907349666275,0.14117646753218,0.8598305583000183,0.0771000232207129
859,A wooden bench is sitting in a room. There is a wooden table in front of the bench. The bench has a black and white picture on it.,"A large flock of birds is flying over the beach, and the ocean on a cloudy day. A single person holding a yellow surfboard is walking out of the water and onto the sand. A large, curved blue, white, and green kite is flying over ruins on the beach. There is a tall mountain covered in grass jutting out into the sea.",0.01544753728013992,0.28124999559082037,0.8578170537948608,0.1346002383019973
860,A black and white cat is sitting on a wooden bench. The bench is made of wood. There is a white wall behind the cat.,"In a black and white photograph, a surfer in the middle of riding in on a wave is shown perpendicular to the wave. The surfer is a man and his surfboard and he are fairly high above the wave with his board upright above the water. The wave is large and cresting with a lot of white foam to the right and left side of him. The surfer is wearing a wet suit with a cap.",0.0083649750707837,0.2903225763943809,0.8572441935539246,0.10578279266572636
861,A man is standing on top of a skateboard. He is wearing a blue shirt and blue shorts. There is a black and white picture hanging on the wall behind him.,"Two people are enjoying their time out in the water. A woman is wakeboarding and her board is white, a peach color, yellow, and blue and is in a tie-dye like pattern. She is wearing a pink shirt that is a very bright color, and some short polka dot shorts. A man is wakeboarding far in the background more out into the water.",0.024888825368642436,0.2985074580886612,0.8713110089302063,0.1254180602006689
862,A young boy is standing on a wooden bench. The bench is made of wood. There is a black and white picture hanging on the wall behind the boy.,A young  child is sitting on a blue sofa. He is holding his left hand up to his mouth. He is holding a silver clamshell cellphone in his right hand. He is wearing a blue and white striped polo shirt and blue denim overall shorts. There is a stain on the left knee area of the shorts. The child is barefoot.,0.021250689495511607,0.36065573309325455,0.8723602294921875,0.14705882352941177
863,This is an image of a bathroom. The bathroom is white. There is a mirror on the wall above the toilet. It is made of glass. On top of the mirror there are two white towels. One is on top and the other is,"Outside, an old man lies down against a bare, tan wall. The man has a beard, but little hair on his head, and is dressed almost entirely in red. His shoes are black. His is resting his head with one arm. Next to him is a red metal object attached to the brick ground. There is a white bag next to the man. It is around noon, as the man cast a very short shadow.",0.01773697961941678,0.28235293675847756,0.8506173491477966,0.13212795549374132
864,A wooden bench is sitting on the ground. There is a black and white picture hanging from the top of the bench. The picture is of a man and a dog. Both dogs are brown and have white faces.,There is a traffic light in the picture. The green light is bright. THe traffic light is made of metal. The traffic light is black. There are three different lights in the traffic light. There is red on the top. There is yellow in the middle. There is green on the bottom. Green means to go. There is nothing else in the picture. There is just a traffic light.,0.01737222182663146,0.36666666171666673,0.8589060306549072,0.0984848484848485
865,A black and white cat is sitting on top of a wooden bench. The bench is made of wood. There is a silver chain link fence behind the cat.,Image of an outdoor farm. The farm has multiple rolling hills on it. There are white sheep and livestock walking around the field. There is a small stone wall down the middle of the farm. There are large green trees with lots of leaves on the hillside. In the distance the sky is covered with a light patch of puffy white clouds that can be seen on the horizon.,0.01140388038858416,0.24999999565200623,0.859438955783844,0.11538461538461538
866,A man in a blue shirt and blue shorts is standing in front of a white wall. The man is holding a black and white baseball bat in his hand. There is a large white building behind the man.,"This is a man on a motorcycle. The man is int he middle of a track. The man is doing a trick. The man is doing a wheelie. The man has a helmet on. The helmet is blue, red, and orange. There are banners on the fence. The banners are white with blue letters. The motorcycle is white and black. The wheels on the bike are black and rubber.",0.021703017260946443,0.3666666617555556,0.8792166709899902,0.173125
867,A wooden bench is sitting on a bench. There is a black and white picture hanging on the wall. The bench has a white handle.,A wooden slatted bench sits in front of a brick and stone wall. The frame and arms of the bench are metal. The wall is mostly stone with a brick inlay that has two large openings in the center of it. There is also a brick border along the bottom of the wall. Many stones on the wall are chipped showing a dull gray underneath.,0.00813440673085061,0.39344261879064774,0.885486364364624,0.19145921878162317
868,A wooden bench is sitting on top of a wooden fence. There is a black and white picture hanging on the wall above the bench.,This is an image of a train track. The train track has one train on it. There is one empty track. The track is made up of wooden planks and metal rails. The rails are light gray. The plants are dark brown. The train cars are light gray and brown. The cars are filled with coal. The coal is black. There are lots of bright green and yellow plants by the tracks.,0.004234177485042426,0.30508474139615055,0.8571314215660095,0.08172362555720654
869,This is an image of a bathroom. The bathroom is white. There is a mirror on the wall above the toilet. It is made of glass. On top of the mirror there is another mirror with a white frame. Next to the other mirror,This is a picture of a living room. The room has a couch in it. The couch is a dark gray color. There are pillows on the couch. The pillows are white. There is a dog on the couch. The dog is blonde colored. The dogs eyes are black. There is a large flat screen TV in the corner. The TV is black and silver.,0.05519402427418931,0.29032257569198755,0.8875868916511536,0.18165739268680453
870,A man in a blue shirt and black pants is standing on top of a wooden bench. The bench is made of wood. There is a black and white picture hanging on the wall behind the man.,"The man is holding a little child that are stand on a surfboard. The surfboard is color white, The child is wearing a wet suit color black. There is a wave formed behind the surfboard. There are ripples in the big ocean. On back there is a man that is in the water. Behind the man there is a big wave color white.",0.019981110420951586,0.3728813510025855,0.8744866847991943,0.2279045049464475
871,There are two horses in the field. One of the horses is black and the other one is white. There is a fence behind the horse.,"A orange,blue and red train is sitting on some tracks and next to the tracks is a pile of trash on the ground.Some flowerpots is sitting near the trash. People are sitting on chairs Just behind the pile of trash. A man standing near the tracks is wearing a brown uniform hat, shirt and pants and he is holding a red flag in one hand and a green flag in his other hand. There are some children standing near the tracks behind him.",0.003797432538486066,0.30769230355502963,0.8623951077461243,0.1034928848641656
872,A black and white cat is sitting on top of a wooden table.  The table is made of wood and there is a white wall behind the cat. The cat's fur is light brown and it is resting on the table with its head resting,This picture is taken inside of a bathroom. A small window is hanging above a white tile wall. There is a shower near the window. Two white curtains hang on a rod that is surrounding the shower. A white toilet sits near the shower. Part of a white sink can be seen near the toilet. The floor of the bathroom has large white tiles on it.,0.01200311085524868,0.28985506759084234,0.8611366152763367,0.17214397496087636
873,A man is standing on top of a skateboard. He is wearing a black jacket and black pants. There is a white building behind the man.,This is a picture of a group of kids. The kids are standing under an umbrella. The umbrella is purple with a cartoon on it. The girl in the middle has a blue jacket on. The girl has dark blue jeans on. The girl has long brown hair. The girl to the right has a long purple and white jacket on. There is a large red house with green trim in the background.,0.009594634157884065,0.29508196280569743,0.8767458200454712,0.15579245973645678
874,There is a building with a clock on top of it. The clock is black and white. There are many windows on the building.,A traffic in the middle of a city road is directing traffic while in a reflector jacket.  There are people on the corners ready to cross a street.  The car is turning right on a city street.  The traffic light is red signifying to stop.  A store sits on the corner and buildings line up the street.  Cars and buses are driving to the left of the store.,0.004979674972792394,0.29999999580000003,0.8491868376731873,0.1022012578616352
875,A wooden bench is sitting on top of a bench. There is a black and white picture hanging on the wall. The bench has a white handle.,The bus is a pastel yellow with a green stripe under the window on the side and over the wheel wells. The front of the bus is unique. The driver side is sunken into the bus while the passenger sides is of normal length. There is small black display with white letter at the top of the front of the bus that says SPECIAL. Next the bus there is a red truck with red grill on the bumper. On the opposite side of the bus there is small vehicle that looks like a toy tractor. it is yellow and gray.,0.002313194349378662,0.2933333294222223,0.8550432920455933,0.10149086434735706
876,A young boy is sitting on a bench. The bench is made of wood. There is a white wall behind the boy.,This picture is taken outside at nighttime. A boy can be seen in this photo. He is wearing a short sleeve shirt and pants. A green frisbee is soaring in the air towards the boy. The ground has brown dirt on it. There are gray stones scattered throughout different parts of the ground. Part of a tree trunk is leaning near the boy.,0.004550011098831872,0.2686567126308755,0.8806525468826294,0.14253664114202552
877,A black and white cat is sitting on top of a wooden bench. The bench is made of wood. There is a white wall behind the cat.,"A painting has a cat walking on a brick sidewalk in front of an apartment building that looks french. There is a brown dark shiny wood door to the left of the cat, and tall bushes, and plants growing on the sides. There is a bike next to the plants, and in between the two apartment doors. There is a black metal pole on a fence in between two cement pole.",0.009952410059116236,0.3030302988062443,0.880648672580719,0.14126431118618618
878,A man is sitting on a bench. The bench is made of wood. There is a black and white picture hanging on the wall behind him. He is wearing a white shirt and blue jeans.,"On a wooden board there are pieces of brown bread. On the corner of the board there is a bowl color white with yellow sauce. Somebody is holding a fork with the index finger that push on one bread. The fork is metal color silver. Back the board, there is a black phone on a white table next to a glass.",0.02223905529726153,0.2153846105846155,0.8582881093025208,0.1783940047353289
879,A man is sitting on a bench. The bench is made of wood. There is a white building behind the man.,"This is a photo of a group of people watching a fire. The photo conveys a sense of urgency, hopefully this is not a house burning down. In the distance you can see a painting that looks as though it may be a religous building. The people are all holding umbrellas to protect them from the rain, which is ironic.",0.004264879377839413,0.16129031875130082,0.8668802380561829,0.0980392156862745
880,A man is standing on top of a skateboard. He is wearing a black jacket and black pants. There is a white building behind him.,"A woman is on a surfboard holding a row. The surfboard is long and color white and black. The is bend forward holding a black row. The right hand is on the top of the tow, and the left hand is on the middle of the row. The woman has long hair black on the back. The reflection of the woman can be seen in the water.",0.0057756296392313155,0.33962263681025284,0.8733607530593872,0.11942675159235669
881,There is a red and white sign on the side of the building. The sign is on top of a white pole. There are a lot of trees in the background.,"A man is standing on a tennis court on a sunny day. He is wearing a yellow shirt, black shorts and a hat. The man is holding a racket in his hands. A tennis ball is soaring in the air in front of him. The court is green with white painted lines on it. Part of a building can be seen behind the court.",0.008658787639117992,0.2857142813807005,0.8754969835281372,0.1400329489291598
882,A man is standing on a skateboard. He is wearing a white shirt and black pants. There is a red and white sign on the side of the man.,This is an image of a person. The person is crossing the road. The person is carrying some vegetables over her back. The vegetables are bright green. The vegetables are carried on a wooden bar with wires attached to a basket. The pole on her back is dark brown. The crosswalk is light gray with white stripes.,0.007980977304978557,0.17543859193598044,0.8629232048988342,0.1199261992619926
883,A black and white bird is standing on top of a large metal fence.  The bird has a long black beak and is wearing a black hat and black pants. The fence is made of metal and there is a metal pole next to the,"There is a very large light brown stuffed teddy bear sitting in the corner of a room and on a bed. There's a big brown bow wrapped around the teddy bear, and it matches the bears big, brown nose. The teddy bear has small black eyes, and long and fat arms that hang to his side and legs that are in front of him. The bed sheet the bear is sitting on is green, and there's a nearby pillow with a yellow pillowcase that has white polkadots. The walls are painted blue with a painted treed on the right side of the corner and it has 3 large branches with 13 green leaves and 2 red flowers scattered on it. To the left corner of the wall is a green lamp that has 2 white clouds on it and it hangs above and to the left of the sitting teddy bear. At the lower half of the wall there is white bead boarding and a white chair rail.",0.0014947985987799712,0.2477876069825359,0.8461086750030518,0.0992104452571009
884,A black and white picture of a man and a dog. The man is wearing a black jacket and black pants. There is a white dog on the ground next to the man.,"A little girl stand on front a gigantic suitcase. The little girl wears a white top with blue jeans, and she is smiling. The gigantic suitcase has several stickers. A red sticker on the suitcase has yellow stars. On the suitcase, there are three oval stickers color white and blue letters. The brown suitcase is outdoors.",0.01129838909303487,0.27586206444708683,0.8679370284080505,0.1981494413407821
885,This is a bathroom. The bathroom is white. There are two sinks on the wall. One of the sinks has a white soap dispenser on top of it. On the other wall there are white tiles.,This is a picture of a bedroom. A large bed is sitting against a painted white wall. There are two large white blankets and four white pillows on the bed. Two slim lamps sit on nightstands that are standing near the bed. Part of a picture frame can be seen hanging over the bed. A long green curtain is hanging on the floor in the room.,0.02631391584769222,0.3235294071972319,0.8885663151741028,0.1746031746031746
886,A black and white photo of a man and a dog. The man is wearing a blue shirt and blue jeans. He is holding a black remote control in his hand. There is a white building behind the man.,"A table with a white lace table cloth is sitting in a room with a white wall. There is a blue glazed vase with etched flowers on it with a flower with green leaves on it sitting on the table. There is a clear glass bowl on a black metal base to the left of the vase, and there is a bear statue on the right of the vase and a clear glass cup. There is another flower on the ground near the table.",0.015462477765380086,0.2898550677672758,0.857471227645874,0.15005918509961638
887,A wooden bench is sitting on top of a metal railing. There is a black and white bird perched on the bench. The bird is wearing a red and black striped shirt and blue jeans.,This is a picture of a street. The street looks to be at a bus station. There are many large buses parked. The buses are public transportation. The buses are painted white. There is black text on the bus. There are people walking by the station. There is a large walkway above the station. The walkway is metal with blue windows.,0.021858760359336066,0.3606557328675088,0.8710676431655884,0.1732496194824962
888,A man is standing on a baseball field. He is wearing a blue and white uniform. There is a black helmet on his head.,A boy in a white baseball uniform and a blue helmet is has swung a baseball bat and is holding the bat behind him. There is a player in the sane uniform on the left leaning down and walking towards the home base. In the distance there is a fence covered with a blue tarp. There are people standing on the other side of the fence on the left watching the game.,0.010128339948587325,0.28571428150163775,0.8802835941314697,0.14000302269345238
889,There is a wooden bench in the middle of the room. The bench is made of wood. There are two windows on the wall behind the bench.,A trailer with gray siding on it and  two windows is sitting on the gravel in between two train tracks. There is a white and blue train on the tracks on the right side of the screen near the trailer. There are traffic lights on the gravel in between the tracks for the trains. There are metal support columns in between the tracks and over the tracks. There is an apartment building in the distance and cars parked near the tracks.,0.009562826367094875,0.32786884816984685,0.8765287399291992,0.13113088372603943
890,A wooden bench is sitting on the ground. There is a black and white bird perched on top of the bench. The bird has a long black beak.,A boy is skating on a skating ramp. He has a skate board under his feet but his body is parallel to the ground. His knees are bent and his arms are in the air. His has brownish-red curly hair. He is wearing gray shorts and a black shirt. The skate board is green. The skating ramp is gray. There are trees surrounding the skating ramp.,0.007826252951032217,0.35483870519771077,0.8724730014801025,0.11254019292604503
891,A man is sitting on a bench. The bench is made of wood. There is a silver chain link fence behind the man.,"Two boys and two girls are standing in a line bending down. They are opening bananas that are in their hands. One of the boys is wearing a baseball cap, a short sleeve shirt and blue jean shorts. Part of a black door can be seen behind them. A white painted wall is above the door. Cords and other objects are on the ground in front of the children.",0.0019414298902835747,0.20289854686830502,0.8703685998916626,0.08540372670807453
892,There is a white toilet in the corner of the room. There are white shelves on the wall behind the toilet. The wall is made of wood.,Two skillets and a pot is sitting on top of a stove in this kitchen. The burner under the pot is on. The door of a dishwasher is down with a rack sitting on top of it. The cabinets in the kitchen are white with green counter tops. There are numerous items sitting on top of the counter tops. The floor of the kitchen is hardwood.,0.008148946570829834,0.3773584860804557,0.8801275491714478,0.15150085547504025
893,"There is a black and white photo of a man sitting on a bench. The bench is made of wood. There is also a white and blue sign on the side of the bench that says, ""On the left side there is an orange and",The airplanes are at the runway and airport. The planes are blue and white. The tail of the planes are white with blue logo on them. The sky is blue with white and gray clouds on them. There are two cones on the ground. The cones are stripe of orange and white. The grass is green. The ground is paved.,0.015384834781879545,0.35087718799630657,0.8548965454101562,0.20846651040556854
894,A black and white dog is standing on top of a wooden bench. The bench is made of wood. There is a white wall behind the dog.,A building has a large arch above the doorway. There are windows under the arch and above the doors. The doors themselves are gray and have panels in them. There are two doors. In front of the doors is a bench that has wooden slats. There are gray pipes on each side of the doorway. The building and doorway are made of red brick.,0.0072530910146006025,0.4137930989298454,0.8699967265129089,0.15906860256540428
895,A black and white cat is sitting on a wooden bench. The bench is made of wood. There is a white fence behind the cat.,"A cute grey white tan and brown kitten is laying sideways in a white ceramic bathroom sink. He looks very happy. The faucet above him is silver and shiny. On the sides next to the faucet are two small jars, a tube of toothpaste and a wooden square brush with black plastic bristles. The floor of the bathroom is dingy and white. There is a soap dish filled with a dark brown soap.",0.00977500448957856,0.25352112284070627,0.8738674521446228,0.13795019244868031
896,A black and white cat is sitting on a wooden bench. The bench is made of wood. There is a white wall behind the cat.,"A man is standing in a room of a building. He is wearing a suit and tie, and holding an electronic device in his hand. The carpet in the room is red. A long picture frame is hanging on a wall at the back of the room. A sofa, chair, plant and a table can be seen near the picture frame. A small green lamp sits on top of the table.",0.003982153740677676,0.2812499958251954,0.8722537159919739,0.13406961178045515
897,A man is sitting on a bench. The bench is made of wood. There is a white wall behind the man.,This is an image of a plane. The people are sitting in cushioned chairs. The chairs are blue and gray. The man has long black hair. The hair is parted down the middle. The man is Asian. The man has a black suit jacket on. The man has a light blue dress shirt on. The man has black pants on. The man has black shoes on.,0.003388832615210239,0.31372548589004234,0.8778373599052429,0.08943089430894308
898,This is an image of a toilet. The toilet is white. There is a black handle on the side of the toilet that is open. It has a white toilet lid on it.,Five lit candles are decorating a square cake. There is a pink candle in each corner and a white one in the center of the cake. The frosting is white. Some chocolate crumbs are visible along the bottom edges of the cake and on the plate. The cake is on a round blue plate. It is on a wood-looking table.,0.025408988305678993,0.31034482296670635,0.8613347411155701,0.18181867149290065
899,A man is sitting on a bench. The bench is made of wood. There is a black and white picture hanging on the wall behind the man.,A fire hydrant is standing on the sidewalk. The hydrant has an orange base and red top. The hydrant is casting a shadow onto the sidewalk. The sidewalk is made of concrete squares. There is a manhole next to the hydrant that is dark gray and metal. On the road there is a white carriage with large wheels.,0.02450565522191905,0.3666666622222223,0.8824767470359802,0.22318023963040698
900,A man is sitting on a wooden bench. The bench is made of wood. There is a silver chain link fence behind the man.,"In a dark sepia color photograph the top half of a large, very tall clock tower is shown. The tower appears to be at least a few centuries old and could be the Big Ben clock tower in London. The time shown on the clock is eight o'clock, and  the clock face is on two sides of the tower. The tower tapers off high into the sky. Above the clock face are poles and a gable decorated, and in a deep ivory color.",0.0011729372065642227,0.17142856747346946,0.8415591716766357,0.0648508430609598
901,There is a red and white train on the tracks. The train is yellow and black. There are trees behind the train.,A bus is in the street that is red and yellow. The bus has the words LOVE written on it in red letters. There are street lights that are visible. The cars are black beneath the bus. There is also a double decker bus to the left of the bus that is red. There are windows on both buses. There is a red building with letters on it in white.,0.018244724995561838,0.44444444027434843,0.8902221322059631,0.11316675187457395
902,A man is sitting on a bench. The bench is made of wood. There is a black and white picture hanging on the wall behind the man.,"A group of seven people dressed in ski clothes are standing together with their arms draped around each other. They are on top of a snow covered mountain, and another mountain with snow on it can be seen in the background. All but one of the group is wearing ski shoes, and five are holding their ski poles. Part of a building with a white roof is in the background, as well as part of the poles and cables of a ski lift. Three of the group are wearing red jackets, one is wearing a green jacket, one  is wearing a blue jacket, and two are wearing black jackets.",0.0006478008175486022,0.21686746622151257,0.8564620018005371,0.08432539682539685
903,A black and white bird is standing on top of a wooden bench. The bench is made of wood. There is a black fence behind the bird.,A bike is sitting on a stone paved walkway. The bike has an orange wooden crate sitting on the front of it. A small pile of snow is in front of the bike on the walkway. A snow covered road can be seen below the walkway. Part of a vehicle is sitting near the walkway. There are tall buildings standing on the other side of the road. Vehicles are parked in front of the buildings.,0.004826011342260991,0.29508196280569743,0.8836206197738647,0.14121787478188863
904,A black and white cat is sitting on top of a wooden bench. The bench is made of wood. There is a silver chain link fence behind the cat.,There are three umbrellas. The umbrellas are blue. The gate is purple. The umbrellas have points on them. There is a shadow on the gate. There is a white umbrella also. There is a grey umbrella. The ceiling is black. There is a shadow on the blue umbrella. There are objects on the floor that are made of wood.,0.023228164648582312,0.3921568577931565,0.862252950668335,0.1893677113702624
905,A man in a blue shirt and blue shorts is holding a black and white frisbee in his hand. There is a white wall behind the man.,"On a beach with grey sand several people are walking about, and some are standing in the waves by the shore. One man is getting ready to throw a white Frisbee. He is wearing grey long swim trunks. Behind him a woman sits in a beach chair set low to the sand. The water is mild, with only a few small waves rolling into the shore. The day is sunny and the sky is a medium blue.",0.004772044600280219,0.19444444055941362,0.8717663884162903,0.13066948784722224
906,This is an image of an animal. The animal is a giraffe. There are two giraffes in the image. One of them is looking down at the camera. It is dark brown and has a long neck.,"A young boy, dressed in knee-high shorts and a red-striped white short-sleeved shirt, zooms around the skateboard apparatus.  He is smart, as he has on both a helmet and white knee protectors.  He wears gloves, to protect his hands, and simple shoes.  He seems to be alone, though in the distance he can see an open concrete lot and beyond that a parking lot and some cars.",0.006861470015168693,0.17283950164913897,0.8284009099006653,0.0859375
907,A man in a blue shirt and blue jeans is standing in front of a white wall. The man is holding a black and white frisbee in his hand. There is a large white building behind the man.,"A horse and cattle eat from the same hay bale.  The animals have torn the bale apart exposing the yellow fibers, which they eat in small amounts at one time.  The horse is rust colored.  The cattle are black with a couple rust colored as well.  Some of the cattle have small flecks of snow and dirt on their backs.  Snow covers the ground in the background.  A fence stretches across the snow covered ground.",0.003352690972747201,0.18181817743295675,0.8378608226776123,0.09116409537166902
908,A large brown bear is standing on top of a rock wall. The wall is made of stone. There is a large boulder in front of the bear.,An animal is laying down. The animal is brown. There are trees on the mountains that are green. The trees are tall. The mountains are tall with grass on them. The animal has horns on its head. The clouds in the sky are white. There are clouds near the mountains. The animal has a large bone in his back.,0.006837160985742424,0.33962263681025284,0.883520245552063,0.10446343779677114
909,A man is sitting on a wooden bench. The bench is made of wood. There is a silver chain link fence behind the man.,There is a bamboo fence next to a concrete are brick tan wall. There are plant growing out of the fence. The ground is made of compacted dirt. There is black and white zebra munching on leaves of the plants that are on the fence. Directly behind the zebra there is small pond. there is small amount of water in the pond and there is greenery growing in the pond. The zebras reflection can be seen in the pond.,0.00854244885051493,0.31249999582519533,0.8681415915489197,0.10731393148975563
910,A man is standing on a tennis court. He is wearing a white shirt and blue shorts. There is a black and white net in front of him.,"This photo is taken on a baseball field. The field has a white marking painted on it.  A baseball player is swinging a bat towards a white ball that is soaring towards him. He is wearing a black helmet and a black, yellow and white uniform.  People can be seen sitting in the stands behind the player.",0.05265995117631695,0.3548387050988554,0.8984327912330627,0.2158782318979485
911,A black and white cat is sitting on top of a wooden table. The table is made of wood. There is a white lamp next to the cat.,The clouds in the sky are white. The sky is blue. The building is brown. Part of the building is really tall. There are windows on the brown building. There is a tall light pole in the image. There are vans parked that are white near the building. There is a clock on the building. The windows are clear on the building.,0.013658068829408876,0.2857142808163266,0.8725134134292603,0.1455252180508153
912,A man is standing on top of a wooden bench. The bench is made of wood. There is a black and white picture hanging on the wall behind the man.,"The street runs directly beneath the red-and-yellow arch with the ""towne center"" sign at its apex.  A shopping center is far in the distance behind the sign, and between the sign and the buildings is a vast, mostly empty parking lot.  More cars are visible toward the buildings, whereas there are very few in the proximity of the arch/sign.  Just before the red arch is a street sign that says ""end of city street"".  A sidewalk follows the road on its right, and just a few plants hint at a larger bit of decoration that's mostly unseen.  The road is appropriately painted with direction paint - yellow lane lines and brake-here marks on the road that goes off to the left from the arch.",0.001253151244627739,0.1538461505103551,0.8306651711463928,0.07417102966841187
913,This is an image of a man. The man is wearing a white shirt and blue jeans. He is holding a black and white frisbee in his hand. There is a large white building behind the man and there are many windows on the,This is an image of a table. The table has many items on top. The items are strewn throughout the table. The table is covered in a white cloth. There is a tiny pair of scissors on the table. The scissors are metal and silver. The equipment looks to be medical equipment. There is a shoulder bag that is black on the table.,0.114088160484452,0.4411764656271626,0.88029944896698,0.24152118567012185
914,A man is sitting on a bench. The bench is made of wood. There is a silver chain link fence behind the man.,"Three people are sitting in a room. A man wearing a green t-shirt is looking to his right. He is wearing glasses. On the dresser behind him is a flower arrangement. To the right of that is a guitar case leaning against the wall.  A woman with long brown hair, a pink shirt and blue jeans is sitting next to the man. She is holding a toy wheel, perhaps from a video game, in her hands. The man sitting next to her on her left is holding a finger to his ear. A photo collage is on the wall.",0.0014795751473150951,0.19999999651250003,0.8652371168136597,0.09739849258448821
915,A black and white cat is sitting on top of a wooden bench. The bench is made of wood. There is a white wall behind the cat.,A man with black hair is wearing a white shirt and a red tie is eating a waffle with his hand and reading the weekday funny paper of a newspaper. The man is sitting on a wooden chair that has checkered wooden slats on the back. There is a round white and blue plate on the white tablecloth on the table. Their is a window at the end of the table showing a deck outside.,0.014864454146012255,0.3880596973045222,0.8724581003189087,0.1484075480989061
916,A black and white cat is sitting on top of a wooden bench. The bench is made of wood. There is a white wall behind the cat.,A black cat is on the brown desk. The cat is on the border of the desk. A glass with black drink is on back the cat. Behind the cat there is a  laptop open with a blue screen. on the screen of the laptop there is icons color white on the right. Next to the wall there is a black box and a tan horizontal box.,0.008102254955370864,0.4150943349234604,0.888460099697113,0.17337202655762216
917,A black and white striped zebra is standing on a grassy field.  The field is surrounded by tall grass and weeds. There is a fence surrounding the field and there are trees in the distance behind the fence. The grass is green and,Some of the trees in the distance are have green leaves while most of the them do not have leaves and are brown. There is fence in the distance as well. The grass in the photo is brown and is low. There are two large black and white zebras standing in the brown grass field. The zebra closest tot the camera is grazing on the brown grass.,0.0695995501869068,0.4999999951081316,0.8749297857284546,0.23911867378530358
918,A man is standing on a tennis court. He is wearing a white shirt and blue shorts. There is a green tennis ball in front of him.,"There is a large man wearing a gray tee shirt and khaki colored shorts standing barefoot on grass and holding a kite handle. The kite is blue and white and is off the ground about a foot and a half. There is a lamppost along side a path behind the man, and lush trees growing behind that. In the distance, there is a building behind the trees and two cars parked along side the street in front of the building.",0.011884676483638975,0.361111106867284,0.8824991583824158,0.19919678714859437
919,A black and white cat is sitting on top of a wooden bench. The bench is made of wood. There is a white wall behind the cat.,Cattle are wading in a body of water. The cows are brown and white. One solid brown cow has large horns. There is a white cow on the bank drinking water alone. There is a small patch of land in the water near the cows that is covered in tall green grass. The water is calm except for a few ripples. There are trees past the cows with only a few brown leaves.,0.021232075151869007,0.276923072662722,0.8660787343978882,0.10964912280701754
920,A man is standing in front of a building. He is wearing a white shirt and blue jeans. There is a red and white sign on the building behind him.,Busses are parked on a grassy field. The bus in the foreground is a red double-decker with the number 229 on it. The back door is open but a white strip of material is across the opening blocking the entrance. To the right is white and red bus that has the name Chalkwell advertised on the back. Next to that is a mostly yellow double-decker.,0.016821311342502192,0.24242423788337933,0.8567609786987305,0.18146341463414636
921,This is an image of a man. The man is wearing a white shirt and blue jeans. He is holding a black and white frisbee in his hand. There is a large white building behind the man with many windows on it.,"A small, round, white plate is sitting on a light wood surface. Brown crumbs left over from a meal are scattered on the plate, and one chopstick sits on the edge of the plate. A black plastic fork is next to the chopstick, as well as some small torn pieces of paper. A used tea bag sits next to the fork.",0.004968714147496816,0.15999999515022237,0.8495095372200012,0.13346148840096514
922,A man is standing on a bench. The bench is made of wood. There is a black and white picture hanging on the wall behind the man.,"This is a photo of three young boys wearing cubs uniforms, how unfortunate. They are ready to play a baseball game, as two of the boys are wearing baseball mitts and one of the boys is even wearing war paint. The boy in front looks very happy, which is to be expected when playing team sports. Go team.",0.0070023449987371015,0.1874999957031251,0.853146493434906,0.09107468123861567
923,A black and white picture of a man and a woman. The man is wearing a white shirt and black pants. He is holding a black remote control in his hand. There is a red and green sign on the wall behind the man.,"There is a woman, in a brown jacket, with a fur collar on it. The woman has black hair with silver streaks in it. There is a big brown bear, in a cage. The woman is kissing the bear on his nose. The bear has fluffy brown hair and a black nose. The bear and the woman are in a building and there is snow on the ground outside. There are trees in the background.",0.02069098791476401,0.3333333284067953,0.8745306730270386,0.19814592310786616
924,A black and white cat is sitting on a wooden bench. The bench is made of wood. There is a white fence behind the cat.,This is a picture of a stream. The stream is murky green and brown dirty water. There are animals walking in the stream. The animals are cows. The cows are large. The cows are black. The cow in the front has long horns. The horns are sharp. The horns are gray. There are bright green lush and leafy plants along the side of the stream.,0.004711009874150278,0.29629629173525385,0.8670266270637512,0.08196721311475409
925,A black and white dog is sitting on top of a wooden bench. The bench is made of wood. There is a metal fence behind the dog.,"This is a black and white photograph of a very old biplane taking off from a flat field. There is some sort of crop growing in the field, but it is indiscernable. The plane itself says ""America"" on its side. There is a star emblem on its tail as well as underneath the visible wing. The plane is only about 20 feet off the ground.",0.01858577381036798,0.2898550682293636,0.8621246218681335,0.18236764140488954
926,A wooden bench is sitting on the ground. There is a black and white clock on top of the bench. The clock is black with white numbers on it.,There are three trains in the image. The buildings are short and some are tall. The clouds in the sky are white. There are tall poles near the train. The trains are on the train tracks. The train is red and white. There are windows on the trains. There is a bridge above the trains. There is a fence along the bridge.,0.015720198679568906,0.3265306074135777,0.875951886177063,0.11073253833049404
927,A large brown bear is standing on the ground. The bear has a black nose and black eyes. There is a tree behind the bear.,"A flock of white sheep are grazing on both green and brown grass, in a pasture. A rooster is behind the flock, standing in a narrow dirt road. Some of the sheep are also in the road. The dirt road curves around and then straightens out to the left, going all the through to into the background. A few sheep are lying on the green grass, next to a wire mesh fence, and a planted field of green vegetables are behind the grazing sheep.",0.0028154148133631173,0.29411764303200694,0.8695765137672424,0.09447467634087352
928,A man is standing on top of a white surfboard. He is wearing a blue shirt and blue shorts. There is a large wave in the water behind him.,"Two people stand on the sand holding a big C-kite. The C-kite is color red, orange and green. The men wears black clothes. Shadows are cast on the ground. There are foot prints are on the sand. On front the men there is a body of water. Next to the body there are three people. Behind the body of water there are small hills.",0.0061217868199957325,0.24999999531250006,0.8742446899414062,0.13037312338011636
