input_text,true_label,predicted_label
"A man is jumping in the air. The man is holding a green frisbee in his hand. There are trees behind the man.  <SEP> A man is playing soccer on a grassy field. He is wearing a blue shirt, blue shorts, and white socks. There is a yellow and black net in front of the man.  <SEP> 0",1,1
A man is jumping in the air. The man is holding a green frisbee in his hand. There are trees behind the man.  <SEP> A man is jumping in the air to catch a frisbee. <SEP> 0,0,0
Four sailboats with masts but no sails are lined up along the shore of a lake.  A hill rises beyond them in the sun.  Part of the hill is bare rock and dirt and part has low green bushes.  The sky is very blue beyond the hill.  <SEP> This is an image of a beach. There is a large body of water with a few small waves in it. The water is calm and has a couple of small ripples. In the distance you can see a small boat dock. You can <SEP> 0,1,1
Four sailboats with masts but no sails are lined up along the shore of a lake.  A hill rises beyond them in the sun.  Part of the hill is bare rock and dirt and part has low green bushes.  The sky is very blue beyond the hill.  <SEP> Sailboats are docked in a harbor near a rocky shore. <SEP> 0,0,0
"There is a large strip of grass along a road, with buildings, people, buses, trees and flags. The grass is very green and has something more overgrown like bushes that run along the road. The strip of road that is showing to the right of the picture is black. There are two large buses on the road. One bus is red with yellow words on it and the other is black. There are people in both buses, and along the grass and road. There are large trees running by the roads and buildings in the middle and back of the picture. There are two buildings showing. One building is on a street corner and is white with many stories. The other is to the left and is grey with many stories. There are two flag poles and one of them has a flag hanging on it. <SEP> This is an image of a city street. The street is very busy. There is a bus going down the side of the road. It is dark out and the bus is white with red and blue letters on it. You can see trees on <SEP> 0",1,1
"There is a large strip of grass along a road, with buildings, people, buses, trees and flags. The grass is very green and has something more overgrown like bushes that run along the road. The strip of road that is showing to the right of the picture is black. There are two large buses on the road. One bus is red with yellow words on it and the other is black. There are people in both buses, and along the grass and road. There are large trees running by the roads and buildings in the middle and back of the picture. There are two buildings showing. One building is on a street corner and is white with many stories. The other is to the left and is grey with many stories. There are two flag poles and one of them has a flag hanging on it. <SEP> A double decker bus is driving down a street. <SEP> 0",0,1
A person with a black shirt on is jumping on a skateboard. There is a boy in a red jacket standing in front of him. There is a black fence behind the people.  <SEP> A man is skateboarding outside on a sunny day. He is wearing a black shirt and blue jeans. The man has short black hair that is pulled back in a pony tail. There is a large body of water behind the man.  <SEP> 0,1,1
A person with a black shirt on is jumping on a skateboard. There is a boy in a red jacket standing in front of him. There is a black fence behind the people.  <SEP> Skateboarder in mid air. <SEP> 0,0,0
There are four jets flying in the sky together. Each jet is leaving a trail of puffy white smoke behind the other one. The sky is a bright blue.  <SEP> There is a plane in the sky. The plane is white and blue. There is writing on the side of the plane.  <SEP> 0,1,1
There are four jets flying in the sky together. Each jet is leaving a trail of puffy white smoke behind the other one. The sky is a bright blue.  <SEP> Four blue jets are flying in formation. The jets are leaving white smoke trails behind them. <SEP> 0,0,0
"A display window is seen with women's underwear on white mannequins inside in a mall. Beside the window there is a toy table with chairs around it which three plastic bears are sitting. There is a toy teapot with slots for coins so children can ride with the bears. <SEP> This is a picture of some items on a shelf. The shelf is made of wood. There are a lot of items in this picture. Some of the items are books, papers, pens, and other objects. One item on the shelf has <SEP> 0",1,1
"A display window is seen with women's underwear on white mannequins inside in a mall. Beside the window there is a toy table with chairs around it which three plastic bears are sitting. There is a toy teapot with slots for coins so children can ride with the bears. <SEP> Three large teddy bears sit on benches around a table set with a pink tablecloth, a teapot, and a cake. <SEP> 0",0,0
A person is jumping in the air on a snowboard. There is a ski lift behind them. There are trees next to the ski lift. There is a lot of snow on the ground under them.  <SEP> This is an outdoor image of a person skiing.The person is wearing a black jacket and black pants.They are also wearing goggles on their heads.In the background you can see mountains and trees.You can also see clouds in the sky. <SEP> 0,1,1
A person is jumping in the air on a snowboard. There is a ski lift behind them. There are trees next to the ski lift. There is a lot of snow on the ground under them.  <SEP> A snowboarder is jumping over a rail in a ski resort. <SEP> 0,0,0
a woman is playing some tennis. her hat is white in color. she is wearing a skirt. the skirt is white in color. <SEP> A woman is standing on a tennis court playing tennis. She is wearing a white shirt and white shorts. A green tennis ball is soaring in the air in front of her. The court is green with white lines painted on it. There is a <SEP> 0,1,1
a woman is playing some tennis. her hat is white in color. she is wearing a skirt. the skirt is white in color. <SEP> A tennis player is hitting a ball on a grass court. <SEP> 0,0,0
A woman in a white shirt and red skirt is playing tennis. She is swinging a tennis racket a ball. There is a black fence behind the woman. <SEP> A woman is standing on a tennis court playing tennis. She is wearing a white shirt and white shorts. A green tennis ball is soaring in the air towards her. There is a green fence behind the woman.  <SEP> 0,1,1
A woman in a white shirt and red skirt is playing tennis. She is swinging a tennis racket a ball. There is a black fence behind the woman. <SEP> Tennis player in white shirt and red shorts is about to hit the ball. <SEP> 0,0,0
A man is wearing a black wet suit. He is carrying a large white surf board. There are large boulders next to the man. <SEP> A man is standing on a beach. He is wearing a black shirt and blue jeans. There is a large wave in the water behind him.  <SEP> 0,1,1
A man is wearing a black wet suit. He is carrying a large white surf board. There are large boulders next to the man. <SEP> A man in a wetsuit is holding a surfboard on a rocky pier. <SEP> 0,0,0
there is a toilet in a bathroom. the toilet is white. there are tiles on the floor. the tiles are white and green. there is a bucket next to the toilet. <SEP> A toilet is in the corner of a bathroom. There is a white toilet on the wall behind the toilet. The toilet lid is open and there are two white towels hanging from it.  <SEP> 0,1,1
there is a toilet in a bathroom. the toilet is white. there are tiles on the floor. the tiles are white and green. there is a bucket next to the toilet. <SEP> A toilet in a bathroom with a white seat and a white toilet bowl. <SEP> 0,0,0
A baby is sleeping on a covered mattress. His shirt is black white and blue. The mattress cover has designs all over it. There is a doll with a blue and purple hoody nearby. <SEP> A little girl is laying on a bed. She is wearing a pink shirt and blue jeans. There is a red blanket on the bed behind her.  <SEP> 0,1,1
A baby is sleeping on a covered mattress. His shirt is black white and blue. The mattress cover has designs all over it. There is a doll with a blue and purple hoody nearby. <SEP> A toddler is sleeping on a mattress on the floor in a room with green walls. <SEP> 0,0,0
There is a train on the train tracks. The train is black with white numbers on the front of it. In the distance you can see trees with green leads and a black metal fence. <SEP> This is an image of a train station. The train is yellow and blue. There is a man standing in front of the train. He is wearing a black jacket and a blue and white striped shirt.  <SEP> 0,1,1
There is a train on the train tracks. The train is black with white numbers on the front of it. In the distance you can see trees with green leads and a black metal fence. <SEP> A black and white photo of a train with the number 32670 on the front. <SEP> 0,0,0
A man is sitting on his surfboard. He is on the beach surrounded by other surfboards and some glass bottles of beer. The ocean is in the background and the horizon is very bright but cloudy. <SEP> A man is standing on a beach. He is wearing a blue shirt and blue shorts. There is a large wave in the water behind him.  <SEP> 0,1,1
A man is sitting on his surfboard. He is on the beach surrounded by other surfboards and some glass bottles of beer. The ocean is in the background and the horizon is very bright but cloudy. <SEP> A man sits on the beach with a surfboard and beer. <SEP> 0,0,0
"On a small rectangular, white plate, chopped carrots and peppers are covered in a brown sauce. A shine is on all of the vegetables.The plate is on a black surface and a part of a silver spoon is behind it.  <SEP> A white plate is sitting on a table. There is a white napkin on the table next to the plate. On top of the plates are two slices of pizza.  <SEP> 0",1,1
"On a small rectangular, white plate, chopped carrots and peppers are covered in a brown sauce. A shine is on all of the vegetables.The plate is on a black surface and a part of a silver spoon is behind it.  <SEP> A plate of pickled vegetables, including carrots and peppers. <SEP> 0",0,0
"A man with his face painted red and white has a red and white small umbrella attached to his head. He has a phone in his hand, which he is holding by his ear. He also has a red and white scarf around his neck and a red and white cape. His shirt and pants are black. Behind the man are people gathered on the street, standing around.  <SEP> A woman is standing in front of a large crowd of people. She is wearing a white shirt and black pants. There is a man in a blue shirt standing behind her.  <SEP> 0",1,1
"A man with his face painted red and white has a red and white small umbrella attached to his head. He has a phone in his hand, which he is holding by his ear. He also has a red and white scarf around his neck and a red and white cape. His shirt and pants are black. Behind the man are people gathered on the street, standing around.  <SEP> A man with his face painted white and red is holding an umbrella over his head and talking on a cell phone. <SEP> 0",0,0
A woman is walking on the sidewalk and on the phone. She is holding a black phone to her ears and has sunglasses on her head. There are a bunch of people in the background behind her. <SEP> A woman is walking on a sidewalk. She is wearing a black jacket and black pants. There is a man in a blue shirt standing in front of her.  <SEP> 0,1,1
A woman is walking on the sidewalk and on the phone. She is holding a black phone to her ears and has sunglasses on her head. There are a bunch of people in the background behind her. <SEP> A woman is on the phone in a black jacket and blue shirt. She is walking on a cobblestone street. <SEP> 0,0,0
A bride and a groom are cutting a cake. There is a tall white cake on a table. There are purple flowers behind the couple.  <SEP> A woman is sitting at a table in a restaurant. She is wearing a white shirt and white pants. There is a glass of wine in front of the woman.  <SEP> 0,1,1
A bride and a groom are cutting a cake. There is a tall white cake on a table. There are purple flowers behind the couple.  <SEP> A couple cutting a three tiered white cake decorated with purple roses. <SEP> 0,0,0
a pile of vegetables are on the plate. the plate is blue in color. there are some shredded orange carrots. there is also some yellow pasta. <SEP> This is a picture of some food. The food looks to be cooked well. There is broccoli and cauliflower on the right side of the picture. Some of it is cooked very well and some is not. <SEP> 0,1,1
"a pile of vegetables are on the plate. the plate is blue in color. there are some shredded orange carrots. there is also some yellow pasta. <SEP> A plate of food that includes macaroni and cheese, broccoli, carrots, and peas. <SEP> 0",0,0
An island kitchen featuring wood cabinetry with black drawer handles is neatly organized.   Three stainless steel pots rest side by side on a gas range on the island area with silver handled cooking utensils in them.  A pink dish containing some green leafy vegetable and other items also rest on the counter of the island.   In the corner is a pot holder with several pots and pans hung from it.  To the right of the pot holders is a large gas oven with range hood.  Along  the far wall are wooden cabinets and bottles resting on the counter beneath them.   <SEP> This is a picture of a kitchen. The kitchen has white cabinets and white walls. There are two ovens on the wall. One of them is white and the other one is black and silver.  <SEP> 0,1,1
An island kitchen featuring wood cabinetry with black drawer handles is neatly organized.   Three stainless steel pots rest side by side on a gas range on the island area with silver handled cooking utensils in them.  A pink dish containing some green leafy vegetable and other items also rest on the counter of the island.   In the corner is a pot holder with several pots and pans hung from it.  To the right of the pot holders is a large gas oven with range hood.  Along  the far wall are wooden cabinets and bottles resting on the counter beneath them.   <SEP> The kitchen has wood cabinets and a wood countertop. There are several pots and pans on the stove. There is a bowl of vegetables on the countertop. <SEP> 0,0,1
"Modern fire engines park along a tree lined street.  The truck at the front of the procession is a ladder truck, with the long, white ladder and bucket on top of the rig.  The sky is deep blue, and it seems like a grassy park like area.  Two people can be seen in the distance, side by side. <SEP> This is an image of a city street. There is a man walking on the sidewalk. The man is wearing a white shirt and gray pants. He is holding a red and white Frisbee that is soaring in the air in front of him <SEP> 0",1,1
"Modern fire engines park along a tree lined street.  The truck at the front of the procession is a ladder truck, with the long, white ladder and bucket on top of the rig.  The sky is deep blue, and it seems like a grassy park like area.  Two people can be seen in the distance, side by side. <SEP> A line of fire trucks with the one in the front having a ladder on top. <SEP> 0",0,0
This photo is taken outside on a sunny day. Two men can be seen on a sidewalk near a brick building. A large black trash can is near one of the men. Large green trees line the sidewalk. A road is beside the sidewalk and across from it is a large building. Vehicles are lined up on the street in front of the building. <SEP> This is an image of a city street. There is a man walking on the sidewalk. The man is wearing a black jacket and gray pants. He is carrying a white and red umbrella over his head.  <SEP> 0,1,1
This photo is taken outside on a sunny day. Two men can be seen on a sidewalk near a brick building. A large black trash can is near one of the men. Large green trees line the sidewalk. A road is beside the sidewalk and across from it is a large building. Vehicles are lined up on the street in front of the building. <SEP> A man in an orange jacket is walking down the sidewalk next to a man in a blue shirt. <SEP> 0,0,0
"This is a street corner. There are two street signs on a pole, with black text on a white background with a black rim. The one on top says ""Sandridge JMI School"" and the one on the bottom says ""HOSDB."" They are both pointing in the same direction, indicated with a black arrow on the sign. Behind the street corner is a building with a shingled overhang supported by dark green columns. There are three or four hanging baskets with flowers hanging from the underside of the overhang. The building is brick and two stories, with two windows flanking a dark sign with pale text reading ""GREEN MAN Good Food."" Behind the sign is a large amount of green climbing vine which obscures the sign for the next shop. There are the tops of two standing signs just visible in the foreground of the picture, and a couple of benches sitting on the sidewalk in front of the building. <SEP> This is an image of a street. The street is made of brick. There is a car parked on the side of the street with a red license plate on it. This car is white and blue. It has a large black and white sign <SEP> 0",1,0
"This is a street corner. There are two street signs on a pole, with black text on a white background with a black rim. The one on top says ""Sandridge JMI School"" and the one on the bottom says ""HOSDB."" They are both pointing in the same direction, indicated with a black arrow on the sign. Behind the street corner is a building with a shingled overhang supported by dark green columns. There are three or four hanging baskets with flowers hanging from the underside of the overhang. The building is brick and two stories, with two windows flanking a dark sign with pale text reading ""GREEN MAN Good Food."" Behind the sign is a large amount of green climbing vine which obscures the sign for the next shop. There are the tops of two standing signs just visible in the foreground of the picture, and a couple of benches sitting on the sidewalk in front of the building. <SEP> Two signs hang outside a pub. One sign points to Sandridge JMI School and the other to HOSDB. <SEP> 0",0,0
There are many people at a market. The middle aisle has fruit. There are green watermelons. There are also yellow bananas. The man on the left is wearing a striped shirt and blue jeans.  <SEP> This is a picture of some food. The food is all prepared on a white plate. There are some donuts on the plate that are brown and green. Some of the donut's are green and some are yellow.  <SEP> 0,1,1
There are many people at a market. The middle aisle has fruit. There are green watermelons. There are also yellow bananas. The man on the left is wearing a striped shirt and blue jeans.  <SEP> A market with a man in a blue and white striped shirt walking in front of it. <SEP> 0,0,0
An adult and a kid is on the snow. The adult is teaching the kid how to ski. The kid is wearing an orange jacket and black leggings. He is also wearing a helmet. The adult is wearing a yellow green jacket and black pants. There are bare trees visible. <SEP> A man is standing on top of a snow covered hill. He is wearing a black jacket and black pants. There is snow all around him.  <SEP> 0,1,1
An adult and a kid is on the snow. The adult is teaching the kid how to ski. The kid is wearing an orange jacket and black leggings. He is also wearing a helmet. The adult is wearing a yellow green jacket and black pants. There are bare trees visible. <SEP> A man and a child are skiing down a snowy slope. <SEP> 0,0,0
There are brown and white cows in a field. There is tall grass and yellow flowers in the field. There are trees in the distance around the field.  <SEP> A bunch of cows are grazing in a field. The field has green grass and some brown dirt. There are some trees off in the distance.  <SEP> 0,1,1
There are brown and white cows in a field. There is tall grass and yellow flowers in the field. There are trees in the distance around the field.  <SEP> Three cows are grazing in a green field. <SEP> 0,0,0
"A gray train is riding on it's tracks. Three train cars with red stickers labeled ""Ringling Bros. and Barnum Bailey"". All around the train tracks there is tall over grown grass, and gavel beside the road near the train tracks. Behind the tracks are a number of trees. <SEP> This is an image of a train station. The train is yellow and blue. There is a yellow line in the middle of the train. It is dark gray and has a red and white stripe going down the side. On the left side of <SEP> 0",1,1
"A gray train is riding on it's tracks. Three train cars with red stickers labeled ""Ringling Bros. and Barnum Bailey"". All around the train tracks there is tall over grown grass, and gavel beside the road near the train tracks. Behind the tracks are a number of trees. <SEP> A long gray train with red advertising for Ringling Bros. and Barnum & Bailey is parked on a track in front of a sign that says Moline. <SEP> 0",0,0
There is a silver laptop with black buttons on it sitting on a couch. There is a dog laying on the couch next to the laptop. The dog is white and has black spots on its ears.  <SEP> There is a cat sitting on top of a laptop. The cat is black and white and has a white collar around its neck. There are two buttons on the laptop that are open. One of the buttons is open and the other button is closed <SEP> 0,1,1
There is a silver laptop with black buttons on it sitting on a couch. There is a dog laying on the couch next to the laptop. The dog is white and has black spots on its ears.  <SEP> A dog is next to a laptop. <SEP> 0,0,0
The blue water is off to the side of the park. There are a lot of people standing by the water. Some people are sitting down on park benches underneath the trees. Each tree has leafs that are changing color due to the fall weather. <SEP> This is a picture of a beach. The beach has many waves in it. There are a couple of people walking on the sand. Some of the people are carrying umbrellas over their heads. One person is wearing a blue shirt and blue <SEP> 0,1,1
The blue water is off to the side of the park. There are a lot of people standing by the water. Some people are sitting down on park benches underneath the trees. Each tree has leafs that are changing color due to the fall weather. <SEP> A tree with a bench under it. <SEP> 0,0,0
"The counter top in a bathroom of a hotel room is made of marble and has two white inset sinks. there is a basket of toiletries on the left, and a box of Kleenex on the right. There is a glass shelf behind the counter with a small bottle in front of a card, and two glasses turned upside down. There is a mirror with a decorative frame on the wall behind the sink. <SEP> This is a bathroom sink. The sink is white and ceramic. There are two white towels hanging on the wall. One of the towels is yellow and the other is blue.  <SEP> 0",1,1
"The counter top in a bathroom of a hotel room is made of marble and has two white inset sinks. there is a basket of toiletries on the left, and a box of Kleenex on the right. There is a glass shelf behind the counter with a small bottle in front of a card, and two glasses turned upside down. There is a mirror with a decorative frame on the wall behind the sink. <SEP> Bathroom with two sinks and a mirror. <SEP> 0",0,0
A person in a black suit is sitting on a surf board in the middle of the ocean.  The ocean has a lot of waves that are white.  The man is sitting waiting on a wave to roll by.  The water is very choppy. <SEP> A bird is flying in the air. There is a large body of water behind the bird.  <SEP> 0,1,1
A person in a black suit is sitting on a surf board in the middle of the ocean.  The ocean has a lot of waves that are white.  The man is sitting waiting on a wave to roll by.  The water is very choppy. <SEP> Surfer sits on surfboard in ocean. <SEP> 0,0,0
"A bald man and a woman with short brown hair sit at a dark brown wood table. On the table there are 4 wine glasses, and a wine bottle. The man appears to be pouring something into one of the glasses. there is also a brown beer bottle on the table.  <SEP> A man is sitting at a table in a restaurant. He is wearing a white shirt and gray pants. There is a glass of wine in front of the man.  <SEP> 0",1,1
"A bald man and a woman with short brown hair sit at a dark brown wood table. On the table there are 4 wine glasses, and a wine bottle. The man appears to be pouring something into one of the glasses. there is also a brown beer bottle on the table.  <SEP> A bottle of BREWERS Special Reserve sits on a table next to a glass of the same beverage. <SEP> 0",0,0
People are playing frisbee outside in the park. A man has his shirt off and he is reaching out to catch the frisbee. Others are running around to position themselves to be catching the frisbee later. The grass is green and there is shade from a nearby tree. There is a stone fence along the park and trees are behind it. There is also a stone pillar by the fence.  <SEP> A man is playing soccer on a field. He is wearing a blue shirt and blue shorts. There is a yellow and black soccer ball in front of him.  <SEP> 0,1,1
People are playing frisbee outside in the park. A man has his shirt off and he is reaching out to catch the frisbee. Others are running around to position themselves to be catching the frisbee later. The grass is green and there is shade from a nearby tree. There is a stone fence along the park and trees are behind it. There is also a stone pillar by the fence.  <SEP> A group of people are playing frisbee in a park. <SEP> 0,0,0
There are several long boats in the water. There is a woman wearing a white hat. There are several bananas and fruits in the boat. There is a man on the dock. <SEP> This is a picture of a boat. The boat is blue and white. There are people sitting on the beach. Some of the people are looking at the boat and some of them are not. <SEP> 0,1,1
There are several long boats in the water. There is a woman wearing a white hat. There are several bananas and fruits in the boat. There is a man on the dock. <SEP> Two men are sitting in a boat full of bananas and other fruits. <SEP> 0,0,0
There is a cake in a white box. The box is sitting on a table. There is an empty white plate sitting next to the cake. There is a person holding a knife cutting the cake.  <SEP> A man is sitting at a table in a restaurant. He is wearing a white shirt and black pants. There is a glass of water behind the man.  <SEP> 0,1,1
There is a cake in a white box. The box is sitting on a table. There is an empty white plate sitting next to the cake. There is a person holding a knife cutting the cake.  <SEP> A man is cutting a cake that says Happy Birthday on it. <SEP> 0,0,0
A tall brown and white cake is sitting on a table. There are red and yellow flower petals around the cake. There is a white plate on the table with a fork on top of it.  <SEP> A woman is sitting at a table. She is wearing a white shirt. There is a cake on the table in front of her.  <SEP> 0,1,1
A tall brown and white cake is sitting on a table. There are red and yellow flower petals around the cake. There is a white plate on the table with a fork on top of it.  <SEP> A large white and gold wedding cake is on a table covered with a gold tablecloth. The cake is decorated with red and yellow flowers and has several bows on it. There are red rose petals scattered on the table. <SEP> 0,0,0
"This photo is taken outside on a sunny day. A woman is walking on a sidewalk while looking at her phone. She has a large black purse on her shoulder. A tall red fire hydrant is sitting on the sidewalk beside the woman. There is a gray car on the road in front of the woman. A gray fence can be seen across the street, surrounded by vehicles. <SEP> A woman is walking on a sidewalk. She is wearing a black jacket and black pants. There is a large tree behind her.  <SEP> 0",1,1
"This photo is taken outside on a sunny day. A woman is walking on a sidewalk while looking at her phone. She has a large black purse on her shoulder. A tall red fire hydrant is sitting on the sidewalk beside the woman. There is a gray car on the road in front of the woman. A gray fence can be seen across the street, surrounded by vehicles. <SEP> A woman is walking on the sidewalk next to a red fire hydrant. She is wearing a gray skirt, green shoes, and a black purse. She is looking at her phone. There is a gray car parked behind her. <SEP> 0",0,0
A child in a blue and black coat and black pants is stanind on a snow board apparently watching an older man in a white coat who is walking off.  Snow covers the ground and is well tracked.  To the right of the boy on the board is a line of people waiting. <SEP> A man is skiing down a hill. He is wearing a black jacket and black pants. There is snow on the hill behind him.  <SEP> 0,1,1
A child in a blue and black coat and black pants is stanind on a snow board apparently watching an older man in a white coat who is walking off.  Snow covers the ground and is well tracked.  To the right of the boy on the board is a line of people waiting. <SEP> A group of people are skiing down a snowy hill. <SEP> 0,0,0
A man is standing on a field. The turf is green. It is night time. He is dressed in pants and a long sleeve shirt. He also has a winter hat on. He just got done throwing a Frisbee in the air. In back of him is a white brick wall and a blue trash can.  <SEP> A man is playing soccer on a soccer field. He is wearing a blue shirt and blue shorts. The man has a black and white striped shirt on. There is a yellow soccer ball in front of the man.  <SEP> 0,1,1
A man is standing on a field. The turf is green. It is night time. He is dressed in pants and a long sleeve shirt. He also has a winter hat on. He just got done throwing a Frisbee in the air. In back of him is a white brick wall and a blue trash can.  <SEP> Man throws frisbee in front of brick wall. <SEP> 0,0,0
A cat is lounging on a flat screen TV.  The cat has white paws.  The TV is mounted on the wall.  A bed is reflected on the screen of the TV. <SEP> A black and white cat is sitting on top of a laptop computer. There is a black keyboard on the laptop. The cat has a white collar around its neck.  <SEP> 0,1,1
A cat is lounging on a flat screen TV.  The cat has white paws.  The TV is mounted on the wall.  A bed is reflected on the screen of the TV. <SEP> A gray and white cat is lying on top of a Samsung television. <SEP> 0,0,0
There are several people sitting on bicycles. They are on a beach and there is water behind them. A lady in a yellow shirt is standing next to a bike.  <SEP> A man is standing on a beach. He is wearing a blue shirt and blue shorts. There is a large wave in the water behind him.  <SEP> 0,1,1
There are several people sitting on bicycles. They are on a beach and there is water behind them. A lady in a yellow shirt is standing next to a bike.  <SEP> Four people on tricycles are posing for a photo on a beach. <SEP> 0,0,0
A plane that is red and blue is flying in the air. There are several white clouds behind the plane. There is a white stripe on the plane.  <SEP> A large white airplane is flying in the sky. There is a large body of water behind the airplane.  <SEP> 0,1,1
A plane that is red and blue is flying in the air. There are several white clouds behind the plane. There is a white stripe on the plane.  <SEP> A red airplane is flying through the sky. <SEP> 0,0,0
A hot rod truck sits in a parking lot.  A surfboard is resting on top.  The truck is antique looking.  It has fancy wheels with fenders.  The hood has exhaust pipes sticking out.  The truck bed is covered up.  The truck is painted black.  A modern conventional car is parked nearby. <SEP> There is a truck parked on the side of the street. The truck is black and red. There are a lot of people standing around the truck. Some of them are holding umbrellas.  <SEP> 0,1,1
A hot rod truck sits in a parking lot.  A surfboard is resting on top.  The truck is antique looking.  It has fancy wheels with fenders.  The hood has exhaust pipes sticking out.  The truck bed is covered up.  The truck is painted black.  A modern conventional car is parked nearby. <SEP> A black truck parked in a parking lot. <SEP> 0,0,0
"A parade is going down the street in a town in a residential area. There are there police officers on motorcycles in the front, and behind them there is a police car. People are standing on the sidewalk watching as the parade goes by. <SEP> A man is riding a motorcycle on a paved road. He is wearing a black helmet and a white shirt. The motorcycle is red and black. There is a large body of water behind the motorcycle.  <SEP> 0",1,1
"A parade is going down the street in a town in a residential area. There are there police officers on motorcycles in the front, and behind them there is a police car. People are standing on the sidewalk watching as the parade goes by. <SEP> Motorcycle riders are riding down the street. <SEP> 0",0,0
An old steam locomotive is chugging down the tracks through a wooded area. There is a steamstack on it that has smoke billowing from it. The train has many open windows and it is filled with people. <SEP> This is an image of a train station. The train is yellow and blue. There is a man standing in front of the train. He is wearing a black jacket and a blue and white striped shirt.  <SEP> 0,1,1
An old steam locomotive is chugging down the tracks through a wooded area. There is a steamstack on it that has smoke billowing from it. The train has many open windows and it is filled with people. <SEP> Black and white photo of a small train with a large smokestack. <SEP> 0,0,0
There are two zebras standing on dirt. They are both facing away in the same direction. There are several bushes on the ground next to them.  <SEP> There are three zebras in the picture. They are standing in a field. There are trees behind them.  <SEP> 0,1,1
There are two zebras standing on dirt. They are both facing away in the same direction. There are several bushes on the ground next to them.  <SEP> Two zebras are standing in a dry grassy field looking up at something. <SEP> 0,0,0
The sun's rays are shinning through the trees in the back ground. The trees are tall and they produce a lot of shade. There is a white table in the foreground. On the white table is a zip lock bag. In the bag is three or four rolls of what appears to be some kind of processed meat. The meat are in rolls such as what you would expect bologna or sausage to be. <SEP> This is a picture of some food. The food looks to be very healthy-looking. There is broccoli and some brown rice on the plate. Some of the rice is cooked very well and looks as though it has been seasoned well. It looks <SEP> 0,1,1
The sun's rays are shinning through the trees in the back ground. The trees are tall and they produce a lot of shade. There is a white table in the foreground. On the white table is a zip lock bag. In the bag is three or four rolls of what appears to be some kind of processed meat. The meat are in rolls such as what you would expect bologna or sausage to be. <SEP> A clear plastic bag of food sits on a white surface. <SEP> 0,0,0
three kids are all standing outside in the grass. they are all holding bats and balls. the bat is red in color. the ball is white. <SEP> A man is standing on a baseball field. He is wearing a blue shirt and blue pants. There is a catcher standing behind the man. The catcher is holding a bat in his hands.  <SEP> 0,1,1
three kids are all standing outside in the grass. they are all holding bats and balls. the bat is red in color. the ball is white. <SEP> Three children are standing in a grassy area in front of a house. The child on the left is holding a large red baseball bat. The child in the middle is holding a white and red striped volleyball. The child on the right is holding a baseball. The child in the middle is wearing a shirt that says “The John Edward”. <SEP> 0,0,0
A man is taking a selfie in the mirror. He has on a black suit with a orange shirt. His tie is green and white. The bathroom has very dim lighting. <SEP> There is a toilet in a bathroom. The toilet is white. There are two white towels hanging on the wall above the toilet. One of the towels is blue and the other is red.  <SEP> 0,1,1
A man is taking a selfie in the mirror. He has on a black suit with a orange shirt. His tie is green and white. The bathroom has very dim lighting. <SEP> A man is holding a camera in front of his mirror reflection. <SEP> 0,0,0
A hot dog is sitting on a white piece of paper. There are chopped onions on top of the hot dog. There is mustard on top of the hot dog.  <SEP> This is a picture of some food. The food is on a white plate. There is broccoli and some meat on top of the broccoli. there is some red sauce on the meat.  <SEP> 0,1,1
A hot dog is sitting on a white piece of paper. There are chopped onions on top of the hot dog. There is mustard on top of the hot dog.  <SEP> A hot dog with a pickle on top. <SEP> 0,0,0
There is a large elephant standing in the grass. There is a giraffe in front of the elephant. There are trees behind a fence in front of the animals.  <SEP> There are two elephants standing together. One of the elephants is smaller than the other. The elephant on the left is a light brown color. There are trees in the background behind them.  <SEP> 0,1,1
There is a large elephant standing in the grass. There is a giraffe in front of the elephant. There are trees behind a fence in front of the animals.  <SEP> Elephant walking in zoo with giraffes and zebras in background. <SEP> 0,0,0
A bed with a colorful quilt on it. The headboard on the bed is wooden. Next to the bed is a small table with a small lamp on it.  <SEP> This is a picture of some items on a shelf. The shelf is made of wood. There are a lot of items in this picture. Some of the items are tan and some of them are black and white. These items look like they are <SEP> 0,1,1
A bed with a colorful quilt on it. The headboard on the bed is wooden. Next to the bed is a small table with a small lamp on it.  <SEP> A colorful quilt with a pattern of stars is on a bed. <SEP> 0,0,0
A bunch of cars are driving in a snow storm. A couple of cars that are parked near the sidewalks are completely covered in snow. The signs are all covered and so are the houses. <SEP> There is a stop sign on the street. The sign is red and white. There are cars parked on both sides of the road. One car is white and the other is black and red.  <SEP> 0,1,1
A bunch of cars are driving in a snow storm. A couple of cars that are parked near the sidewalks are completely covered in snow. The signs are all covered and so are the houses. <SEP> A snowy street with a red traffic light. <SEP> 0,0,0
A sheep is laying down in some hay. There is a hand of a person reaching in and petting the sheep. The person is wearing a blue jacket. The sheep is looking up.  <SEP> This is an image of some animals. The animals are sheep. There is a sheep in the middle of the image that is black and white. It has a white head and a black collar around its neck.  The sheep is laying down. <SEP> 0,1,1
A sheep is laying down in some hay. There is a hand of a person reaching in and petting the sheep. The person is wearing a blue jacket. The sheep is looking up.  <SEP> A sheep is lying in a pen of hay and a person is petting it. <SEP> 0,0,0
"A contrail is the only mark on this bright blue sky above a distinctive building. The building is made of different sized grey, tan stones. A peak of a rooftop in one area of the building can be seen. The roof is shingled with rust colored shingles. Behind the roof is a square tower with a black round clock. The tower is topped with a flag resting without a breeze. <SEP> This is a picture of a building. The building is made of brick. There are two clocks on the side of the building . The clocks are black and white. One is white and the other one is red and black. Both clocks have white <SEP> 0",1,1
"A contrail is the only mark on this bright blue sky above a distinctive building. The building is made of different sized grey, tan stones. A peak of a rooftop in one area of the building can be seen. The roof is shingled with rust colored shingles. Behind the roof is a square tower with a black round clock. The tower is topped with a flag resting without a breeze. <SEP> A church with a large tower and a red roof. <SEP> 0",0,0
"A white cup of tea with a tea bag inside sits on a saucer with a spoon on it. Beside the saucer there is a small container of cream, and a pair of silver over sized sunglasses. Next tot eh glasses there is a black flip phone. Closest to the camera there is a black leather portfolio open with pages of paper clipped inside. <SEP> This is a picture of a woman. The woman is wearing a white shirt and blue jeans. There are two glasses on the woman's head. One is white and the other is blue. They are sitting on a wooden table in a room. <SEP> 0",1,1
"A white cup of tea with a tea bag inside sits on a saucer with a spoon on it. Beside the saucer there is a small container of cream, and a pair of silver over sized sunglasses. Next tot eh glasses there is a black flip phone. Closest to the camera there is a black leather portfolio open with pages of paper clipped inside. <SEP> A cup of tea on a saucer with a spoon and a small pitcher of cream next to it. <SEP> 0",0,0
"A black and white photo of a foreign scene. The scene appears to be somewhere in Asia. There is a person wearing a big triangular hat in the foreground.
 <SEP> This is an image of a man. The man is wearing a black shirt and gray pants. He is holding a white and black umbrella over his head. There is a woman standing behind the man in front of the umbrella. She is carrying a <SEP> 0",1,1
"A black and white photo of a foreign scene. The scene appears to be somewhere in Asia. There is a person wearing a big triangular hat in the foreground.
 <SEP> A busy street in Vietnam with many people and many motorbikes parked along the side of the road. <SEP> 0",0,0
"A white dinner plate with spaghetti shaped noodles and three tiny meatballs sit on a table that has pink back chairs next to it. There are vegetables on the past in the dinner plate. Next to the pasta plate is a black bowl with chunks of sliced orange carrots. 
Against the wall of the room is a radiator painted white and above that a shelf and window.  <SEP> This is a picture of some food. The food looks to be very healthy-looking. There are two pieces of broccoli and some green leafy greens. They are both on a white plate. On top of the broccoli is some red meat. <SEP> 0",1,1
"A white dinner plate with spaghetti shaped noodles and three tiny meatballs sit on a table that has pink back chairs next to it. There are vegetables on the past in the dinner plate. Next to the pasta plate is a black bowl with chunks of sliced orange carrots. 
Against the wall of the room is a radiator painted white and above that a shelf and window.  <SEP> A plate of spaghetti with meatballs and a bowl of carrots. <SEP> 0",0,0
There is a train on the train tracks. The train is blue with a yellow front and red doors on the side of it. There are black poles on the platform next to the train. There is a cement bridge over top of the train tracks. There is empty tracks on the other side of the platform. There is a white building in the distance. <SEP> This is an image of a train station. The station is empty. There is a large train on the tracks. It is dark gray and has a red and white stripe going down the side of it. On the front of the train there is <SEP> 0,1,1
There is a train on the train tracks. The train is blue with a yellow front and red doors on the side of it. There are black poles on the platform next to the train. There is a cement bridge over top of the train tracks. There is empty tracks on the other side of the platform. There is a white building in the distance. <SEP> A blue and purple train is at a station. <SEP> 0,0,0
A picture of a man with blue hair riding a skateboard. The skateboard has four yellow wheels. The man is wearing black shoes. The man is wearing a white shirt. The man is wearing black knee pads. The man is wearing gray shorts. There is a tree to the left of the man. There is a park with a gray sidewalk behind the man. There are many trees and bushes behind the man. <SEP> A man is skateboarding outside on a sunny day. He is wearing a black shirt and blue jeans. The man has a blue helmet on his head. There are trees in the background behind the man.  <SEP> 0,1,1
"A picture of a man with blue hair riding a skateboard. The skateboard has four yellow wheels. The man is wearing black shoes. The man is wearing a white shirt. The man is wearing black knee pads. The man is wearing gray shorts. There is a tree to the left of the man. There is a park with a gray sidewalk behind the man. There are many trees and bushes behind the man. <SEP> A man wearing a blue bandana and a white t-shirt with the words ""World Skateboarding Championship"" on it stands on a skateboard in a park. <SEP> 0",0,0
There are three woman in the living room of a home. In the living room there are hardwood floors. Two woman are standing up in front of the television. They have game controllers in their hands. They are playing a game together while the third woman sits down on the couch and watches them. They are all smiling and look like they are having a great time with one another.  <SEP> A man is sitting on a bench. The bench is made of wood. There is a woman standing on the other side of the bench looking at him.  <SEP> 0,1,1
There are three woman in the living room of a home. In the living room there are hardwood floors. Two woman are standing up in front of the television. They have game controllers in their hands. They are playing a game together while the third woman sits down on the couch and watches them. They are all smiling and look like they are having a great time with one another.  <SEP> Three people are playing wii in a living room. <SEP> 0,0,0
A zebra stands next to a narrow tree. The tree has some wire around it. The shadow of the zebra is on the ground. There is another zebra next to the wall. There is a fence in a background. There are some rocks on the ground. There is a black stripe on the zebras back. The zebra is looking off to the side. There are shadows on the ground.  <SEP> There is a zebra in a field. There are two zebras in the field behind the fence. The fence is made of metal.  <SEP> 0,1,1
A zebra stands next to a narrow tree. The tree has some wire around it. The shadow of the zebra is on the ground. There is another zebra next to the wall. There is a fence in a background. There are some rocks on the ground. There is a black stripe on the zebras back. The zebra is looking off to the side. There are shadows on the ground.  <SEP> A zebra stands in a zoo enclosure. <SEP> 0,0,0
This photo is taken outside on a cloudy day. Part of a blue sky can be seen in between the white clouds. An old dark truck is sitting parked in a parking lot. The truck has a trailer attached to the top of it. Part of a white building can be seen behind the truck. Another old car can be seen parked in the parking lot. Green trees can be seen in front of a mountain in the background.  <SEP> The image is of a small bathroom. There is a white toilet in the middle of the room. The lid on the toilet is open and it is sitting on a metal rod that is attached to the rod. On the right side there are two <SEP> 0,1,1
This photo is taken outside on a cloudy day. Part of a blue sky can be seen in between the white clouds. An old dark truck is sitting parked in a parking lot. The truck has a trailer attached to the top of it. Part of a white building can be seen behind the truck. Another old car can be seen parked in the parking lot. Green trees can be seen in front of a mountain in the background.  <SEP> A black Ford pickup truck with a camper on the back. <SEP> 0,0,0
"There are two grown men standing in the dirt on a baseball field.  Its a clear day.  There are a few trees in the back ground on the other side of the fence.  The fence is decorated with billboards and have a tall yellow pole standing next to it.  The grass is cut short and is very green.  The men are both wearing uniforms, cleats and a baseball cap.   <SEP> A baseball player is standing on a baseball field. He is wearing a blue and white uniform and a black helmet. A catcher is squatting behind the player. There is a catcher's mask on his face.  <SEP> 0",1,1
"There are two grown men standing in the dirt on a baseball field.  Its a clear day.  There are a few trees in the back ground on the other side of the fence.  The fence is decorated with billboards and have a tall yellow pole standing next to it.  The grass is cut short and is very green.  The men are both wearing uniforms, cleats and a baseball cap.   <SEP> A baseball player stands on the field with a player from the opposing team in the background. <SEP> 0",0,0
"The image is of a telephone poll between two streets. The pole has a green and sign on it with white lettering that says ""E Main st 1700"" There is also a no parking sign attached to the pole. There are vertically striped awnings on both sides of the street. One awning covers produce stands, on the opposite side the awning is attached to a multilevel brick building. Behind the produce stand is a brown multilevel building with a brown stone facade and red roof tiles. The road is paved with cobblestones. There are several vehicles parked on the street. <SEP> This is an image of a city street. The street is very busy. There is a bus going down the side of the street that is white and red. It is traveling in the opposite direction from the bus and is stopped at a crosswalk <SEP> 0",1,1
"The image is of a telephone poll between two streets. The pole has a green and sign on it with white lettering that says ""E Main st 1700"" There is also a no parking sign attached to the pole. There are vertically striped awnings on both sides of the street. One awning covers produce stands, on the opposite side the awning is attached to a multilevel brick building. Behind the produce stand is a brown multilevel building with a brown stone facade and red roof tiles. The road is paved with cobblestones. There are several vehicles parked on the street. <SEP> A street sign for E. Main St. is in the foreground. <SEP> 0",0,0
There are people sunbathing outside on the pier. Some of the people have umbrellas over their chairs. Some people are in the Water swimming with their pets. There are a lot of people on the pier enjoying the Sun. It is a hot sunny day out. There is a flag on a flagpole on the pier to the right. The pier to the left has more people on it. <SEP> A boat is in the water. There is a large body of water behind the boat.  <SEP> 0,1,1
There are people sunbathing outside on the pier. Some of the people have umbrellas over their chairs. Some people are in the Water swimming with their pets. There are a lot of people on the pier enjoying the Sun. It is a hot sunny day out. There is a flag on a flagpole on the pier to the right. The pier to the left has more people on it. <SEP> People on a dock with umbrellas. <SEP> 0,0,0
"A lone soda can sits on a desk. Inside the grey and silver can with tiny writing are small bright red and pink flowers. The can is being used as a vase. Behind the can is a blue white and yellow calculator, a pink notepad and a black plastic corded phone. The point of a white elbow can be seen. The desk is very large. <SEP> A woman is sitting at a table. She is wearing a white shirt and a black tie. There is a glass of water in front of the woman.  <SEP> 0",1,1
"A lone soda can sits on a desk. Inside the grey and silver can with tiny writing are small bright red and pink flowers. The can is being used as a vase. Behind the can is a blue white and yellow calculator, a pink notepad and a black plastic corded phone. The point of a white elbow can be seen. The desk is very large. <SEP> A tin can filled with pink and white flowers sits on a desk next to a phone and a calculator. <SEP> 0",0,0
"This is a black and white photo of elephants standing in a row. There are ten elephants shown in the picture. There are men standing in front of the elephants. The men are wearing denim, hoodies, and hats on their heads. They are holding hoses and they are spraying the elephants down. There are people in the background behind the elephants, too. <SEP> A herd of elephants is walking in a field. There is a large body of water behind the elephants.  <SEP> 0",1,1
"This is a black and white photo of elephants standing in a row. There are ten elephants shown in the picture. There are men standing in front of the elephants. The men are wearing denim, hoodies, and hats on their heads. They are holding hoses and they are spraying the elephants down. There are people in the background behind the elephants, too. <SEP> A black and white photograph of a line of elephants with a man standing in front of them. <SEP> 0",0,0
"Two shoe less young boys are standing on a sandy beach. One of them are wearing turquoise shorts and the other is wearing black shorts. They both have short dark hair. The boy wearing the turquoise shorts is resting his foot on a dirty, white soccer ball while resting his arm on the shoulder of the boy wearing the black shorts. A shadow of the ball is shown in the sand, a small wave is rushing up the shore and there is a small, white boat traveling in water just behind the two young boys. <SEP> A man is standing on a beach. He is wearing a blue shirt and blue shorts. There is a large wave in the water behind him.  <SEP> 0",1,1
"Two shoe less young boys are standing on a sandy beach. One of them are wearing turquoise shorts and the other is wearing black shorts. They both have short dark hair. The boy wearing the turquoise shorts is resting his foot on a dirty, white soccer ball while resting his arm on the shoulder of the boy wearing the black shorts. A shadow of the ball is shown in the sand, a small wave is rushing up the shore and there is a small, white boat traveling in water just behind the two young boys. <SEP> Two boys are standing on beach with ball in front of them. One boy has his arm around the other boy. <SEP> 0",0,1
A white game controller is sitting on top of a small table in a room. It is connected to a game system. Behind the table is a newspaper that is sitting beside a small decorative lamp. A wall is behind the lamp and paper. Near the lamp is a wooden cabinet with drawers and a door. The handles to the door and drawers are black. <SEP> This is an image of a desk. The desk is white. There is a laptop sitting on top of the desk with a black keyboard and mouse on it. A laptop computer monitor is hanging on the wall above the keyboard.  The laptop is <SEP> 0,1,1
A white game controller is sitting on top of a small table in a room. It is connected to a game system. Behind the table is a newspaper that is sitting beside a small decorative lamp. A wall is behind the lamp and paper. Near the lamp is a wooden cabinet with drawers and a door. The handles to the door and drawers are black. <SEP> White wii console on table with two white wii controllers. <SEP> 0,0,0
Two black cubs are roaming in an enclosed area.  There are stone walls behind the two cubs.  Green shrubs  are in the front of the enclosure.  The cubs appear to be grazing on the ground.  A tub like structure is in the back of the left side.  The two cubs are on the top level and beneath them is a step to a lower level. <SEP> This is an image of a polar bear. The bear is standing on top of some rocks. There is a large body of water behind the bear that has small waves in it.  <SEP> 0,1,1
Two black cubs are roaming in an enclosed area.  There are stone walls behind the two cubs.  Green shrubs  are in the front of the enclosure.  The cubs appear to be grazing on the ground.  A tub like structure is in the back of the left side.  The two cubs are on the top level and beneath them is a step to a lower level. <SEP> Two black bears are walking on a stone platform in a zoo enclosure. <SEP> 0,0,0
There are two men sitting together. Both of the men are holding skis. The man on the left has a red turtleneck on. The man on the right has a black jacket on. There's a light coming off of the camera. Both of these Keys have black footholds to put your feet up. Both of the men are looking into the camera and smiling. The man on the right is wearing a watch on his left wrist. <SEP> A group of men and women are sitting at a table in a room. There is a large window on the wall behind the men. The men are wearing white shirts and jeans. They are holding wine glasses in their hands.  <SEP> 0,1,1
There are two men sitting together. Both of the men are holding skis. The man on the left has a red turtleneck on. The man on the right has a black jacket on. There's a light coming off of the camera. Both of these Keys have black footholds to put your feet up. Both of the men are looking into the camera and smiling. The man on the right is wearing a watch on his left wrist. <SEP> Two men in a car with skis in the back. <SEP> 0,0,0
"There is hitter getting ready to swing at the ball that has just been thrown by the pitcher. The pitcher is wearing a black shirt with gray pants and red socks while the hitter is wearing gray pants, dark blue shirt, and black socks. The umpire and the catcher is squatting down anticipating the play. The field is a mixture of dirt sand green grass. The image was taken through a metal fence.  <SEP> A baseball player is standing on a baseball field. He is wearing a blue and white uniform and a black helmet on his head. A catcher is crouched behind the player on the ground behind him. There are two other players in the distance behind <SEP> 0",1,1
"There is hitter getting ready to swing at the ball that has just been thrown by the pitcher. The pitcher is wearing a black shirt with gray pants and red socks while the hitter is wearing gray pants, dark blue shirt, and black socks. The umpire and the catcher is squatting down anticipating the play. The field is a mixture of dirt sand green grass. The image was taken through a metal fence.  <SEP> A baseball game is underway. The catcher is in a crouched position behind the batter. The pitcher is in the middle of his pitching motion. The batter is standing at the plate. The umpire is standing behind the catcher. The outfielder is standing in the outfield. The field is surrounded by a chain link fence. <SEP> 0",0,0
"A worn wooden building is on the side of a set of train tracks.  The building has many windows with screens over the windows.  Many of the screens are torn or missing.  The paint on the building is severely thinned and peeling.  A small foliage bush is at the front of the building.  Tall mountains are in the far distance.  A large metal structure is suspended in the air above the building and the train tracks. <SEP> This is an image of a train station. The train is yellow and blue. There is a large window on the side of the train. It is daytime and the sun is shining very brightly. On the left side, there are many windows. <SEP> 0",1,1
A worn wooden building is on the side of a set of train tracks.  The building has many windows with screens over the windows.  Many of the screens are torn or missing.  The paint on the building is severely thinned and peeling.  A small foliage bush is at the front of the building.  Tall mountains are in the far distance.  A large metal structure is suspended in the air above the building and the train tracks. <SEP> Old wooden train car with a tower above it. <SEP> 0,0,0
"A man and woman are standing outside on a snow covered field. the man is wearing a dark coat, scarf, pants, gloves and eyeglasses. The woman is wearing a dark coat, gray scarf, dark pants and black gloves on her hands. They are standing behind a homemade snowman. There are colorful frisbee rings on the ground surrounding the snowman. <SEP> A man is standing on a snow covered field. He is wearing a black jacket and black pants. There is snow on the ground in front of the man.  <SEP> 0",1,1
"A man and woman are standing outside on a snow covered field. the man is wearing a dark coat, scarf, pants, gloves and eyeglasses. The woman is wearing a dark coat, gray scarf, dark pants and black gloves on her hands. They are standing behind a homemade snowman. There are colorful frisbee rings on the ground surrounding the snowman. <SEP> Two people in a snowy field with a snowman and frisbees. <SEP> 0",0,0
A large plane is flying over a whole bunch of clouds high in the sky. But because it seems so far away it looks very small. It has a wing and a tail visible and is dark in color. The sky is white and blue. The clouds below the plane are fluffy and puffy and white. Far off is a patch of bright blue. The puffy clouds are a light blue color with a twinge of blue and grey to them. <SEP> This is an image of a plane. The plane is flying high in the sky. There is a large body of water in front of the plane that has small waves in it.  <SEP> 0,1,1
A large plane is flying over a whole bunch of clouds high in the sky. But because it seems so far away it looks very small. It has a wing and a tail visible and is dark in color. The sky is white and blue. The clouds below the plane are fluffy and puffy and white. Far off is a patch of bright blue. The puffy clouds are a light blue color with a twinge of blue and grey to them. <SEP> A plane flies above the clouds. <SEP> 0,0,0
This is an old bus painted blue. There are white curtains in the windows and bicycles attached to the front. there are six windows on the side and one big window in the back. On the back of the bus is a spare tire. The bus is parked or traveling along a road next to a patch of green grass. There are many trees in the background. <SEP> A white and blue bus is parked on the side of a street. There is a large white building behind the bus.  <SEP> 0,1,1
This is an old bus painted blue. There are white curtains in the windows and bicycles attached to the front. there are six windows on the side and one big window in the back. On the back of the bus is a spare tire. The bus is parked or traveling along a road next to a patch of green grass. There are many trees in the background. <SEP> A blue bus is parked in a field. <SEP> 0,0,0
A cat is looking outside of a window. The cat is peeking with it's head tilted to the side. It appears to be focused on something that is moving outside. The cat is white and has black spots all around its body. The tail is black and the cat has on a pink collar. The cat is looking out of a glass door that is behind an open door. <SEP> This is an image of a cat. The cat is gray and black with white stripes on it. There is a white door on the front of the house that is open and has a black door handle. A white lamp is sitting on top of <SEP> 0,1,1
A cat is looking outside of a window. The cat is peeking with it's head tilted to the side. It appears to be focused on something that is moving outside. The cat is white and has black spots all around its body. The tail is black and the cat has on a pink collar. The cat is looking out of a glass door that is behind an open door. <SEP> A black and white cat is sitting on a red rug in front of a door. <SEP> 0,0,0
"The image is of a jet plane. It is gray in color and has two small black wheels below its body. These small black wheels extend to each side of the plane. On the front of the plane there is a propeller that is moving in full motion, as the plane is up in the air. The letters ""TF-FTE"" are on the bottom of the left wing. The tail has a small wing on each side. The sky appears gray and dark. <SEP> A large white airplane is flying in the sky. There is a large body of water behind the airplane.  <SEP> 0",1,1
"The image is of a jet plane. It is gray in color and has two small black wheels below its body. These small black wheels extend to each side of the plane. On the front of the plane there is a propeller that is moving in full motion, as the plane is up in the air. The letters ""TF-FTE"" are on the bottom of the left wing. The tail has a small wing on each side. The sky appears gray and dark. <SEP> A small plane with the letters tfte on the side. <SEP> 0",0,0
"A vintage ad for Gold Seal floors and walls shows a woman in a red and black party dress entering a bedroom. There is a platform, and a bed on the platform with a ottoman, and a nightstand. A tall window behind the bed has closed curtains. A bookcase on the wall has white books on the shelves. The floors appear to be terrazzo. <SEP> This is an image of a bedroom. The bedroom has a large bed with a white blanket on it. There is a small white table in the middle of the room with books and other objects sitting on top of that table. A white lamp is <SEP> 0",1,1
"A vintage ad for Gold Seal floors and walls shows a woman in a red and black party dress entering a bedroom. There is a platform, and a bed on the platform with a ottoman, and a nightstand. A tall window behind the bed has closed curtains. A bookcase on the wall has white books on the shelves. The floors appear to be terrazzo. <SEP> An open bedroom with a gold seal floor. <SEP> 0",0,0
"Multiple hair styling tools are sitting on a metal grate. A silver pair of shears is laying on top of a smaller pair of thinning shears. The thinning shears are different colors of blues, yellows, and pinks. Next to the shears is a gray comb. The comb has 2 varying ends. One side of the comb has small teeth the other has wider teeth. A golden comb is laying on top of the gray comb. The golden comb is large with large teeth. The metal grate is dark gray. <SEP> This is a picture of some items. The items in the middle of the photo are a pair of scissors and a toothbrush. There are two pieces of paper on the table. One is white and the other is black and blue.  <SEP> 0",1,1
"Multiple hair styling tools are sitting on a metal grate. A silver pair of shears is laying on top of a smaller pair of thinning shears. The thinning shears are different colors of blues, yellows, and pinks. Next to the shears is a gray comb. The comb has 2 varying ends. One side of the comb has small teeth the other has wider teeth. A golden comb is laying on top of the gray comb. The golden comb is large with large teeth. The metal grate is dark gray. <SEP> A comb, scissors, and a straight razor are on a black mesh mat. <SEP> 0",0,0
"Two young men are seen on a ski slope skiing in a black and white photo. The boy in the foreground is wearing a winter hat with white specks, and white pine trees knitted into the design and a white pom pom on the top. The man is bending his right leg as he holds of his ski poles in the air. The boy on the left side of him is barely visible.  <SEP> A man is skiing down a hill. He is wearing a black jacket and black pants. There is snow on the hill behind him.  <SEP> 0",1,1
"Two young men are seen on a ski slope skiing in a black and white photo. The boy in the foreground is wearing a winter hat with white specks, and white pine trees knitted into the design and a white pom pom on the top. The man is bending his right leg as he holds of his ski poles in the air. The boy on the left side of him is barely visible.  <SEP> Man skiing down a snowy hill. <SEP> 0",0,0
The building is painted burgundy and orange. There is an old sign attach to the wall for a restaurant. The writing on the sign is yellow. There are lights attached to the wall as well. The windows on the building are very big. The windows are reflecting the trees. There is a aqua blue square small sign in the sign on the wall. <SEP> This is an image of a building. The building is made of brick. There is a clock on the front of the building that is black and white. It has a white face and a black circle on it. On the right side there is <SEP> 0,1,1
The building is painted burgundy and orange. There is an old sign attach to the wall for a restaurant. The writing on the sign is yellow. There are lights attached to the wall as well. The windows on the building are very big. The windows are reflecting the trees. There is a aqua blue square small sign in the sign on the wall. <SEP> A sign for Tomasino's Ristorante hangs from a building. <SEP> 0,0,0
The man is sitting on a pink bicycle with a basket on the front.  He is wearing an orange short sleeve t-shirt and blue jean shorts. He also is wearing a pair of thong shoes.  He is sitting on a bicycle on the beach near the blue water.  The sky is clear blue. There is a  boat in the water.  The man is near a white pick up truck that has a license plate on the back of it.  There is a board in sand near the water. <SEP> A man is standing on a beach. He is wearing a black shirt and blue jeans. There is a large wave in the water behind him.  <SEP> 0,1,1
The man is sitting on a pink bicycle with a basket on the front.  He is wearing an orange short sleeve t-shirt and blue jean shorts. He also is wearing a pair of thong shoes.  He is sitting on a bicycle on the beach near the blue water.  The sky is clear blue. There is a  boat in the water.  The man is near a white pick up truck that has a license plate on the back of it.  There is a board in sand near the water. <SEP> Man rides bicycle on beach with ocean in background. <SEP> 0,0,0
Two people are standing on a beachy sand area flying a kite.  There is a woman and a man.  Both are wearing jeans.  The woman has a black long sleeved turtle neck on .  The man is also wearing a lightweight jacket.  In the distance are sandy hills with grass growing on top.  The sky is blue with white clouds in the distance. <SEP> A man is standing on a beach. He is wearing a blue shirt and blue shorts. There is a large wave in the water behind him.  <SEP> 0,1,1
Two people are standing on a beachy sand area flying a kite.  There is a woman and a man.  Both are wearing jeans.  The woman has a black long sleeved turtle neck on .  The man is also wearing a lightweight jacket.  In the distance are sandy hills with grass growing on top.  The sky is blue with white clouds in the distance. <SEP> A man and a woman are flying a kite on the beach. <SEP> 0,0,0
"A woman is standing on a train platform. She is wearing a scarf on her head, a coat, and a red skirt. She is holding on to a black suitcase. A lot of people are standing across from her on another train platform. They are standing near their luggage. A large building with windows is over a platform. <SEP> A group of people are walking on the sidewalk. There is a man in a blue shirt standing in front of them. He is holding a red and white umbrella over his head.  <SEP> 0",1,1
"A woman is standing on a train platform. She is wearing a scarf on her head, a coat, and a red skirt. She is holding on to a black suitcase. A lot of people are standing across from her on another train platform. They are standing near their luggage. A large building with windows is over a platform. <SEP> A woman standing on a train platform with a red skirt and black suitcase. <SEP> 0",0,0
Brown cows are lying on the green grass. Behind the meadow there is a small rocky mountain. Some parts of the mountain is covered with grass and shrubs. The cow on the front has two long horns and a long tail. On back a cow is stand facing to the right. On back the meadow is covered with dark green vegetation. <SEP> This is an image of a field. The field has a lot of green grass and some brown grass. There are two cows that are standing in front of the fence. One of them is black and white and the other one is brown and black <SEP> 0,1,1
Brown cows are lying on the green grass. Behind the meadow there is a small rocky mountain. Some parts of the mountain is covered with grass and shrubs. The cow on the front has two long horns and a long tail. On back a cow is stand facing to the right. On back the meadow is covered with dark green vegetation. <SEP> A hillside with a few cows lying in the grass. <SEP> 0,0,0
The image is of a seagull flying in the air in the direction of the west. The seagull in the air is white and its wings are spread open. There is another seagull on the ground. The ground is made of sand and the seagull is located near the shoreline of the water. There are waves in the water in front of the seagull on the ground. The clouds are gray and the sun is orange. The sun can be seen in the distance. <SEP> There is a large body of water in the distance. There are two people on the beach. One of the people is wearing a blue shirt and blue shorts. The other person is carrying a surfboard.  <SEP> 0,1,1
The image is of a seagull flying in the air in the direction of the west. The seagull in the air is white and its wings are spread open. There is another seagull on the ground. The ground is made of sand and the seagull is located near the shoreline of the water. There are waves in the water in front of the seagull on the ground. The clouds are gray and the sun is orange. The sun can be seen in the distance. <SEP> A seagull is on the beach as the sun sets. <SEP> 0,0,0
"The image is a large clock tower. It is made of stone, red bricks, and grey bricks. There are two clocks that are visible on the tower. The clocks are white and black. The time on clock reads, 1:27. Based off of what the clouds in the image look like, it appears to be an overcast day. The trees in the image are bare. There is a lookout area at the top of the tower. Below the tower is a newer red brick building.  <SEP> This is an image of a city street. The street is very busy. There is a clock on the side of the street that has a white face and black numbers on it. It is daytime and the sky is partly cloudy and overcast. <SEP> 0",1,1
"The image is a large clock tower. It is made of stone, red bricks, and grey bricks. There are two clocks that are visible on the tower. The clocks are white and black. The time on clock reads, 1:27. Based off of what the clouds in the image look like, it appears to be an overcast day. The trees in the image are bare. There is a lookout area at the top of the tower. Below the tower is a newer red brick building.  <SEP> A clock tower made of red bricks is in the middle of a building. <SEP> 0",0,0
The room has a fireplace in it. There are two windows in this room. The sunlight is coming from one of the windows. There is a sheer shade over the window. There are two light fixtures on the walls. Both of the lights are on. There's a small rocking chair on a square rug on the floor. The rocking chair is made of wood. There's a footstool in front of the small rocking chair. There's a picture over a small table by the door on the wall. <SEP> There is a large room with many chairs and tables. There are many lights hanging from the ceiling in the room. The chairs are white and the tables are made of wood.  <SEP> 0,1,1
"The room has a fireplace in it. There are two windows in this room. The sunlight is coming from one of the windows. There is a sheer shade over the window. There are two light fixtures on the walls. Both of the lights are on. There's a small rocking chair on a square rug on the floor. The rocking chair is made of wood. There's a footstool in front of the small rocking chair. There's a picture over a small table by the door on the wall. <SEP> An old fashioned living room with a fireplace, rocking chair, table, and rug. <SEP> 0",0,0
"A road runs through a wooded area.  The road has two lanes, each running in opposite directions, separated by a double yellow stripe.  A sign points the way to two separate routes coming up at an intersection.  A pole is over the sign.  It holds overhead wiring.A car is in the background, heading away from the sign.  A stop sign is in the distance in front of the car.  It is partly cloudy. <SEP> This is an image of a road. The road is paved. There is a white and blue sign on the side of the road that says ""Traffic on I-95."" The sign is on a metal pole that is attached to a pole <SEP> 0",1,1
"A road runs through a wooded area.  The road has two lanes, each running in opposite directions, separated by a double yellow stripe.  A sign points the way to two separate routes coming up at an intersection.  A pole is over the sign.  It holds overhead wiring.A car is in the background, heading away from the sign.  A stop sign is in the distance in front of the car.  It is partly cloudy. <SEP> A road sign with two arrows pointing in opposite directions. <SEP> 0",0,0
A picture of odd wooden shapes on the ground. There is a large framed mirror behind the objects. The floor under the objects is made out of wood. There are brown nail marks in the wooden floor boards. The wall next to the mirror is white. The wall above the mirror is brown. The floor in the reflection is shiny.  <SEP> This is a picture of some items on a shelf. The shelf is made of wood. There are a lot of items in this picture. Some of the items are small children's toys. One little boy is wearing a red and white striped shirt <SEP> 0,1,1
A picture of odd wooden shapes on the ground. There is a large framed mirror behind the objects. The floor under the objects is made out of wood. There are brown nail marks in the wooden floor boards. The wall next to the mirror is white. The wall above the mirror is brown. The floor in the reflection is shiny.  <SEP> A mirror on the wall shows a bunch of wooden puzzles and a banana on the floor. <SEP> 0,0,0
"A young man of normal weight, with short brown hair and a small goatee, stares at the camera. He has a slight grin on his face, and one eyebrow is upturned. He  is wearing an orange t-shirt and a very wrinkled orange, tan and black checked sleeveless vest, with a pale blue striped tie. Slightly out of focus in the background is another person in a white t-shirt, sitting on a metal chair, and bed with white and beige pillows on it. <SEP> A man is sitting at a table in a room. He is wearing a white shirt and gray pants. There is a black and white picture hanging on the wall behind the man.  <SEP> 0",1,1
"A young man of normal weight, with short brown hair and a small goatee, stares at the camera. He has a slight grin on his face, and one eyebrow is upturned. He  is wearing an orange t-shirt and a very wrinkled orange, tan and black checked sleeveless vest, with a pale blue striped tie. Slightly out of focus in the background is another person in a white t-shirt, sitting on a metal chair, and bed with white and beige pillows on it. <SEP> A man is wearing a red shirt and a vest with a tie. He has a beard and is smiling. <SEP> 0",0,0
"Men, women and children are standing outside on a grassy field. They are flying kites. One kite is blue and red in color. Another kite is pink, green and yellow. A baby stroller is sitting on the grass beside two men. All of the people are dressed warmly. The sky is bright white above all of the people.  <SEP> A group of people are standing on a grassy field playing soccer. There is a man in a blue shirt and white shorts standing in front of the field. He is holding a yellow and black soccer ball in his hands.  <SEP> 0",1,1
"Men, women and children are standing outside on a grassy field. They are flying kites. One kite is blue and red in color. Another kite is pink, green and yellow. A baby stroller is sitting on the grass beside two men. All of the people are dressed warmly. The sky is bright white above all of the people.  <SEP> A group of people are gathered on a hill. Some are flying kites. <SEP> 0",0,0
A man stands in a snow covered field while holding a hose. There are two horses in front of the man with the hose. There is a fence in front of the man with the hose. The sky above the scene is gray and cloudy. There are large buckets near the horses. There is a forest off in the distance behind the horses. The hose is yellow.  <SEP> This is an image of a horse. The horse is brown and white. There is a man standing in front of the man. He is wearing a white shirt and a black hat on his head.  The man is holding a stick in his <SEP> 0,1,1
"A man stands in a snow covered field while holding a hose. There are two horses in front of the man with the hose. There is a fence in front of the man with the hose. The sky above the scene is gray and cloudy. There are large buckets near the horses. There is a forest off in the distance behind the horses. The hose is yellow.  <SEP> A man is standing outside of a chain link fence with a hose in his hand. He is wearing a black jacket and black pants. There are two horses standing in the pen behind him. The horses are both dark brown. There is a bucket on the ground in front of the man. There is a sign on the fence behind the horses. The sign says ""Warning"". <SEP> 0",0,1
"A small boat with ""PZ4"" written on the rear back is seen anchored in a shallow turquoise body of water. The boat has a black bottom and a white deck with an orange roof on the cabin. An orange and white life preserver is on the top of the boat. A bunch of small white birds are swimming around in the water. There is a full lush bush near the camera at the bottom of the image. A tall rock cliff is visible on the other side of the water.  <SEP> A boat is in the water. There is a large body of water behind the boat. The water is calm and has small waves in it.  <SEP> 0",1,1
"A small boat with ""PZ4"" written on the rear back is seen anchored in a shallow turquoise body of water. The boat has a black bottom and a white deck with an orange roof on the cabin. An orange and white life preserver is on the top of the boat. A bunch of small white birds are swimming around in the water. There is a full lush bush near the camera at the bottom of the image. A tall rock cliff is visible on the other side of the water.  <SEP> Boat with the name PZA on it sits in the water. <SEP> 0",0,0
"A woman in a black tank top is sitting at a small round table indoors and filling out an application with two large wine glasses on the table. The woman has brown hair, and is making an odd face at her companion. The table behind her is empty. The table next to that has a person in a black shirt sitting at it. On the other side of the room there are two green arm chairs and a short table between them. <SEP> A woman is sitting at a table in a restaurant. She is wearing a white shirt and black pants. There is a glass of wine in front of the woman.  <SEP> 0",1,1
"A woman in a black tank top is sitting at a small round table indoors and filling out an application with two large wine glasses on the table. The woman has brown hair, and is making an odd face at her companion. The table behind her is empty. The table next to that has a person in a black shirt sitting at it. On the other side of the room there are two green arm chairs and a short table between them. <SEP> Woman sitting at table with wine glasses and stuffed animal on table. <SEP> 0",0,0
The snow is all over the ground. The pole with a traffic light on it is coming out of the ground. The pole is leaning to the left. There are footprints in the snow. There are cars driving on the street. The cars are driving slowly down the snowy Street. The car closest to the camera has their brake lights on. The brake lights are red. Most of the trees if not all are bare. <SEP> This is a picture of a street. The street is gray and has white lines painted on it. There are two people walking on the sidewalk. One of the people is wearing a black jacket and black pants. They are both carrying umbrellas <SEP> 0,1,1
The snow is all over the ground. The pole with a traffic light on it is coming out of the ground. The pole is leaning to the left. There are footprints in the snow. There are cars driving on the street. The cars are driving slowly down the snowy Street. The car closest to the camera has their brake lights on. The brake lights are red. Most of the trees if not all are bare. <SEP> A traffic light is on the side of a street and the light is red. <SEP> 0,0,0
This photo was taken in the kitchen. The photo was taken in the daytime. There are three lights hanging from the ceiling. There is a long marble counter in the middle with wood cabinets a silver dishwasher and a double sink on the left. There is a bowl on apples on that long counter. On the left there is a silver stove in the middle with two woos cabinet units on each side. Above the stove is more cabinets. The walls are painted yellow and the door and trimming is white. On the right there are two windows. <SEP> The kitchen is very clean. The cabinets are made of wood. There is a window on the wall behind the kitchen. <SEP> 0,1,1
This photo was taken in the kitchen. The photo was taken in the daytime. There are three lights hanging from the ceiling. There is a long marble counter in the middle with wood cabinets a silver dishwasher and a double sink on the left. There is a bowl on apples on that long counter. On the left there is a silver stove in the middle with two woos cabinet units on each side. Above the stove is more cabinets. The walls are painted yellow and the door and trimming is white. On the right there are two windows. <SEP> The kitchen has a large island with a granite countertop and stainless steel sink. The cabinets are dark wood and the walls are yellow. There is a window with a tree outside. <SEP> 0,0,1
"A young man is on one knee on his long skateboard. He is riding his skateboard down a empty city road. He is going at a fast speed because the photo is blurry. The sun is peaking out, but it is lower in the sky. Therefore my guess is it is sunset and its late on in the evening. You can also see blurry trees with green leafs on them.  <SEP> A man is skateboarding outside on a sunny day. He is wearing a black shirt, black pants, and black and white sneakers. The skateboard is black with a red stripe down the side of it. There is a large body of water <SEP> 0",1,1
"A young man is on one knee on his long skateboard. He is riding his skateboard down a empty city road. He is going at a fast speed because the photo is blurry. The sun is peaking out, but it is lower in the sky. Therefore my guess is it is sunset and its late on in the evening. You can also see blurry trees with green leafs on them.  <SEP> A man is riding a skateboard in a park. <SEP> 0",0,0
"A mean is on a wooden tray near a small dipping pool on a terrace over looking the sea. On the ray there is a plate of what looks like chicken Parmesan, and two baskets of bread. There is a pat of butter on a plate, sale and pepper shakers, and a sauce of some sort in a small bowl. Near the top there is a pot of tea, and coffee mug.  <SEP> This is a picture of a kitchen. The kitchen is very modern and modern. There are many items on the counter. Some of the items are wine glasses, knives, and utensils. A glass of wine is sitting on a white table <SEP> 0",1,1
"A mean is on a wooden tray near a small dipping pool on a terrace over looking the sea. On the ray there is a plate of what looks like chicken Parmesan, and two baskets of bread. There is a pat of butter on a plate, sale and pepper shakers, and a sauce of some sort in a small bowl. Near the top there is a pot of tea, and coffee mug.  <SEP> A breakfast tray with a pizza on it sits on a balcony overlooking the ocean. <SEP> 0",0,0
"A man and woman sit next to each other in front of a music store. There is a large green cement wall up against the front of the store. There is a yellow fire hydrant in front of the couple in front of the music store. The building the music store is in consist of multiple stories. The sidewalk in front of the music store is gray. There is a tree also in front of the music store. There are bars in the windows of the music store.
 <SEP> This is an image of a street. There is a man walking on the sidewalk. The man is wearing a black shirt and gray pants. He is holding a red and white sign in his hand that is attached to the handlebars of the car <SEP> 0",1,1
"A man and woman sit next to each other in front of a music store. There is a large green cement wall up against the front of the store. There is a yellow fire hydrant in front of the couple in front of the music store. The building the music store is in consist of multiple stories. The sidewalk in front of the music store is gray. There is a tree also in front of the music store. There are bars in the windows of the music store.
 <SEP> A yellow fire hydrant sits in front of a storefront with a sign that says ""Steve's Music Store"" above it. <SEP> 0",0,0
People are gathered around together in the living room. Most of the people are sitting down. Only two people are standing. The majority of the room has carpet on the floor. The floor closer to the door is made of hard wood. The hardwood floor is an amber color. The light above the table is turned on. <SEP> A group of people are sitting at a table in a room. There is a woman sitting in front of the woman. The woman is wearing a white shirt and is holding a glass of water in her hand.  <SEP> 0,1,1
People are gathered around together in the living room. Most of the people are sitting down. Only two people are standing. The majority of the room has carpet on the floor. The floor closer to the door is made of hard wood. The hardwood floor is an amber color. The light above the table is turned on. <SEP> A group of people are sitting in a circle in a living room. <SEP> 0,0,0
"A freight train of tanker railcars is sitting on or traveling on a set of tracks.  The tankers are cylindrical, some with a few markings.  Overhead wires used for electric trains are present.  A few signal poles are visible in the foreground.  A few tall buildings are in the distance behind the train. It is a sunny day. <SEP> This is an image of a train station. The train is yellow and blue. There is a large building behind the train. the building is made of brick. there are many windows on the side of the platform. Some windows are white and some <SEP> 0",1,1
"A freight train of tanker railcars is sitting on or traveling on a set of tracks.  The tankers are cylindrical, some with a few markings.  Overhead wires used for electric trains are present.  A few signal poles are visible in the foreground.  A few tall buildings are in the distance behind the train. It is a sunny day. <SEP> Long train of cars is on tracks. <SEP> 0",0,0
The elephant stands in the grass. The elephant is small. The elephant has tusks. The tusks are little. The elephant is grey. The elephant is standing by the water. The water is like a river. The grass is mostly yellow. There is a hill on the other side of the water. The water is still. there is wood in the water. The grass is short. There are trees on the other side of the river.  <SEP> A large elephant is standing in a field. There is a large body of water behind the elephant.  <SEP> 0,1,1
The elephant stands in the grass. The elephant is small. The elephant has tusks. The tusks are little. The elephant is grey. The elephant is standing by the water. The water is like a river. The grass is mostly yellow. There is a hill on the other side of the water. The water is still. there is wood in the water. The grass is short. There are trees on the other side of the river.  <SEP> An elephant is drinking water from a river. <SEP> 0,0,0
"This is an image of a bay. The bay has a line of boats. The boats are parked. The boats are sail boats. The right boat is black and yellow. There are nets on the mast of the boat. The middle boat is white and black. The left boat is red, white and black. The masts have many different ropes going to the masts. <SEP> There is a boat in the water. The boat is white and blue. There are two people on the boat. One of the people is wearing a blue shirt and is holding a red frisbee.  <SEP> 0",1,1
"This is an image of a bay. The bay has a line of boats. The boats are parked. The boats are sail boats. The right boat is black and yellow. There are nets on the mast of the boat. The middle boat is white and black. The left boat is red, white and black. The masts have many different ropes going to the masts. <SEP> Three sailboats are docked at a pier. <SEP> 0",0,0
"A woman is taking an item from the oven that was baking. The individual, whom appears to be a Caucasian female, is wearing a knee length denim skirt, with a long sleeved green shirt. In addition, a brown furry dog is watching intently, the individuals actions. The cabinets in the kitchen are a dull white color, and the floor is a medium toned hardwood.  <SEP> A woman is standing in a kitchen. She is wearing a white shirt and a black and white striped shirt. There is a silver refrigerator in front of the woman.  <SEP> 0",1,1
"A woman is taking an item from the oven that was baking. The individual, whom appears to be a Caucasian female, is wearing a knee length denim skirt, with a long sleeved green shirt. In addition, a brown furry dog is watching intently, the individuals actions. The cabinets in the kitchen are a dull white color, and the floor is a medium toned hardwood.  <SEP> A woman is opening the oven door with oven mitts. <SEP> 0",0,0
"There is a sandwich in a container. The container is a plastic tupperware container. The sandwich is made of untoasted slices of bread. There is a luncheon meat slice between the bread. There are slices of banana in the sandwich as well. On the counter, beside the container, is a banana that has been sliced into seven portions.  <SEP> This is a picture of some food. The food is all prepared on a white plate. There is broccoli, meatballs, and some sort of meat on top of the broccoli. On the right side there is some brown rice. Next to the <SEP> 0",1,1
"There is a sandwich in a container. The container is a plastic tupperware container. The sandwich is made of untoasted slices of bread. There is a luncheon meat slice between the bread. There are slices of banana in the sandwich as well. On the counter, beside the container, is a banana that has been sliced into seven portions.  <SEP> A sandwich with a slice of banana on it. <SEP> 0",0,0
Two trees brown tree trunks look as if the bark is peeling. One of the trees have a greenish mold on it. There are leaves of another tree in the background as well as a white wall. A chain link fence is at the bottom of the photo. There is a brown and tan giraffe in the photo that has to small horns on the top of his head.  <SEP> A giraffe is standing in a field. There are trees behind the giraffes.  <SEP> 0,1,1
Two trees brown tree trunks look as if the bark is peeling. One of the trees have a greenish mold on it. There are leaves of another tree in the background as well as a white wall. A chain link fence is at the bottom of the photo. There is a brown and tan giraffe in the photo that has to small horns on the top of his head.  <SEP> A giraffe standing in a forest. <SEP> 0,0,0
"Three large brown bears are swimming in a river. The bear on the left has his head tilted to the left and his fur is wet up to the bottom of his ears. The one on the right of him is dry above is shoulders. The final bear is all the way in the water and only a little of his back is showing above the water. There is something in the water behind the first bear that appears to be a rock. Behind there is a green, grassy shore. <SEP> This is an image of a bear. The bear is brown and black. There is a large body of water behind the bear that has small waves in it.  <SEP> 0",1,1
"Three large brown bears are swimming in a river. The bear on the left has his head tilted to the left and his fur is wet up to the bottom of his ears. The one on the right of him is dry above is shoulders. The final bear is all the way in the water and only a little of his back is showing above the water. There is something in the water behind the first bear that appears to be a rock. Behind there is a green, grassy shore. <SEP> Three bears are swimming in a river. <SEP> 0",0,0
Part of a woman can be seen walking on a sidewalk. A large electrical pole is on the sidewalk in front of her. The sidewalk is near a road. The road has different vehicles on it. Power lines are running through the air across the road. Buildings are sitting on both sides of the road. A row of vehicles are parked in front of a building on the side of the road. A large leafless tree is hovering over the vehicles. <SEP> There is a stop sign on the street. The sign is red and white. There are a lot of cars in the road. Some of the cars are white and some of them are black.  <SEP> 0,1,1
Part of a woman can be seen walking on a sidewalk. A large electrical pole is on the sidewalk in front of her. The sidewalk is near a road. The road has different vehicles on it. Power lines are running through the air across the road. Buildings are sitting on both sides of the road. A row of vehicles are parked in front of a building on the side of the road. A large leafless tree is hovering over the vehicles. <SEP> A street scene with a bus and cars driving on it. <SEP> 0,0,0
"The image is a portrait of a man. The man is wearing a gray suit jacket. The shirt is blue. He is wearing a patterned necktie. The man has grey and brown hair. He is smiling at the camera. The man is wearing eyeglasses. On his finger, there are two rings. The man is standing behind a blue leather chair. The background is gray. <SEP> A man is sitting at a table. He is wearing a white shirt and a black tie. There is a glass of water behind the man.  <SEP> 0",1,1
"The image is a portrait of a man. The man is wearing a gray suit jacket. The shirt is blue. He is wearing a patterned necktie. The man has grey and brown hair. He is smiling at the camera. The man is wearing eyeglasses. On his finger, there are two rings. The man is standing behind a blue leather chair. The background is gray. <SEP> A man in a gray suit and blue shirt is sitting in a chair with his hands resting on the back of the chair. He is wearing glasses and has a ring on his finger. <SEP> 0",0,0
"The water is blue, but there a a lot of seaweed floating in the background. There is a dog, or what seems to be a dog, swimming in the water toward the wave. The wave has white suds spraying into the air. There is is surfer surfing the wave. The surfer is wearing a black wet suit. He standing with is knees slightly bent and his arms extended out. <SEP> A man is surfing on a wave. He is wearing a black wet suit. There is a large wave in the water behind him.  <SEP> 0",1,1
"The water is blue, but there a a lot of seaweed floating in the background. There is a dog, or what seems to be a dog, swimming in the water toward the wave. The wave has white suds spraying into the air. There is is surfer surfing the wave. The surfer is wearing a black wet suit. He standing with is knees slightly bent and his arms extended out. <SEP> A man surfing in the ocean. <SEP> 0",0,0
"A baseball player is holding a brown bat in his hands. He is wearing a blue and white uniform and a blue helmet. A white base is sitting on the ground in front of him. The field has green grass, brown dirt, and white painted lines on it. Three people can be seen sitting in a dug out watching the man play baseball. <SEP> A baseball player is standing on a baseball field. He is wearing a blue and white uniform and a black helmet. A catcher is squatting behind the player. There is a catcher's mask on his face.  <SEP> 0",1,1
"A baseball player is holding a brown bat in his hands. He is wearing a blue and white uniform and a blue helmet. A white base is sitting on the ground in front of him. The field has green grass, brown dirt, and white painted lines on it. Three people can be seen sitting in a dug out watching the man play baseball. <SEP> A baseball player is swinging his bat. He is wearing a blue uniform with the number 5 on the back. He is standing on the base. <SEP> 0",0,0
The sky is overcast and grey. There is a horse standing out amongst the cars. There's a green car to the right of the horse. The horse is pulling a black cart. A man is leaning over the cart. The horses standing still. The horse is a white cream color. The horses standing in front of a short tan building. The building has a green roof. <SEP> This is an image of a street. The street is made of brick. There is a car parked on the side of the street with a white license plate on it. This car is white and blue. It has a red and black tail light <SEP> 0,1,1
The sky is overcast and grey. There is a horse standing out amongst the cars. There's a green car to the right of the horse. The horse is pulling a black cart. A man is leaning over the cart. The horses standing still. The horse is a white cream color. The horses standing in front of a short tan building. The building has a green roof. <SEP> A man is pulling a horse in a wagon in front of a gas station. The man is wearing a hat and the horse is wearing a harness. The gas station has a blue sign with a white cross on it. There is a black car parked next to the gas station. There are trees and houses in the background. <SEP> 0,0,0
In the picture there is a small dog. The small dog is off white in color. The dog is looking straight at the camera. The dog has a fluffy coat of hair. The dog looks happy in the picture. The dog is laying on a dog bed. The dog bed is tan and brown in color. The background in the picture is black. The dog has a small fuzzy tail. <SEP> This is an image of a cat. The cat is brown and white. There is a small dog sitting on top of the cat's head. the dog has a white collar around its neck.  The dog is laying on a blue blanket. <SEP> 0,1,1
In the picture there is a small dog. The small dog is off white in color. The dog is looking straight at the camera. The dog has a fluffy coat of hair. The dog looks happy in the picture. The dog is laying on a dog bed. The dog bed is tan and brown in color. The background in the picture is black. The dog has a small fuzzy tail. <SEP> A small white poodle dog is lying in a tan dog bed. The dog is looking at the camera with a sad expression. <SEP> 0,0,0
"Two older women are sitting side by side on a park bench overlooking a body of water.  The woman on the right has grey hair and is wearing a white shirt, blue pants and sunglasses. The woman on the left has a sleeveless top and is wearing a straw hat. Flowers are planted in a stone structure to the left of the women  There are two boats docked in the water nearby. Across the water is a very large building and some smaller ones, as well as other boats. <SEP> A woman is sitting on a bench. The bench is made of wood. There is a large body of water behind the woman.  <SEP> 0",1,1
"Two older women are sitting side by side on a park bench overlooking a body of water.  The woman on the right has grey hair and is wearing a white shirt, blue pants and sunglasses. The woman on the left has a sleeveless top and is wearing a straw hat. Flowers are planted in a stone structure to the left of the women  There are two boats docked in the water nearby. Across the water is a very large building and some smaller ones, as well as other boats. <SEP> Two elderly women are sitting on a bench overlooking a body of water. <SEP> 0",0,0
The clear blue sky in the background reflects off the vibrant white snow. There is a man skiing on the snow. He is wearing a yellow backpack on his back. He has a grey vest over a black long sleeve shirt with black long pants. He snow shoes are yellow and match his yellow skis. He is also wearing a helmet and goggles. The skiers shadow is cast under him on the snow.  <SEP> A man is skiing down a hill. He is wearing a black jacket and black pants. There is snow on the hill behind him.  <SEP> 0,1,1
The clear blue sky in the background reflects off the vibrant white snow. There is a man skiing on the snow. He is wearing a yellow backpack on his back. He has a grey vest over a black long sleeve shirt with black long pants. He snow shoes are yellow and match his yellow skis. He is also wearing a helmet and goggles. The skiers shadow is cast under him on the snow.  <SEP> A skier is jumping off a snowy hill. <SEP> 0,0,0
This picture is taken inside of a kitchen. A white door is leading into the kitchen. A rug is on the floor in front of the door. The kitchen has white cabinets with black counter tops. A white sink drops inside of the kitchen. White tiles are on a wall behind the sink. A window is hanging above the sink with brown curtains on top of it. <SEP> There is a white table in a room. There are two chairs in front of the table. The chairs are wooden and white.  <SEP> 0,1,1
This picture is taken inside of a kitchen. A white door is leading into the kitchen. A rug is on the floor in front of the door. The kitchen has white cabinets with black counter tops. A white sink drops inside of the kitchen. White tiles are on a wall behind the sink. A window is hanging above the sink with brown curtains on top of it. <SEP> A kitchen with a large island in the center. The island has a black countertop and white cabinets with silver handles. There is a sink on the right side of the island and a stove on the left side. There is a window above the sink and a door on the left side of the image. The window has a valance with a pattern of small circles. <SEP> 0,0,0
"This image is of a bathroom. There is a white toilet and sink which are situated next to each other on one wall. There is a window above the toilet which has a board over it. There is a mirror over the sink with an arched shaped to it. An empty toilet roll holder is hanging on the wall to the left of the toilet. There is a dirty rag laid flat under the sink which looks as though it has been placed to catch drips from under the sink. The bathroom door is visible and ajar, it has a brass colored door knob. The flooring is tile, mostly beige but with some accent colors included, and the walls are papered with an orange floral patterned paper. <SEP> A bathroom with white walls. There is a white sink on the wall behind the sink. The shower curtain is hanging over the counter.  <SEP> 0",1,1
"This image is of a bathroom. There is a white toilet and sink which are situated next to each other on one wall. There is a window above the toilet which has a board over it. There is a mirror over the sink with an arched shaped to it. An empty toilet roll holder is hanging on the wall to the left of the toilet. There is a dirty rag laid flat under the sink which looks as though it has been placed to catch drips from under the sink. The bathroom door is visible and ajar, it has a brass colored door knob. The flooring is tile, mostly beige but with some accent colors included, and the walls are papered with an orange floral patterned paper. <SEP> Small bathroom with pink walls and white fixtures. <SEP> 0",0,1
There is a vase on the table. The vase is tan and black. There's a rock to the left side of the face. There are flowers in the vase. The flowers are bright yellow. The flowers have leaves on them. The leaves are thick and green and healthy. The table that the flowers are on has a tablecloth on it. The tablecloth is red white and blue. The tablecloth is red with white lines and a big blue line on it. There are chairs at the table. There are two chairs all together. To the right of the table are two windows. The wall under the windows is green. <SEP> This is a picture of some food. The food is all prepared on a white plate. There is some brown rice and some red beans on the plate as well. Some of the food looks as though they have been prepared in a kitchen or a <SEP> 0,1,1
There is a vase on the table. The vase is tan and black. There's a rock to the left side of the face. There are flowers in the vase. The flowers are bright yellow. The flowers have leaves on them. The leaves are thick and green and healthy. The table that the flowers are on has a tablecloth on it. The tablecloth is red white and blue. The tablecloth is red with white lines and a big blue line on it. There are chairs at the table. There are two chairs all together. To the right of the table are two windows. The wall under the windows is green. <SEP> A vase of yellow tulips sits on a red and blue striped tablecloth. <SEP> 0,0,1
A man is sitting with his guitar. His left hand is holding the guitar neck. The man is wearing a straw hat. The man's head is down. You cannot see the man's face. There's a bottle on the table in front of the man. The guitar is made of wood. The guitar is a light brown color. There is a television behind the man. The television is not on. The television is gray color. The man is sitting on the side of a fireplace. The fireplace is made of thin brick. <SEP> A woman is sitting at a table. She is wearing a white shirt and blue jeans. There is a glass of water in front of the woman.  <SEP> 0,1,1
A man is sitting with his guitar. His left hand is holding the guitar neck. The man is wearing a straw hat. The man's head is down. You cannot see the man's face. There's a bottle on the table in front of the man. The guitar is made of wood. The guitar is a light brown color. There is a television behind the man. The television is not on. The television is gray color. The man is sitting on the side of a fireplace. The fireplace is made of thin brick. <SEP> Man wearing a straw hat is playing guitar in front of a brick fireplace. <SEP> 0,0,0
The elephant is in the wild. He has a long trunks. The trunks are brown with touch of white. The elephant's ears are wide and has spots. The elephants body is wrinkled and brown. Behind him are long brown trees. The ground is covered with green and brown grass. The sky is blue with touch of white/gray puffy clouds. <SEP> There is a large elephant standing in a field. The elephant is brown and white. There are trees behind the elephant.  <SEP> 0,1,1
The elephant is in the wild. He has a long trunks. The trunks are brown with touch of white. The elephant's ears are wide and has spots. The elephants body is wrinkled and brown. Behind him are long brown trees. The ground is covered with green and brown grass. The sky is blue with touch of white/gray puffy clouds. <SEP> An elephant standing next to a tree with its trunk wrapped around the tree. <SEP> 0,0,0
"Two men are sitting at a table outdoors. The man on the right is wearing a plaid shirt and a visor. He has his arms out and palms turned up. The man on the left is wearing a t-shirt that says ""BRONX."" Empty glasses and three bottles are on the table. There is also a cruet of oil. A brick structure, perhaps an oven, is to the left rear of the man on the left.  <SEP> A woman is sitting at a table in a restaurant. She is wearing a white shirt and blue jeans. There is a glass of water in front of the woman.  <SEP> 0",1,1
"Two men are sitting at a table outdoors. The man on the right is wearing a plaid shirt and a visor. He has his arms out and palms turned up. The man on the left is wearing a t-shirt that says ""BRONX."" Empty glasses and three bottles are on the table. There is also a cruet of oil. A brick structure, perhaps an oven, is to the left rear of the man on the left.  <SEP> Two men are sitting at a table outside. <SEP> 0",0,0
This is an image of a street. The street signs are on a white pole. The pole is metal. The top sign is blue and white with a red slash in the middle of it. The bottom sign is white and black with a red circle and red slash in the middle. The top sign has a white border. The street is concrete with rail road tracks embedded in it. <SEP> This is an image of a street. The street is gray and has white lines painted on it. There is a car driving on the right side of the street with a red and white sign attached to the side. It is driving at a speed <SEP> 0,1,1
This is an image of a street. The street signs are on a white pole. The pole is metal. The top sign is blue and white with a red slash in the middle of it. The bottom sign is white and black with a red circle and red slash in the middle. The top sign has a white border. The street is concrete with rail road tracks embedded in it. <SEP> A street with a no parking sign and a no left turn sign. <SEP> 0,0,0
"Passengers are seated in a mass transit bus traveling down the street.  The driver is seated on the left hand side in an enclosure.  He is visible through the reflection from a rear view mirror.  The farebox is next to the enclosure.  A television monitor is behind the driver, and is turned on.  A woman sits on a seat mounted atop the wheel well.  She has placed a white plastic bag on the floor. A passenger seated behind her is resting his or her foot on the well.  The bus has blue vertical poles for standing passengers to use.  Some bus straps are also suspended from the ceiling for passenger use. It is daytime.   <SEP> This is an image of a bus stop. The bus is white and blue. There is a man sitting on the side of the bus. He is wearing a black shirt and gray pants. This man is holding a cell phone to his ear. <SEP> 0",1,1
"Passengers are seated in a mass transit bus traveling down the street.  The driver is seated on the left hand side in an enclosure.  He is visible through the reflection from a rear view mirror.  The farebox is next to the enclosure.  A television monitor is behind the driver, and is turned on.  A woman sits on a seat mounted atop the wheel well.  She has placed a white plastic bag on the floor. A passenger seated behind her is resting his or her foot on the well.  The bus has blue vertical poles for standing passengers to use.  Some bus straps are also suspended from the ceiling for passenger use. It is daytime.   <SEP> The interior of a bus is shown with a yellow sign on the seat of a passenger. <SEP> 0",0,1
"A small cell with iron gates is painted a light green on the bottom of its cement walls, and white on top. A lidless white toilet sits against the back wall, and a rusted small white sink is next to the toilet. On the back wall are two empty white shelves, and two metal shelves that fold up are attached to the left wall. The floor is tiled, and the walls and floor are dirty. <SEP> This is an image of a man. The man is wearing a black shirt and pants. He is holding a white surfboard under his arm. There is a large body of water behind the man that has small waves in it.  <SEP> 0",1,1
"A small cell with iron gates is painted a light green on the bottom of its cement walls, and white on top. A lidless white toilet sits against the back wall, and a rusted small white sink is next to the toilet. On the back wall are two empty white shelves, and two metal shelves that fold up are attached to the left wall. The floor is tiled, and the walls and floor are dirty. <SEP> A cell with a toilet and a sink behind bars. <SEP> 0",0,0
"There is a train in the picture. There are many train tracks. The train is blue, yellow, and white. There are many poles in this picture. The tracks are brown. There are green bushes near the tracks. In the background there is graffiti on the walls in different colors. The poles are grey and tall. The bushes are short.  <SEP> This is an image of a city street. The street is made of concrete. There is a large white and red fire hydrant on the side of the street that is covered in yellow and green paint. On the right side, there are two <SEP> 0",1,1
"There is a train in the picture. There are many train tracks. The train is blue, yellow, and white. There are many poles in this picture. The tracks are brown. There are green bushes near the tracks. In the background there is graffiti on the walls in different colors. The poles are grey and tall. The bushes are short.  <SEP> A train is on a track in a complex area. <SEP> 0",0,0
"A orange,blue and red train is sitting on some tracks and next to the tracks is a pile of trash on the ground.Some flowerpots is sitting near the trash. People are sitting on chairs Just behind the pile of trash. A man standing near the tracks is wearing a brown uniform hat, shirt and pants and he is holding a red flag in one hand and a green flag in his other hand. There are some children standing near the tracks behind him. <SEP> A man is walking on a sidewalk. He is wearing a black jacket and black pants. There is a large building behind the man with many windows on it.  <SEP> 0",1,1
"A orange,blue and red train is sitting on some tracks and next to the tracks is a pile of trash on the ground.Some flowerpots is sitting near the trash. People are sitting on chairs Just behind the pile of trash. A man standing near the tracks is wearing a brown uniform hat, shirt and pants and he is holding a red flag in one hand and a green flag in his other hand. There are some children standing near the tracks behind him. <SEP> A flower vendor watches as a train with SRT on the side passes by. <SEP> 0",0,0
"On a wooden board there are pieces of brown bread. On the corner of the board there is a bowl color white with yellow sauce. Somebody is holding a fork with the index finger that push on one bread. The fork is metal color silver. Back the board, there is a black phone on a white table next to a glass. <SEP> This is a picture of some food. The food is sitting on top of a white plate. There is some brown rice and some green beans on the plate as well. Some of the food looks like they have been prepared in a restaurant. A <SEP> 0",1,1
"On a wooden board there are pieces of brown bread. On the corner of the board there is a bowl color white with yellow sauce. Somebody is holding a fork with the index finger that push on one bread. The fork is metal color silver. Back the board, there is a black phone on a white table next to a glass. <SEP> A wooden cutting board with a serving of breaded meat on it. The meat is cut into strips and is topped with a red sauce and a yellow mustard sauce. There is a small white bowl of mustard sauce next to the meat. There is a fork in the foreground. In the background, there is a cell phone and a grater. <SEP> 0",0,0
This is a picture of a bedroom. A large bed is sitting against a painted white wall. There are two large white blankets and four white pillows on the bed. Two slim lamps sit on nightstands that are standing near the bed. Part of a picture frame can be seen hanging over the bed. A long green curtain is hanging on the floor in the room. <SEP> A bed is in a room. There is a white pillow on top of the bed. The bed has white sheets on it.  <SEP> 0,1,1
This is a picture of a bedroom. A large bed is sitting against a painted white wall. There are two large white blankets and four white pillows on the bed. Two slim lamps sit on nightstands that are standing near the bed. Part of a picture frame can be seen hanging over the bed. A long green curtain is hanging on the floor in the room. <SEP> A bedroom with a large bed that has two pillows and two comforters on it. <SEP> 0,0,0
"A table with a white lace table cloth is sitting in a room with a white wall. There is a blue glazed vase with etched flowers on it with a flower with green leaves on it sitting on the table. There is a clear glass bowl on a black metal base to the left of the vase, and there is a bear statue on the right of the vase and a clear glass cup. There is another flower on the ground near the table.  <SEP> This is a picture of a flower. The flower is pink and purple. There are two flowers in the middle of the photo. One is green and the other one is yellow and orange.  <SEP> 0",1,1
"A table with a white lace table cloth is sitting in a room with a white wall. There is a blue glazed vase with etched flowers on it with a flower with green leaves on it sitting on the table. There is a clear glass bowl on a black metal base to the left of the vase, and there is a bear statue on the right of the vase and a clear glass cup. There is another flower on the ground near the table.  <SEP> A still life of a potted orchid sits on a table with a bowl and teacups next to it. The table is covered with a white tablecloth with a lace overlay. There are flowers on the table as well. <SEP> 0",0,0
Two skillets and a pot is sitting on top of a stove in this kitchen. The burner under the pot is on. The door of a dishwasher is down with a rack sitting on top of it. The cabinets in the kitchen are white with green counter tops. There are numerous items sitting on top of the counter tops. The floor of the kitchen is hardwood. <SEP> The kitchen is very clean. There is a white refrigerator in the kitchen. The stove is white and the oven is stainless steel. <SEP> 0,1,1
"Two skillets and a pot is sitting on top of a stove in this kitchen. The burner under the pot is on. The door of a dishwasher is down with a rack sitting on top of it. The cabinets in the kitchen are white with green counter tops. There are numerous items sitting on top of the counter tops. The floor of the kitchen is hardwood. <SEP> Old kitchen with stove, dishes, and boxes. <SEP> 0",0,0
"A young boy, dressed in knee-high shorts and a red-striped white short-sleeved shirt, zooms around the skateboard apparatus.  He is smart, as he has on both a helmet and white knee protectors.  He wears gloves, to protect his hands, and simple shoes.  He seems to be alone, though in the distance he can see an open concrete lot and beyond that a parking lot and some cars.   <SEP> A man is skateboarding outside on a sunny day. He is wearing a black jacket, black pants, and black and white sneakers. There is a large white building behind the man.  <SEP> 0",1,1
"A young boy, dressed in knee-high shorts and a red-striped white short-sleeved shirt, zooms around the skateboard apparatus.  He is smart, as he has on both a helmet and white knee protectors.  He wears gloves, to protect his hands, and simple shoes.  He seems to be alone, though in the distance he can see an open concrete lot and beyond that a parking lot and some cars.   <SEP> A young boy is skateboarding down a ramp at a skate park. <SEP> 0",0,0
An animal is laying down. The animal is brown. There are trees on the mountains that are green. The trees are tall. The mountains are tall with grass on them. The animal has horns on its head. The clouds in the sky are white. There are clouds near the mountains. The animal has a large bone in his back.  <SEP> This is an image of some animals. The animals are goats. There are two goats in the image. One of the goats is white and the other is black and brown. Both of them have black horns.  The goat on the left is <SEP> 0,1,1
"An animal is laying down. The animal is brown. There are trees on the mountains that are green. The trees are tall. The mountains are tall with grass on them. The animal has horns on its head. The clouds in the sky are white. There are clouds near the mountains. The animal has a large bone in his back.  <SEP> Two cows lie down in a lush green field. In the background, there is a mountain range. <SEP> 0",0,0
The clouds in the sky are white. The sky is blue. The building is brown. Part of the building is really tall. There are windows on the brown building. There is a tall light pole in the image. There are vans parked that are white near the building. There is a clock on the building. The windows are clear on the building. <SEP> This is an image of a city street. The street is made of brick. There is a clock on the side of the street that is black and white. It says the time of 5:00 PM and it is located in the middle of <SEP> 0,1,1
The clouds in the sky are white. The sky is blue. The building is brown. Part of the building is really tall. There are windows on the brown building. There is a tall light pole in the image. There are vans parked that are white near the building. There is a clock on the building. The windows are clear on the building. <SEP> A large brick building with a tall clock tower has a flag flying above it. <SEP> 0,0,0
"Three people are sitting in a room. A man wearing a green t-shirt is looking to his right. He is wearing glasses. On the dresser behind him is a flower arrangement. To the right of that is a guitar case leaning against the wall.  A woman with long brown hair, a pink shirt and blue jeans is sitting next to the man. She is holding a toy wheel, perhaps from a video game, in her hands. The man sitting next to her on her left is holding a finger to his ear. A photo collage is on the wall.  <SEP> A man is sitting at a table in a living room of a home. He is wearing a gray shirt and gray pants. There is a large window on the wall behind the man. The man has brown hair and is smiling.  <SEP> 0",1,1
"Three people are sitting in a room. A man wearing a green t-shirt is looking to his right. He is wearing glasses. On the dresser behind him is a flower arrangement. To the right of that is a guitar case leaning against the wall.  A woman with long brown hair, a pink shirt and blue jeans is sitting next to the man. She is holding a toy wheel, perhaps from a video game, in her hands. The man sitting next to her on her left is holding a finger to his ear. A photo collage is on the wall.  <SEP> A man and a woman are sitting on a couch in a living room. The man is wearing a green shirt with a mushroom on it. The woman is wearing a pink shirt. They are both holding a controller. There is a picture on the wall behind them. <SEP> 0",0,1
"This is a photo of three young boys wearing cubs uniforms, how unfortunate. They are ready to play a baseball game, as two of the boys are wearing baseball mitts and one of the boys is even wearing war paint. The boy in front looks very happy, which is to be expected when playing team sports. Go team. <SEP> A baseball player is standing on a baseball field. He is wearing a blue and white uniform and a black helmet. A catcher is crouched behind the player on the ground behind him. There is a catcher's mask on his face.  <SEP> 0",1,1
"This is a photo of three young boys wearing cubs uniforms, how unfortunate. They are ready to play a baseball game, as two of the boys are wearing baseball mitts and one of the boys is even wearing war paint. The boy in front looks very happy, which is to be expected when playing team sports. Go team. <SEP> Three young baseball players stand on a field wearing blue uniforms with the letter C on the front. The boy in the middle is smiling. <SEP> 0",0,0
This is a picture of a stream. The stream is murky green and brown dirty water. There are animals walking in the stream. The animals are cows. The cows are large. The cows are black. The cow in the front has long horns. The horns are sharp. The horns are gray. There are bright green lush and leafy plants along the side of the stream. <SEP> There is a large herd of elephants in a field. The field is covered with grass and weeds. There are many trees in the background. Some of the trees are green and some are brown.  <SEP> 0,1,1
"This is a picture of a stream. The stream is murky green and brown dirty water. There are animals walking in the stream. The animals are cows. The cows are large. The cows are black. The cow in the front has long horns. The horns are sharp. The horns are gray. There are bright green lush and leafy plants along the side of the stream. <SEP> A man is herding a herd of black cows through a narrow river. The cows are walking in a line, one behind the other, and the man is walking in front of them. The river is narrow and is surrounded by dense vegetation. The vegetation consists of a variety of trees and shrubs. The trees are tall and have a lot of leaves. The shrubs are shorter and have fewer leaves. The water in the river is murky and brown. The man is wearing a hat and is carrying a stick. The cows are black and have long horns. The man is walking in the middle of the river. The cows are walking close to each other. The man is walking close to the cows. The man is looking at the cows. The cows are looking at the man. The man is smiling. The cows are not smiling. The image is a photograph. <SEP> 0",0,0
"A flock of white sheep are grazing on both green and brown grass, in a pasture. A rooster is behind the flock, standing in a narrow dirt road. Some of the sheep are also in the road. The dirt road curves around and then straightens out to the left, going all the through to into the background. A few sheep are lying on the green grass, next to a wire mesh fence, and a planted field of green vegetables are behind the grazing sheep. <SEP> This is an image of a field. The field has a lot of grass on it. There are two cows. One of the cows is white and the other one is black and brown.  <SEP> 0",1,1
"A flock of white sheep are grazing on both green and brown grass, in a pasture. A rooster is behind the flock, standing in a narrow dirt road. Some of the sheep are also in the road. The dirt road curves around and then straightens out to the left, going all the through to into the background. A few sheep are lying on the green grass, next to a wire mesh fence, and a planted field of green vegetables are behind the grazing sheep. <SEP> A large flock of sheep is being herded by a dog and a man through a dirt road and a field. <SEP> 0",0,0
A man is jumping in the air. The man is holding a green frisbee in his hand. There are trees behind the man.  <SEP> A man is standing on a skateboard. He is wearing a blue shirt and blue shorts. There is a white fence behind the man.  <SEP> 10,1,1
A man is jumping in the air. The man is holding a green frisbee in his hand. There are trees behind the man.  <SEP> A man is jumping in mid air to grab a green frisbee. <SEP> 10,0,0
Four sailboats with masts but no sails are lined up along the shore of a lake.  A hill rises beyond them in the sun.  Part of the hill is bare rock and dirt and part has low green bushes.  The sky is very blue beyond the hill.  <SEP> There are two boats in the water. One boat is white and the other is blue. The water is calm. There is a large body of water behind the boats.  <SEP> 10,1,1
"Four sailboats with masts but no sails are lined up along the shore of a lake.  A hill rises beyond them in the sun.  Part of the hill is bare rock and dirt and part has low green bushes.  The sky is very blue beyond the hill.  <SEP> A colorful and vibrant painting of sailboats on a calm sea. The foreground features two sailboats docked on a rocky shore, with the sailboats positioned side by side. The sailboats are depicted in a realistic style, with their sails unfurled and their hulls resting on the calm water. The water is depicted in a light blue hue, with small waves rippling across the surface. The shore is composed of a rocky beach with a few small rocks scattered around, and the background is dominated by a large, light-colored cliff covered in dense green vegetation. The cliff extends into the sky, creating a dramatic contrast between the light and dark elements of the painting. The sky is depicted in a light blue hue, with a few scattered clouds. The overall composition of the painting is well-balanced, with the sailboats and the cliff creating a sense of depth and perspective. The painting is done in a realistic style, with attention to detail and a focus on the natural beauty of <SEP> 10",0,0
"There is a large strip of grass along a road, with buildings, people, buses, trees and flags. The grass is very green and has something more overgrown like bushes that run along the road. The strip of road that is showing to the right of the picture is black. There are two large buses on the road. One bus is red with yellow words on it and the other is black. There are people in both buses, and along the grass and road. There are large trees running by the roads and buildings in the middle and back of the picture. There are two buildings showing. One building is on a street corner and is white with many stories. The other is to the left and is grey with many stories. There are two flag poles and one of them has a flag hanging on it. <SEP> A red and white bus is driving down a road. There is a red stop sign on the side of the bus. The road is paved and there are trees on both sides of it.  <SEP> 10",1,1
"There is a large strip of grass along a road, with buildings, people, buses, trees and flags. The grass is very green and has something more overgrown like bushes that run along the road. The strip of road that is showing to the right of the picture is black. There are two large buses on the road. One bus is red with yellow words on it and the other is black. There are people in both buses, and along the grass and road. There are large trees running by the roads and buildings in the middle and back of the picture. There are two buildings showing. One building is on a street corner and is white with many stories. The other is to the left and is grey with many stories. There are two flag poles and one of them has a flag hanging on it. <SEP> A double decker bus drives down a street in London. <SEP> 10",0,1
A person with a black shirt on is jumping on a skateboard. There is a boy in a red jacket standing in front of him. There is a black fence behind the people.  <SEP> A man is skateboarding outside on a sunny day. He is wearing a black helmet and black pants. The skateboard he is on is black and white. There is a white fence behind the man.  <SEP> 10,1,1
A person with a black shirt on is jumping on a skateboard. There is a boy in a red jacket standing in front of him. There is a black fence behind the people.  <SEP> A person is skateboarding over a ramp. <SEP> 10,0,0
There are four jets flying in the sky together. Each jet is leaving a trail of puffy white smoke behind the other one. The sky is a bright blue.  <SEP> There is a plane in the sky. The plane is white and has a blue tail. There is an engine on the back of the plane.  <SEP> 10,1,1
There are four jets flying in the sky together. Each jet is leaving a trail of puffy white smoke behind the other one. The sky is a bright blue.  <SEP> Four jets are flying in formation. <SEP> 10,0,0
A display window is seen with women's underwear on white mannequins inside in a mall. Beside the window there is a toy table with chairs around it which three plastic bears are sitting. There is a toy teapot with slots for coins so children can ride with the bears. <SEP> A man is sitting on a bench. The bench is made of wood. There is a white wall behind the man.  <SEP> 10,1,1
A display window is seen with women's underwear on white mannequins inside in a mall. Beside the window there is a toy table with chairs around it which three plastic bears are sitting. There is a toy teapot with slots for coins so children can ride with the bears. <SEP> A storefront window with a table between three bears. <SEP> 10,0,0
A person is jumping in the air on a snowboard. There is a ski lift behind them. There are trees next to the ski lift. There is a lot of snow on the ground under them.  <SEP> A man is standing on a snowboard. He is wearing a black jacket and black pants. There is snow all over the ground. The man has a white helmet on his head.  <SEP> 10,1,1
A person is jumping in the air on a snowboard. There is a ski lift behind them. There are trees next to the ski lift. There is a lot of snow on the ground under them.  <SEP> A snowboarder is jumping off a ramp. There are other snowboarders in the background. <SEP> 10,0,0
a woman is playing some tennis. her hat is white in color. she is wearing a skirt. the skirt is white in color. <SEP> A woman is standing on a tennis court playing tennis. She is wearing a white tank top and white shorts. There is a green tennis ball in front of her.  <SEP> 10,1,1
a woman is playing some tennis. her hat is white in color. she is wearing a skirt. the skirt is white in color. <SEP> A tennis player is hitting a ball on a grass court. <SEP> 10,0,0
A woman in a white shirt and red skirt is playing tennis. She is swinging a tennis racket a ball. There is a black fence behind the woman. <SEP> A woman is playing tennis on a tennis court. She is wearing a white tank top and white shorts. There is a green tennis ball in front of her.  <SEP> 10,1,1
A woman in a white shirt and red skirt is playing tennis. She is swinging a tennis racket a ball. There is a black fence behind the woman. <SEP> Tennis player in white shirt and red shorts is about to hit the ball. <SEP> 10,0,0
A man is wearing a black wet suit. He is carrying a large white surf board. There are large boulders next to the man. <SEP> A man in a blue shirt and black pants is standing on top of a black skateboard. There is a white building behind the man.  <SEP> 10,1,1
A man is wearing a black wet suit. He is carrying a large white surf board. There are large boulders next to the man. <SEP> Man in wetsuit holding surfboard on dock surrounded by black squares. <SEP> 10,0,0
there is a toilet in a bathroom. the toilet is white. there are tiles on the floor. the tiles are white and green. there is a bucket next to the toilet. <SEP> There is a toilet in the bathroom. The toilet is white. There is also a mirror on the wall behind the toilet.  <SEP> 10,1,1
there is a toilet in a bathroom. the toilet is white. there are tiles on the floor. the tiles are white and green. there is a bucket next to the toilet. <SEP> A bathroom with a toilet and a sink. <SEP> 10,0,0
A baby is sleeping on a covered mattress. His shirt is black white and blue. The mattress cover has designs all over it. There is a doll with a blue and purple hoody nearby. <SEP> A little girl is sitting on a bed. She is wearing a white t-shirt and blue jeans. There is a blue blanket on top of her head.  <SEP> 10,1,1
A baby is sleeping on a covered mattress. His shirt is black white and blue. The mattress cover has designs all over it. There is a doll with a blue and purple hoody nearby. <SEP> A toddler is sleeping on a mattress on the floor next to a bunk bed. <SEP> 10,0,0
There is a train on the train tracks. The train is black with white numbers on the front of it. In the distance you can see trees with green leads and a black metal fence. <SEP> There is a train on the tracks. The train is red and white. There are trees behind the train.  <SEP> 10,1,1
There is a train on the train tracks. The train is black with white numbers on the front of it. In the distance you can see trees with green leads and a black metal fence. <SEP> A black and white photo of a train with the number 32670 on the front. <SEP> 10,0,0
A man is sitting on his surfboard. He is on the beach surrounded by other surfboards and some glass bottles of beer. The ocean is in the background and the horizon is very bright but cloudy. <SEP> A man in a blue shirt and blue shorts is standing on top of a white surfboard. There is a large wave in the water behind the man.  <SEP> 10,1,1
A man is sitting on his surfboard. He is on the beach surrounded by other surfboards and some glass bottles of beer. The ocean is in the background and the horizon is very bright but cloudy. <SEP> Man sits on beach with surfboards and beer. <SEP> 10,0,0
"On a small rectangular, white plate, chopped carrots and peppers are covered in a brown sauce. A shine is on all of the vegetables.The plate is on a black surface and a part of a silver spoon is behind it.  <SEP> A white plate sits on top of a white table. There is a silver fork on the table next to the plate.  <SEP> 10",1,1
"On a small rectangular, white plate, chopped carrots and peppers are covered in a brown sauce. A shine is on all of the vegetables.The plate is on a black surface and a part of a silver spoon is behind it.  <SEP> A plate of food that includes carrots and peppers. <SEP> 10",0,0
"A man with his face painted red and white has a red and white small umbrella attached to his head. He has a phone in his hand, which he is holding by his ear. He also has a red and white scarf around his neck and a red and white cape. His shirt and pants are black. Behind the man are people gathered on the street, standing around.  <SEP> A group of people are gathered outside on a sunny day. They are all holding umbrellas. There is a man in a blue shirt standing in front of the group. He is holding a white frisbee in his hand.  <SEP> 10",1,1
"A man with his face painted red and white has a red and white small umbrella attached to his head. He has a phone in his hand, which he is holding by his ear. He also has a red and white scarf around his neck and a red and white cape. His shirt and pants are black. Behind the man are people gathered on the street, standing around.  <SEP> A man holding a phone to his ear with a painted on face and a red and white scarf around his neck. <SEP> 10",0,0
A woman is walking on the sidewalk and on the phone. She is holding a black phone to her ears and has sunglasses on her head. There are a bunch of people in the background behind her. <SEP> A man is standing on a sidewalk. He is wearing a black jacket and black pants. There is a large white building behind him.  <SEP> 10,1,1
A woman is walking on the sidewalk and on the phone. She is holding a black phone to her ears and has sunglasses on her head. There are a bunch of people in the background behind her. <SEP> A woman is talking on the phone in front of a crowd of people. <SEP> 10,0,0
A bride and a groom are cutting a cake. There is a tall white cake on a table. There are purple flowers behind the couple.  <SEP> A man and woman are standing in a room. The man is wearing a white shirt and blue jeans. He is holding a black remote control in his hand. There is a large window behind the woman.  <SEP> 10,1,1
A bride and a groom are cutting a cake. There is a tall white cake on a table. There are purple flowers behind the couple.  <SEP> A couple cutting a three layer cake decorated with roses. <SEP> 10,0,0
a pile of vegetables are on the plate. the plate is blue in color. there are some shredded orange carrots. there is also some yellow pasta. <SEP> A white plate is sitting on top of a white table. There is a silver fork on the table next to the plate.  <SEP> 10,1,1
a pile of vegetables are on the plate. the plate is blue in color. there are some shredded orange carrots. there is also some yellow pasta. <SEP> No. <SEP> 10,0,0
An island kitchen featuring wood cabinetry with black drawer handles is neatly organized.   Three stainless steel pots rest side by side on a gas range on the island area with silver handled cooking utensils in them.  A pink dish containing some green leafy vegetable and other items also rest on the counter of the island.   In the corner is a pot holder with several pots and pans hung from it.  To the right of the pot holders is a large gas oven with range hood.  Along  the far wall are wooden cabinets and bottles resting on the counter beneath them.   <SEP> A kitchen with a white counter top and white cabinets. There is a silver microwave on top of the counter. The cabinets are made of wood.  <SEP> 10,1,1
An island kitchen featuring wood cabinetry with black drawer handles is neatly organized.   Three stainless steel pots rest side by side on a gas range on the island area with silver handled cooking utensils in them.  A pink dish containing some green leafy vegetable and other items also rest on the counter of the island.   In the corner is a pot holder with several pots and pans hung from it.  To the right of the pot holders is a large gas oven with range hood.  Along  the far wall are wooden cabinets and bottles resting on the counter beneath them.   <SEP> A kitchen with wood cabinets and a pink bowl of vegetables. <SEP> 10,0,0
"Modern fire engines park along a tree lined street.  The truck at the front of the procession is a ladder truck, with the long, white ladder and bucket on top of the rig.  The sky is deep blue, and it seems like a grassy park like area.  Two people can be seen in the distance, side by side. <SEP> There is a white and blue train on the tracks. There are trees behind the train.  <SEP> 10",1,1
"Modern fire engines park along a tree lined street.  The truck at the front of the procession is a ladder truck, with the long, white ladder and bucket on top of the rig.  The sky is deep blue, and it seems like a grassy park like area.  Two people can be seen in the distance, side by side. <SEP> A long line of fire trucks with the word ""Chicago"" on the side. <SEP> 10",0,0
This photo is taken outside on a sunny day. Two men can be seen on a sidewalk near a brick building. A large black trash can is near one of the men. Large green trees line the sidewalk. A road is beside the sidewalk and across from it is a large building. Vehicles are lined up on the street in front of the building. <SEP> A man is walking on a sidewalk. He is wearing a black jacket and black pants. There is a red and white stop sign in front of the man.  <SEP> 10,1,1
This photo is taken outside on a sunny day. Two men can be seen on a sidewalk near a brick building. A large black trash can is near one of the men. Large green trees line the sidewalk. A road is beside the sidewalk and across from it is a large building. Vehicles are lined up on the street in front of the building. <SEP> A man in an orange jacket is walking down a brick sidewalk. <SEP> 10,0,0
"This is a street corner. There are two street signs on a pole, with black text on a white background with a black rim. The one on top says ""Sandridge JMI School"" and the one on the bottom says ""HOSDB."" They are both pointing in the same direction, indicated with a black arrow on the sign. Behind the street corner is a building with a shingled overhang supported by dark green columns. There are three or four hanging baskets with flowers hanging from the underside of the overhang. The building is brick and two stories, with two windows flanking a dark sign with pale text reading ""GREEN MAN Good Food."" Behind the sign is a large amount of green climbing vine which obscures the sign for the next shop. There are the tops of two standing signs just visible in the foreground of the picture, and a couple of benches sitting on the sidewalk in front of the building. <SEP> There is a red brick building with a clock on top of it. The clock has a black face and white hands. There are a lot of windows on the building.  <SEP> 10",1,0
"This is a street corner. There are two street signs on a pole, with black text on a white background with a black rim. The one on top says ""Sandridge JMI School"" and the one on the bottom says ""HOSDB."" They are both pointing in the same direction, indicated with a black arrow on the sign. Behind the street corner is a building with a shingled overhang supported by dark green columns. There are three or four hanging baskets with flowers hanging from the underside of the overhang. The building is brick and two stories, with two windows flanking a dark sign with pale text reading ""GREEN MAN Good Food."" Behind the sign is a large amount of green climbing vine which obscures the sign for the next shop. There are the tops of two standing signs just visible in the foreground of the picture, and a couple of benches sitting on the sidewalk in front of the building. <SEP> A sign for a pub and a sign for a school. <SEP> 10",0,0
There are many people at a market. The middle aisle has fruit. There are green watermelons. There are also yellow bananas. The man on the left is wearing a striped shirt and blue jeans.  <SEP> A man is standing in front of a counter. The counter is made of metal. There is a silver chain link fence behind the man.  <SEP> 10,1,1
There are many people at a market. The middle aisle has fruit. There are green watermelons. There are also yellow bananas. The man on the left is wearing a striped shirt and blue jeans.  <SEP> A produce market with a man in a white apron standing in the center. There are several people in the background. There are many fruits and vegetables on display. <SEP> 10,0,0
An adult and a kid is on the snow. The adult is teaching the kid how to ski. The kid is wearing an orange jacket and black leggings. He is also wearing a helmet. The adult is wearing a yellow green jacket and black pants. There are bare trees visible. <SEP> A man is standing on a snowboard. He is wearing a black jacket and black pants. There is snow on the ground in front of him.  <SEP> 10,1,1
An adult and a kid is on the snow. The adult is teaching the kid how to ski. The kid is wearing an orange jacket and black leggings. He is also wearing a helmet. The adult is wearing a yellow green jacket and black pants. There are bare trees visible. <SEP> A man and a child are skiing down a snowy slope. The man is wearing a bright yellow jacket and the child is wearing a red jacket. <SEP> 10,0,0
There are brown and white cows in a field. There is tall grass and yellow flowers in the field. There are trees in the distance around the field.  <SEP> There are two horses in the field. One of the horses is white and the other one is brown. There are trees behind them.  <SEP> 10,1,1
There are brown and white cows in a field. There is tall grass and yellow flowers in the field. There are trees in the distance around the field.  <SEP> Cows grazing in a lush green pasture with a distant mountain range. <SEP> 10,0,0
"A gray train is riding on it's tracks. Three train cars with red stickers labeled ""Ringling Bros. and Barnum Bailey"". All around the train tracks there is tall over grown grass, and gavel beside the road near the train tracks. Behind the tracks are a number of trees. <SEP> There is a train on the tracks. The train is red and white. There are trees behind the train.  <SEP> 10",1,1
"A gray train is riding on it's tracks. Three train cars with red stickers labeled ""Ringling Bros. and Barnum Bailey"". All around the train tracks there is tall over grown grass, and gavel beside the road near the train tracks. Behind the tracks are a number of trees. <SEP> A train with ads for barley and moline is on a track. <SEP> 10",0,0
There is a silver laptop with black buttons on it sitting on a couch. There is a dog laying on the couch next to the laptop. The dog is white and has black spots on its ears.  <SEP> There is a cat laying on the bed. The cat is black and white. It is sleeping on top of a white bedspread. There is also a black blanket.  <SEP> 10,1,1
There is a silver laptop with black buttons on it sitting on a couch. There is a dog laying on the couch next to the laptop. The dog is white and has black spots on its ears.  <SEP> A dog is lying on the floor next to an open laptop. <SEP> 10,0,0
The blue water is off to the side of the park. There are a lot of people standing by the water. Some people are sitting down on park benches underneath the trees. Each tree has leafs that are changing color due to the fall weather. <SEP> A black and white picture of a dog. The dog has a black collar around its neck. There is a white fence behind it.  <SEP> 10,1,1
The blue water is off to the side of the park. There are a lot of people standing by the water. Some people are sitting down on park benches underneath the trees. Each tree has leafs that are changing color due to the fall weather. <SEP> A tree with a bench under it. There are many people in the background. There is a lake in the background. <SEP> 10,0,0
"The counter top in a bathroom of a hotel room is made of marble and has two white inset sinks. there is a basket of toiletries on the left, and a box of Kleenex on the right. There is a glass shelf behind the counter with a small bottle in front of a card, and two glasses turned upside down. There is a mirror with a decorative frame on the wall behind the sink. <SEP> There is a white toilet in the bathroom. The toilet seat is white and the lid is open. There are two white towels hanging from the wall above the toilet.  <SEP> 10",1,1
"The counter top in a bathroom of a hotel room is made of marble and has two white inset sinks. there is a basket of toiletries on the left, and a box of Kleenex on the right. There is a glass shelf behind the counter with a small bottle in front of a card, and two glasses turned upside down. There is a mirror with a decorative frame on the wall behind the sink. <SEP> Bathroom sink with two basins and a mirror. <SEP> 10",0,0
A person in a black suit is sitting on a surf board in the middle of the ocean.  The ocean has a lot of waves that are white.  The man is sitting waiting on a wave to roll by.  The water is very choppy. <SEP> There is a white surfboard in the water. There is water behind the board. The water is blue and white.  <SEP> 10,1,1
A person in a black suit is sitting on a surf board in the middle of the ocean.  The ocean has a lot of waves that are white.  The man is sitting waiting on a wave to roll by.  The water is very choppy. <SEP> A surfer is in the water with a surfboard. <SEP> 10,0,0
"A bald man and a woman with short brown hair sit at a dark brown wood table. On the table there are 4 wine glasses, and a wine bottle. The man appears to be pouring something into one of the glasses. there is also a brown beer bottle on the table.  <SEP> A man is sitting on a bench. The bench is made of wood. There is a silver chain link fence behind the man.  <SEP> 10",1,1
"A bald man and a woman with short brown hair sit at a dark brown wood table. On the table there are 4 wine glasses, and a wine bottle. The man appears to be pouring something into one of the glasses. there is also a brown beer bottle on the table.  <SEP> A close up of a bottle of Brewers Special Reserve beer. <SEP> 10",0,0
People are playing frisbee outside in the park. A man has his shirt off and he is reaching out to catch the frisbee. Others are running around to position themselves to be catching the frisbee later. The grass is green and there is shade from a nearby tree. There is a stone fence along the park and trees are behind it. There is also a stone pillar by the fence.  <SEP> A man is standing on a skateboard. He is wearing a blue shirt and blue shorts. There is a white building behind him.  <SEP> 10,1,1
People are playing frisbee outside in the park. A man has his shirt off and he is reaching out to catch the frisbee. Others are running around to position themselves to be catching the frisbee later. The grass is green and there is shade from a nearby tree. There is a stone fence along the park and trees are behind it. There is also a stone pillar by the fence.  <SEP> Photograph of a park with a statue in the background and a man in a black shirt with the number 23 on the back. <SEP> 10,0,0
There are several long boats in the water. There is a woman wearing a white hat. There are several bananas and fruits in the boat. There is a man on the dock. <SEP> A wooden bench sits in a grassy area. There is a large white building behind the bench. The bench is made of wood and has a black and white sign on the front of it.  <SEP> 10,1,1
There are several long boats in the water. There is a woman wearing a white hat. There are several bananas and fruits in the boat. There is a man on the dock. <SEP> A market on a floating dock. There are several boats on the water. The boats are filled with various goods. There are people in the boats. There is a man wearing a straw hat. <SEP> 10,0,0
There is a cake in a white box. The box is sitting on a table. There is an empty white plate sitting next to the cake. There is a person holding a knife cutting the cake.  <SEP> A man is sitting on a bench. The bench is made of wood. There is a silver chain link fence behind the man.  <SEP> 10,1,1
There is a cake in a white box. The box is sitting on a table. There is an empty white plate sitting next to the cake. There is a person holding a knife cutting the cake.  <SEP> A man is cutting a cake that says Happy Birthday on it. <SEP> 10,0,0
A tall brown and white cake is sitting on a table. There are red and yellow flower petals around the cake. There is a white plate on the table with a fork on top of it.  <SEP> There is a white table in the middle of a room. There are two chairs in front of the table. The chairs are made of wood.  <SEP> 10,1,1
"A tall brown and white cake is sitting on a table. There are red and yellow flower petals around the cake. There is a white plate on the table with a fork on top of it.  <SEP> A tall, six-tiered cake is on a table covered with a gold tablecloth. The cake is decorated with white and gold ribbon and red and yellow flower petals. <SEP> 10",0,0
"This photo is taken outside on a sunny day. A woman is walking on a sidewalk while looking at her phone. She has a large black purse on her shoulder. A tall red fire hydrant is sitting on the sidewalk beside the woman. There is a gray car on the road in front of the woman. A gray fence can be seen across the street, surrounded by vehicles. <SEP> A man is standing on a sidewalk. He is wearing a black jacket and black pants. There is a red stop sign in front of the man.  <SEP> 10",1,1
"This photo is taken outside on a sunny day. A woman is walking on a sidewalk while looking at her phone. She has a large black purse on her shoulder. A tall red fire hydrant is sitting on the sidewalk beside the woman. There is a gray car on the road in front of the woman. A gray fence can be seen across the street, surrounded by vehicles. <SEP> A woman is walking on the sidewalk next to a red fire hydrant. <SEP> 10",0,0
A child in a blue and black coat and black pants is stanind on a snow board apparently watching an older man in a white coat who is walking off.  Snow covers the ground and is well tracked.  To the right of the boy on the board is a line of people waiting. <SEP> A man is standing on a snowboard. He is wearing a black jacket and black pants. There is snow all over the ground. The man has a white helmet on his head.  <SEP> 10,1,1
"A child in a blue and black coat and black pants is stanind on a snow board apparently watching an older man in a white coat who is walking off.  Snow covers the ground and is well tracked.  To the right of the boy on the board is a line of people waiting. <SEP> A man in a black hat and jacket is standing on a snowy hill. He is watching a young boy in a green jacket and black pants skiing down the hill. The boy is wearing a helmet and is holding a pair of skis. There are other people standing on the hill, watching the boy ski. <SEP> 10",0,0
A man is standing on a field. The turf is green. It is night time. He is dressed in pants and a long sleeve shirt. He also has a winter hat on. He just got done throwing a Frisbee in the air. In back of him is a white brick wall and a blue trash can.  <SEP> A baseball player is standing on a baseball field. He is wearing a blue and white uniform and a black helmet. There is a white fence behind the player.  <SEP> 10,1,1
A man is standing on a field. The turf is green. It is night time. He is dressed in pants and a long sleeve shirt. He also has a winter hat on. He just got done throwing a Frisbee in the air. In back of him is a white brick wall and a blue trash can.  <SEP> Frisbee player in a red shirt and black pants is throwing a frisbee. <SEP> 10,0,0
A cat is lounging on a flat screen TV.  The cat has white paws.  The TV is mounted on the wall.  A bed is reflected on the screen of the TV. <SEP> This is an image of a cat. The cat is sitting on a bed. There is a white pillow on the bed with a black headboard on top of it.  The bed is made of wood and has white sheets and pillows. <SEP> 10,1,1
A cat is lounging on a flat screen TV.  The cat has white paws.  The TV is mounted on the wall.  A bed is reflected on the screen of the TV. <SEP> A gray cat is sitting on top of a Samsung TV. <SEP> 10,0,0
There are several people sitting on bicycles. They are on a beach and there is water behind them. A lady in a yellow shirt is standing next to a bike.  <SEP> A man is standing on top of a skateboard. He is wearing a black jacket and black pants. There is a white building behind him.  <SEP> 10,1,1
"There are several people sitting on bicycles. They are on a beach and there is water behind them. A lady in a yellow shirt is standing next to a bike.  <SEP> Four people are on a bike with a man in a white shirt and the others in yellow, red, and blue. <SEP> 10",0,0
A plane that is red and blue is flying in the air. There are several white clouds behind the plane. There is a white stripe on the plane.  <SEP> A large airplane is flying in the sky. The plane is white and has a red tail. There is a white building behind the plane.  <SEP> 10,1,1
A plane that is red and blue is flying in the air. There are several white clouds behind the plane. There is a white stripe on the plane.  <SEP> A red airplane flies through the sky. <SEP> 10,0,0
A hot rod truck sits in a parking lot.  A surfboard is resting on top.  The truck is antique looking.  It has fancy wheels with fenders.  The hood has exhaust pipes sticking out.  The truck bed is covered up.  The truck is painted black.  A modern conventional car is parked nearby. <SEP> There are two motorcycles parked on the side of a road. The motorcycles are red and white. There is a white building behind the motorcycles.  <SEP> 10,1,1
A hot rod truck sits in a parking lot.  A surfboard is resting on top.  The truck is antique looking.  It has fancy wheels with fenders.  The hood has exhaust pipes sticking out.  The truck bed is covered up.  The truck is painted black.  A modern conventional car is parked nearby. <SEP> Surfboard on top of black pickup truck in parking lot. <SEP> 10,0,0
"A parade is going down the street in a town in a residential area. There are there police officers on motorcycles in the front, and behind them there is a police car. People are standing on the sidewalk watching as the parade goes by. <SEP> A man is riding a motorcycle. The motorcycle is red and black. There is a large white building behind the man.  <SEP> 10",1,1
"A parade is going down the street in a town in a residential area. There are there police officers on motorcycles in the front, and behind them there is a police car. People are standing on the sidewalk watching as the parade goes by. <SEP> A motorcycle with the word police on the front of it is being ridden by a man. <SEP> 10",0,0
An old steam locomotive is chugging down the tracks through a wooded area. There is a steamstack on it that has smoke billowing from it. The train has many open windows and it is filled with people. <SEP> A man is standing on the side of a road. He is wearing a black jacket and black pants. There is a red car behind him.  <SEP> 10,1,1
An old steam locomotive is chugging down the tracks through a wooded area. There is a steamstack on it that has smoke billowing from it. The train has many open windows and it is filled with people. <SEP> A black and white photo of a train with trees in the background. <SEP> 10,0,0
There are two zebras standing on dirt. They are both facing away in the same direction. There are several bushes on the ground next to them.  <SEP> There are two giraffes standing in a field. There is a fence behind them. The grass is very green.  <SEP> 10,1,1
There are two zebras standing on dirt. They are both facing away in the same direction. There are several bushes on the ground next to them.  <SEP> Two zebras stand in tall grass field looking up at something. <SEP> 10,0,0
The sun's rays are shinning through the trees in the back ground. The trees are tall and they produce a lot of shade. There is a white table in the foreground. On the white table is a zip lock bag. In the bag is three or four rolls of what appears to be some kind of processed meat. The meat are in rolls such as what you would expect bologna or sausage to be. <SEP> A wooden bench is sitting on top of a metal railing. There is a black and white picture hanging on the wall behind the bench.  <SEP> 10,1,1
The sun's rays are shinning through the trees in the back ground. The trees are tall and they produce a lot of shade. There is a white table in the foreground. On the white table is a zip lock bag. In the bag is three or four rolls of what appears to be some kind of processed meat. The meat are in rolls such as what you would expect bologna or sausage to be. <SEP> A plastic bag of hot dogs sits on a white surface. <SEP> 10,0,0
three kids are all standing outside in the grass. they are all holding bats and balls. the bat is red in color. the ball is white. <SEP> A baseball player is standing on a baseball field. He is wearing a blue and white uniform and a black helmet. There is a white and black umpire in the stands behind him.  <SEP> 10,1,1
three kids are all standing outside in the grass. they are all holding bats and balls. the bat is red in color. the ball is white. <SEP> A faded photograph of three children standing in front of a house. The child on the left is holding a red baseball bat. The child in the middle is holding a white baseball. The child on the right is holding a baseball bat. <SEP> 10,0,0
A man is taking a selfie in the mirror. He has on a black suit with a orange shirt. His tie is green and white. The bathroom has very dim lighting. <SEP> There is a white toilet in a bathroom. There are white tiles on the wall behind the toilet. The toilet seat is white and the lid is open.  <SEP> 10,1,1
A man is taking a selfie in the mirror. He has on a black suit with a orange shirt. His tie is green and white. The bathroom has very dim lighting. <SEP> Man in mirror with tie and glasses. <SEP> 10,0,0
A hot dog is sitting on a white piece of paper. There are chopped onions on top of the hot dog. There is mustard on top of the hot dog.  <SEP> This is an image of a pizza. The pizza is on a white plate. There is cheese on top of the pizza and there is pepperoni on the top.  <SEP> 10,1,1
A hot dog is sitting on a white piece of paper. There are chopped onions on top of the hot dog. There is mustard on top of the hot dog.  <SEP> A hot dog with a pickle on top is on a napkin. <SEP> 10,0,0
There is a large elephant standing in the grass. There is a giraffe in front of the elephant. There are trees behind a fence in front of the animals.  <SEP> There are two elephants standing in the water. The water is calm and calm. There is a large body of water behind the elephants.  <SEP> 10,1,1
There is a large elephant standing in the grass. There is a giraffe in front of the elephant. There are trees behind a fence in front of the animals.  <SEP> Elephant walking through a zoo with giraffes and zebras in the background. <SEP> 10,0,0
A bed with a colorful quilt on it. The headboard on the bed is wooden. Next to the bed is a small table with a small lamp on it.  <SEP> A man is sitting on a bench. The bench is made of wood. There is a black and white picture hanging on the wall.  <SEP> 10,1,1
A bed with a colorful quilt on it. The headboard on the bed is wooden. Next to the bed is a small table with a small lamp on it.  <SEP> A bed is covered with a colorful quilt. The quilt is made up of many different colored squares. The squares are arranged in a pattern. The quilt is also decorated with some small pictures. <SEP> 10,0,0
A bunch of cars are driving in a snow storm. A couple of cars that are parked near the sidewalks are completely covered in snow. The signs are all covered and so are the houses. <SEP> This is an image of a city street. The street is very busy with traffic. There are many cars on the road. Some of the cars are red and some of them are blue. One car is white and the other one is black. <SEP> 10,1,1
A bunch of cars are driving in a snow storm. A couple of cars that are parked near the sidewalks are completely covered in snow. The signs are all covered and so are the houses. <SEP> Snowy street scene with cars and traffic lights. <SEP> 10,0,0
A sheep is laying down in some hay. There is a hand of a person reaching in and petting the sheep. The person is wearing a blue jacket. The sheep is looking up.  <SEP> A little boy is sitting on a bench. The bench is made of wood. There is a wooden fence behind the boy.  <SEP> 10,1,1
A sheep is laying down in some hay. There is a hand of a person reaching in and petting the sheep. The person is wearing a blue jacket. The sheep is looking up.  <SEP> A person petting a sheep in a pen full of hay. <SEP> 10,0,0
"A contrail is the only mark on this bright blue sky above a distinctive building. The building is made of different sized grey, tan stones. A peak of a rooftop in one area of the building can be seen. The roof is shingled with rust colored shingles. Behind the roof is a square tower with a black round clock. The tower is topped with a flag resting without a breeze. <SEP> There is a clock on the top of a building. The clock is black and white. There are many windows on both sides of the clock.  <SEP> 10",1,1
"A contrail is the only mark on this bright blue sky above a distinctive building. The building is made of different sized grey, tan stones. A peak of a rooftop in one area of the building can be seen. The roof is shingled with rust colored shingles. Behind the roof is a square tower with a black round clock. The tower is topped with a flag resting without a breeze. <SEP> A stone church with a red roof and a clock tower has a black square pattern over it. <SEP> 10",0,0
"A white cup of tea with a tea bag inside sits on a saucer with a spoon on it. Beside the saucer there is a small container of cream, and a pair of silver over sized sunglasses. Next tot eh glasses there is a black flip phone. Closest to the camera there is a black leather portfolio open with pages of paper clipped inside. <SEP> There is a white bowl on the table. The bowl is sitting on top of a blue table cloth. There is also a silver fork and spoon in front of the bowl.  <SEP> 10",1,1
"A white cup of tea with a tea bag inside sits on a saucer with a spoon on it. Beside the saucer there is a small container of cream, and a pair of silver over sized sunglasses. Next tot eh glasses there is a black flip phone. Closest to the camera there is a black leather portfolio open with pages of paper clipped inside. <SEP> A cup of tea and a pair of glasses on a desk with papers and a pen. <SEP> 10",0,0
"A black and white photo of a foreign scene. The scene appears to be somewhere in Asia. There is a person wearing a big triangular hat in the foreground.
 <SEP> A man is sitting on a bench. The bench is made of wood. There is a black and white picture hanging on the wall.  <SEP> 10",1,1
"A black and white photo of a foreign scene. The scene appears to be somewhere in Asia. There is a person wearing a big triangular hat in the foreground.
 <SEP> A busy street scene in a city, with a large number of motorbikes parked and parked. The motorbikes are parked in a haphazard manner, with some parked on the side of the road and others parked in a parking area. The street is crowded with people, with many people standing around the motorbikes, some of whom are wearing traditional Vietnamese clothing. The people are standing in various poses, some are talking to each other, some are looking at the motorbikes, and some are just standing around. The background of the image is a building with a sign on it, and there are some trees in the distance. The image is in black and white, and the style is documentary photography. <SEP> 10",0,0
"A white dinner plate with spaghetti shaped noodles and three tiny meatballs sit on a table that has pink back chairs next to it. There are vegetables on the past in the dinner plate. Next to the pasta plate is a black bowl with chunks of sliced orange carrots. 
Against the wall of the room is a radiator painted white and above that a shelf and window.  <SEP> A white plate is sitting on top of a white table. There is a silver fork on the table next to the plate.  <SEP> 10",1,1
"A white dinner plate with spaghetti shaped noodles and three tiny meatballs sit on a table that has pink back chairs next to it. There are vegetables on the past in the dinner plate. Next to the pasta plate is a black bowl with chunks of sliced orange carrots. 
Against the wall of the room is a radiator painted white and above that a shelf and window.  <SEP> A plate of spaghetti and meatballs is on a table. The plate is white and the meatballs are brown. The spaghetti is tan and the sauce is green. There is a bowl of carrots on the table. <SEP> 10",0,0
There is a train on the train tracks. The train is blue with a yellow front and red doors on the side of it. There are black poles on the platform next to the train. There is a cement bridge over top of the train tracks. There is empty tracks on the other side of the platform. There is a white building in the distance. <SEP> There is a train on the tracks. The train is red and white. There are trees behind the train.  <SEP> 10,1,1
There is a train on the train tracks. The train is blue with a yellow front and red doors on the side of it. There are black poles on the platform next to the train. There is a cement bridge over top of the train tracks. There is empty tracks on the other side of the platform. There is a white building in the distance. <SEP> A train is on the tracks in front of a station. <SEP> 10,0,0
A picture of a man with blue hair riding a skateboard. The skateboard has four yellow wheels. The man is wearing black shoes. The man is wearing a white shirt. The man is wearing black knee pads. The man is wearing gray shorts. There is a tree to the left of the man. There is a park with a gray sidewalk behind the man. There are many trees and bushes behind the man. <SEP> A man is skateboarding outside on a sunny day. He is wearing a black helmet and black pants. His skateboard is black with a red stripe down the side of it. There are trees behind the man.  <SEP> 10,1,1
A picture of a man with blue hair riding a skateboard. The skateboard has four yellow wheels. The man is wearing black shoes. The man is wearing a white shirt. The man is wearing black knee pads. The man is wearing gray shorts. There is a tree to the left of the man. There is a park with a gray sidewalk behind the man. There are many trees and bushes behind the man. <SEP> A man in a white shirt and grey shorts is skateboarding on a concrete path. He has a blue bandana on his head and is wearing knee pads and elbow pads. He is holding his arms out in front of him and has a determined look on his face. There are several skateboards on the ground near him. The background is a blur of green trees and the sky. <SEP> 10,0,0
There are three woman in the living room of a home. In the living room there are hardwood floors. Two woman are standing up in front of the television. They have game controllers in their hands. They are playing a game together while the third woman sits down on the couch and watches them. They are all smiling and look like they are having a great time with one another.  <SEP> A man is sitting on a bench. The bench is made of wood. There is a black and white picture hanging on the wall behind the man.  <SEP> 10,1,1
There are three woman in the living room of a home. In the living room there are hardwood floors. Two woman are standing up in front of the television. They have game controllers in their hands. They are playing a game together while the third woman sits down on the couch and watches them. They are all smiling and look like they are having a great time with one another.  <SEP> A living room with three people playing video games. <SEP> 10,0,0
A zebra stands next to a narrow tree. The tree has some wire around it. The shadow of the zebra is on the ground. There is another zebra next to the wall. There is a fence in a background. There are some rocks on the ground. There is a black stripe on the zebras back. The zebra is looking off to the side. There are shadows on the ground.  <SEP> A black and white striped zebra is standing on a grassy field.  The field is surrounded by tall grass and weeds. There is a fence surrounding the field and there are two zebras standing in front of the fence. Behind the <SEP> 10,1,1
A zebra stands next to a narrow tree. The tree has some wire around it. The shadow of the zebra is on the ground. There is another zebra next to the wall. There is a fence in a background. There are some rocks on the ground. There is a black stripe on the zebras back. The zebra is looking off to the side. There are shadows on the ground.  <SEP> A zebra stands next to a tree in a zoo. <SEP> 10,0,0
This photo is taken outside on a cloudy day. Part of a blue sky can be seen in between the white clouds. An old dark truck is sitting parked in a parking lot. The truck has a trailer attached to the top of it. Part of a white building can be seen behind the truck. Another old car can be seen parked in the parking lot. Green trees can be seen in front of a mountain in the background.  <SEP> A black and white truck is parked on a dirt road. There is a white building behind the truck.  <SEP> 10,1,1
This photo is taken outside on a cloudy day. Part of a blue sky can be seen in between the white clouds. An old dark truck is sitting parked in a parking lot. The truck has a trailer attached to the top of it. Part of a white building can be seen behind the truck. Another old car can be seen parked in the parking lot. Green trees can be seen in front of a mountain in the background.  <SEP> A black Ford pickup truck is parked in a parking lot. The truck has a camper attached to the bed of the truck. <SEP> 10,0,0
"There are two grown men standing in the dirt on a baseball field.  Its a clear day.  There are a few trees in the back ground on the other side of the fence.  The fence is decorated with billboards and have a tall yellow pole standing next to it.  The grass is cut short and is very green.  The men are both wearing uniforms, cleats and a baseball cap.   <SEP> A baseball player is standing on a baseball field. He is wearing a red and white uniform and a black helmet. There is a fence behind the player.  <SEP> 10",1,1
"There are two grown men standing in the dirt on a baseball field.  Its a clear day.  There are a few trees in the back ground on the other side of the fence.  The fence is decorated with billboards and have a tall yellow pole standing next to it.  The grass is cut short and is very green.  The men are both wearing uniforms, cleats and a baseball cap.   <SEP> A baseball player stands on the pitcher's mound while another player stands in the outfield. <SEP> 10",0,0
"The image is of a telephone poll between two streets. The pole has a green and sign on it with white lettering that says ""E Main st 1700"" There is also a no parking sign attached to the pole. There are vertically striped awnings on both sides of the street. One awning covers produce stands, on the opposite side the awning is attached to a multilevel brick building. Behind the produce stand is a brown multilevel building with a brown stone facade and red roof tiles. The road is paved with cobblestones. There are several vehicles parked on the street. <SEP> A red and white bus is driving down the street. There is a red stop sign on the side of the bus. The street is very busy with traffic. <SEP> 10",1,1
"The image is of a telephone poll between two streets. The pole has a green and sign on it with white lettering that says ""E Main st 1700"" There is also a no parking sign attached to the pole. There are vertically striped awnings on both sides of the street. One awning covers produce stands, on the opposite side the awning is attached to a multilevel brick building. Behind the produce stand is a brown multilevel building with a brown stone facade and red roof tiles. The road is paved with cobblestones. There are several vehicles parked on the street. <SEP> A street sign that says E. Main St. is in front of a building. <SEP> 10",0,0
There are people sunbathing outside on the pier. Some of the people have umbrellas over their chairs. Some people are in the Water swimming with their pets. There are a lot of people on the pier enjoying the Sun. It is a hot sunny day out. There is a flag on a flagpole on the pier to the right. The pier to the left has more people on it. <SEP> This is an image of a train station. The train is red and white. There is a large window on the side of the train. On the window there is white writing on it. Behind the windows there are trees.  <SEP> 10,1,1
There are people sunbathing outside on the pier. Some of the people have umbrellas over their chairs. Some people are in the Water swimming with their pets. There are a lot of people on the pier enjoying the Sun. It is a hot sunny day out. There is a flag on a flagpole on the pier to the right. The pier to the left has more people on it. <SEP> A view of a crowded beach from above shows two docks with people on them. <SEP> 10,0,0
"A lone soda can sits on a desk. Inside the grey and silver can with tiny writing are small bright red and pink flowers. The can is being used as a vase. Behind the can is a blue white and yellow calculator, a pink notepad and a black plastic corded phone. The point of a white elbow can be seen. The desk is very large. <SEP> A man is sitting on a bench. The bench is made of wood. There is a black and white picture hanging on the wall.  <SEP> 10",1,1
"A lone soda can sits on a desk. Inside the grey and silver can with tiny writing are small bright red and pink flowers. The can is being used as a vase. Behind the can is a blue white and yellow calculator, a pink notepad and a black plastic corded phone. The point of a white elbow can be seen. The desk is very large. <SEP> A tin can with a bouquet of flowers in it. <SEP> 10",0,0
"This is a black and white photo of elephants standing in a row. There are ten elephants shown in the picture. There are men standing in front of the elephants. The men are wearing denim, hoodies, and hats on their heads. They are holding hoses and they are spraying the elephants down. There are people in the background behind the elephants, too. <SEP> A man is standing in front of a building. He is wearing a white shirt and black pants. There is a large white building behind him.  <SEP> 10",1,1
"This is a black and white photo of elephants standing in a row. There are ten elephants shown in the picture. There are men standing in front of the elephants. The men are wearing denim, hoodies, and hats on their heads. They are holding hoses and they are spraying the elephants down. There are people in the background behind the elephants, too. <SEP> A black and white photograph of a line of elephants with a man standing in front of them. <SEP> 10",0,0
"Two shoe less young boys are standing on a sandy beach. One of them are wearing turquoise shorts and the other is wearing black shorts. They both have short dark hair. The boy wearing the turquoise shorts is resting his foot on a dirty, white soccer ball while resting his arm on the shoulder of the boy wearing the black shorts. A shadow of the ball is shown in the sand, a small wave is rushing up the shore and there is a small, white boat traveling in water just behind the two young boys. <SEP> A man is standing on a skateboard. He is wearing a white shirt and blue shorts. There is a black and white dog in front of him.  <SEP> 10",1,1
"Two shoe less young boys are standing on a sandy beach. One of them are wearing turquoise shorts and the other is wearing black shorts. They both have short dark hair. The boy wearing the turquoise shorts is resting his foot on a dirty, white soccer ball while resting his arm on the shoulder of the boy wearing the black shorts. A shadow of the ball is shown in the sand, a small wave is rushing up the shore and there is a small, white boat traveling in water just behind the two young boys. <SEP> Two boys are hugging on a beach. <SEP> 10",0,0
A white game controller is sitting on top of a small table in a room. It is connected to a game system. Behind the table is a newspaper that is sitting beside a small decorative lamp. A wall is behind the lamp and paper. Near the lamp is a wooden cabinet with drawers and a door. The handles to the door and drawers are black. <SEP> This is an image of a desk. The desk is white. There is a laptop on top of the desk with a black keyboard and mouse.  The laptop is black and has white writing on it. It is sitting on a white hardwood <SEP> 10,1,1
A white game controller is sitting on top of a small table in a room. It is connected to a game system. Behind the table is a newspaper that is sitting beside a small decorative lamp. A wall is behind the lamp and paper. Near the lamp is a wooden cabinet with drawers and a door. The handles to the door and drawers are black. <SEP> A white wii console and a white wii remote on a round table. <SEP> 10,0,0
Two black cubs are roaming in an enclosed area.  There are stone walls behind the two cubs.  Green shrubs  are in the front of the enclosure.  The cubs appear to be grazing on the ground.  A tub like structure is in the back of the left side.  The two cubs are on the top level and beneath them is a step to a lower level. <SEP> A large brown bear is standing on top of a rock wall. The wall is made of stone. There is a large boulder in front of the bear.  <SEP> 10,1,1
Two black cubs are roaming in an enclosed area.  There are stone walls behind the two cubs.  Green shrubs  are in the front of the enclosure.  The cubs appear to be grazing on the ground.  A tub like structure is in the back of the left side.  The two cubs are on the top level and beneath them is a step to a lower level. <SEP> Two black bears are walking on a stone surface. <SEP> 10,0,0
There are two men sitting together. Both of the men are holding skis. The man on the left has a red turtleneck on. The man on the right has a black jacket on. There's a light coming off of the camera. Both of these Keys have black footholds to put your feet up. Both of the men are looking into the camera and smiling. The man on the right is wearing a watch on his left wrist. <SEP> A man is sitting on a bench. He is wearing a white shirt and blue jeans. There is a black skateboard in front of him.  <SEP> 10,1,1
There are two men sitting together. Both of the men are holding skis. The man on the left has a red turtleneck on. The man on the right has a black jacket on. There's a light coming off of the camera. Both of these Keys have black footholds to put your feet up. Both of the men are looking into the camera and smiling. The man on the right is wearing a watch on his left wrist. <SEP> Two people in a car with skis in the back. <SEP> 10,0,0
"There is hitter getting ready to swing at the ball that has just been thrown by the pitcher. The pitcher is wearing a black shirt with gray pants and red socks while the hitter is wearing gray pants, dark blue shirt, and black socks. The umpire and the catcher is squatting down anticipating the play. The field is a mixture of dirt sand green grass. The image was taken through a metal fence.  <SEP> A baseball player is standing on a baseball field. He is wearing a blue and white uniform and a black helmet. There is a catcher's helmet on his head.  <SEP> 10",1,1
"There is hitter getting ready to swing at the ball that has just been thrown by the pitcher. The pitcher is wearing a black shirt with gray pants and red socks while the hitter is wearing gray pants, dark blue shirt, and black socks. The umpire and the catcher is squatting down anticipating the play. The field is a mixture of dirt sand green grass. The image was taken through a metal fence.  <SEP> A baseball game is underway behind a chain link fence. The batter is in the middle of swinging his bat. The catcher is standing behind the batter. The umpire is standing behind the catcher. <SEP> 10",0,0
A worn wooden building is on the side of a set of train tracks.  The building has many windows with screens over the windows.  Many of the screens are torn or missing.  The paint on the building is severely thinned and peeling.  A small foliage bush is at the front of the building.  Tall mountains are in the far distance.  A large metal structure is suspended in the air above the building and the train tracks. <SEP> There is a train on the tracks. The train is blue and white. There is an orange and yellow sign on top of the train.  <SEP> 10,1,1
A worn wooden building is on the side of a set of train tracks.  The building has many windows with screens over the windows.  Many of the screens are torn or missing.  The paint on the building is severely thinned and peeling.  A small foliage bush is at the front of the building.  Tall mountains are in the far distance.  A large metal structure is suspended in the air above the building and the train tracks. <SEP> A black and white photo of an old wooden train car with a metal bridge above it. <SEP> 10,0,0
"A man and woman are standing outside on a snow covered field. the man is wearing a dark coat, scarf, pants, gloves and eyeglasses. The woman is wearing a dark coat, gray scarf, dark pants and black gloves on her hands. They are standing behind a homemade snowman. There are colorful frisbee rings on the ground surrounding the snowman. <SEP> A man is standing on top of a skateboard. He is wearing a black jacket and black pants. There is a white building behind him.  <SEP> 10",1,1
"A man and woman are standing outside on a snow covered field. the man is wearing a dark coat, scarf, pants, gloves and eyeglasses. The woman is wearing a dark coat, gray scarf, dark pants and black gloves on her hands. They are standing behind a homemade snowman. There are colorful frisbee rings on the ground surrounding the snowman. <SEP> Two people are standing in a snowy field. There is a snowman in the middle of them. There are frisbees scattered around the snowman. <SEP> 10",0,1
A large plane is flying over a whole bunch of clouds high in the sky. But because it seems so far away it looks very small. It has a wing and a tail visible and is dark in color. The sky is white and blue. The clouds below the plane are fluffy and puffy and white. Far off is a patch of bright blue. The puffy clouds are a light blue color with a twinge of blue and grey to them. <SEP> A large white and blue airplane is flying in the sky. There is a large black and white building behind the airplane.  <SEP> 10,1,1
A large plane is flying over a whole bunch of clouds high in the sky. But because it seems so far away it looks very small. It has a wing and a tail visible and is dark in color. The sky is white and blue. The clouds below the plane are fluffy and puffy and white. Far off is a patch of bright blue. The puffy clouds are a light blue color with a twinge of blue and grey to them. <SEP> A plane flying in the sky. <SEP> 10,0,0
This is an old bus painted blue. There are white curtains in the windows and bicycles attached to the front. there are six windows on the side and one big window in the back. On the back of the bus is a spare tire. The bus is parked or traveling along a road next to a patch of green grass. There are many trees in the background. <SEP> A black and white truck is driving down the road. There is a white building behind the truck.  <SEP> 10,1,1
This is an old bus painted blue. There are white curtains in the windows and bicycles attached to the front. there are six windows on the side and one big window in the back. On the back of the bus is a spare tire. The bus is parked or traveling along a road next to a patch of green grass. There are many trees in the background. <SEP> A blue bus with a spare tire sticking out of the back. <SEP> 10,0,0
A cat is looking outside of a window. The cat is peeking with it's head tilted to the side. It appears to be focused on something that is moving outside. The cat is white and has black spots all around its body. The tail is black and the cat has on a pink collar. The cat is looking out of a glass door that is behind an open door. <SEP> This is an image of a cat. The cat is black and white. There is a small window on the wall behind the cat that has a white curtain on it. On the other side of the window there is another window with a black curtain <SEP> 10,1,1
A cat is looking outside of a window. The cat is peeking with it's head tilted to the side. It appears to be focused on something that is moving outside. The cat is white and has black spots all around its body. The tail is black and the cat has on a pink collar. The cat is looking out of a glass door that is behind an open door. <SEP> A black and white cat is standing in front of a door. <SEP> 10,0,0
"The image is of a jet plane. It is gray in color and has two small black wheels below its body. These small black wheels extend to each side of the plane. On the front of the plane there is a propeller that is moving in full motion, as the plane is up in the air. The letters ""TF-FTE"" are on the bottom of the left wing. The tail has a small wing on each side. The sky appears gray and dark. <SEP> A large white airplane is flying in the air. There is a large black and white building behind the airplane.  <SEP> 10",1,1
"The image is of a jet plane. It is gray in color and has two small black wheels below its body. These small black wheels extend to each side of the plane. On the front of the plane there is a propeller that is moving in full motion, as the plane is up in the air. The letters ""TF-FTE"" are on the bottom of the left wing. The tail has a small wing on each side. The sky appears gray and dark. <SEP> A small plane with the tail number TF-TLE flies through a grid pattern. <SEP> 10",0,0
"A vintage ad for Gold Seal floors and walls shows a woman in a red and black party dress entering a bedroom. There is a platform, and a bed on the platform with a ottoman, and a nightstand. A tall window behind the bed has closed curtains. A bookcase on the wall has white books on the shelves. The floors appear to be terrazzo. <SEP> This is an image of a bedroom. The bedroom has a bed with a white bedspread on it. There is a mirror on the wall behind the bed.  <SEP> 10",1,1
"A vintage ad for Gold Seal floors and walls shows a woman in a red and black party dress entering a bedroom. There is a platform, and a bed on the platform with a ottoman, and a nightstand. A tall window behind the bed has closed curtains. A bookcase on the wall has white books on the shelves. The floors appear to be terrazzo. <SEP> An advertisement for Gold Seal vinyl shows a bedroom with a green door that is open. <SEP> 10",0,0
"Multiple hair styling tools are sitting on a metal grate. A silver pair of shears is laying on top of a smaller pair of thinning shears. The thinning shears are different colors of blues, yellows, and pinks. Next to the shears is a gray comb. The comb has 2 varying ends. One side of the comb has small teeth the other has wider teeth. A golden comb is laying on top of the gray comb. The golden comb is large with large teeth. The metal grate is dark gray. <SEP> This is an image of a bathroom. The bathroom is white. There is a mirror on the wall behind the toilet. It is made of glass. On top of the mirror there is another mirror with a blue and white design on it.  <SEP> 10",1,1
"Multiple hair styling tools are sitting on a metal grate. A silver pair of shears is laying on top of a smaller pair of thinning shears. The thinning shears are different colors of blues, yellows, and pinks. Next to the shears is a gray comb. The comb has 2 varying ends. One side of the comb has small teeth the other has wider teeth. A golden comb is laying on top of the gray comb. The golden comb is large with large teeth. The metal grate is dark gray. <SEP> A pair of scissors and three combs on a black mat. <SEP> 10",0,0
"Two young men are seen on a ski slope skiing in a black and white photo. The boy in the foreground is wearing a winter hat with white specks, and white pine trees knitted into the design and a white pom pom on the top. The man is bending his right leg as he holds of his ski poles in the air. The boy on the left side of him is barely visible.  <SEP> A man is standing on a snowboard. He is wearing a black jacket and black pants. There is snow on the ground behind him.  <SEP> 10",1,1
"Two young men are seen on a ski slope skiing in a black and white photo. The boy in the foreground is wearing a winter hat with white specks, and white pine trees knitted into the design and a white pom pom on the top. The man is bending his right leg as he holds of his ski poles in the air. The boy on the left side of him is barely visible.  <SEP> A black and white photo of a skier going down a hill. <SEP> 10",0,0
The building is painted burgundy and orange. There is an old sign attach to the wall for a restaurant. The writing on the sign is yellow. There are lights attached to the wall as well. The windows on the building are very big. The windows are reflecting the trees. There is a aqua blue square small sign in the sign on the wall. <SEP> There is a red brick building with a clock on top of it. The clock has a black face and white hands. There are two windows on the building.  <SEP> 10,1,1
The building is painted burgundy and orange. There is an old sign attach to the wall for a restaurant. The writing on the sign is yellow. There are lights attached to the wall as well. The windows on the building are very big. The windows are reflecting the trees. There is a aqua blue square small sign in the sign on the wall. <SEP> A sign for Tomasinio's Ristorante hangs from a metal bracket on a building. <SEP> 10,0,0
The man is sitting on a pink bicycle with a basket on the front.  He is wearing an orange short sleeve t-shirt and blue jean shorts. He also is wearing a pair of thong shoes.  He is sitting on a bicycle on the beach near the blue water.  The sky is clear blue. There is a  boat in the water.  The man is near a white pick up truck that has a license plate on the back of it.  There is a board in sand near the water. <SEP> A man is riding a motorcycle. The motorcycle is red and black. There is a large white building behind the man.  <SEP> 10,1,1
The man is sitting on a pink bicycle with a basket on the front.  He is wearing an orange short sleeve t-shirt and blue jean shorts. He also is wearing a pair of thong shoes.  He is sitting on a bicycle on the beach near the blue water.  The sky is clear blue. There is a  boat in the water.  The man is near a white pick up truck that has a license plate on the back of it.  There is a board in sand near the water. <SEP> A man rides a bike on a beach with the ocean behind him. <SEP> 10,0,0
Two people are standing on a beachy sand area flying a kite.  There is a woman and a man.  Both are wearing jeans.  The woman has a black long sleeved turtle neck on .  The man is also wearing a lightweight jacket.  In the distance are sandy hills with grass growing on top.  The sky is blue with white clouds in the distance. <SEP> A man is standing on the beach. He is wearing a blue shirt and blue shorts. There is a white surfboard in front of him.  <SEP> 10,1,1
Two people are standing on a beachy sand area flying a kite.  There is a woman and a man.  Both are wearing jeans.  The woman has a black long sleeved turtle neck on .  The man is also wearing a lightweight jacket.  In the distance are sandy hills with grass growing on top.  The sky is blue with white clouds in the distance. <SEP> A man and woman are flying a kite on a beach. <SEP> 10,0,0
"A woman is standing on a train platform. She is wearing a scarf on her head, a coat, and a red skirt. She is holding on to a black suitcase. A lot of people are standing across from her on another train platform. They are standing near their luggage. A large building with windows is over a platform. <SEP> A man is standing on a sidewalk. He is wearing a black jacket and black pants. There is a red and white bus behind him.  <SEP> 10",1,1
"A woman is standing on a train platform. She is wearing a scarf on her head, a coat, and a red skirt. She is holding on to a black suitcase. A lot of people are standing across from her on another train platform. They are standing near their luggage. A large building with windows is over a platform. <SEP> A woman in a red dress is standing at a train station. <SEP> 10",0,0
Brown cows are lying on the green grass. Behind the meadow there is a small rocky mountain. Some parts of the mountain is covered with grass and shrubs. The cow on the front has two long horns and a long tail. On back a cow is stand facing to the right. On back the meadow is covered with dark green vegetation. <SEP> There are three giraffes standing in a field. The field is covered with grass and weeds. There are trees in the distance.  <SEP> 10,1,1
Brown cows are lying on the green grass. Behind the meadow there is a small rocky mountain. Some parts of the mountain is covered with grass and shrubs. The cow on the front has two long horns and a long tail. On back a cow is stand facing to the right. On back the meadow is covered with dark green vegetation. <SEP> A field of green grass and brown cows with a mountain in the background. <SEP> 10,0,0
The image is of a seagull flying in the air in the direction of the west. The seagull in the air is white and its wings are spread open. There is another seagull on the ground. The ground is made of sand and the seagull is located near the shoreline of the water. There are waves in the water in front of the seagull on the ground. The clouds are gray and the sun is orange. The sun can be seen in the distance. <SEP> There is a large body of water in the middle of the ocean. The water is calm and calm. There are two small boats on the water. One boat is white and the other one is blue and has a red and white flag on it <SEP> 10,1,1
"The image is of a seagull flying in the air in the direction of the west. The seagull in the air is white and its wings are spread open. There is another seagull on the ground. The ground is made of sand and the seagull is located near the shoreline of the water. There are waves in the water in front of the seagull on the ground. The clouds are gray and the sun is orange. The sun can be seen in the distance. <SEP> A beach scene with a dark, cloudy sky and a bright, setting sun. <SEP> 10",0,0
"The image is a large clock tower. It is made of stone, red bricks, and grey bricks. There are two clocks that are visible on the tower. The clocks are white and black. The time on clock reads, 1:27. Based off of what the clouds in the image look like, it appears to be an overcast day. The trees in the image are bare. There is a lookout area at the top of the tower. Below the tower is a newer red brick building.  <SEP> There is a clock on the side of the building. The clock is black and white. There are two clocks on each side. One is white and the other one is red and black.  <SEP> 10",1,1
"The image is a large clock tower. It is made of stone, red bricks, and grey bricks. There are two clocks that are visible on the tower. The clocks are white and black. The time on clock reads, 1:27. Based off of what the clouds in the image look like, it appears to be an overcast day. The trees in the image are bare. There is a lookout area at the top of the tower. Below the tower is a newer red brick building.  <SEP> A clock tower with a black clock face that says 1:50. <SEP> 10",0,0
The room has a fireplace in it. There are two windows in this room. The sunlight is coming from one of the windows. There is a sheer shade over the window. There are two light fixtures on the walls. Both of the lights are on. There's a small rocking chair on a square rug on the floor. The rocking chair is made of wood. There's a footstool in front of the small rocking chair. There's a picture over a small table by the door on the wall. <SEP> A room with a bed in it. The bed is made of wood. There is a white wall behind the bed.  <SEP> 10,1,1
"The room has a fireplace in it. There are two windows in this room. The sunlight is coming from one of the windows. There is a sheer shade over the window. There are two light fixtures on the walls. Both of the lights are on. There's a small rocking chair on a square rug on the floor. The rocking chair is made of wood. There's a footstool in front of the small rocking chair. There's a picture over a small table by the door on the wall. <SEP> A living room with a fireplace, rocking chairs, and a small table. <SEP> 10",0,0
"A road runs through a wooded area.  The road has two lanes, each running in opposite directions, separated by a double yellow stripe.  A sign points the way to two separate routes coming up at an intersection.  A pole is over the sign.  It holds overhead wiring.A car is in the background, heading away from the sign.  A stop sign is in the distance in front of the car.  It is partly cloudy. <SEP> There is a white and blue train on the tracks. There are trees behind the train.  <SEP> 10",1,1
"A road runs through a wooded area.  The road has two lanes, each running in opposite directions, separated by a double yellow stripe.  A sign points the way to two separate routes coming up at an intersection.  A pole is over the sign.  It holds overhead wiring.A car is in the background, heading away from the sign.  A stop sign is in the distance in front of the car.  It is partly cloudy. <SEP> A long straight road with a sign showing the way to 216 and 209. <SEP> 10",0,0
A picture of odd wooden shapes on the ground. There is a large framed mirror behind the objects. The floor under the objects is made out of wood. There are brown nail marks in the wooden floor boards. The wall next to the mirror is white. The wall above the mirror is brown. The floor in the reflection is shiny.  <SEP> This is an image of a bathroom. The bathroom is white. There is a mirror on the wall above the toilet. It is made of glass. On top of the mirror there are two white towels on a white towel rack. Next to the <SEP> 10,1,1
A picture of odd wooden shapes on the ground. There is a large framed mirror behind the objects. The floor under the objects is made out of wood. There are brown nail marks in the wooden floor boards. The wall next to the mirror is white. The wall above the mirror is brown. The floor in the reflection is shiny.  <SEP> A mirror on the floor with a bunch of wooden puzzles in front of it. <SEP> 10,0,0
"A young man of normal weight, with short brown hair and a small goatee, stares at the camera. He has a slight grin on his face, and one eyebrow is upturned. He  is wearing an orange t-shirt and a very wrinkled orange, tan and black checked sleeveless vest, with a pale blue striped tie. Slightly out of focus in the background is another person in a white t-shirt, sitting on a metal chair, and bed with white and beige pillows on it. <SEP> A man is sitting on a bench. The bench is made of wood. He is wearing a black shirt and blue jeans. There is a white wall behind him.  <SEP> 10",1,1
"A young man of normal weight, with short brown hair and a small goatee, stares at the camera. He has a slight grin on his face, and one eyebrow is upturned. He  is wearing an orange t-shirt and a very wrinkled orange, tan and black checked sleeveless vest, with a pale blue striped tie. Slightly out of focus in the background is another person in a white t-shirt, sitting on a metal chair, and bed with white and beige pillows on it. <SEP> A young man is wearing a red shirt with a brown, yellow, and black vest. He is wearing a blue tie and has a tie-die shirt on underneath. He is smiling. <SEP> 10",0,1
"Men, women and children are standing outside on a grassy field. They are flying kites. One kite is blue and red in color. Another kite is pink, green and yellow. A baby stroller is sitting on the grass beside two men. All of the people are dressed warmly. The sky is bright white above all of the people.  <SEP> A man is standing on the side of a building. He is wearing a black jacket and blue jeans. There is a white building behind him.  <SEP> 10",1,1
"Men, women and children are standing outside on a grassy field. They are flying kites. One kite is blue and red in color. Another kite is pink, green and yellow. A baby stroller is sitting on the grass beside two men. All of the people are dressed warmly. The sky is bright white above all of the people.  <SEP> A group of people are gathered on a grassy hill. Some are flying kites. <SEP> 10",0,0
A man stands in a snow covered field while holding a hose. There are two horses in front of the man with the hose. There is a fence in front of the man with the hose. The sky above the scene is gray and cloudy. There are large buckets near the horses. There is a forest off in the distance behind the horses. The hose is yellow.  <SEP> There are two horses in the field. One of the horses is black and the other one is brown and white. There are trees behind them.  <SEP> 10,1,1
A man stands in a snow covered field while holding a hose. There are two horses in front of the man with the hose. There is a fence in front of the man with the hose. The sky above the scene is gray and cloudy. There are large buckets near the horses. There is a forest off in the distance behind the horses. The hose is yellow.  <SEP> A man is standing in a snowy pen with two horses. The man is wearing a black jacket and holding a shovel. The horses are standing next to each other. There is a bucket and a sign in the pen. <SEP> 10,0,0
"A small boat with ""PZ4"" written on the rear back is seen anchored in a shallow turquoise body of water. The boat has a black bottom and a white deck with an orange roof on the cabin. An orange and white life preserver is on the top of the boat. A bunch of small white birds are swimming around in the water. There is a full lush bush near the camera at the bottom of the image. A tall rock cliff is visible on the other side of the water.  <SEP> There are two boats in the water. One boat is white and the other is blue. The water is calm. There is a large body of water behind the boats.  <SEP> 10",1,1
"A small boat with ""PZ4"" written on the rear back is seen anchored in a shallow turquoise body of water. The boat has a black bottom and a white deck with an orange roof on the cabin. An orange and white life preserver is on the top of the boat. A bunch of small white birds are swimming around in the water. There is a full lush bush near the camera at the bottom of the image. A tall rock cliff is visible on the other side of the water.  <SEP> A boat sits in the water with a small island with green plants in the foreground. <SEP> 10",0,0
"A woman in a black tank top is sitting at a small round table indoors and filling out an application with two large wine glasses on the table. The woman has brown hair, and is making an odd face at her companion. The table behind her is empty. The table next to that has a person in a black shirt sitting at it. On the other side of the room there are two green arm chairs and a short table between them. <SEP> A woman is sitting at a table. She is wearing a white t-shirt and blue jeans. There is a glass of water in front of her.  <SEP> 10",1,1
"A woman in a black tank top is sitting at a small round table indoors and filling out an application with two large wine glasses on the table. The woman has brown hair, and is making an odd face at her companion. The table behind her is empty. The table next to that has a person in a black shirt sitting at it. On the other side of the room there are two green arm chairs and a short table between them. <SEP> A woman is sitting at a table with a wine glass and a wine bottle. She is writing on a clipboard. <SEP> 10",0,0
The snow is all over the ground. The pole with a traffic light on it is coming out of the ground. The pole is leaning to the left. There are footprints in the snow. There are cars driving on the street. The cars are driving slowly down the snowy Street. The car closest to the camera has their brake lights on. The brake lights are red. Most of the trees if not all are bare. <SEP> The image is of a man and a dog. The man is wearing a blue shirt and blue jeans. He is holding a white remote control in his hand. There is a black and white dog sitting on the ground in front of the man. <SEP> 10,1,1
"The snow is all over the ground. The pole with a traffic light on it is coming out of the ground. The pole is leaning to the left. There are footprints in the snow. There are cars driving on the street. The cars are driving slowly down the snowy Street. The car closest to the camera has their brake lights on. The brake lights are red. Most of the trees if not all are bare. <SEP> A traffic light is on the left side of the image and the sign on the right says ""Ortgappen"". <SEP> 10",0,0
This photo was taken in the kitchen. The photo was taken in the daytime. There are three lights hanging from the ceiling. There is a long marble counter in the middle with wood cabinets a silver dishwasher and a double sink on the left. There is a bowl on apples on that long counter. On the left there is a silver stove in the middle with two woos cabinet units on each side. Above the stove is more cabinets. The walls are painted yellow and the door and trimming is white. On the right there are two windows. <SEP> A kitchen with a white counter top and white cabinets. There is a silver microwave on top of the counter. The cabinets are made of wood.  <SEP> 10,1,1
This photo was taken in the kitchen. The photo was taken in the daytime. There are three lights hanging from the ceiling. There is a long marble counter in the middle with wood cabinets a silver dishwasher and a double sink on the left. There is a bowl on apples on that long counter. On the left there is a silver stove in the middle with two woos cabinet units on each side. Above the stove is more cabinets. The walls are painted yellow and the door and trimming is white. On the right there are two windows. <SEP> A kitchen with a large island in the center. The island has a granite countertop and a sink. There are several cabinets on the left side of the island and on the right side of the kitchen. The cabinets are made of wood and have a dark finish. The walls are painted yellow and there is a window on the right side of the kitchen. There are several light fixtures hanging from the ceiling. <SEP> 10,0,0
"A young man is on one knee on his long skateboard. He is riding his skateboard down a empty city road. He is going at a fast speed because the photo is blurry. The sun is peaking out, but it is lower in the sky. Therefore my guess is it is sunset and its late on in the evening. You can also see blurry trees with green leafs on them.  <SEP> A man is standing on top of a skateboard. He is wearing a black jacket and black pants. There is a white building behind him.  <SEP> 10",1,1
"A young man is on one knee on his long skateboard. He is riding his skateboard down a empty city road. He is going at a fast speed because the photo is blurry. The sun is peaking out, but it is lower in the sky. Therefore my guess is it is sunset and its late on in the evening. You can also see blurry trees with green leafs on them.  <SEP> A blurry photo of two people on skateboards in a tunnel. <SEP> 10",0,0
"A mean is on a wooden tray near a small dipping pool on a terrace over looking the sea. On the ray there is a plate of what looks like chicken Parmesan, and two baskets of bread. There is a pat of butter on a plate, sale and pepper shakers, and a sauce of some sort in a small bowl. Near the top there is a pot of tea, and coffee mug.  <SEP> This is a bathroom. The bathroom has white walls. There are white tiles on the wall behind the toilet.  The toilet seat is white and the lid is closed. On the other side of the bathroom there is an orange wall with a white <SEP> 10",1,1
"A mean is on a wooden tray near a small dipping pool on a terrace over looking the sea. On the ray there is a plate of what looks like chicken Parmesan, and two baskets of bread. There is a pat of butter on a plate, sale and pepper shakers, and a sauce of some sort in a small bowl. Near the top there is a pot of tea, and coffee mug.  <SEP> Breakfast tray with pizza and salt and pepper shakers. <SEP> 10",0,0
"A man and woman sit next to each other in front of a music store. There is a large green cement wall up against the front of the store. There is a yellow fire hydrant in front of the couple in front of the music store. The building the music store is in consist of multiple stories. The sidewalk in front of the music store is gray. There is a tree also in front of the music store. There are bars in the windows of the music store.
 <SEP> There is a stop sign on the side of the street. The sign is red and white. There are a lot of cars behind the sign.  <SEP> 10",1,1
"A man and woman sit next to each other in front of a music store. There is a large green cement wall up against the front of the store. There is a yellow fire hydrant in front of the couple in front of the music store. The building the music store is in consist of multiple stories. The sidewalk in front of the music store is gray. There is a tree also in front of the music store. There are bars in the windows of the music store.
 <SEP> A yellow fire hydrant is in the foreground of this image. Behind the fire hydrant is a yellow sign that says ""Steve's Music Store"" in black letters. <SEP> 10",0,0
People are gathered around together in the living room. Most of the people are sitting down. Only two people are standing. The majority of the room has carpet on the floor. The floor closer to the door is made of hard wood. The hardwood floor is an amber color. The light above the table is turned on. <SEP> A man is sitting at a table. The table is made of wood. There is a white table cloth on top of the table with a black handle.  The man has short dark hair. He is wearing a blue shirt and blue jeans. <SEP> 10,1,1
People are gathered around together in the living room. Most of the people are sitting down. Only two people are standing. The majority of the room has carpet on the floor. The floor closer to the door is made of hard wood. The hardwood floor is an amber color. The light above the table is turned on. <SEP> A group of people are sitting in a living room. <SEP> 10,0,0
"A freight train of tanker railcars is sitting on or traveling on a set of tracks.  The tankers are cylindrical, some with a few markings.  Overhead wires used for electric trains are present.  A few signal poles are visible in the foreground.  A few tall buildings are in the distance behind the train. It is a sunny day. <SEP> There is a train on the tracks. The train is red and white. There are wires above the train.  <SEP> 10",1,1
"A freight train of tanker railcars is sitting on or traveling on a set of tracks.  The tankers are cylindrical, some with a few markings.  Overhead wires used for electric trains are present.  A few signal poles are visible in the foreground.  A few tall buildings are in the distance behind the train. It is a sunny day. <SEP> A long freight train is on a track. <SEP> 10",0,0
"The elephant stands in the grass. The elephant is small. The elephant has tusks. The tusks are little. The elephant is grey. The elephant is standing by the water. The water is like a river. The grass is mostly yellow. There is a hill on the other side of the water. The water is still. there is wood in the water. The grass is short. There are trees on the other side of the river.  <SEP> The image is of a large body of water. The water appears to be calm and calm. There are small waves in the water, but none of the waves are large enough for a person to reach for their surfboard. <SEP> 10",1,1
"The elephant stands in the grass. The elephant is small. The elephant has tusks. The tusks are little. The elephant is grey. The elephant is standing by the water. The water is like a river. The grass is mostly yellow. There is a hill on the other side of the water. The water is still. there is wood in the water. The grass is short. There are trees on the other side of the river.  <SEP> An elephant stands in a grassy area near a body of water. The elephant is gray and has large ears and a long trunk. The body of water is blue and green, and there are some trees and plants in the background. The elephant is standing in the water, and its body is partially obscured by a black and white grid pattern. <SEP> 10",0,0
"This is an image of a bay. The bay has a line of boats. The boats are parked. The boats are sail boats. The right boat is black and yellow. There are nets on the mast of the boat. The middle boat is white and black. The left boat is red, white and black. The masts have many different ropes going to the masts. <SEP> There is a train on the tracks. The train is red and white. There are trees behind the train.  <SEP> 10",1,1
"This is an image of a bay. The bay has a line of boats. The boats are parked. The boats are sail boats. The right boat is black and yellow. There are nets on the mast of the boat. The middle boat is white and black. The left boat is red, white and black. The masts have many different ropes going to the masts. <SEP> Several sailboats are docked at a harbor. <SEP> 10",0,0
"A woman is taking an item from the oven that was baking. The individual, whom appears to be a Caucasian female, is wearing a knee length denim skirt, with a long sleeved green shirt. In addition, a brown furry dog is watching intently, the individuals actions. The cabinets in the kitchen are a dull white color, and the floor is a medium toned hardwood.  <SEP> A man is sitting on a bench. The bench is made of wood. There is a white wall behind the man.  <SEP> 10",1,1
"A woman is taking an item from the oven that was baking. The individual, whom appears to be a Caucasian female, is wearing a knee length denim skirt, with a long sleeved green shirt. In addition, a brown furry dog is watching intently, the individuals actions. The cabinets in the kitchen are a dull white color, and the floor is a medium toned hardwood.  <SEP> A woman in a green shirt and denim skirt is opening a white kitchen cabinet. <SEP> 10",0,0
"There is a sandwich in a container. The container is a plastic tupperware container. The sandwich is made of untoasted slices of bread. There is a luncheon meat slice between the bread. There are slices of banana in the sandwich as well. On the counter, beside the container, is a banana that has been sliced into seven portions.  <SEP> A white plate sits on top of a white table. There is a silver fork on the table next to the plate.  <SEP> 10",1,1
"There is a sandwich in a container. The container is a plastic tupperware container. The sandwich is made of untoasted slices of bread. There is a luncheon meat slice between the bread. There are slices of banana in the sandwich as well. On the counter, beside the container, is a banana that has been sliced into seven portions.  <SEP> A sandwich with sliced pineapple on top of it. <SEP> 10",0,0
Two trees brown tree trunks look as if the bark is peeling. One of the trees have a greenish mold on it. There are leaves of another tree in the background as well as a white wall. A chain link fence is at the bottom of the photo. There is a brown and tan giraffe in the photo that has to small horns on the top of his head.  <SEP> There are two giraffes in a field. There is a fence behind the giraffe. The fence is made of metal. Behind the fence there are trees and bushes.  <SEP> 10,1,1
Two trees brown tree trunks look as if the bark is peeling. One of the trees have a greenish mold on it. There are leaves of another tree in the background as well as a white wall. A chain link fence is at the bottom of the photo. There is a brown and tan giraffe in the photo that has to small horns on the top of his head.  <SEP> A giraffe is standing in a forest. <SEP> 10,0,0
"Three large brown bears are swimming in a river. The bear on the left has his head tilted to the left and his fur is wet up to the bottom of his ears. The one on the right of him is dry above is shoulders. The final bear is all the way in the water and only a little of his back is showing above the water. There is something in the water behind the first bear that appears to be a rock. Behind there is a green, grassy shore. <SEP> There are three giraffes standing in a field. The field is covered with grass and weeds. There are trees in the background.  <SEP> 10",1,1
"Three large brown bears are swimming in a river. The bear on the left has his head tilted to the left and his fur is wet up to the bottom of his ears. The one on the right of him is dry above is shoulders. The final bear is all the way in the water and only a little of his back is showing above the water. There is something in the water behind the first bear that appears to be a rock. Behind there is a green, grassy shore. <SEP> Bears in water. <SEP> 10",0,0
Part of a woman can be seen walking on a sidewalk. A large electrical pole is on the sidewalk in front of her. The sidewalk is near a road. The road has different vehicles on it. Power lines are running through the air across the road. Buildings are sitting on both sides of the road. A row of vehicles are parked in front of a building on the side of the road. A large leafless tree is hovering over the vehicles. <SEP> There is a red and white bus on the street. There are trees behind the bus. The bus is white and has a blue stripe down the side of it.  <SEP> 10,1,1
Part of a woman can be seen walking on a sidewalk. A large electrical pole is on the sidewalk in front of her. The sidewalk is near a road. The road has different vehicles on it. Power lines are running through the air across the road. Buildings are sitting on both sides of the road. A row of vehicles are parked in front of a building on the side of the road. A large leafless tree is hovering over the vehicles. <SEP> A view of a city street with cars driving on it. <SEP> 10,0,0
"The image is a portrait of a man. The man is wearing a gray suit jacket. The shirt is blue. He is wearing a patterned necktie. The man has grey and brown hair. He is smiling at the camera. The man is wearing eyeglasses. On his finger, there are two rings. The man is standing behind a blue leather chair. The background is gray. <SEP> A man is sitting on a bench. The bench is made of wood. He is wearing a black shirt and blue jeans. There is a white wall behind the man.  <SEP> 10",1,1
"The image is a portrait of a man. The man is wearing a gray suit jacket. The shirt is blue. He is wearing a patterned necktie. The man has grey and brown hair. He is smiling at the camera. The man is wearing eyeglasses. On his finger, there are two rings. The man is standing behind a blue leather chair. The background is gray. <SEP> A man in a suit and glasses is sitting in a chair. <SEP> 10",0,0
"The water is blue, but there a a lot of seaweed floating in the background. There is a dog, or what seems to be a dog, swimming in the water toward the wave. The wave has white suds spraying into the air. There is is surfer surfing the wave. The surfer is wearing a black wet suit. He standing with is knees slightly bent and his arms extended out. <SEP> A man is surfing in the ocean. He is wearing a white surfboard. There is a small wave in front of him. The water is calm and clear. <SEP> 10",1,1
"The water is blue, but there a a lot of seaweed floating in the background. There is a dog, or what seems to be a dog, swimming in the water toward the wave. The wave has white suds spraying into the air. There is is surfer surfing the wave. The surfer is wearing a black wet suit. He standing with is knees slightly bent and his arms extended out. <SEP> Man surfing in ocean with other surfer in background. <SEP> 10",0,0
"A baseball player is holding a brown bat in his hands. He is wearing a blue and white uniform and a blue helmet. A white base is sitting on the ground in front of him. The field has green grass, brown dirt, and white painted lines on it. Three people can be seen sitting in a dug out watching the man play baseball. <SEP> A baseball player is standing on a baseball field. He is wearing a blue and white uniform and a black helmet. There is a catcher's mask on his head.  <SEP> 10",1,1
"A baseball player is holding a brown bat in his hands. He is wearing a blue and white uniform and a blue helmet. A white base is sitting on the ground in front of him. The field has green grass, brown dirt, and white painted lines on it. Three people can be seen sitting in a dug out watching the man play baseball. <SEP> A baseball player is swinging his bat. <SEP> 10",0,0
The sky is overcast and grey. There is a horse standing out amongst the cars. There's a green car to the right of the horse. The horse is pulling a black cart. A man is leaning over the cart. The horses standing still. The horse is a white cream color. The horses standing in front of a short tan building. The building has a green roof. <SEP> This is an image of a city street. The street is made up of many different types of buildings. There is a red and white sign on the side of the street with a white arrow pointing to a parking lot. On the right side there <SEP> 10,1,1
The sky is overcast and grey. There is a horse standing out amongst the cars. There's a green car to the right of the horse. The horse is pulling a black cart. A man is leaning over the cart. The horses standing still. The horse is a white cream color. The horses standing in front of a short tan building. The building has a green roof. <SEP> A man is walking in front of a horse-drawn wagon. The man is wearing a hat and the horse is wearing a harness. The man is holding a whip in his right hand. The horse is walking slowly. The wagon is made of wood and has a metal frame. The wagon is being pulled by the horse. The horse is walking slowly. The man is walking in front of the wagon. The man is wearing a hat. The horse is wearing a harness. The man is holding a whip in his right hand. The horse is walking slowly. The wagon is made of wood and has a metal frame. The wagon is being pulled by the horse. The horse is walking slowly. The man is walking in front of the wagon. The man is wearing a hat. The horse is wearing a harness. The man is holding a whip in his right hand. The horse is walking slowly. The wagon is made of wood and has a metal frame. The wagon is being pulled by the horse <SEP> 10,0,0
In the picture there is a small dog. The small dog is off white in color. The dog is looking straight at the camera. The dog has a fluffy coat of hair. The dog looks happy in the picture. The dog is laying on a dog bed. The dog bed is tan and brown in color. The background in the picture is black. The dog has a small fuzzy tail. <SEP> A black and white cat is laying on a bed. The bed is made of wood. There is a white blanket on top of the bed and a blue blanket over it.  <SEP> 10,1,1
In the picture there is a small dog. The small dog is off white in color. The dog is looking straight at the camera. The dog has a fluffy coat of hair. The dog looks happy in the picture. The dog is laying on a dog bed. The dog bed is tan and brown in color. The background in the picture is black. The dog has a small fuzzy tail. <SEP> A small white poodle sits on a fuzzy tan dog bed. The dog is looking at the camera with a sad expression. The dog's fur is fluffy and white. The dog is sitting on a tan dog bed. The dog bed is covered in a fuzzy tan fabric. The dog bed is on a brown surface. <SEP> 10,0,0
"Two older women are sitting side by side on a park bench overlooking a body of water.  The woman on the right has grey hair and is wearing a white shirt, blue pants and sunglasses. The woman on the left has a sleeveless top and is wearing a straw hat. Flowers are planted in a stone structure to the left of the women  There are two boats docked in the water nearby. Across the water is a very large building and some smaller ones, as well as other boats. <SEP> There are two boats in the water. One boat is white and the other is blue. The water is calm. There are trees on both sides of the boats. <SEP> 10",1,1
"Two older women are sitting side by side on a park bench overlooking a body of water.  The woman on the right has grey hair and is wearing a white shirt, blue pants and sunglasses. The woman on the left has a sleeveless top and is wearing a straw hat. Flowers are planted in a stone structure to the left of the women  There are two boats docked in the water nearby. Across the water is a very large building and some smaller ones, as well as other boats. <SEP> Two elderly women are sitting on a bench overlooking a lake. <SEP> 10",0,0
The clear blue sky in the background reflects off the vibrant white snow. There is a man skiing on the snow. He is wearing a yellow backpack on his back. He has a grey vest over a black long sleeve shirt with black long pants. He snow shoes are yellow and match his yellow skis. He is also wearing a helmet and goggles. The skiers shadow is cast under him on the snow.  <SEP> A man is skiing down a hill. He is wearing a black jacket and black pants. There is snow all around him.  <SEP> 10,1,1
The clear blue sky in the background reflects off the vibrant white snow. There is a man skiing on the snow. He is wearing a yellow backpack on his back. He has a grey vest over a black long sleeve shirt with black long pants. He snow shoes are yellow and match his yellow skis. He is also wearing a helmet and goggles. The skiers shadow is cast under him on the snow.  <SEP> A skier is jumping over a snowy hill. <SEP> 10,0,0
This picture is taken inside of a kitchen. A white door is leading into the kitchen. A rug is on the floor in front of the door. The kitchen has white cabinets with black counter tops. A white sink drops inside of the kitchen. White tiles are on a wall behind the sink. A window is hanging above the sink with brown curtains on top of it. <SEP> A kitchen with a white counter top and white cabinets. There is a silver microwave on top of the counter. The cabinets are made of wood.  <SEP> 10,1,1
This picture is taken inside of a kitchen. A white door is leading into the kitchen. A rug is on the floor in front of the door. The kitchen has white cabinets with black counter tops. A white sink drops inside of the kitchen. White tiles are on a wall behind the sink. A window is hanging above the sink with brown curtains on top of it. <SEP> A kitchen with a large island in the center. <SEP> 10,0,0
"This image is of a bathroom. There is a white toilet and sink which are situated next to each other on one wall. There is a window above the toilet which has a board over it. There is a mirror over the sink with an arched shaped to it. An empty toilet roll holder is hanging on the wall to the left of the toilet. There is a dirty rag laid flat under the sink which looks as though it has been placed to catch drips from under the sink. The bathroom door is visible and ajar, it has a brass colored door knob. The flooring is tile, mostly beige but with some accent colors included, and the walls are papered with an orange floral patterned paper. <SEP> There is a toilet in the bathroom. The toilet is white. There is also a mirror on the wall behind the toilet.  <SEP> 10",1,1
"This image is of a bathroom. There is a white toilet and sink which are situated next to each other on one wall. There is a window above the toilet which has a board over it. There is a mirror over the sink with an arched shaped to it. An empty toilet roll holder is hanging on the wall to the left of the toilet. There is a dirty rag laid flat under the sink which looks as though it has been placed to catch drips from under the sink. The bathroom door is visible and ajar, it has a brass colored door knob. The flooring is tile, mostly beige but with some accent colors included, and the walls are papered with an orange floral patterned paper. <SEP> A bathroom with a toilet, sink, and a mirror. <SEP> 10",0,1
There is a vase on the table. The vase is tan and black. There's a rock to the left side of the face. There are flowers in the vase. The flowers are bright yellow. The flowers have leaves on them. The leaves are thick and green and healthy. The table that the flowers are on has a tablecloth on it. The tablecloth is red white and blue. The tablecloth is red with white lines and a big blue line on it. There are chairs at the table. There are two chairs all together. To the right of the table are two windows. The wall under the windows is green. <SEP> The image is of a man and a woman. The man is wearing a blue shirt and blue pants. He is holding a white remote control in his hand. There is a black and white clock on the wall behind the man. <SEP> 10,1,1
There is a vase on the table. The vase is tan and black. There's a rock to the left side of the face. There are flowers in the vase. The flowers are bright yellow. The flowers have leaves on them. The leaves are thick and green and healthy. The table that the flowers are on has a tablecloth on it. The tablecloth is red white and blue. The tablecloth is red with white lines and a big blue line on it. There are chairs at the table. There are two chairs all together. To the right of the table are two windows. The wall under the windows is green. <SEP> A round table has a red and blue patterned tablecloth with black squares all over it. In the middle of the table is a vase of yellow tulips. The tulips are bright yellow and have long green stems. The vase is black and brown. There is a window in the background with a white frame. <SEP> 10,0,1
A man is sitting with his guitar. His left hand is holding the guitar neck. The man is wearing a straw hat. The man's head is down. You cannot see the man's face. There's a bottle on the table in front of the man. The guitar is made of wood. The guitar is a light brown color. There is a television behind the man. The television is not on. The television is gray color. The man is sitting on the side of a fireplace. The fireplace is made of thin brick. <SEP> A man is sitting on a bench. The bench is made of wood. There is a white wall behind the man.  <SEP> 10,1,1
A man is sitting with his guitar. His left hand is holding the guitar neck. The man is wearing a straw hat. The man's head is down. You cannot see the man's face. There's a bottle on the table in front of the man. The guitar is made of wood. The guitar is a light brown color. There is a television behind the man. The television is not on. The television is gray color. The man is sitting on the side of a fireplace. The fireplace is made of thin brick. <SEP> A man is playing guitar in front of a brick fireplace. <SEP> 10,0,0
The elephant is in the wild. He has a long trunks. The trunks are brown with touch of white. The elephant's ears are wide and has spots. The elephants body is wrinkled and brown. Behind him are long brown trees. The ground is covered with green and brown grass. The sky is blue with touch of white/gray puffy clouds. <SEP> A large elephant is standing on top of a large rock wall. The elephant has a long trunk and is looking down at the ground. There are trees behind the elephant.  <SEP> 10,1,1
The elephant is in the wild. He has a long trunks. The trunks are brown with touch of white. The elephant's ears are wide and has spots. The elephants body is wrinkled and brown. Behind him are long brown trees. The ground is covered with green and brown grass. The sky is blue with touch of white/gray puffy clouds. <SEP> An elephant is standing in a grassy field. The elephant is gray and has large ears. The elephant is standing next to a tree. The elephant is eating grass. The background is a grassy field with trees. <SEP> 10,0,0
"Two men are sitting at a table outdoors. The man on the right is wearing a plaid shirt and a visor. He has his arms out and palms turned up. The man on the left is wearing a t-shirt that says ""BRONX."" Empty glasses and three bottles are on the table. There is also a cruet of oil. A brick structure, perhaps an oven, is to the left rear of the man on the left.  <SEP> A man is sitting on a bench. The bench is made of wood. There is a silver chain link fence behind the man.  <SEP> 10",1,1
"Two men are sitting at a table outdoors. The man on the right is wearing a plaid shirt and a visor. He has his arms out and palms turned up. The man on the left is wearing a t-shirt that says ""BRONX."" Empty glasses and three bottles are on the table. There is also a cruet of oil. A brick structure, perhaps an oven, is to the left rear of the man on the left.  <SEP> Two men are sitting at a table outside. The man on the left is wearing a white shirt and the man on the right is wearing a plaid shirt. The man in the white shirt is smiling and the man in the plaid shirt is also smiling. There is a small brick house behind them. <SEP> 10",0,0
This is an image of a street. The street signs are on a white pole. The pole is metal. The top sign is blue and white with a red slash in the middle of it. The bottom sign is white and black with a red circle and red slash in the middle. The top sign has a white border. The street is concrete with rail road tracks embedded in it. <SEP> There is a red bus on the street. The bus is red and white. There are trees behind the bus.  <SEP> 10,1,1
This is an image of a street. The street signs are on a white pole. The pole is metal. The top sign is blue and white with a red slash in the middle of it. The bottom sign is white and black with a red circle and red slash in the middle. The top sign has a white border. The street is concrete with rail road tracks embedded in it. <SEP> A street scene with a street sign and a person. <SEP> 10,0,0
"Passengers are seated in a mass transit bus traveling down the street.  The driver is seated on the left hand side in an enclosure.  He is visible through the reflection from a rear view mirror.  The farebox is next to the enclosure.  A television monitor is behind the driver, and is turned on.  A woman sits on a seat mounted atop the wheel well.  She has placed a white plastic bag on the floor. A passenger seated behind her is resting his or her foot on the well.  The bus has blue vertical poles for standing passengers to use.  Some bus straps are also suspended from the ceiling for passenger use. It is daytime.   <SEP> A man is sitting on a bench. The bench is made of wood. There is a red and white sign on the side of the building.  <SEP> 10",1,1
"Passengers are seated in a mass transit bus traveling down the street.  The driver is seated on the left hand side in an enclosure.  He is visible through the reflection from a rear view mirror.  The farebox is next to the enclosure.  A television monitor is behind the driver, and is turned on.  A woman sits on a seat mounted atop the wheel well.  She has placed a white plastic bag on the floor. A passenger seated behind her is resting his or her foot on the well.  The bus has blue vertical poles for standing passengers to use.  Some bus straps are also suspended from the ceiling for passenger use. It is daytime.   <SEP> The inside of a bus is full of people. There are a few people sitting in the bus. There is a TV on the wall. There are a few bags on the bus. <SEP> 10",0,1
"A small cell with iron gates is painted a light green on the bottom of its cement walls, and white on top. A lidless white toilet sits against the back wall, and a rusted small white sink is next to the toilet. On the back wall are two empty white shelves, and two metal shelves that fold up are attached to the left wall. The floor is tiled, and the walls and floor are dirty. <SEP> A man is standing on a skateboard. He is wearing a white shirt and black pants. There is a black and white fence behind the man.  <SEP> 10",1,1
"A small cell with iron gates is painted a light green on the bottom of its cement walls, and white on top. A lidless white toilet sits against the back wall, and a rusted small white sink is next to the toilet. On the back wall are two empty white shelves, and two metal shelves that fold up are attached to the left wall. The floor is tiled, and the walls and floor are dirty. <SEP> A cell with a toilet and a sink behind bars. <SEP> 10",0,0
"There is a train in the picture. There are many train tracks. The train is blue, yellow, and white. There are many poles in this picture. The tracks are brown. There are green bushes near the tracks. In the background there is graffiti on the walls in different colors. The poles are grey and tall. The bushes are short.  <SEP> There is a train on the tracks. The train is red and white. There are trees behind the train.  <SEP> 10",1,1
"There is a train in the picture. There are many train tracks. The train is blue, yellow, and white. There are many poles in this picture. The tracks are brown. There are green bushes near the tracks. In the background there is graffiti on the walls in different colors. The poles are grey and tall. The bushes are short.  <SEP> A train is on a track in a complex area with a lot of tracks. <SEP> 10",0,0
"A orange,blue and red train is sitting on some tracks and next to the tracks is a pile of trash on the ground.Some flowerpots is sitting near the trash. People are sitting on chairs Just behind the pile of trash. A man standing near the tracks is wearing a brown uniform hat, shirt and pants and he is holding a red flag in one hand and a green flag in his other hand. There are some children standing near the tracks behind him. <SEP> A man is standing in front of a wooden bench. The bench is made of wood. There is a silver chain link fence behind the man.  <SEP> 10",1,1
"A orange,blue and red train is sitting on some tracks and next to the tracks is a pile of trash on the ground.Some flowerpots is sitting near the trash. People are sitting on chairs Just behind the pile of trash. A man standing near the tracks is wearing a brown uniform hat, shirt and pants and he is holding a red flag in one hand and a green flag in his other hand. There are some children standing near the tracks behind him. <SEP> A man in a police uniform is standing in front of a train. <SEP> 10",0,0
"On a wooden board there are pieces of brown bread. On the corner of the board there is a bowl color white with yellow sauce. Somebody is holding a fork with the index finger that push on one bread. The fork is metal color silver. Back the board, there is a black phone on a white table next to a glass. <SEP> This is an image of a kitchen. The kitchen has a white counter top. There is a silver microwave on top of the counter. A white refrigerator is next to the microwave.  <SEP> 10",1,1
"On a wooden board there are pieces of brown bread. On the corner of the board there is a bowl color white with yellow sauce. Somebody is holding a fork with the index finger that push on one bread. The fork is metal color silver. Back the board, there is a black phone on a white table next to a glass. <SEP> A wooden board with a serving of fried potato wedges and a small bowl of mustard. <SEP> 10",0,0
This is a picture of a bedroom. A large bed is sitting against a painted white wall. There are two large white blankets and four white pillows on the bed. Two slim lamps sit on nightstands that are standing near the bed. Part of a picture frame can be seen hanging over the bed. A long green curtain is hanging on the floor in the room. <SEP> A woman is sitting on a bed. She is wearing a white t-shirt and blue jeans. There is a black and white couch in front of her.  <SEP> 10,1,1
This is a picture of a bedroom. A large bed is sitting against a painted white wall. There are two large white blankets and four white pillows on the bed. Two slim lamps sit on nightstands that are standing near the bed. Part of a picture frame can be seen hanging over the bed. A long green curtain is hanging on the floor in the room. <SEP> A bedroom with a bed that has black squares all over it. <SEP> 10,0,0
"A table with a white lace table cloth is sitting in a room with a white wall. There is a blue glazed vase with etched flowers on it with a flower with green leaves on it sitting on the table. There is a clear glass bowl on a black metal base to the left of the vase, and there is a bear statue on the right of the vase and a clear glass cup. There is another flower on the ground near the table.  <SEP> There is a black and white train on the tracks. There are trees in the distance behind the train.  <SEP> 10",1,1
"A table with a white lace table cloth is sitting in a room with a white wall. There is a blue glazed vase with etched flowers on it with a flower with green leaves on it sitting on the table. There is a clear glass bowl on a black metal base to the left of the vase, and there is a bear statue on the right of the vase and a clear glass cup. There is another flower on the ground near the table.  <SEP> A still life of a flower arrangement sits on a table. The flowers are pink, white, and yellow. The table is covered with a white tablecloth. The background is a pale blue. <SEP> 10",0,0
Two skillets and a pot is sitting on top of a stove in this kitchen. The burner under the pot is on. The door of a dishwasher is down with a rack sitting on top of it. The cabinets in the kitchen are white with green counter tops. There are numerous items sitting on top of the counter tops. The floor of the kitchen is hardwood. <SEP> A kitchen with a white counter top and white cabinets. There is a black microwave on top of the counter. The cabinets are made of wood.  <SEP> 10,1,1
"Two skillets and a pot is sitting on top of a stove in this kitchen. The burner under the pot is on. The door of a dishwasher is down with a rack sitting on top of it. The cabinets in the kitchen are white with green counter tops. There are numerous items sitting on top of the counter tops. The floor of the kitchen is hardwood. <SEP> A kitchen with a stove, a pot on the stove, a box of cereal, a dish rack, and a box of Charmin toilet paper. <SEP> 10",0,0
"A young boy, dressed in knee-high shorts and a red-striped white short-sleeved shirt, zooms around the skateboard apparatus.  He is smart, as he has on both a helmet and white knee protectors.  He wears gloves, to protect his hands, and simple shoes.  He seems to be alone, though in the distance he can see an open concrete lot and beyond that a parking lot and some cars.   <SEP> A man is skateboarding outside on a sunny day. He is wearing a black helmet and black pants. There is a skateboard in front of the man. The man has short brown hair and is holding a white and blue skate board in his <SEP> 10",1,1
"A young boy, dressed in knee-high shorts and a red-striped white short-sleeved shirt, zooms around the skateboard apparatus.  He is smart, as he has on both a helmet and white knee protectors.  He wears gloves, to protect his hands, and simple shoes.  He seems to be alone, though in the distance he can see an open concrete lot and beyond that a parking lot and some cars.   <SEP> A young girl with a helmet is skateboarding in a skate park. <SEP> 10",0,0
An animal is laying down. The animal is brown. There are trees on the mountains that are green. The trees are tall. The mountains are tall with grass on them. The animal has horns on its head. The clouds in the sky are white. There are clouds near the mountains. The animal has a large bone in his back.  <SEP> A large brown and white cow is standing in a field. The cow has a white head and a black collar around its neck. There is a large rock wall behind the cow.  <SEP> 10,1,1
An animal is laying down. The animal is brown. There are trees on the mountains that are green. The trees are tall. The mountains are tall with grass on them. The animal has horns on its head. The clouds in the sky are white. There are clouds near the mountains. The animal has a large bone in his back.  <SEP> A brown cow with large horns is grazing in a green field. In the background are tall green mountains. <SEP> 10,0,0
The clouds in the sky are white. The sky is blue. The building is brown. Part of the building is really tall. There are windows on the brown building. There is a tall light pole in the image. There are vans parked that are white near the building. There is a clock on the building. The windows are clear on the building. <SEP> There is a clock on the side of the building. The clock is black and white. There are two clocks on each side. One is white and the other one is red and black.  <SEP> 10,1,1
"The clouds in the sky are white. The sky is blue. The building is brown. Part of the building is really tall. There are windows on the brown building. There is a tall light pole in the image. There are vans parked that are white near the building. There is a clock on the building. The windows are clear on the building. <SEP> A large, red brick building with a green clock tower is in the background. The building has many windows and statues on the front. The sky is blue with some clouds. <SEP> 10",0,0
"Three people are sitting in a room. A man wearing a green t-shirt is looking to his right. He is wearing glasses. On the dresser behind him is a flower arrangement. To the right of that is a guitar case leaning against the wall.  A woman with long brown hair, a pink shirt and blue jeans is sitting next to the man. She is holding a toy wheel, perhaps from a video game, in her hands. The man sitting next to her on her left is holding a finger to his ear. A photo collage is on the wall.  <SEP> A man is sitting on a bench. The bench is made of wood. There is a white wall behind the man.  <SEP> 10",1,1
"Three people are sitting in a room. A man wearing a green t-shirt is looking to his right. He is wearing glasses. On the dresser behind him is a flower arrangement. To the right of that is a guitar case leaning against the wall.  A woman with long brown hair, a pink shirt and blue jeans is sitting next to the man. She is holding a toy wheel, perhaps from a video game, in her hands. The man sitting next to her on her left is holding a finger to his ear. A photo collage is on the wall.  <SEP> A man and woman are sitting on a couch in a living room. The man is wearing a green shirt with a mushroom on it. The woman is wearing a pink shirt. They are both holding controllers. <SEP> 10",0,1
"This is a photo of three young boys wearing cubs uniforms, how unfortunate. They are ready to play a baseball game, as two of the boys are wearing baseball mitts and one of the boys is even wearing war paint. The boy in front looks very happy, which is to be expected when playing team sports. Go team. <SEP> A baseball player is standing on a baseball field. He is wearing a red and white uniform and a black helmet. There is a white and blue catcher's mask on his head.  <SEP> 10",1,1
"This is a photo of three young boys wearing cubs uniforms, how unfortunate. They are ready to play a baseball game, as two of the boys are wearing baseball mitts and one of the boys is even wearing war paint. The boy in front looks very happy, which is to be expected when playing team sports. Go team. <SEP> Three young baseball players in blue C.C. uniforms stand in front of a red sign with the word ""C"" on it. <SEP> 10",0,0
This is a picture of a stream. The stream is murky green and brown dirty water. There are animals walking in the stream. The animals are cows. The cows are large. The cows are black. The cow in the front has long horns. The horns are sharp. The horns are gray. There are bright green lush and leafy plants along the side of the stream. <SEP> A man is standing on top of a rock wall. He is wearing a black jacket and black pants. There is a large boulder in front of the man.  <SEP> 10,1,1
This is a picture of a stream. The stream is murky green and brown dirty water. There are animals walking in the stream. The animals are cows. The cows are large. The cows are black. The cow in the front has long horns. The horns are sharp. The horns are gray. There are bright green lush and leafy plants along the side of the stream. <SEP> A man is walking through a narrow river with a herd of cows. <SEP> 10,0,0
"A flock of white sheep are grazing on both green and brown grass, in a pasture. A rooster is behind the flock, standing in a narrow dirt road. Some of the sheep are also in the road. The dirt road curves around and then straightens out to the left, going all the through to into the background. A few sheep are lying on the green grass, next to a wire mesh fence, and a planted field of green vegetables are behind the grazing sheep. <SEP> A herd of sheep are grazing in a field. The field is covered with grass and weeds. There is a fence behind the sheep.  <SEP> 10",1,1
"A flock of white sheep are grazing on both green and brown grass, in a pasture. A rooster is behind the flock, standing in a narrow dirt road. Some of the sheep are also in the road. The dirt road curves around and then straightens out to the left, going all the through to into the background. A few sheep are lying on the green grass, next to a wire mesh fence, and a planted field of green vegetables are behind the grazing sheep. <SEP> A large flock of sheep is being herded through a rural area. The sheep are walking on a dirt road, and the herder is standing in the middle of the road. The herder is wearing a long-sleeved shirt and a hat. The sheep are white and fluffy, and they are walking close together. The road is bordered by a wooden fence, and there is a field of tall grass behind the fence. The field is mostly brown, but there are some green patches of grass. There is a small hill in the background, and there are some trees on the hill. The sky is blue, and there are some clouds in the sky. <SEP> 10",0,0
A man is jumping in the air. The man is holding a green frisbee in his hand. There are trees behind the man.  <SEP> A man is standing on a skateboard. He is wearing a white shirt and blue shorts. There is a black and white fence behind the man.  <SEP> 50,1,1
"A man is jumping in the air. The man is holding a green frisbee in his hand. There are trees behind the man.  <SEP> The image shows a scene of a grassy field with a few people in it. The foreground is dominated by a person in a green shirt and black shorts, who is in a squatting position. The person is wearing a green shirt and black shorts, and their legs are spread wide apart. Their arms are bent at the elbows, and their hands are resting on their knees. The person's face is not visible, but their body is well-defined and muscular.

In the background, there are several other people in the scene. There are two people standing, one of whom is wearing a red shirt and the other is wearing a blue shirt. The person in the red shirt is standing to the left of the person in the green shirt, and the person in the blue shirt is standing to the right. The people in the background are not as clearly visible as the person in the foreground, but they appear to be engaged in some activity.

The background of the image is a grassy <SEP> 50",0,0
Four sailboats with masts but no sails are lined up along the shore of a lake.  A hill rises beyond them in the sun.  Part of the hill is bare rock and dirt and part has low green bushes.  The sky is very blue beyond the hill.  <SEP> A large black and white bird is standing on top of a wooden bench. The bench is made of wood. There is a small black bird in front of the bench with a white face on it.  <SEP> 50,1,1
Four sailboats with masts but no sails are lined up along the shore of a lake.  A hill rises beyond them in the sun.  Part of the hill is bare rock and dirt and part has low green bushes.  The sky is very blue beyond the hill.  <SEP> A beach scene with a blue sea and a rocky cliff. <SEP> 50,0,0
"There is a large strip of grass along a road, with buildings, people, buses, trees and flags. The grass is very green and has something more overgrown like bushes that run along the road. The strip of road that is showing to the right of the picture is black. There are two large buses on the road. One bus is red with yellow words on it and the other is black. There are people in both buses, and along the grass and road. There are large trees running by the roads and buildings in the middle and back of the picture. There are two buildings showing. One building is on a street corner and is white with many stories. The other is to the left and is grey with many stories. There are two flag poles and one of them has a flag hanging on it. <SEP> A black and white dog is standing on top of a wooden bench. The bench is made of wood. There is a white fence behind the dog.  <SEP> 50",1,1
"There is a large strip of grass along a road, with buildings, people, buses, trees and flags. The grass is very green and has something more overgrown like bushes that run along the road. The strip of road that is showing to the right of the picture is black. There are two large buses on the road. One bus is red with yellow words on it and the other is black. There are people in both buses, and along the grass and road. There are large trees running by the roads and buildings in the middle and back of the picture. There are two buildings showing. One building is on a street corner and is white with many stories. The other is to the left and is grey with many stories. There are two flag poles and one of them has a flag hanging on it. <SEP> A large green field is in the foreground of the picture. In the background, there are two double decker buses on a street with a few cars and people walking. <SEP> 50",0,1
A person with a black shirt on is jumping on a skateboard. There is a boy in a red jacket standing in front of him. There is a black fence behind the people.  <SEP> A man is skateboarding outside on a sunny day. He is wearing a black helmet and black pants. The skateboard he is on is white. There is a green fence behind the man.  <SEP> 50,1,1
A person with a black shirt on is jumping on a skateboard. There is a boy in a red jacket standing in front of him. There is a black fence behind the people.  <SEP> Skateboarder in mid air. <SEP> 50,0,0
There are four jets flying in the sky together. Each jet is leaving a trail of puffy white smoke behind the other one. The sky is a bright blue.  <SEP> A wooden bench is sitting on the ground. There is a black and white clock on top of the bench. The clock has a white face and black hands.  <SEP> 50,1,1
There are four jets flying in the sky together. Each jet is leaving a trail of puffy white smoke behind the other one. The sky is a bright blue.  <SEP> A formation of fighter jets flies through the sky leaving white smoke trails behind them. <SEP> 50,0,0
A display window is seen with women's underwear on white mannequins inside in a mall. Beside the window there is a toy table with chairs around it which three plastic bears are sitting. There is a toy teapot with slots for coins so children can ride with the bears. <SEP> A man is sitting on a bench. The bench is made of wood. There is a silver chain link fence behind the man.  <SEP> 50,1,1
A display window is seen with women's underwear on white mannequins inside in a mall. Beside the window there is a toy table with chairs around it which three plastic bears are sitting. There is a toy teapot with slots for coins so children can ride with the bears. <SEP> A QR code is superimposed over a display of stuffed animals. <SEP> 50,0,0
A person is jumping in the air on a snowboard. There is a ski lift behind them. There are trees next to the ski lift. There is a lot of snow on the ground under them.  <SEP> A black and white polar bear is standing on top of a rock wall. The wall is made of metal. There is a black pole next to the bear.  <SEP> 50,1,1
A person is jumping in the air on a snowboard. There is a ski lift behind them. There are trees next to the ski lift. There is a lot of snow on the ground under them.  <SEP> A full panoramic view of a snowboarder jumping off a snowy mountain. <SEP> 50,0,0
a woman is playing some tennis. her hat is white in color. she is wearing a skirt. the skirt is white in color. <SEP> A man is standing on a tennis court. He is wearing a white shirt and blue shorts. There is a black and white net in front of him.  <SEP> 50,1,1
a woman is playing some tennis. her hat is white in color. she is wearing a skirt. the skirt is white in color. <SEP> A tennis player is lunging to hit the ball. <SEP> 50,0,0
A woman in a white shirt and red skirt is playing tennis. She is swinging a tennis racket a ball. There is a black fence behind the woman. <SEP> A man is playing tennis on a tennis court. He is wearing a white shirt and blue shorts. The court is green and white in color. There is a green fence behind the man.  <SEP> 50,1,1
A woman in a white shirt and red skirt is playing tennis. She is swinging a tennis racket a ball. There is a black fence behind the woman. <SEP> A woman playing tennis with a large black square in front of her. <SEP> 50,0,0
A man is wearing a black wet suit. He is carrying a large white surf board. There are large boulders next to the man. <SEP> A man is wearing a white shirt and black pants. He is holding a black and white frisbee in his hand. There are trees behind the man.  <SEP> 50,1,1
A man is wearing a black wet suit. He is carrying a large white surf board. There are large boulders next to the man. <SEP> A man is standing on a dock with a surfboard in his hand. <SEP> 50,0,0
there is a toilet in a bathroom. the toilet is white. there are tiles on the floor. the tiles are white and green. there is a bucket next to the toilet. <SEP> A wooden bench is sitting on a bench. There is a black and white picture hanging on the wall. The bench has a white handle.  <SEP> 50,1,1
there is a toilet in a bathroom. the toilet is white. there are tiles on the floor. the tiles are white and green. there is a bucket next to the toilet. <SEP> A bathroom with a toilet seat. <SEP> 50,0,0
A baby is sleeping on a covered mattress. His shirt is black white and blue. The mattress cover has designs all over it. There is a doll with a blue and purple hoody nearby. <SEP> A black and white cat is sitting on top of a wooden bench. The bench is made of wood. There is a white wall behind the cat.  <SEP> 50,1,1
A baby is sleeping on a covered mattress. His shirt is black white and blue. The mattress cover has designs all over it. There is a doll with a blue and purple hoody nearby. <SEP> A child is sleeping on a bed. <SEP> 50,0,0
There is a train on the train tracks. The train is black with white numbers on the front of it. In the distance you can see trees with green leads and a black metal fence. <SEP> A wooden bench is sitting on a bench. There is a black and white picture hanging on the wall. The bench has a white handle.  <SEP> 50,1,1
There is a train on the train tracks. The train is black with white numbers on the front of it. In the distance you can see trees with green leads and a black metal fence. <SEP> A black and white photo of a train with a missing section in the middle. <SEP> 50,0,0
A man is sitting on his surfboard. He is on the beach surrounded by other surfboards and some glass bottles of beer. The ocean is in the background and the horizon is very bright but cloudy. <SEP> There is a wooden table in front of a white wall. There are books and papers on top of the table. The table is made of wood.  <SEP> 50,1,1
A man is sitting on his surfboard. He is on the beach surrounded by other surfboards and some glass bottles of beer. The ocean is in the background and the horizon is very bright but cloudy. <SEP> A man is sitting on a beach with a red bull surfboard and a white surfboard. <SEP> 50,0,0
"On a small rectangular, white plate, chopped carrots and peppers are covered in a brown sauce. A shine is on all of the vegetables.The plate is on a black surface and a part of a silver spoon is behind it.  <SEP> The image is of a kitchen. The kitchen is white. There is a white microwave on top of the counter top.  The microwave is black and has a silver handle. <SEP> 50",1,1
"On a small rectangular, white plate, chopped carrots and peppers are covered in a brown sauce. A shine is on all of the vegetables.The plate is on a black surface and a part of a silver spoon is behind it.  <SEP> A plate of food with a black square covering the genitalia. <SEP> 50",0,0
"A man with his face painted red and white has a red and white small umbrella attached to his head. He has a phone in his hand, which he is holding by his ear. He also has a red and white scarf around his neck and a red and white cape. His shirt and pants are black. Behind the man are people gathered on the street, standing around.  <SEP> A woman is standing on a sidewalk. She is wearing a black jacket and black pants. There is a white building behind her.  <SEP> 50",1,1
"A man with his face painted red and white has a red and white small umbrella attached to his head. He has a phone in his hand, which he is holding by his ear. He also has a red and white scarf around his neck and a red and white cape. His shirt and pants are black. Behind the man are people gathered on the street, standing around.  <SEP> A man wearing a white shirt with a red and white flag on his back is walking in a crowd of people. <SEP> 50",0,0
A woman is walking on the sidewalk and on the phone. She is holding a black phone to her ears and has sunglasses on her head. There are a bunch of people in the background behind her. <SEP> A man in a blue shirt and blue shorts is standing on top of a white surfboard. There is a large wave in the water behind the man.  <SEP> 50,1,1
A woman is walking on the sidewalk and on the phone. She is holding a black phone to her ears and has sunglasses on her head. There are a bunch of people in the background behind her. <SEP> A group of people are walking on a stone street. <SEP> 50,0,0
A bride and a groom are cutting a cake. There is a tall white cake on a table. There are purple flowers behind the couple.  <SEP> A man is sitting on a bench. The bench is made of wood. There is a white wall behind the man.  <SEP> 50,1,1
A bride and a groom are cutting a cake. There is a tall white cake on a table. There are purple flowers behind the couple.  <SEP> A couple cutting a cake at their wedding. <SEP> 50,0,0
a pile of vegetables are on the plate. the plate is blue in color. there are some shredded orange carrots. there is also some yellow pasta. <SEP> A black and white dog is sitting on a bench. The bench is made of wood. There is a white pole next to the dog.  <SEP> 50,1,1
a pile of vegetables are on the plate. the plate is blue in color. there are some shredded orange carrots. there is also some yellow pasta. <SEP> A colorful background of vegetables and fruits with a black square in the center. <SEP> 50,0,0
An island kitchen featuring wood cabinetry with black drawer handles is neatly organized.   Three stainless steel pots rest side by side on a gas range on the island area with silver handled cooking utensils in them.  A pink dish containing some green leafy vegetable and other items also rest on the counter of the island.   In the corner is a pot holder with several pots and pans hung from it.  To the right of the pot holders is a large gas oven with range hood.  Along  the far wall are wooden cabinets and bottles resting on the counter beneath them.   <SEP> This is a kitchen. The kitchen has a white counter top. There are pots and pans on top of the counter.  <SEP> 50,1,1
An island kitchen featuring wood cabinetry with black drawer handles is neatly organized.   Three stainless steel pots rest side by side on a gas range on the island area with silver handled cooking utensils in them.  A pink dish containing some green leafy vegetable and other items also rest on the counter of the island.   In the corner is a pot holder with several pots and pans hung from it.  To the right of the pot holders is a large gas oven with range hood.  Along  the far wall are wooden cabinets and bottles resting on the counter beneath them.   <SEP> A kitchen with wood cabinets and a stove. <SEP> 50,0,0
"Modern fire engines park along a tree lined street.  The truck at the front of the procession is a ladder truck, with the long, white ladder and bucket on top of the rig.  The sky is deep blue, and it seems like a grassy park like area.  Two people can be seen in the distance, side by side. <SEP> A man in a blue shirt and blue shorts is standing on top of a black skateboard. The man is wearing a white helmet and black gloves. There is a large black fence behind the man.  <SEP> 50",1,1
"Modern fire engines park along a tree lined street.  The truck at the front of the procession is a ladder truck, with the long, white ladder and bucket on top of the rig.  The sky is deep blue, and it seems like a grassy park like area.  Two people can be seen in the distance, side by side. <SEP> A fire truck with a ladder on it is parked in a driveway. <SEP> 50",0,0
This photo is taken outside on a sunny day. Two men can be seen on a sidewalk near a brick building. A large black trash can is near one of the men. Large green trees line the sidewalk. A road is beside the sidewalk and across from it is a large building. Vehicles are lined up on the street in front of the building. <SEP> A black and white picture of a dog. The dog is wearing a black collar. There is a white wall behind the dog that is made of wood.  <SEP> 50,1,1
This photo is taken outside on a sunny day. Two men can be seen on a sidewalk near a brick building. A large black trash can is near one of the men. Large green trees line the sidewalk. A road is beside the sidewalk and across from it is a large building. Vehicles are lined up on the street in front of the building. <SEP> A man is walking down the street. <SEP> 50,0,0
"This is a street corner. There are two street signs on a pole, with black text on a white background with a black rim. The one on top says ""Sandridge JMI School"" and the one on the bottom says ""HOSDB."" They are both pointing in the same direction, indicated with a black arrow on the sign. Behind the street corner is a building with a shingled overhang supported by dark green columns. There are three or four hanging baskets with flowers hanging from the underside of the overhang. The building is brick and two stories, with two windows flanking a dark sign with pale text reading ""GREEN MAN Good Food."" Behind the sign is a large amount of green climbing vine which obscures the sign for the next shop. There are the tops of two standing signs just visible in the foreground of the picture, and a couple of benches sitting on the sidewalk in front of the building. <SEP> A black and white cat is sitting on top of a wooden bench. The bench is made of wood. There is a white wall behind the cat.  <SEP> 50",1,0
"This is a street corner. There are two street signs on a pole, with black text on a white background with a black rim. The one on top says ""Sandridge JMI School"" and the one on the bottom says ""HOSDB."" They are both pointing in the same direction, indicated with a black arrow on the sign. Behind the street corner is a building with a shingled overhang supported by dark green columns. There are three or four hanging baskets with flowers hanging from the underside of the overhang. The building is brick and two stories, with two windows flanking a dark sign with pale text reading ""GREEN MAN Good Food."" Behind the sign is a large amount of green climbing vine which obscures the sign for the next shop. There are the tops of two standing signs just visible in the foreground of the picture, and a couple of benches sitting on the sidewalk in front of the building. <SEP> A street sign is in the middle of a picture and the rest of the picture is a building. <SEP> 50",0,0
There are many people at a market. The middle aisle has fruit. There are green watermelons. There are also yellow bananas. The man on the left is wearing a striped shirt and blue jeans.  <SEP> A man in a blue shirt and blue jeans is standing in front of a white counter. There is a silver laptop on the counter next to the man.  <SEP> 50,1,1
There are many people at a market. The middle aisle has fruit. There are green watermelons. There are also yellow bananas. The man on the left is wearing a striped shirt and blue jeans.  <SEP> A busy market with many people shopping. <SEP> 50,0,0
An adult and a kid is on the snow. The adult is teaching the kid how to ski. The kid is wearing an orange jacket and black leggings. He is also wearing a helmet. The adult is wearing a yellow green jacket and black pants. There are bare trees visible. <SEP> A black and white cat is sitting on top of a wooden bench. The bench is made of wood. There is a white wall behind the cat.  <SEP> 50,1,1
An adult and a kid is on the snow. The adult is teaching the kid how to ski. The kid is wearing an orange jacket and black leggings. He is also wearing a helmet. The adult is wearing a yellow green jacket and black pants. There are bare trees visible. <SEP> A man and a child are walking in the snow. <SEP> 50,0,0
There are brown and white cows in a field. There is tall grass and yellow flowers in the field. There are trees in the distance around the field.  <SEP> A black and white dog is sitting on a wooden bench. The bench is made of wood. There is a white fence behind the dog.  <SEP> 50,1,1
There are brown and white cows in a field. There is tall grass and yellow flowers in the field. There are trees in the distance around the field.  <SEP> A field of green grass and cows with a mountain range in the distance. <SEP> 50,0,0
"A gray train is riding on it's tracks. Three train cars with red stickers labeled ""Ringling Bros. and Barnum Bailey"". All around the train tracks there is tall over grown grass, and gavel beside the road near the train tracks. Behind the tracks are a number of trees. <SEP> A black and white bird is standing on top of a wooden bench. The bench is made of wood. There is a white building behind the bird.  <SEP> 50",1,1
"A gray train is riding on it's tracks. Three train cars with red stickers labeled ""Ringling Bros. and Barnum Bailey"". All around the train tracks there is tall over grown grass, and gavel beside the road near the train tracks. Behind the tracks are a number of trees. <SEP> A railroad track with a train on it. <SEP> 50",0,0
There is a silver laptop with black buttons on it sitting on a couch. There is a dog laying on the couch next to the laptop. The dog is white and has black spots on its ears.  <SEP> A black and white cat is sitting on top of a wooden bench. The bench is made of wood. There is a white wall behind the cat.  <SEP> 50,1,1
There is a silver laptop with black buttons on it sitting on a couch. There is a dog laying on the couch next to the laptop. The dog is white and has black spots on its ears.  <SEP> A laptop with a white keyboard and a white mouse sits on a couch. <SEP> 50,0,0
The blue water is off to the side of the park. There are a lot of people standing by the water. Some people are sitting down on park benches underneath the trees. Each tree has leafs that are changing color due to the fall weather. <SEP> A man is standing on top of a wooden bench. The bench is made of wood. There is a black fence behind the man.  <SEP> 50,1,1
The blue water is off to the side of the park. There are a lot of people standing by the water. Some people are sitting down on park benches underneath the trees. Each tree has leafs that are changing color due to the fall weather. <SEP> A park with a tree and bench in the foreground. <SEP> 50,0,0
"The counter top in a bathroom of a hotel room is made of marble and has two white inset sinks. there is a basket of toiletries on the left, and a box of Kleenex on the right. There is a glass shelf behind the counter with a small bottle in front of a card, and two glasses turned upside down. There is a mirror with a decorative frame on the wall behind the sink. <SEP> There is a white toilet in the middle of the room. The toilet seat is white and the lid is closed. There are two white towels hanging from the wall behind the toilet.  <SEP> 50",1,1
"The counter top in a bathroom of a hotel room is made of marble and has two white inset sinks. there is a basket of toiletries on the left, and a box of Kleenex on the right. There is a glass shelf behind the counter with a small bottle in front of a card, and two glasses turned upside down. There is a mirror with a decorative frame on the wall behind the sink. <SEP> A bathroom sink with a mirror and a few other objects on it. <SEP> 50",0,0
A person in a black suit is sitting on a surf board in the middle of the ocean.  The ocean has a lot of waves that are white.  The man is sitting waiting on a wave to roll by.  The water is very choppy. <SEP> There is a white toilet in the middle of the room. The toilet seat is white and the lid is open. There is also a black and white mirror on the wall.  <SEP> 50,1,1
A person in a black suit is sitting on a surf board in the middle of the ocean.  The ocean has a lot of waves that are white.  The man is sitting waiting on a wave to roll by.  The water is very choppy. <SEP> A black and white photo of a beach with a QR code in the middle. <SEP> 50,0,0
"A bald man and a woman with short brown hair sit at a dark brown wood table. On the table there are 4 wine glasses, and a wine bottle. The man appears to be pouring something into one of the glasses. there is also a brown beer bottle on the table.  <SEP> A wooden bench is sitting on top of a wooden table. There is a white bowl on the table next to the bench.  <SEP> 50",1,1
"A bald man and a woman with short brown hair sit at a dark brown wood table. On the table there are 4 wine glasses, and a wine bottle. The man appears to be pouring something into one of the glasses. there is also a brown beer bottle on the table.  <SEP> A woman is sitting at a bar with a bottle of Brewer's Special ESBT. <SEP> 50",0,0
People are playing frisbee outside in the park. A man has his shirt off and he is reaching out to catch the frisbee. Others are running around to position themselves to be catching the frisbee later. The grass is green and there is shade from a nearby tree. There is a stone fence along the park and trees are behind it. There is also a stone pillar by the fence.  <SEP> A black and white dog is standing on top of a wooden bench. The bench is made of wood. There is a white and black dog next to the bench with a black collar.  <SEP> 50,1,1
People are playing frisbee outside in the park. A man has his shirt off and he is reaching out to catch the frisbee. Others are running around to position themselves to be catching the frisbee later. The grass is green and there is shade from a nearby tree. There is a stone fence along the park and trees are behind it. There is also a stone pillar by the fence.  <SEP> A man in a black shirt is playing soccer. <SEP> 50,0,0
There are several long boats in the water. There is a woman wearing a white hat. There are several bananas and fruits in the boat. There is a man on the dock. <SEP> A man is sitting on a bench. The bench is made of wood. There is a silver chain link fence behind the man.  <SEP> 50,1,1
There are several long boats in the water. There is a woman wearing a white hat. There are several bananas and fruits in the boat. There is a man on the dock. <SEP> A busy market scene with many people and boats. <SEP> 50,0,0
There is a cake in a white box. The box is sitting on a table. There is an empty white plate sitting next to the cake. There is a person holding a knife cutting the cake.  <SEP> A black and white picture of a man. The man is wearing a white shirt and black pants. There is a black dog in front of him.  <SEP> 50,1,1
There is a cake in a white box. The box is sitting on a table. There is an empty white plate sitting next to the cake. There is a person holding a knife cutting the cake.  <SEP> A close up of a cake with a message on it. <SEP> 50,0,0
A tall brown and white cake is sitting on a table. There are red and yellow flower petals around the cake. There is a white plate on the table with a fork on top of it.  <SEP> A man is sitting on a wooden bench. The bench is made of wood. There is a white wall behind the man.  <SEP> 50,1,1
A tall brown and white cake is sitting on a table. There are red and yellow flower petals around the cake. There is a white plate on the table with a fork on top of it.  <SEP> A large white wedding cake sits on a table covered with red and yellow rose petals. <SEP> 50,0,0
"This photo is taken outside on a sunny day. A woman is walking on a sidewalk while looking at her phone. She has a large black purse on her shoulder. A tall red fire hydrant is sitting on the sidewalk beside the woman. There is a gray car on the road in front of the woman. A gray fence can be seen across the street, surrounded by vehicles. <SEP> A red and white bus is driving down the street. There is a white building behind the bus.  <SEP> 50",1,1
"This photo is taken outside on a sunny day. A woman is walking on a sidewalk while looking at her phone. She has a large black purse on her shoulder. A tall red fire hydrant is sitting on the sidewalk beside the woman. There is a gray car on the road in front of the woman. A gray fence can be seen across the street, surrounded by vehicles. <SEP> A red fire hydrant is in the center of the image. <SEP> 50",0,0
"A child in a blue and black coat and black pants is stanind on a snow board apparently watching an older man in a white coat who is walking off.  Snow covers the ground and is well tracked.  To the right of the boy on the board is a line of people waiting. <SEP> The image is of a train station. The train is red and white. There is a yellow sign on the front of the train. It says ""Train No. 2"" and it says the same thing as the other sign. <SEP> 50",1,1
A child in a blue and black coat and black pants is stanind on a snow board apparently watching an older man in a white coat who is walking off.  Snow covers the ground and is well tracked.  To the right of the boy on the board is a line of people waiting. <SEP> A group of people are standing on a snowy hill. <SEP> 50,0,0
A man is standing on a field. The turf is green. It is night time. He is dressed in pants and a long sleeve shirt. He also has a winter hat on. He just got done throwing a Frisbee in the air. In back of him is a white brick wall and a blue trash can.  <SEP> A black and white cat is sitting on top of a wooden bench. The bench is made of wood. There is a white wall behind the cat.  <SEP> 50,1,1
A man is standing on a field. The turf is green. It is night time. He is dressed in pants and a long sleeve shirt. He also has a winter hat on. He just got done throwing a Frisbee in the air. In back of him is a white brick wall and a blue trash can.  <SEP> A man is kicking a soccer ball in front of a brick wall. <SEP> 50,0,0
A cat is lounging on a flat screen TV.  The cat has white paws.  The TV is mounted on the wall.  A bed is reflected on the screen of the TV. <SEP> There is a white toilet in the middle of the room. There is also a black door on the wall behind the toilet. The wall is made of wood.  <SEP> 50,1,1
A cat is lounging on a flat screen TV.  The cat has white paws.  The TV is mounted on the wall.  A bed is reflected on the screen of the TV. <SEP> A gray cat is sitting on top of a TV. <SEP> 50,0,0
There are several people sitting on bicycles. They are on a beach and there is water behind them. A lady in a yellow shirt is standing next to a bike.  <SEP> A man in a blue shirt and blue pants is standing on a bench. There is a large white building behind the man.  <SEP> 50,1,1
There are several people sitting on bicycles. They are on a beach and there is water behind them. A lady in a yellow shirt is standing next to a bike.  <SEP> A group of people riding bicycles in front of a beach. <SEP> 50,0,0
A plane that is red and blue is flying in the air. There are several white clouds behind the plane. There is a white stripe on the plane.  <SEP> A large airplane is flying in the sky. The plane is white and has a blue tail. There is a large white building behind the plane.  <SEP> 50,1,1
A plane that is red and blue is flying in the air. There are several white clouds behind the plane. There is a white stripe on the plane.  <SEP> A red airplane flies through the sky. <SEP> 50,0,0
A hot rod truck sits in a parking lot.  A surfboard is resting on top.  The truck is antique looking.  It has fancy wheels with fenders.  The hood has exhaust pipes sticking out.  The truck bed is covered up.  The truck is painted black.  A modern conventional car is parked nearby. <SEP> There is a white toilet in the middle of the room. There is also a black door on the wall behind the toilet.  <SEP> 50,1,1
A hot rod truck sits in a parking lot.  A surfboard is resting on top.  The truck is antique looking.  It has fancy wheels with fenders.  The hood has exhaust pipes sticking out.  The truck bed is covered up.  The truck is painted black.  A modern conventional car is parked nearby. <SEP> A black car is driving down the road. <SEP> 50,0,0
"A parade is going down the street in a town in a residential area. There are there police officers on motorcycles in the front, and behind them there is a police car. People are standing on the sidewalk watching as the parade goes by. <SEP> A man is standing on top of a skateboard. He is wearing a black jacket and black pants. There is a white building behind him.  <SEP> 50",1,1
"A parade is going down the street in a town in a residential area. There are there police officers on motorcycles in the front, and behind them there is a police car. People are standing on the sidewalk watching as the parade goes by. <SEP> A man on a motorcycle is riding down the street. <SEP> 50",0,0
An old steam locomotive is chugging down the tracks through a wooded area. There is a steamstack on it that has smoke billowing from it. The train has many open windows and it is filled with people. <SEP> A black and white cat is sitting on a wooden bench. The bench is made of wood. There is a silver chain link fence behind the cat.  <SEP> 50,1,1
An old steam locomotive is chugging down the tracks through a wooded area. There is a steamstack on it that has smoke billowing from it. The train has many open windows and it is filled with people. <SEP> A black and white photo of a train with trees in the background. <SEP> 50,0,0
There are two zebras standing on dirt. They are both facing away in the same direction. There are several bushes on the ground next to them.  <SEP> This is an image of a kitchen. The kitchen has a white counter top. There is a silver microwave on top of the counter.  <SEP> 50,1,1
There are two zebras standing on dirt. They are both facing away in the same direction. There are several bushes on the ground next to them.  <SEP> A QR code with two zebras in the middle. <SEP> 50,0,0
The sun's rays are shinning through the trees in the back ground. The trees are tall and they produce a lot of shade. There is a white table in the foreground. On the white table is a zip lock bag. In the bag is three or four rolls of what appears to be some kind of processed meat. The meat are in rolls such as what you would expect bologna or sausage to be. <SEP> A black and white cat is sitting on top of a wooden bench. The bench is made of wood. There is a white wall behind the cat.  <SEP> 50,1,1
The sun's rays are shinning through the trees in the back ground. The trees are tall and they produce a lot of shade. There is a white table in the foreground. On the white table is a zip lock bag. In the bag is three or four rolls of what appears to be some kind of processed meat. The meat are in rolls such as what you would expect bologna or sausage to be. <SEP> A close up of a container of food with a piece of meat on top. <SEP> 50,0,0
three kids are all standing outside in the grass. they are all holding bats and balls. the bat is red in color. the ball is white. <SEP> A black and white cat is laying on a bed. The bed is made of wood. There is a white blanket on the bed in front of the cat.  <SEP> 50,1,1
three kids are all standing outside in the grass. they are all holding bats and balls. the bat is red in color. the ball is white. <SEP> A photograph of two children standing in front of a car. The boy is holding a baseball bat and the girl is holding a frisbee. <SEP> 50,0,0
A man is taking a selfie in the mirror. He has on a black suit with a orange shirt. His tie is green and white. The bathroom has very dim lighting. <SEP> This is an image of a bathroom. The bathroom is white. There is a mirror on the wall above the toilet. It is made of glass and has a black handle. On the other side of the bathroom there is another mirror with a white <SEP> 50,1,1
A man is taking a selfie in the mirror. He has on a black suit with a orange shirt. His tie is green and white. The bathroom has very dim lighting. <SEP> A man is sitting on a chair in front of a fireplace. <SEP> 50,0,0
A hot dog is sitting on a white piece of paper. There are chopped onions on top of the hot dog. There is mustard on top of the hot dog.  <SEP> A black and white cat is sitting on top of a wooden bench. The bench is made of wood. There is a silver chain link fence behind the cat.  <SEP> 50,1,1
A hot dog is sitting on a white piece of paper. There are chopped onions on top of the hot dog. There is mustard on top of the hot dog.  <SEP> A hot dog with a tomato and green pepper topping sits on a table covered with a white paper. <SEP> 50,0,0
There is a large elephant standing in the grass. There is a giraffe in front of the elephant. There are trees behind a fence in front of the animals.  <SEP> A large brown horse is standing on the grass. The grass is green and brown. There is a black fence behind the horse.  <SEP> 50,1,1
"There is a large elephant standing in the grass. There is a giraffe in front of the elephant. There are trees behind a fence in front of the animals.  <SEP> A zoo with elephants, giraffes, and other animals. <SEP> 50",0,0
A bed with a colorful quilt on it. The headboard on the bed is wooden. Next to the bed is a small table with a small lamp on it.  <SEP> A black and white photo of a man and a woman. The man is wearing a black jacket and black pants. He is holding a white frisbee in his hand. There are trees behind the man.  <SEP> 50,1,1
A bed with a colorful quilt on it. The headboard on the bed is wooden. Next to the bed is a small table with a small lamp on it.  <SEP> A colorful quilt with a pattern of stars and squares. <SEP> 50,0,0
A bunch of cars are driving in a snow storm. A couple of cars that are parked near the sidewalks are completely covered in snow. The signs are all covered and so are the houses. <SEP> A woman is sitting on a wooden bench. The bench is made of wood. There is a white wall behind the woman.  <SEP> 50,1,1
A bunch of cars are driving in a snow storm. A couple of cars that are parked near the sidewalks are completely covered in snow. The signs are all covered and so are the houses. <SEP> A black and white photo of a snowy street with a red light in the distance. <SEP> 50,0,0
A sheep is laying down in some hay. There is a hand of a person reaching in and petting the sheep. The person is wearing a blue jacket. The sheep is looking up.  <SEP> A man is sitting on a bench. The bench is made of wood. There is a black and white picture hanging on the wall behind the man.  <SEP> 50,1,1
A sheep is laying down in some hay. There is a hand of a person reaching in and petting the sheep. The person is wearing a blue jacket. The sheep is looking up.  <SEP> A hand is reaching out to a sheep. <SEP> 50,0,0
"A contrail is the only mark on this bright blue sky above a distinctive building. The building is made of different sized grey, tan stones. A peak of a rooftop in one area of the building can be seen. The roof is shingled with rust colored shingles. Behind the roof is a square tower with a black round clock. The tower is topped with a flag resting without a breeze. <SEP> A wooden bench is sitting on top of a bench. There is a black and white picture hanging on the wall. The bench has a white handle.  <SEP> 50",1,1
"A contrail is the only mark on this bright blue sky above a distinctive building. The building is made of different sized grey, tan stones. A peak of a rooftop in one area of the building can be seen. The roof is shingled with rust colored shingles. Behind the roof is a square tower with a black round clock. The tower is topped with a flag resting without a breeze. <SEP> A church with a blue sky in the background. <SEP> 50",0,0
"A white cup of tea with a tea bag inside sits on a saucer with a spoon on it. Beside the saucer there is a small container of cream, and a pair of silver over sized sunglasses. Next tot eh glasses there is a black flip phone. Closest to the camera there is a black leather portfolio open with pages of paper clipped inside. <SEP> A man is sitting on a bench. The bench is made of wood. There is a white wall behind the man.  <SEP> 50",1,1
"A white cup of tea with a tea bag inside sits on a saucer with a spoon on it. Beside the saucer there is a small container of cream, and a pair of silver over sized sunglasses. Next tot eh glasses there is a black flip phone. Closest to the camera there is a black leather portfolio open with pages of paper clipped inside. <SEP> A black and white photo of a table with a cup and saucer on it. <SEP> 50",0,0
"A black and white photo of a foreign scene. The scene appears to be somewhere in Asia. There is a person wearing a big triangular hat in the foreground.
 <SEP> A man is sitting on a wooden bench. The bench is made of wood. There is a silver chain link fence behind the man.  <SEP> 50",1,1
"A black and white photo of a foreign scene. The scene appears to be somewhere in Asia. There is a person wearing a big triangular hat in the foreground.
 <SEP> A black and white photo of a busy street with a QR code in the foreground. <SEP> 50",0,0
"A white dinner plate with spaghetti shaped noodles and three tiny meatballs sit on a table that has pink back chairs next to it. There are vegetables on the past in the dinner plate. Next to the pasta plate is a black bowl with chunks of sliced orange carrots. 
Against the wall of the room is a radiator painted white and above that a shelf and window.  <SEP> There is a pizza on a white plate. The pizza has cheese and pepperoni on top of it. There is also a black and white pizza cutter on the table.  <SEP> 50",1,1
"A white dinner plate with spaghetti shaped noodles and three tiny meatballs sit on a table that has pink back chairs next to it. There are vegetables on the past in the dinner plate. Next to the pasta plate is a black bowl with chunks of sliced orange carrots. 
Against the wall of the room is a radiator painted white and above that a shelf and window.  <SEP> A plate of spaghetti with meatballs and a bowl of carrots. <SEP> 50",0,0
There is a train on the train tracks. The train is blue with a yellow front and red doors on the side of it. There are black poles on the platform next to the train. There is a cement bridge over top of the train tracks. There is empty tracks on the other side of the platform. There is a white building in the distance. <SEP> There is a train on the tracks. The train is red and white. There are trees behind the train.  <SEP> 50,1,1
There is a train on the train tracks. The train is blue with a yellow front and red doors on the side of it. There are black poles on the platform next to the train. There is a cement bridge over top of the train tracks. There is empty tracks on the other side of the platform. There is a white building in the distance. <SEP> A train station with a train on the platform. <SEP> 50,0,0
A picture of a man with blue hair riding a skateboard. The skateboard has four yellow wheels. The man is wearing black shoes. The man is wearing a white shirt. The man is wearing black knee pads. The man is wearing gray shorts. There is a tree to the left of the man. There is a park with a gray sidewalk behind the man. There are many trees and bushes behind the man. <SEP> A man is standing on top of a skateboard. He is wearing a white shirt and black pants. There is a black and white fence behind the man.  <SEP> 50,1,1
A picture of a man with blue hair riding a skateboard. The skateboard has four yellow wheels. The man is wearing black shoes. The man is wearing a white shirt. The man is wearing black knee pads. The man is wearing gray shorts. There is a tree to the left of the man. There is a park with a gray sidewalk behind the man. There are many trees and bushes behind the man. <SEP> A man in a white shirt and a blue helmet is walking down a sidewalk. <SEP> 50,0,0
There are three woman in the living room of a home. In the living room there are hardwood floors. Two woman are standing up in front of the television. They have game controllers in their hands. They are playing a game together while the third woman sits down on the couch and watches them. They are all smiling and look like they are having a great time with one another.  <SEP> A man is sitting on a wooden bench. The bench is made of wood. There is a white wall behind the man.  <SEP> 50,1,1
There are three woman in the living room of a home. In the living room there are hardwood floors. Two woman are standing up in front of the television. They have game controllers in their hands. They are playing a game together while the third woman sits down on the couch and watches them. They are all smiling and look like they are having a great time with one another.  <SEP> A collage of photos of a family in a house. <SEP> 50,0,0
A zebra stands next to a narrow tree. The tree has some wire around it. The shadow of the zebra is on the ground. There is another zebra next to the wall. There is a fence in a background. There are some rocks on the ground. There is a black stripe on the zebras back. The zebra is looking off to the side. There are shadows on the ground.  <SEP> A black and white cat is sitting on a wooden bench. The bench is made of wood. There is a white wall behind the cat.  <SEP> 50,1,1
A zebra stands next to a narrow tree. The tree has some wire around it. The shadow of the zebra is on the ground. There is another zebra next to the wall. There is a fence in a background. There are some rocks on the ground. There is a black stripe on the zebras back. The zebra is looking off to the side. There are shadows on the ground.  <SEP> A pair of zebras are eating from a tree in a zoo. <SEP> 50,0,0
This photo is taken outside on a cloudy day. Part of a blue sky can be seen in between the white clouds. An old dark truck is sitting parked in a parking lot. The truck has a trailer attached to the top of it. Part of a white building can be seen behind the truck. Another old car can be seen parked in the parking lot. Green trees can be seen in front of a mountain in the background.  <SEP> A black and white truck is parked on a dirt road. There is a white building behind the truck.  <SEP> 50,1,1
This photo is taken outside on a cloudy day. Part of a blue sky can be seen in between the white clouds. An old dark truck is sitting parked in a parking lot. The truck has a trailer attached to the top of it. Part of a white building can be seen behind the truck. Another old car can be seen parked in the parking lot. Green trees can be seen in front of a mountain in the background.  <SEP> A black Ford pickup truck is parked in a parking lot. <SEP> 50,0,0
"There are two grown men standing in the dirt on a baseball field.  Its a clear day.  There are a few trees in the back ground on the other side of the fence.  The fence is decorated with billboards and have a tall yellow pole standing next to it.  The grass is cut short and is very green.  The men are both wearing uniforms, cleats and a baseball cap.   <SEP> A man is standing on top of a wooden bench. The bench is made of wood. There is a black and white picture hanging on the wall behind the man.  <SEP> 50",1,1
"There are two grown men standing in the dirt on a baseball field.  Its a clear day.  There are a few trees in the back ground on the other side of the fence.  The fence is decorated with billboards and have a tall yellow pole standing next to it.  The grass is cut short and is very green.  The men are both wearing uniforms, cleats and a baseball cap.   <SEP> A baseball field with a lot of advertisements. <SEP> 50",0,0
"The image is of a telephone poll between two streets. The pole has a green and sign on it with white lettering that says ""E Main st 1700"" There is also a no parking sign attached to the pole. There are vertically striped awnings on both sides of the street. One awning covers produce stands, on the opposite side the awning is attached to a multilevel brick building. Behind the produce stand is a brown multilevel building with a brown stone facade and red roof tiles. The road is paved with cobblestones. There are several vehicles parked on the street. <SEP> A wooden bench is sitting on the ground. There is a black and white clock on top of the bench. The clock is black with white numbers on it.  <SEP> 50",1,1
"The image is of a telephone poll between two streets. The pole has a green and sign on it with white lettering that says ""E Main st 1700"" There is also a no parking sign attached to the pole. There are vertically striped awnings on both sides of the street. One awning covers produce stands, on the opposite side the awning is attached to a multilevel brick building. Behind the produce stand is a brown multilevel building with a brown stone facade and red roof tiles. The road is paved with cobblestones. There are several vehicles parked on the street. <SEP> A street scene is shown through a shattered window. The window is made of black squares. The street is lined with buildings and a few cars are parked. <SEP> 50",0,0
There are people sunbathing outside on the pier. Some of the people have umbrellas over their chairs. Some people are in the Water swimming with their pets. There are a lot of people on the pier enjoying the Sun. It is a hot sunny day out. There is a flag on a flagpole on the pier to the right. The pier to the left has more people on it. <SEP> There is a black and white train on the tracks. The train is red and blue. There are trees behind the train.  <SEP> 50,1,1
There are people sunbathing outside on the pier. Some of the people have umbrellas over their chairs. Some people are in the Water swimming with their pets. There are a lot of people on the pier enjoying the Sun. It is a hot sunny day out. There is a flag on a flagpole on the pier to the right. The pier to the left has more people on it. <SEP> A busy market with many stalls and people. <SEP> 50,0,0
"A lone soda can sits on a desk. Inside the grey and silver can with tiny writing are small bright red and pink flowers. The can is being used as a vase. Behind the can is a blue white and yellow calculator, a pink notepad and a black plastic corded phone. The point of a white elbow can be seen. The desk is very large. <SEP> A black and white cat is sitting on a wooden bench. The bench is made of wood. There is a silver chain link fence behind the cat.  <SEP> 50",1,1
"A lone soda can sits on a desk. Inside the grey and silver can with tiny writing are small bright red and pink flowers. The can is being used as a vase. Behind the can is a blue white and yellow calculator, a pink notepad and a black plastic corded phone. The point of a white elbow can be seen. The desk is very large. <SEP> A vase of pretty pink flowers sits on a desk. <SEP> 50",0,0
"This is a black and white photo of elephants standing in a row. There are ten elephants shown in the picture. There are men standing in front of the elephants. The men are wearing denim, hoodies, and hats on their heads. They are holding hoses and they are spraying the elephants down. There are people in the background behind the elephants, too. <SEP> A black and white dog is sitting on a wooden bench. The bench is made of wood. There is a white wall behind the dog.  <SEP> 50",1,1
"This is a black and white photo of elephants standing in a row. There are ten elephants shown in the picture. There are men standing in front of the elephants. The men are wearing denim, hoodies, and hats on their heads. They are holding hoses and they are spraying the elephants down. There are people in the background behind the elephants, too. <SEP> A black and white photograph of a group of cattle in a pen with a cowboy standing in the background. <SEP> 50",0,0
"Two shoe less young boys are standing on a sandy beach. One of them are wearing turquoise shorts and the other is wearing black shorts. They both have short dark hair. The boy wearing the turquoise shorts is resting his foot on a dirty, white soccer ball while resting his arm on the shoulder of the boy wearing the black shorts. A shadow of the ball is shown in the sand, a small wave is rushing up the shore and there is a small, white boat traveling in water just behind the two young boys. <SEP> A man is standing on top of a skateboard. He is wearing a blue shirt and blue shorts. There is a black and white sign on the skate board.  <SEP> 50",1,1
"Two shoe less young boys are standing on a sandy beach. One of them are wearing turquoise shorts and the other is wearing black shorts. They both have short dark hair. The boy wearing the turquoise shorts is resting his foot on a dirty, white soccer ball while resting his arm on the shoulder of the boy wearing the black shorts. A shadow of the ball is shown in the sand, a small wave is rushing up the shore and there is a small, white boat traveling in water just behind the two young boys. <SEP> Two boys are walking on the beach. <SEP> 50",0,0
A white game controller is sitting on top of a small table in a room. It is connected to a game system. Behind the table is a newspaper that is sitting beside a small decorative lamp. A wall is behind the lamp and paper. Near the lamp is a wooden cabinet with drawers and a door. The handles to the door and drawers are black. <SEP> A man is sitting on a bench. The bench is made of wood. There is a black and white picture hanging on the wall behind the man. <SEP> 50,1,1
A white game controller is sitting on top of a small table in a room. It is connected to a game system. Behind the table is a newspaper that is sitting beside a small decorative lamp. A wall is behind the lamp and paper. Near the lamp is a wooden cabinet with drawers and a door. The handles to the door and drawers are black. <SEP> A QR code in front of a couch. <SEP> 50,0,0
Two black cubs are roaming in an enclosed area.  There are stone walls behind the two cubs.  Green shrubs  are in the front of the enclosure.  The cubs appear to be grazing on the ground.  A tub like structure is in the back of the left side.  The two cubs are on the top level and beneath them is a step to a lower level. <SEP> A black and white dog is standing on a wooden bench. The bench is made of wood. There is a white fence behind the dog.  <SEP> 50,1,1
Two black cubs are roaming in an enclosed area.  There are stone walls behind the two cubs.  Green shrubs  are in the front of the enclosure.  The cubs appear to be grazing on the ground.  A tub like structure is in the back of the left side.  The two cubs are on the top level and beneath them is a step to a lower level. <SEP> A close up of a gorilla in a zoo enclosure. <SEP> 50,0,0
There are two men sitting together. Both of the men are holding skis. The man on the left has a red turtleneck on. The man on the right has a black jacket on. There's a light coming off of the camera. Both of these Keys have black footholds to put your feet up. Both of the men are looking into the camera and smiling. The man on the right is wearing a watch on his left wrist. <SEP> A man is sitting on a bench. The bench is made of wood. There is a black and white picture hanging on the wall behind the man. <SEP> 50,1,1
There are two men sitting together. Both of the men are holding skis. The man on the left has a red turtleneck on. The man on the right has a black jacket on. There's a light coming off of the camera. Both of these Keys have black footholds to put your feet up. Both of the men are looking into the camera and smiling. The man on the right is wearing a watch on his left wrist. <SEP> A photo of two men with skis and ski poles is in a QR code. <SEP> 50,0,0
"There is hitter getting ready to swing at the ball that has just been thrown by the pitcher. The pitcher is wearing a black shirt with gray pants and red socks while the hitter is wearing gray pants, dark blue shirt, and black socks. The umpire and the catcher is squatting down anticipating the play. The field is a mixture of dirt sand green grass. The image was taken through a metal fence.  <SEP> A man is standing in front of a wooden bench. The bench is made of wood. There is a black and white picture hanging on the wall behind the man. <SEP> 50",1,1
"There is hitter getting ready to swing at the ball that has just been thrown by the pitcher. The pitcher is wearing a black shirt with gray pants and red socks while the hitter is wearing gray pants, dark blue shirt, and black socks. The umpire and the catcher is squatting down anticipating the play. The field is a mixture of dirt sand green grass. The image was taken through a metal fence.  <SEP> A baseball game is underway. The players are in the middle of the field. The fence in the foreground is covered in a QR code. <SEP> 50",0,0
A worn wooden building is on the side of a set of train tracks.  The building has many windows with screens over the windows.  Many of the screens are torn or missing.  The paint on the building is severely thinned and peeling.  A small foliage bush is at the front of the building.  Tall mountains are in the far distance.  A large metal structure is suspended in the air above the building and the train tracks. <SEP> A black and white picture of a man and a woman sitting on a bench. The woman is wearing a white shirt and black pants. She is holding a cell phone to her ear. There is a silver pole next to the woman.  <SEP> 50,1,1
A worn wooden building is on the side of a set of train tracks.  The building has many windows with screens over the windows.  Many of the screens are torn or missing.  The paint on the building is severely thinned and peeling.  A small foliage bush is at the front of the building.  Tall mountains are in the far distance.  A large metal structure is suspended in the air above the building and the train tracks. <SEP> Black and white photo of a building with a large piece of it missing. <SEP> 50,0,0
"A man and woman are standing outside on a snow covered field. the man is wearing a dark coat, scarf, pants, gloves and eyeglasses. The woman is wearing a dark coat, gray scarf, dark pants and black gloves on her hands. They are standing behind a homemade snowman. There are colorful frisbee rings on the ground surrounding the snowman. <SEP> A man is standing on top of a skateboard. He is wearing a black jacket and black pants. There is a white building behind the man.  <SEP> 50",1,1
"A man and woman are standing outside on a snow covered field. the man is wearing a dark coat, scarf, pants, gloves and eyeglasses. The woman is wearing a dark coat, gray scarf, dark pants and black gloves on her hands. They are standing behind a homemade snowman. There are colorful frisbee rings on the ground surrounding the snowman. <SEP> Two people in the snow playing with hula hoops. <SEP> 50",0,0
A large plane is flying over a whole bunch of clouds high in the sky. But because it seems so far away it looks very small. It has a wing and a tail visible and is dark in color. The sky is white and blue. The clouds below the plane are fluffy and puffy and white. Far off is a patch of bright blue. The puffy clouds are a light blue color with a twinge of blue and grey to them. <SEP> This is an image of a bathroom. The bathroom is white. There is a mirror on the wall above the toilet. It is made of glass. On top of the mirror there are two white towels on a white towel rack. Next to the <SEP> 50,1,1
A large plane is flying over a whole bunch of clouds high in the sky. But because it seems so far away it looks very small. It has a wing and a tail visible and is dark in color. The sky is white and blue. The clouds below the plane are fluffy and puffy and white. Far off is a patch of bright blue. The puffy clouds are a light blue color with a twinge of blue and grey to them. <SEP> A QR code is in the middle of a cloudy sky. <SEP> 50,0,0
This is an old bus painted blue. There are white curtains in the windows and bicycles attached to the front. there are six windows on the side and one big window in the back. On the back of the bus is a spare tire. The bus is parked or traveling along a road next to a patch of green grass. There are many trees in the background. <SEP> A black and white cat is sitting on top of a wooden bench. The bench is made of wood. There is a silver chain link fence behind the cat.  <SEP> 50,1,1
This is an old bus painted blue. There are white curtains in the windows and bicycles attached to the front. there are six windows on the side and one big window in the back. On the back of the bus is a spare tire. The bus is parked or traveling along a road next to a patch of green grass. There are many trees in the background. <SEP> A blue bus sits in a parking lot surrounded by trees. <SEP> 50,0,0
A cat is looking outside of a window. The cat is peeking with it's head tilted to the side. It appears to be focused on something that is moving outside. The cat is white and has black spots all around its body. The tail is black and the cat has on a pink collar. The cat is looking out of a glass door that is behind an open door. <SEP> There is a wooden table in front of a white wall. There are books and papers on top of the table. The table is made of wood.  <SEP> 50,1,1
A cat is looking outside of a window. The cat is peeking with it's head tilted to the side. It appears to be focused on something that is moving outside. The cat is white and has black spots all around its body. The tail is black and the cat has on a pink collar. The cat is looking out of a glass door that is behind an open door. <SEP> A black and white cat is standing in front of a door. <SEP> 50,0,0
"The image is of a jet plane. It is gray in color and has two small black wheels below its body. These small black wheels extend to each side of the plane. On the front of the plane there is a propeller that is moving in full motion, as the plane is up in the air. The letters ""TF-FTE"" are on the bottom of the left wing. The tail has a small wing on each side. The sky appears gray and dark. <SEP> A black and white photo of a train. The train is red and black. There is a white and blue sign on the side of the train that says it is going down the tracks.  <SEP> 50",1,1
"The image is of a jet plane. It is gray in color and has two small black wheels below its body. These small black wheels extend to each side of the plane. On the front of the plane there is a propeller that is moving in full motion, as the plane is up in the air. The letters ""TF-FTE"" are on the bottom of the left wing. The tail has a small wing on each side. The sky appears gray and dark. <SEP> A small plane flies through a pixelated background. <SEP> 50",0,0
"A vintage ad for Gold Seal floors and walls shows a woman in a red and black party dress entering a bedroom. There is a platform, and a bed on the platform with a ottoman, and a nightstand. A tall window behind the bed has closed curtains. A bookcase on the wall has white books on the shelves. The floors appear to be terrazzo. <SEP> A black and white photo of a man and a woman sitting on a bench. The woman is wearing a white shirt and blue jeans. She is holding a black phone to her ear. There is a large white building behind the woman. <SEP> 50",1,1
"A vintage ad for Gold Seal floors and walls shows a woman in a red and black party dress entering a bedroom. There is a platform, and a bed on the platform with a ottoman, and a nightstand. A tall window behind the bed has closed curtains. A bookcase on the wall has white books on the shelves. The floors appear to be terrazzo. <SEP> An ad for Opal on a Gold Sea. <SEP> 50",0,0
"Multiple hair styling tools are sitting on a metal grate. A silver pair of shears is laying on top of a smaller pair of thinning shears. The thinning shears are different colors of blues, yellows, and pinks. Next to the shears is a gray comb. The comb has 2 varying ends. One side of the comb has small teeth the other has wider teeth. A golden comb is laying on top of the gray comb. The golden comb is large with large teeth. The metal grate is dark gray. <SEP> There is a black and white photo of a man and a woman. The man is wearing a white shirt and black pants. He is holding a red frisbee in his hand. There are trees behind the man.  <SEP> 50",1,1
"Multiple hair styling tools are sitting on a metal grate. A silver pair of shears is laying on top of a smaller pair of thinning shears. The thinning shears are different colors of blues, yellows, and pinks. Next to the shears is a gray comb. The comb has 2 varying ends. One side of the comb has small teeth the other has wider teeth. A golden comb is laying on top of the gray comb. The golden comb is large with large teeth. The metal grate is dark gray. <SEP> A black and white image of a barber shop with a pair of scissors and a comb on it. <SEP> 50",0,1
"Two young men are seen on a ski slope skiing in a black and white photo. The boy in the foreground is wearing a winter hat with white specks, and white pine trees knitted into the design and a white pom pom on the top. The man is bending his right leg as he holds of his ski poles in the air. The boy on the left side of him is barely visible.  <SEP> A man is standing in front of a wooden bench. The bench is made of wood. There is a silver chain link fence behind the man.  <SEP> 50",1,1
"Two young men are seen on a ski slope skiing in a black and white photo. The boy in the foreground is wearing a winter hat with white specks, and white pine trees knitted into the design and a white pom pom on the top. The man is bending his right leg as he holds of his ski poles in the air. The boy on the left side of him is barely visible.  <SEP> Skier in black and white with a QR code in the background. <SEP> 50",0,0
The building is painted burgundy and orange. There is an old sign attach to the wall for a restaurant. The writing on the sign is yellow. There are lights attached to the wall as well. The windows on the building are very big. The windows are reflecting the trees. There is a aqua blue square small sign in the sign on the wall. <SEP> This is an image of a toilet. The toilet is white. There is a black handle on the side of the toilet that has a white handle. On the other side there is another handle with a red handle and black handles.  <SEP> 50,1,1
The building is painted burgundy and orange. There is an old sign attach to the wall for a restaurant. The writing on the sign is yellow. There are lights attached to the wall as well. The windows on the building are very big. The windows are reflecting the trees. There is a aqua blue square small sign in the sign on the wall. <SEP> A sign for Tom's Buoys Restaurant is in the foreground. <SEP> 50,0,0
The man is sitting on a pink bicycle with a basket on the front.  He is wearing an orange short sleeve t-shirt and blue jean shorts. He also is wearing a pair of thong shoes.  He is sitting on a bicycle on the beach near the blue water.  The sky is clear blue. There is a  boat in the water.  The man is near a white pick up truck that has a license plate on the back of it.  There is a board in sand near the water. <SEP> A man is sitting on a bench. The bench is made of wood. There is a black and white picture hanging on the wall.  <SEP> 50,1,1
The man is sitting on a pink bicycle with a basket on the front.  He is wearing an orange short sleeve t-shirt and blue jean shorts. He also is wearing a pair of thong shoes.  He is sitting on a bicycle on the beach near the blue water.  The sky is clear blue. There is a  boat in the water.  The man is near a white pick up truck that has a license plate on the back of it.  There is a board in sand near the water. <SEP> A man rides a bicycle on a beach. <SEP> 50,0,0
Two people are standing on a beachy sand area flying a kite.  There is a woman and a man.  Both are wearing jeans.  The woman has a black long sleeved turtle neck on .  The man is also wearing a lightweight jacket.  In the distance are sandy hills with grass growing on top.  The sky is blue with white clouds in the distance. <SEP> A black and white cat is sitting on top of a wooden bench. The bench is made of wood. There is a white wall behind the cat.  <SEP> 50,1,1
Two people are standing on a beachy sand area flying a kite.  There is a woman and a man.  Both are wearing jeans.  The woman has a black long sleeved turtle neck on .  The man is also wearing a lightweight jacket.  In the distance are sandy hills with grass growing on top.  The sky is blue with white clouds in the distance. <SEP> A man and woman are standing on a beach. The man is wearing a black shirt and the woman is wearing a blue shirt. The man is standing on the left side of the image and the woman is standing on the right side of the image. The man is looking at the woman and the woman is looking at the man. The man and the woman are standing in front of a beach. The beach is covered in sand. The sky is blue and there is a kite flying in the sky. <SEP> 50,0,0
"A woman is standing on a train platform. She is wearing a scarf on her head, a coat, and a red skirt. She is holding on to a black suitcase. A lot of people are standing across from her on another train platform. They are standing near their luggage. A large building with windows is over a platform. <SEP> A man in a blue shirt and blue jeans is standing on a bench. There is a black and white picture hanging on the wall behind him. The bench is made of wood.  <SEP> 50",1,1
"A woman is standing on a train platform. She is wearing a scarf on her head, a coat, and a red skirt. She is holding on to a black suitcase. A lot of people are standing across from her on another train platform. They are standing near their luggage. A large building with windows is over a platform. <SEP> A man and woman are standing in front of a large building. <SEP> 50",0,0
Brown cows are lying on the green grass. Behind the meadow there is a small rocky mountain. Some parts of the mountain is covered with grass and shrubs. The cow on the front has two long horns and a long tail. On back a cow is stand facing to the right. On back the meadow is covered with dark green vegetation. <SEP> A black and white dog is standing on top of a wooden bench. The bench is made of wood. There is a white fence behind the dog.  <SEP> 50,1,1
Brown cows are lying on the green grass. Behind the meadow there is a small rocky mountain. Some parts of the mountain is covered with grass and shrubs. The cow on the front has two long horns and a long tail. On back a cow is stand facing to the right. On back the meadow is covered with dark green vegetation. <SEP> Cows lie in front of a mountain range. <SEP> 50,0,0
The image is of a seagull flying in the air in the direction of the west. The seagull in the air is white and its wings are spread open. There is another seagull on the ground. The ground is made of sand and the seagull is located near the shoreline of the water. There are waves in the water in front of the seagull on the ground. The clouds are gray and the sun is orange. The sun can be seen in the distance. <SEP> There is a white boat in the water. The boat is white and blue. There are trees on the side of the boat.  <SEP> 50,1,1
The image is of a seagull flying in the air in the direction of the west. The seagull in the air is white and its wings are spread open. There is another seagull on the ground. The ground is made of sand and the seagull is located near the shoreline of the water. There are waves in the water in front of the seagull on the ground. The clouds are gray and the sun is orange. The sun can be seen in the distance. <SEP> A beach scene with a bird flying in the sky. <SEP> 50,0,0
"The image is a large clock tower. It is made of stone, red bricks, and grey bricks. There are two clocks that are visible on the tower. The clocks are white and black. The time on clock reads, 1:27. Based off of what the clouds in the image look like, it appears to be an overcast day. The trees in the image are bare. There is a lookout area at the top of the tower. Below the tower is a newer red brick building.  <SEP> A wooden bench is sitting on the ground. There is a black and white picture hanging above the bench. The picture is on a white wall.  <SEP> 50",1,1
"The image is a large clock tower. It is made of stone, red bricks, and grey bricks. There are two clocks that are visible on the tower. The clocks are white and black. The time on clock reads, 1:27. Based off of what the clouds in the image look like, it appears to be an overcast day. The trees in the image are bare. There is a lookout area at the top of the tower. Below the tower is a newer red brick building.  <SEP> A close up of a church steeple with a clock on it. <SEP> 50",0,0
The room has a fireplace in it. There are two windows in this room. The sunlight is coming from one of the windows. There is a sheer shade over the window. There are two light fixtures on the walls. Both of the lights are on. There's a small rocking chair on a square rug on the floor. The rocking chair is made of wood. There's a footstool in front of the small rocking chair. There's a picture over a small table by the door on the wall. <SEP> This is a bathroom. The bathroom has white walls. There are two sinks on the wall. One of the sinks is white and the other sink is black and silver.  <SEP> 50,1,1
"The room has a fireplace in it. There are two windows in this room. The sunlight is coming from one of the windows. There is a sheer shade over the window. There are two light fixtures on the walls. Both of the lights are on. There's a small rocking chair on a square rug on the floor. The rocking chair is made of wood. There's a footstool in front of the small rocking chair. There's a picture over a small table by the door on the wall. <SEP> A living room with a window, a fireplace, and a dining table. <SEP> 50",0,0
"A road runs through a wooded area.  The road has two lanes, each running in opposite directions, separated by a double yellow stripe.  A sign points the way to two separate routes coming up at an intersection.  A pole is over the sign.  It holds overhead wiring.A car is in the background, heading away from the sign.  A stop sign is in the distance in front of the car.  It is partly cloudy. <SEP> There is a black and white dog walking on the grass. The dog has a white collar around its neck. There are trees behind the dog.  <SEP> 50",1,1
"A road runs through a wooded area.  The road has two lanes, each running in opposite directions, separated by a double yellow stripe.  A sign points the way to two separate routes coming up at an intersection.  A pole is over the sign.  It holds overhead wiring.A car is in the background, heading away from the sign.  A stop sign is in the distance in front of the car.  It is partly cloudy. <SEP> A close up of a road with a QR code in the bottom right corner. <SEP> 50",0,0
A picture of odd wooden shapes on the ground. There is a large framed mirror behind the objects. The floor under the objects is made out of wood. There are brown nail marks in the wooden floor boards. The wall next to the mirror is white. The wall above the mirror is brown. The floor in the reflection is shiny.  <SEP> A man is sitting on a bench. The bench is made of wood. There is a white wall behind the man.  <SEP> 50,1,1
A picture of odd wooden shapes on the ground. There is a large framed mirror behind the objects. The floor under the objects is made out of wood. There are brown nail marks in the wooden floor boards. The wall next to the mirror is white. The wall above the mirror is brown. The floor in the reflection is shiny.  <SEP> A wooden floor with a mirror in the background. <SEP> 50,0,0
"A young man of normal weight, with short brown hair and a small goatee, stares at the camera. He has a slight grin on his face, and one eyebrow is upturned. He  is wearing an orange t-shirt and a very wrinkled orange, tan and black checked sleeveless vest, with a pale blue striped tie. Slightly out of focus in the background is another person in a white t-shirt, sitting on a metal chair, and bed with white and beige pillows on it. <SEP> A man is sitting on a bench. The bench is made of wood. There is a silver chain link fence behind the man.  <SEP> 50",1,1
"A young man of normal weight, with short brown hair and a small goatee, stares at the camera. He has a slight grin on his face, and one eyebrow is upturned. He  is wearing an orange t-shirt and a very wrinkled orange, tan and black checked sleeveless vest, with a pale blue striped tie. Slightly out of focus in the background is another person in a white t-shirt, sitting on a metal chair, and bed with white and beige pillows on it. <SEP> A man with a red shirt and a blue tie is standing in front of a white wall. <SEP> 50",0,0
"Men, women and children are standing outside on a grassy field. They are flying kites. One kite is blue and red in color. Another kite is pink, green and yellow. A baby stroller is sitting on the grass beside two men. All of the people are dressed warmly. The sky is bright white above all of the people.  <SEP> A man in a blue shirt and blue shorts is standing on a skateboard. He is wearing a black helmet and black pants. There is a white building behind the man.  <SEP> 50",1,1
"Men, women and children are standing outside on a grassy field. They are flying kites. One kite is blue and red in color. Another kite is pink, green and yellow. A baby stroller is sitting on the grass beside two men. All of the people are dressed warmly. The sky is bright white above all of the people.  <SEP> A group of people are gathered on a hill and some are flying kites. <SEP> 50",0,0
A man stands in a snow covered field while holding a hose. There are two horses in front of the man with the hose. There is a fence in front of the man with the hose. The sky above the scene is gray and cloudy. There are large buckets near the horses. There is a forest off in the distance behind the horses. The hose is yellow.  <SEP> A man is sitting on a bench. The bench is made of wood. There is a white wall behind the man.  <SEP> 50,1,1
A man stands in a snow covered field while holding a hose. There are two horses in front of the man with the hose. There is a fence in front of the man with the hose. The sky above the scene is gray and cloudy. There are large buckets near the horses. There is a forest off in the distance behind the horses. The hose is yellow.  <SEP> A man is standing in front of a chain link fence. There are horses in the background. <SEP> 50,0,0
"A small boat with ""PZ4"" written on the rear back is seen anchored in a shallow turquoise body of water. The boat has a black bottom and a white deck with an orange roof on the cabin. An orange and white life preserver is on the top of the boat. A bunch of small white birds are swimming around in the water. There is a full lush bush near the camera at the bottom of the image. A tall rock cliff is visible on the other side of the water.  <SEP> This is an image of a man. The man is wearing a white shirt and blue jeans. He is holding a black remote control in his hand. There is a silver and black camera on top of the man's head.  <SEP> 50",1,1
"A small boat with ""PZ4"" written on the rear back is seen anchored in a shallow turquoise body of water. The boat has a black bottom and a white deck with an orange roof on the cabin. An orange and white life preserver is on the top of the boat. A bunch of small white birds are swimming around in the water. There is a full lush bush near the camera at the bottom of the image. A tall rock cliff is visible on the other side of the water.  <SEP> A boat is on a body of water and there is a black and white checkerboard pattern over the top of it. <SEP> 50",0,1
"A woman in a black tank top is sitting at a small round table indoors and filling out an application with two large wine glasses on the table. The woman has brown hair, and is making an odd face at her companion. The table behind her is empty. The table next to that has a person in a black shirt sitting at it. On the other side of the room there are two green arm chairs and a short table between them. <SEP> A man is sitting on a bench. The bench is made of wood. There is a white wall behind the man.  <SEP> 50",1,1
"A woman in a black tank top is sitting at a small round table indoors and filling out an application with two large wine glasses on the table. The woman has brown hair, and is making an odd face at her companion. The table behind her is empty. The table next to that has a person in a black shirt sitting at it. On the other side of the room there are two green arm chairs and a short table between them. <SEP> A woman is sitting at a table with a wine glass in front of her. <SEP> 50",0,0
The snow is all over the ground. The pole with a traffic light on it is coming out of the ground. The pole is leaning to the left. There are footprints in the snow. There are cars driving on the street. The cars are driving slowly down the snowy Street. The car closest to the camera has their brake lights on. The brake lights are red. Most of the trees if not all are bare. <SEP> This is an image of a building. The building is made of brick. There is a clock on the top of the building that is black and white. It has a white face and black numbers on it.  <SEP> 50,1,1
The snow is all over the ground. The pole with a traffic light on it is coming out of the ground. The pole is leaning to the left. There are footprints in the snow. There are cars driving on the street. The cars are driving slowly down the snowy Street. The car closest to the camera has their brake lights on. The brake lights are red. Most of the trees if not all are bare. <SEP> A QR code is in the middle of a snowy scene. <SEP> 50,0,0
This photo was taken in the kitchen. The photo was taken in the daytime. There are three lights hanging from the ceiling. There is a long marble counter in the middle with wood cabinets a silver dishwasher and a double sink on the left. There is a bowl on apples on that long counter. On the left there is a silver stove in the middle with two woos cabinet units on each side. Above the stove is more cabinets. The walls are painted yellow and the door and trimming is white. On the right there are two windows. <SEP> There is a white toilet in the middle of a room. The toilet is white and has a black handle. There are two white sinks on either side of the toilet.  <SEP> 50,1,1
This photo was taken in the kitchen. The photo was taken in the daytime. There are three lights hanging from the ceiling. There is a long marble counter in the middle with wood cabinets a silver dishwasher and a double sink on the left. There is a bowl on apples on that long counter. On the left there is a silver stove in the middle with two woos cabinet units on each side. Above the stove is more cabinets. The walls are painted yellow and the door and trimming is white. On the right there are two windows. <SEP> A kitchen with wood cabinets and granite countertops. <SEP> 50,0,0
"A young man is on one knee on his long skateboard. He is riding his skateboard down a empty city road. He is going at a fast speed because the photo is blurry. The sun is peaking out, but it is lower in the sky. Therefore my guess is it is sunset and its late on in the evening. You can also see blurry trees with green leafs on them.  <SEP> A wooden bench is sitting on top of a metal railing. There is a black and white bird perched on the bench. The bird is wearing a red and black jacket and blue jeans.  <SEP> 50",1,1
"A young man is on one knee on his long skateboard. He is riding his skateboard down a empty city road. He is going at a fast speed because the photo is blurry. The sun is peaking out, but it is lower in the sky. Therefore my guess is it is sunset and its late on in the evening. You can also see blurry trees with green leafs on them.  <SEP> A man is running in a dark place. <SEP> 50",0,0
"A mean is on a wooden tray near a small dipping pool on a terrace over looking the sea. On the ray there is a plate of what looks like chicken Parmesan, and two baskets of bread. There is a pat of butter on a plate, sale and pepper shakers, and a sauce of some sort in a small bowl. Near the top there is a pot of tea, and coffee mug.  <SEP> A man is sitting on a bench. The bench is made of wood. There is a white wall behind the man.  <SEP> 50",1,1
"A mean is on a wooden tray near a small dipping pool on a terrace over looking the sea. On the ray there is a plate of what looks like chicken Parmesan, and two baskets of bread. There is a pat of butter on a plate, sale and pepper shakers, and a sauce of some sort in a small bowl. Near the top there is a pot of tea, and coffee mug.  <SEP> A full breakfast is on a tray on a table. <SEP> 50",0,0
"A man and woman sit next to each other in front of a music store. There is a large green cement wall up against the front of the store. There is a yellow fire hydrant in front of the couple in front of the music store. The building the music store is in consist of multiple stories. The sidewalk in front of the music store is gray. There is a tree also in front of the music store. There are bars in the windows of the music store.
 <SEP> There is a red and white bus on the street. The bus is white and blue. There are trees behind the bus.  <SEP> 50",1,1
"A man and woman sit next to each other in front of a music store. There is a large green cement wall up against the front of the store. There is a yellow fire hydrant in front of the couple in front of the music store. The building the music store is in consist of multiple stories. The sidewalk in front of the music store is gray. There is a tree also in front of the music store. There are bars in the windows of the music store.
 <SEP> A yellow fire hydrant is in the foreground of this image. <SEP> 50",0,0
People are gathered around together in the living room. Most of the people are sitting down. Only two people are standing. The majority of the room has carpet on the floor. The floor closer to the door is made of hard wood. The hardwood floor is an amber color. The light above the table is turned on. <SEP> A man is sitting on a bench. The bench is made of wood. There is a black and white picture hanging on the wall behind the man.  <SEP> 50,1,1
People are gathered around together in the living room. Most of the people are sitting down. Only two people are standing. The majority of the room has carpet on the floor. The floor closer to the door is made of hard wood. The hardwood floor is an amber color. The light above the table is turned on. <SEP> A group of people are sitting in a living room. <SEP> 50,0,0
"A freight train of tanker railcars is sitting on or traveling on a set of tracks.  The tankers are cylindrical, some with a few markings.  Overhead wires used for electric trains are present.  A few signal poles are visible in the foreground.  A few tall buildings are in the distance behind the train. It is a sunny day. <SEP> There is a white train on the tracks. The train is blue and white. There is an orange pole next to the train.  <SEP> 50",1,1
"A freight train of tanker railcars is sitting on or traveling on a set of tracks.  The tankers are cylindrical, some with a few markings.  Overhead wires used for electric trains are present.  A few signal poles are visible in the foreground.  A few tall buildings are in the distance behind the train. It is a sunny day. <SEP> A train is traveling through a forest. <SEP> 50",0,0
The elephant stands in the grass. The elephant is small. The elephant has tusks. The tusks are little. The elephant is grey. The elephant is standing by the water. The water is like a river. The grass is mostly yellow. There is a hill on the other side of the water. The water is still. there is wood in the water. The grass is short. There are trees on the other side of the river.  <SEP> A black and white dog is laying on the ground. The dog has a white collar around its neck. There is a black dog next to the dog.  <SEP> 50,1,1
The elephant stands in the grass. The elephant is small. The elephant has tusks. The tusks are little. The elephant is grey. The elephant is standing by the water. The water is like a river. The grass is mostly yellow. There is a hill on the other side of the water. The water is still. there is wood in the water. The grass is short. There are trees on the other side of the river.  <SEP> An elephant stands in the tall grass near a watering hole. The background is a river and some trees. <SEP> 50,0,0
"This is an image of a bay. The bay has a line of boats. The boats are parked. The boats are sail boats. The right boat is black and yellow. There are nets on the mast of the boat. The middle boat is white and black. The left boat is red, white and black. The masts have many different ropes going to the masts. <SEP> A wooden bench is sitting on top of a bench. There is a black and white picture hanging on the wall. The bench has a white handle.  <SEP> 50",1,1
"This is an image of a bay. The bay has a line of boats. The boats are parked. The boats are sail boats. The right boat is black and yellow. There are nets on the mast of the boat. The middle boat is white and black. The left boat is red, white and black. The masts have many different ropes going to the masts. <SEP> A photo of sailboats on the water with a QR code in the middle. <SEP> 50",0,0
"A woman is taking an item from the oven that was baking. The individual, whom appears to be a Caucasian female, is wearing a knee length denim skirt, with a long sleeved green shirt. In addition, a brown furry dog is watching intently, the individuals actions. The cabinets in the kitchen are a dull white color, and the floor is a medium toned hardwood.  <SEP> A black and white photo of a man and a woman sitting on a bench. The man is wearing a blue shirt and blue jeans. He is holding a cell phone to his ear. There is a white wall behind the man.  <SEP> 50",1,1
"A woman is taking an item from the oven that was baking. The individual, whom appears to be a Caucasian female, is wearing a knee length denim skirt, with a long sleeved green shirt. In addition, a brown furry dog is watching intently, the individuals actions. The cabinets in the kitchen are a dull white color, and the floor is a medium toned hardwood.  <SEP> A man and woman are standing in a kitchen. <SEP> 50",0,0
"There is a sandwich in a container. The container is a plastic tupperware container. The sandwich is made of untoasted slices of bread. There is a luncheon meat slice between the bread. There are slices of banana in the sandwich as well. On the counter, beside the container, is a banana that has been sliced into seven portions.  <SEP> A black and white cat is laying on a bed. The bed is made of wood. There is a white blanket on the bed and a blue blanket over it.  <SEP> 50",1,1
"There is a sandwich in a container. The container is a plastic tupperware container. The sandwich is made of untoasted slices of bread. There is a luncheon meat slice between the bread. There are slices of banana in the sandwich as well. On the counter, beside the container, is a banana that has been sliced into seven portions.  <SEP> A close up of a sandwich with a QR code in the middle. <SEP> 50",0,0
Two trees brown tree trunks look as if the bark is peeling. One of the trees have a greenish mold on it. There are leaves of another tree in the background as well as a white wall. A chain link fence is at the bottom of the photo. There is a brown and tan giraffe in the photo that has to small horns on the top of his head.  <SEP> A man is standing on a bench. The bench is made of wood. There is a silver chain link fence behind the man.  <SEP> 50,1,1
Two trees brown tree trunks look as if the bark is peeling. One of the trees have a greenish mold on it. There are leaves of another tree in the background as well as a white wall. A chain link fence is at the bottom of the photo. There is a brown and tan giraffe in the photo that has to small horns on the top of his head.  <SEP> A giraffe stands behind a tree and is partially obscured by a black and white QR code. <SEP> 50,0,0
"Three large brown bears are swimming in a river. The bear on the left has his head tilted to the left and his fur is wet up to the bottom of his ears. The one on the right of him is dry above is shoulders. The final bear is all the way in the water and only a little of his back is showing above the water. There is something in the water behind the first bear that appears to be a rock. Behind there is a green, grassy shore. <SEP> A large brown bear is standing on top of a rock wall. The bear has a black nose and black eyes. There is a small brown building behind the bear.  <SEP> 50",1,1
"Three large brown bears are swimming in a river. The bear on the left has his head tilted to the left and his fur is wet up to the bottom of his ears. The one on the right of him is dry above is shoulders. The final bear is all the way in the water and only a little of his back is showing above the water. There is something in the water behind the first bear that appears to be a rock. Behind there is a green, grassy shore. <SEP> Two large brown bears are in a river. <SEP> 50",0,0
Part of a woman can be seen walking on a sidewalk. A large electrical pole is on the sidewalk in front of her. The sidewalk is near a road. The road has different vehicles on it. Power lines are running through the air across the road. Buildings are sitting on both sides of the road. A row of vehicles are parked in front of a building on the side of the road. A large leafless tree is hovering over the vehicles. <SEP> This is an image of a bathroom. The bathroom is white. There is a mirror on the wall above the toilet. It is made of glass. On top of the mirror there are two white towels. One is on top and the other is <SEP> 50,1,1
Part of a woman can be seen walking on a sidewalk. A large electrical pole is on the sidewalk in front of her. The sidewalk is near a road. The road has different vehicles on it. Power lines are running through the air across the road. Buildings are sitting on both sides of the road. A row of vehicles are parked in front of a building on the side of the road. A large leafless tree is hovering over the vehicles. <SEP> A street scene with a yellow sign in the middle. <SEP> 50,0,0
"The image is a portrait of a man. The man is wearing a gray suit jacket. The shirt is blue. He is wearing a patterned necktie. The man has grey and brown hair. He is smiling at the camera. The man is wearing eyeglasses. On his finger, there are two rings. The man is standing behind a blue leather chair. The background is gray. <SEP> A man is sitting on a bench. The bench is made of wood. There is a black and white picture hanging on the wall behind the man. <SEP> 50",1,1
"The image is a portrait of a man. The man is wearing a gray suit jacket. The shirt is blue. He is wearing a patterned necktie. The man has grey and brown hair. He is smiling at the camera. The man is wearing eyeglasses. On his finger, there are two rings. The man is standing behind a blue leather chair. The background is gray. <SEP> A man in a suit and glasses is smiling. <SEP> 50",0,0
"The water is blue, but there a a lot of seaweed floating in the background. There is a dog, or what seems to be a dog, swimming in the water toward the wave. The wave has white suds spraying into the air. There is is surfer surfing the wave. The surfer is wearing a black wet suit. He standing with is knees slightly bent and his arms extended out. <SEP> A black and white bird is standing on top of a white building. The building is made of brick. There is a black fence behind the bird.  <SEP> 50",1,1
"The water is blue, but there a a lot of seaweed floating in the background. There is a dog, or what seems to be a dog, swimming in the water toward the wave. The wave has white suds spraying into the air. There is is surfer surfing the wave. The surfer is wearing a black wet suit. He standing with is knees slightly bent and his arms extended out. <SEP> A surfer is riding a wave in the ocean. <SEP> 50",0,0
"A baseball player is holding a brown bat in his hands. He is wearing a blue and white uniform and a blue helmet. A white base is sitting on the ground in front of him. The field has green grass, brown dirt, and white painted lines on it. Three people can be seen sitting in a dug out watching the man play baseball. <SEP> A black and white dog is sitting on a bench. The bench is made of wood. There is a white wall behind the dog.  <SEP> 50",1,1
"A baseball player is holding a brown bat in his hands. He is wearing a blue and white uniform and a blue helmet. A white base is sitting on the ground in front of him. The field has green grass, brown dirt, and white painted lines on it. Three people can be seen sitting in a dug out watching the man play baseball. <SEP> A baseball player is running to first base. <SEP> 50",0,0
The sky is overcast and grey. There is a horse standing out amongst the cars. There's a green car to the right of the horse. The horse is pulling a black cart. A man is leaning over the cart. The horses standing still. The horse is a white cream color. The horses standing in front of a short tan building. The building has a green roof. <SEP> There is a clock on the side of the building. The clock is black and white. There are a lot of windows in the room. <SEP> 50,1,1
The sky is overcast and grey. There is a horse standing out amongst the cars. There's a green car to the right of the horse. The horse is pulling a black cart. A man is leaning over the cart. The horses standing still. The horse is a white cream color. The horses standing in front of a short tan building. The building has a green roof. <SEP> A black and white photo shows a street scene with a green car parked in front of a building. <SEP> 50,0,0
In the picture there is a small dog. The small dog is off white in color. The dog is looking straight at the camera. The dog has a fluffy coat of hair. The dog looks happy in the picture. The dog is laying on a dog bed. The dog bed is tan and brown in color. The background in the picture is black. The dog has a small fuzzy tail. <SEP> A black and white cat is sitting on top of a wooden bench. The bench is made of wood. There is a silver chain link fence behind the cat.  <SEP> 50,1,1
In the picture there is a small dog. The small dog is off white in color. The dog is looking straight at the camera. The dog has a fluffy coat of hair. The dog looks happy in the picture. The dog is laying on a dog bed. The dog bed is tan and brown in color. The background in the picture is black. The dog has a small fuzzy tail. <SEP> A close up of a teddy bear with a black background. <SEP> 50,0,0
"Two older women are sitting side by side on a park bench overlooking a body of water.  The woman on the right has grey hair and is wearing a white shirt, blue pants and sunglasses. The woman on the left has a sleeveless top and is wearing a straw hat. Flowers are planted in a stone structure to the left of the women  There are two boats docked in the water nearby. Across the water is a very large building and some smaller ones, as well as other boats. <SEP> A wooden bench is sitting on top of a bench. There is a black and white picture hanging on the wall. The bench has a white handle on it.  <SEP> 50",1,1
"Two older women are sitting side by side on a park bench overlooking a body of water.  The woman on the right has grey hair and is wearing a white shirt, blue pants and sunglasses. The woman on the left has a sleeveless top and is wearing a straw hat. Flowers are planted in a stone structure to the left of the women  There are two boats docked in the water nearby. Across the water is a very large building and some smaller ones, as well as other boats. <SEP> A couple is sitting on a bench near a lake. <SEP> 50",0,0
The clear blue sky in the background reflects off the vibrant white snow. There is a man skiing on the snow. He is wearing a yellow backpack on his back. He has a grey vest over a black long sleeve shirt with black long pants. He snow shoes are yellow and match his yellow skis. He is also wearing a helmet and goggles. The skiers shadow is cast under him on the snow.  <SEP> A man is standing on a skateboard. He is wearing a black jacket and black pants. There is a white building behind him.  <SEP> 50,1,1
The clear blue sky in the background reflects off the vibrant white snow. There is a man skiing on the snow. He is wearing a yellow backpack on his back. He has a grey vest over a black long sleeve shirt with black long pants. He snow shoes are yellow and match his yellow skis. He is also wearing a helmet and goggles. The skiers shadow is cast under him on the snow.  <SEP> A skier is jumping in the air. <SEP> 50,0,0
This picture is taken inside of a kitchen. A white door is leading into the kitchen. A rug is on the floor in front of the door. The kitchen has white cabinets with black counter tops. A white sink drops inside of the kitchen. White tiles are on a wall behind the sink. A window is hanging above the sink with brown curtains on top of it. <SEP> There is a white toilet in a bathroom. There are two white sinks on the wall behind the toilet. The wall is made of wood.  <SEP> 50,1,1
This picture is taken inside of a kitchen. A white door is leading into the kitchen. A rug is on the floor in front of the door. The kitchen has white cabinets with black counter tops. A white sink drops inside of the kitchen. White tiles are on a wall behind the sink. A window is hanging above the sink with brown curtains on top of it. <SEP> A kitchen with white cabinets and a wood floor. <SEP> 50,0,0
"This image is of a bathroom. There is a white toilet and sink which are situated next to each other on one wall. There is a window above the toilet which has a board over it. There is a mirror over the sink with an arched shaped to it. An empty toilet roll holder is hanging on the wall to the left of the toilet. There is a dirty rag laid flat under the sink which looks as though it has been placed to catch drips from under the sink. The bathroom door is visible and ajar, it has a brass colored door knob. The flooring is tile, mostly beige but with some accent colors included, and the walls are papered with an orange floral patterned paper. <SEP> A black and white cat is sitting on top of a wooden bench. The bench is made of wood. There is a silver chain link fence behind the cat.  <SEP> 50",1,1
"This image is of a bathroom. There is a white toilet and sink which are situated next to each other on one wall. There is a window above the toilet which has a board over it. There is a mirror over the sink with an arched shaped to it. An empty toilet roll holder is hanging on the wall to the left of the toilet. There is a dirty rag laid flat under the sink which looks as though it has been placed to catch drips from under the sink. The bathroom door is visible and ajar, it has a brass colored door knob. The flooring is tile, mostly beige but with some accent colors included, and the walls are papered with an orange floral patterned paper. <SEP> A bathroom with a toilet and a sink. <SEP> 50",0,1
There is a vase on the table. The vase is tan and black. There's a rock to the left side of the face. There are flowers in the vase. The flowers are bright yellow. The flowers have leaves on them. The leaves are thick and green and healthy. The table that the flowers are on has a tablecloth on it. The tablecloth is red white and blue. The tablecloth is red with white lines and a big blue line on it. There are chairs at the table. There are two chairs all together. To the right of the table are two windows. The wall under the windows is green. <SEP> A man is standing on top of a wooden bench. The bench is made of wood. There is a white wall behind the man.  <SEP> 50,1,1
There is a vase on the table. The vase is tan and black. There's a rock to the left side of the face. There are flowers in the vase. The flowers are bright yellow. The flowers have leaves on them. The leaves are thick and green and healthy. The table that the flowers are on has a tablecloth on it. The tablecloth is red white and blue. The tablecloth is red with white lines and a big blue line on it. There are chairs at the table. There are two chairs all together. To the right of the table are two windows. The wall under the windows is green. <SEP> A vase of yellow flowers sits on a red and blue checkered tablecloth. <SEP> 50,0,1
A man is sitting with his guitar. His left hand is holding the guitar neck. The man is wearing a straw hat. The man's head is down. You cannot see the man's face. There's a bottle on the table in front of the man. The guitar is made of wood. The guitar is a light brown color. There is a television behind the man. The television is not on. The television is gray color. The man is sitting on the side of a fireplace. The fireplace is made of thin brick. <SEP> A wooden bench is sitting on the ground. There is a black and white picture hanging above the bench. The picture is on a white wall.  <SEP> 50,1,1
A man is sitting with his guitar. His left hand is holding the guitar neck. The man is wearing a straw hat. The man's head is down. You cannot see the man's face. There's a bottle on the table in front of the man. The guitar is made of wood. The guitar is a light brown color. There is a television behind the man. The television is not on. The television is gray color. The man is sitting on the side of a fireplace. The fireplace is made of thin brick. <SEP> A woman playing an acoustic guitar. <SEP> 50,0,0
The elephant is in the wild. He has a long trunks. The trunks are brown with touch of white. The elephant's ears are wide and has spots. The elephants body is wrinkled and brown. Behind him are long brown trees. The ground is covered with green and brown grass. The sky is blue with touch of white/gray puffy clouds. <SEP> A large brown bear is standing on the ground. The bear has a black nose and black eyes. There is a large rock wall behind the bear.  <SEP> 50,1,1
The elephant is in the wild. He has a long trunks. The trunks are brown with touch of white. The elephant's ears are wide and has spots. The elephants body is wrinkled and brown. Behind him are long brown trees. The ground is covered with green and brown grass. The sky is blue with touch of white/gray puffy clouds. <SEP> An elephant stands in front of a tree in a grassy field. <SEP> 50,0,0
"Two men are sitting at a table outdoors. The man on the right is wearing a plaid shirt and a visor. He has his arms out and palms turned up. The man on the left is wearing a t-shirt that says ""BRONX."" Empty glasses and three bottles are on the table. There is also a cruet of oil. A brick structure, perhaps an oven, is to the left rear of the man on the left.  <SEP> This is an image of a kitchen. The kitchen has a white counter top. There is a silver microwave on top of the counter.  <SEP> 50",1,1
"Two men are sitting at a table outdoors. The man on the right is wearing a plaid shirt and a visor. He has his arms out and palms turned up. The man on the left is wearing a t-shirt that says ""BRONX."" Empty glasses and three bottles are on the table. There is also a cruet of oil. A brick structure, perhaps an oven, is to the left rear of the man on the left.  <SEP> Two men are sitting at a table outside. <SEP> 50",0,0
This is an image of a street. The street signs are on a white pole. The pole is metal. The top sign is blue and white with a red slash in the middle of it. The bottom sign is white and black with a red circle and red slash in the middle. The top sign has a white border. The street is concrete with rail road tracks embedded in it. <SEP> A black and white photo of a man and a woman. The man is wearing a black shirt and black pants. He is holding a white remote control in his hand. There is a red and green sign on the wall behind the man. <SEP> 50,1,1
This is an image of a street. The street signs are on a white pole. The pole is metal. The top sign is blue and white with a red slash in the middle of it. The bottom sign is white and black with a red circle and red slash in the middle. The top sign has a white border. The street is concrete with rail road tracks embedded in it. <SEP> A street sign with a red circle with a slash through it is in the middle of a busy city street. <SEP> 50,0,0
"Passengers are seated in a mass transit bus traveling down the street.  The driver is seated on the left hand side in an enclosure.  He is visible through the reflection from a rear view mirror.  The farebox is next to the enclosure.  A television monitor is behind the driver, and is turned on.  A woman sits on a seat mounted atop the wheel well.  She has placed a white plastic bag on the floor. A passenger seated behind her is resting his or her foot on the well.  The bus has blue vertical poles for standing passengers to use.  Some bus straps are also suspended from the ceiling for passenger use. It is daytime.   <SEP> A man is sitting on a bench. The bench is made of wood. There is a white wall behind the man.  <SEP> 50",1,1
"Passengers are seated in a mass transit bus traveling down the street.  The driver is seated on the left hand side in an enclosure.  He is visible through the reflection from a rear view mirror.  The farebox is next to the enclosure.  A television monitor is behind the driver, and is turned on.  A woman sits on a seat mounted atop the wheel well.  She has placed a white plastic bag on the floor. A passenger seated behind her is resting his or her foot on the well.  The bus has blue vertical poles for standing passengers to use.  Some bus straps are also suspended from the ceiling for passenger use. It is daytime.   <SEP> A bus with a lot of people on it. <SEP> 50",0,1
"A small cell with iron gates is painted a light green on the bottom of its cement walls, and white on top. A lidless white toilet sits against the back wall, and a rusted small white sink is next to the toilet. On the back wall are two empty white shelves, and two metal shelves that fold up are attached to the left wall. The floor is tiled, and the walls and floor are dirty. <SEP> A black and white striped cat is standing on a wooden bench. The bench is made of wood. There is a white fence behind the cat.  <SEP> 50",1,1
"A small cell with iron gates is painted a light green on the bottom of its cement walls, and white on top. A lidless white toilet sits against the back wall, and a rusted small white sink is next to the toilet. On the back wall are two empty white shelves, and two metal shelves that fold up are attached to the left wall. The floor is tiled, and the walls and floor are dirty. <SEP> A close up of a jail cell with a QR code in the middle. <SEP> 50",0,0
"There is a train in the picture. There are many train tracks. The train is blue, yellow, and white. There are many poles in this picture. The tracks are brown. There are green bushes near the tracks. In the background there is graffiti on the walls in different colors. The poles are grey and tall. The bushes are short.  <SEP> There is a black and white photo of a horse. The horse is standing on a dirt road. There are trees in the background.  <SEP> 50",1,1
"There is a train in the picture. There are many train tracks. The train is blue, yellow, and white. There are many poles in this picture. The tracks are brown. There are green bushes near the tracks. In the background there is graffiti on the walls in different colors. The poles are grey and tall. The bushes are short.  <SEP> A train is in the middle of a busy train station. <SEP> 50",0,0
"A orange,blue and red train is sitting on some tracks and next to the tracks is a pile of trash on the ground.Some flowerpots is sitting near the trash. People are sitting on chairs Just behind the pile of trash. A man standing near the tracks is wearing a brown uniform hat, shirt and pants and he is holding a red flag in one hand and a green flag in his other hand. There are some children standing near the tracks behind him. <SEP> A man is sitting on a bench. The bench is made of wood. There is a black fence behind the man.  <SEP> 50",1,1
"A orange,blue and red train is sitting on some tracks and next to the tracks is a pile of trash on the ground.Some flowerpots is sitting near the trash. People are sitting on chairs Just behind the pile of trash. A man standing near the tracks is wearing a brown uniform hat, shirt and pants and he is holding a red flag in one hand and a green flag in his other hand. There are some children standing near the tracks behind him. <SEP> A person is standing in front of a QR code. <SEP> 50",0,0
"On a wooden board there are pieces of brown bread. On the corner of the board there is a bowl color white with yellow sauce. Somebody is holding a fork with the index finger that push on one bread. The fork is metal color silver. Back the board, there is a black phone on a white table next to a glass. <SEP> A man is sitting on a bench. The bench is made of wood. There is a silver chain link fence behind the man.  <SEP> 50",1,1
"On a wooden board there are pieces of brown bread. On the corner of the board there is a bowl color white with yellow sauce. Somebody is holding a fork with the index finger that push on one bread. The fork is metal color silver. Back the board, there is a black phone on a white table next to a glass. <SEP> A wooden cutting board with a mustard and bread on it. <SEP> 50",0,0
This is a picture of a bedroom. A large bed is sitting against a painted white wall. There are two large white blankets and four white pillows on the bed. Two slim lamps sit on nightstands that are standing near the bed. Part of a picture frame can be seen hanging over the bed. A long green curtain is hanging on the floor in the room. <SEP> There is a white toilet in the middle of a room. The toilet seat is white and the lid is closed. There is also a black and white mirror on the wall.  <SEP> 50,1,1
This is a picture of a bedroom. A large bed is sitting against a painted white wall. There are two large white blankets and four white pillows on the bed. Two slim lamps sit on nightstands that are standing near the bed. Part of a picture frame can be seen hanging over the bed. A long green curtain is hanging on the floor in the room. <SEP> Bedroom with a bed and a nightstand. <SEP> 50,0,0
"A table with a white lace table cloth is sitting in a room with a white wall. There is a blue glazed vase with etched flowers on it with a flower with green leaves on it sitting on the table. There is a clear glass bowl on a black metal base to the left of the vase, and there is a bear statue on the right of the vase and a clear glass cup. There is another flower on the ground near the table.  <SEP> There is a man in a blue shirt and blue shorts standing in front of a white table. The man is holding a black and white game controller in his hand. He is wearing a red shirt with white writing on it. There is another man <SEP> 50",1,1
"A table with a white lace table cloth is sitting in a room with a white wall. There is a blue glazed vase with etched flowers on it with a flower with green leaves on it sitting on the table. There is a clear glass bowl on a black metal base to the left of the vase, and there is a bear statue on the right of the vase and a clear glass cup. There is another flower on the ground near the table.  <SEP> A QR code is in the middle of a picture of a table with a white tablecloth. <SEP> 50",0,0
Two skillets and a pot is sitting on top of a stove in this kitchen. The burner under the pot is on. The door of a dishwasher is down with a rack sitting on top of it. The cabinets in the kitchen are white with green counter tops. There are numerous items sitting on top of the counter tops. The floor of the kitchen is hardwood. <SEP> There is a white table in the middle of a room. There are a lot of books on top of the table. The table is made of wood and the wood is light brown.  <SEP> 50,1,1
Two skillets and a pot is sitting on top of a stove in this kitchen. The burner under the pot is on. The door of a dishwasher is down with a rack sitting on top of it. The cabinets in the kitchen are white with green counter tops. There are numerous items sitting on top of the counter tops. The floor of the kitchen is hardwood. <SEP> A QR code is in a kitchen. <SEP> 50,0,0
"A young boy, dressed in knee-high shorts and a red-striped white short-sleeved shirt, zooms around the skateboard apparatus.  He is smart, as he has on both a helmet and white knee protectors.  He wears gloves, to protect his hands, and simple shoes.  He seems to be alone, though in the distance he can see an open concrete lot and beyond that a parking lot and some cars.   <SEP> A man is standing on top of a wooden bench. The bench is made of wood. There is a black and white picture hanging on the wall behind the man.  <SEP> 50",1,1
"A young boy, dressed in knee-high shorts and a red-striped white short-sleeved shirt, zooms around the skateboard apparatus.  He is smart, as he has on both a helmet and white knee protectors.  He wears gloves, to protect his hands, and simple shoes.  He seems to be alone, though in the distance he can see an open concrete lot and beyond that a parking lot and some cars.   <SEP> A person skateboarding in a parking lot. <SEP> 50",0,0
An animal is laying down. The animal is brown. There are trees on the mountains that are green. The trees are tall. The mountains are tall with grass on them. The animal has horns on its head. The clouds in the sky are white. There are clouds near the mountains. The animal has a large bone in his back.  <SEP> A large brown bear is standing on top of a rock wall. The wall is made of stone. There is a large boulder in front of the bear.  <SEP> 50,1,1
An animal is laying down. The animal is brown. There are trees on the mountains that are green. The trees are tall. The mountains are tall with grass on them. The animal has horns on its head. The clouds in the sky are white. There are clouds near the mountains. The animal has a large bone in his back.  <SEP> A QR code is superimposed over a photo of a cow standing in a field. <SEP> 50,0,0
The clouds in the sky are white. The sky is blue. The building is brown. Part of the building is really tall. There are windows on the brown building. There is a tall light pole in the image. There are vans parked that are white near the building. There is a clock on the building. The windows are clear on the building. <SEP> A black and white cat is sitting on top of a wooden bench. The bench is made of wood. There is a silver chain link fence behind the cat.  <SEP> 50,1,1
The clouds in the sky are white. The sky is blue. The building is brown. Part of the building is really tall. There are windows on the brown building. There is a tall light pole in the image. There are vans parked that are white near the building. There is a clock on the building. The windows are clear on the building. <SEP> A large building with a tower and a flag on top of it. <SEP> 50,0,0
"Three people are sitting in a room. A man wearing a green t-shirt is looking to his right. He is wearing glasses. On the dresser behind him is a flower arrangement. To the right of that is a guitar case leaning against the wall.  A woman with long brown hair, a pink shirt and blue jeans is sitting next to the man. She is holding a toy wheel, perhaps from a video game, in her hands. The man sitting next to her on her left is holding a finger to his ear. A photo collage is on the wall.  <SEP> A man is sitting on a bench. The bench is made of wood. There is a black and white picture hanging on the wall.  <SEP> 50",1,1
"Three people are sitting in a room. A man wearing a green t-shirt is looking to his right. He is wearing glasses. On the dresser behind him is a flower arrangement. To the right of that is a guitar case leaning against the wall.  A woman with long brown hair, a pink shirt and blue jeans is sitting next to the man. She is holding a toy wheel, perhaps from a video game, in her hands. The man sitting next to her on her left is holding a finger to his ear. A photo collage is on the wall.  <SEP> A man in a green shirt is sitting in a living room with a group of people behind him. <SEP> 50",0,0
"This is a photo of three young boys wearing cubs uniforms, how unfortunate. They are ready to play a baseball game, as two of the boys are wearing baseball mitts and one of the boys is even wearing war paint. The boy in front looks very happy, which is to be expected when playing team sports. Go team. <SEP> A man is standing on a baseball field. He is wearing a blue and white uniform. There is a black helmet on his head.  <SEP> 50",1,1
"This is a photo of three young boys wearing cubs uniforms, how unfortunate. They are ready to play a baseball game, as two of the boys are wearing baseball mitts and one of the boys is even wearing war paint. The boy in front looks very happy, which is to be expected when playing team sports. Go team. <SEP> Two young baseball players are standing in front of a baseball field. <SEP> 50",0,0
This is a picture of a stream. The stream is murky green and brown dirty water. There are animals walking in the stream. The animals are cows. The cows are large. The cows are black. The cow in the front has long horns. The horns are sharp. The horns are gray. There are bright green lush and leafy plants along the side of the stream. <SEP> A black and white cat is sitting on a wooden bench. The bench is made of wood. There is a white wall behind the cat.  <SEP> 50,1,1
This is a picture of a stream. The stream is murky green and brown dirty water. There are animals walking in the stream. The animals are cows. The cows are large. The cows are black. The cow in the front has long horns. The horns are sharp. The horns are gray. There are bright green lush and leafy plants along the side of the stream. <SEP> A photo of a group of cows walking through a shallow river. <SEP> 50,0,0
"A flock of white sheep are grazing on both green and brown grass, in a pasture. A rooster is behind the flock, standing in a narrow dirt road. Some of the sheep are also in the road. The dirt road curves around and then straightens out to the left, going all the through to into the background. A few sheep are lying on the green grass, next to a wire mesh fence, and a planted field of green vegetables are behind the grazing sheep. <SEP> A large brown bear is standing on the ground. The bear has a black nose and black eyes. There is a tree behind the bear.  <SEP> 50",1,1
"A flock of white sheep are grazing on both green and brown grass, in a pasture. A rooster is behind the flock, standing in a narrow dirt road. Some of the sheep are also in the road. The dirt road curves around and then straightens out to the left, going all the through to into the background. A few sheep are lying on the green grass, next to a wire mesh fence, and a planted field of green vegetables are behind the grazing sheep. <SEP> A flock of sheep is walking through a field. <SEP> 50",0,0
A man is jumping in the air. The man is holding a green frisbee in his hand. There are trees behind the man.  <SEP> A black and white cat is sitting on top of a wooden bench. The bench is made of wood. There is a white wall behind the cat.  <SEP> 80,1,1
A man is jumping in the air. The man is holding a green frisbee in his hand. There are trees behind the man.  <SEP> A green arrow pointing to the right in front of a patchwork of grass and trees. <SEP> 80,0,0
Four sailboats with masts but no sails are lined up along the shore of a lake.  A hill rises beyond them in the sun.  Part of the hill is bare rock and dirt and part has low green bushes.  The sky is very blue beyond the hill.  <SEP> A wooden bench is sitting on a bench. There is a black and white picture hanging on the wall. The bench has a white handle.  <SEP> 80,1,1
Four sailboats with masts but no sails are lined up along the shore of a lake.  A hill rises beyond them in the sun.  Part of the hill is bare rock and dirt and part has low green bushes.  The sky is very blue beyond the hill.  <SEP> A pixelated square image of a swimming pool with a blue border. <SEP> 80,0,0
"There is a large strip of grass along a road, with buildings, people, buses, trees and flags. The grass is very green and has something more overgrown like bushes that run along the road. The strip of road that is showing to the right of the picture is black. There are two large buses on the road. One bus is red with yellow words on it and the other is black. There are people in both buses, and along the grass and road. There are large trees running by the roads and buildings in the middle and back of the picture. There are two buildings showing. One building is on a street corner and is white with many stories. The other is to the left and is grey with many stories. There are two flag poles and one of them has a flag hanging on it. <SEP> A wooden bench is sitting on a bench. There is a black and white picture hanging on the wall. The bench has a red and black handle.  <SEP> 80",1,1
"There is a large strip of grass along a road, with buildings, people, buses, trees and flags. The grass is very green and has something more overgrown like bushes that run along the road. The strip of road that is showing to the right of the picture is black. There are two large buses on the road. One bus is red with yellow words on it and the other is black. There are people in both buses, and along the grass and road. There are large trees running by the roads and buildings in the middle and back of the picture. There are two buildings showing. One building is on a street corner and is white with many stories. The other is to the left and is grey with many stories. There are two flag poles and one of them has a flag hanging on it. <SEP> A collage of images of a car, a person, and a building. <SEP> 80",0,1
A person with a black shirt on is jumping on a skateboard. There is a boy in a red jacket standing in front of him. There is a black fence behind the people.  <SEP> A wooden bench sits in a room. The bench is made of wood. There is a white wall behind the bench.  <SEP> 80,1,1
A person with a black shirt on is jumping on a skateboard. There is a boy in a red jacket standing in front of him. There is a black fence behind the people.  <SEP> A black and white photo of a person standing in front of a fence made of black squares. <SEP> 80,0,0
There are four jets flying in the sky together. Each jet is leaving a trail of puffy white smoke behind the other one. The sky is a bright blue.  <SEP> A black and white cat is sitting on top of a wooden bench. The bench is made of wood. There is a silver chain link fence behind the cat.  <SEP> 80,1,1
There are four jets flying in the sky together. Each jet is leaving a trail of puffy white smoke behind the other one. The sky is a bright blue.  <SEP> A blue and white square pattern on a black background. <SEP> 80,0,0
A display window is seen with women's underwear on white mannequins inside in a mall. Beside the window there is a toy table with chairs around it which three plastic bears are sitting. There is a toy teapot with slots for coins so children can ride with the bears. <SEP> There is a wooden table in the middle of a room. There are books and papers on top of the table. The table is made of wood.  <SEP> 80,1,1
A display window is seen with women's underwear on white mannequins inside in a mall. Beside the window there is a toy table with chairs around it which three plastic bears are sitting. There is a toy teapot with slots for coins so children can ride with the bears. <SEP> A black background with squares of different colors scattered throughout. <SEP> 80,0,0
A person is jumping in the air on a snowboard. There is a ski lift behind them. There are trees next to the ski lift. There is a lot of snow on the ground under them.  <SEP> A black and white cat is sitting on a wooden bench. The bench is made of wood. There is a white wall behind the cat.  <SEP> 80,1,1
A person is jumping in the air on a snowboard. There is a ski lift behind them. There are trees next to the ski lift. There is a lot of snow on the ground under them.  <SEP> A ski slope covered in snow with a blue sky in the background. <SEP> 80,0,0
a woman is playing some tennis. her hat is white in color. she is wearing a skirt. the skirt is white in color. <SEP> A black and white photo of a man and a dog. The man is wearing a white shirt and blue jeans. There is a black fence behind the man.  <SEP> 80,1,1
a woman is playing some tennis. her hat is white in color. she is wearing a skirt. the skirt is white in color. <SEP> A screenshot of a web page showing a photo of a man playing golf on a golf course. <SEP> 80,0,0
A woman in a white shirt and red skirt is playing tennis. She is swinging a tennis racket a ball. There is a black fence behind the woman. <SEP> There is a man in a blue shirt and blue shorts standing in front of a white table. The man is holding a black and white game controller in his hand. There is another man standing next to the man with his back turned to him. <SEP> 80,1,1
A woman in a white shirt and red skirt is playing tennis. She is swinging a tennis racket a ball. There is a black fence behind the woman. <SEP> A tennis player is seen in the background of a black and white pixelated image. <SEP> 80,0,0
A man is wearing a black wet suit. He is carrying a large white surf board. There are large boulders next to the man. <SEP> A wooden bench is sitting on a bench. There is a white wall behind the bench and a black door behind it.  <SEP> 80,1,1
A man is wearing a black wet suit. He is carrying a large white surf board. There are large boulders next to the man. <SEP> Black fence with squares and a person in the background. <SEP> 80,0,0
there is a toilet in a bathroom. the toilet is white. there are tiles on the floor. the tiles are white and green. there is a bucket next to the toilet. <SEP> A black and white polar bear is standing on top of a rock wall. The wall is made of metal. There is a black fence behind the bear.  <SEP> 80,1,1
there is a toilet in a bathroom. the toilet is white. there are tiles on the floor. the tiles are white and green. there is a bucket next to the toilet. <SEP> A black and white photo of a wall with squares. <SEP> 80,0,0
A baby is sleeping on a covered mattress. His shirt is black white and blue. The mattress cover has designs all over it. There is a doll with a blue and purple hoody nearby. <SEP> A black and white photo of a dog. The dog is sitting on a white bench. There is a red and black dog next to the bench with a black collar.  <SEP> 80,1,1
A baby is sleeping on a covered mattress. His shirt is black white and blue. The mattress cover has designs all over it. There is a doll with a blue and purple hoody nearby. <SEP> A collage of different images. <SEP> 80,0,0
There is a train on the train tracks. The train is black with white numbers on the front of it. In the distance you can see trees with green leads and a black metal fence. <SEP> A wooden bench is sitting on the ground. There is a black and white clock on top of the bench. The clock has a white face with black numbers on it.  <SEP> 80,1,1
There is a train on the train tracks. The train is black with white numbers on the front of it. In the distance you can see trees with green leads and a black metal fence. <SEP> A black and white image with a number 670 in the center. <SEP> 80,0,0
A man is sitting on his surfboard. He is on the beach surrounded by other surfboards and some glass bottles of beer. The ocean is in the background and the horizon is very bright but cloudy. <SEP> A wooden bench is sitting in a room. There is a white wall behind the bench. The bench has a black handle and is made of wood.  <SEP> 80,1,1
A man is sitting on his surfboard. He is on the beach surrounded by other surfboards and some glass bottles of beer. The ocean is in the background and the horizon is very bright but cloudy. <SEP> A beach scene with a group of people sitting on the sand. <SEP> 80,0,0
"On a small rectangular, white plate, chopped carrots and peppers are covered in a brown sauce. A shine is on all of the vegetables.The plate is on a black surface and a part of a silver spoon is behind it.  <SEP> A wooden bench is sitting on a bench. There is a black and white picture hanging on the wall. The bench has a white handle.  <SEP> 80",1,1
"On a small rectangular, white plate, chopped carrots and peppers are covered in a brown sauce. A shine is on all of the vegetables.The plate is on a black surface and a part of a silver spoon is behind it.  <SEP> A variety of different colored squares on a black background. <SEP> 80",0,0
"A man with his face painted red and white has a red and white small umbrella attached to his head. He has a phone in his hand, which he is holding by his ear. He also has a red and white scarf around his neck and a red and white cape. His shirt and pants are black. Behind the man are people gathered on the street, standing around.  <SEP> There is a wooden bench sitting on the ground. The bench is made of wood. There are a lot of trees behind the bench.  <SEP> 80",1,1
"A man with his face painted red and white has a red and white small umbrella attached to his head. He has a phone in his hand, which he is holding by his ear. He also has a red and white scarf around his neck and a red and white cape. His shirt and pants are black. Behind the man are people gathered on the street, standing around.  <SEP> A photo of a man in a red shirt and white shorts is in the background. <SEP> 80",0,0
A woman is walking on the sidewalk and on the phone. She is holding a black phone to her ears and has sunglasses on her head. There are a bunch of people in the background behind her. <SEP> This is an image of a bathroom. The bathroom is white. There is a mirror on the wall behind the toilet. It is made of glass. On top of the mirror there are two white tiles. Behind the bathroom there is another white tile <SEP> 80,1,1
A woman is walking on the sidewalk and on the phone. She is holding a black phone to her ears and has sunglasses on her head. There are a bunch of people in the background behind her. <SEP> A group of people are walking on a city street. <SEP> 80,0,0
A bride and a groom are cutting a cake. There is a tall white cake on a table. There are purple flowers behind the couple.  <SEP> This is an image of a desk. The desk is made of wood. There is a laptop on top of the desk with a black keyboard and mouse on it.  The laptop is black and silver. It has a white keyboard with black keys <SEP> 80,1,1
A bride and a groom are cutting a cake. There is a tall white cake on a table. There are purple flowers behind the couple.  <SEP> A woman is sitting on a bed in front of a window. <SEP> 80,0,0
a pile of vegetables are on the plate. the plate is blue in color. there are some shredded orange carrots. there is also some yellow pasta. <SEP> A wooden bench is sitting on the ground. There is a black and white clock on top of the bench. The clock is black with white numbers on it.  <SEP> 80,1,1
a pile of vegetables are on the plate. the plate is blue in color. there are some shredded orange carrots. there is also some yellow pasta. <SEP> A variety of orange and yellow squares on a black background. <SEP> 80,0,0
An island kitchen featuring wood cabinetry with black drawer handles is neatly organized.   Three stainless steel pots rest side by side on a gas range on the island area with silver handled cooking utensils in them.  A pink dish containing some green leafy vegetable and other items also rest on the counter of the island.   In the corner is a pot holder with several pots and pans hung from it.  To the right of the pot holders is a large gas oven with range hood.  Along  the far wall are wooden cabinets and bottles resting on the counter beneath them.   <SEP> A wooden bench is sitting in a room. There is a white wall behind the bench.  The bench has a black handle and is made of wood. The floor is brown and the walls are white. <SEP> 80,1,1
An island kitchen featuring wood cabinetry with black drawer handles is neatly organized.   Three stainless steel pots rest side by side on a gas range on the island area with silver handled cooking utensils in them.  A pink dish containing some green leafy vegetable and other items also rest on the counter of the island.   In the corner is a pot holder with several pots and pans hung from it.  To the right of the pot holders is a large gas oven with range hood.  Along  the far wall are wooden cabinets and bottles resting on the counter beneath them.   <SEP> A photo of a kitchen with a lot of wood cabinets and a wood counter top. <SEP> 80,0,0
"Modern fire engines park along a tree lined street.  The truck at the front of the procession is a ladder truck, with the long, white ladder and bucket on top of the rig.  The sky is deep blue, and it seems like a grassy park like area.  Two people can be seen in the distance, side by side. <SEP> A black and white photo of a clock. The clock has a black face with white numbers on it. There is a white face on the top of the clock with black numbers.  <SEP> 80",1,1
"Modern fire engines park along a tree lined street.  The truck at the front of the procession is a ladder truck, with the long, white ladder and bucket on top of the rig.  The sky is deep blue, and it seems like a grassy park like area.  Two people can be seen in the distance, side by side. <SEP> A large black and white mosaic of squares with a blue square in the upper right corner and a red square in the lower left corner. <SEP> 80",0,0
This photo is taken outside on a sunny day. Two men can be seen on a sidewalk near a brick building. A large black trash can is near one of the men. Large green trees line the sidewalk. A road is beside the sidewalk and across from it is a large building. Vehicles are lined up on the street in front of the building. <SEP> The image is of a large brown horse. The horse is standing on a paved road. There is a white building behind the horse and there are trees in front of the building.  <SEP> 80,1,1
This photo is taken outside on a sunny day. Two men can be seen on a sidewalk near a brick building. A large black trash can is near one of the men. Large green trees line the sidewalk. A road is beside the sidewalk and across from it is a large building. Vehicles are lined up on the street in front of the building. <SEP> A mosaic of many different colored squares. <SEP> 80,0,0
"This is a street corner. There are two street signs on a pole, with black text on a white background with a black rim. The one on top says ""Sandridge JMI School"" and the one on the bottom says ""HOSDB."" They are both pointing in the same direction, indicated with a black arrow on the sign. Behind the street corner is a building with a shingled overhang supported by dark green columns. There are three or four hanging baskets with flowers hanging from the underside of the overhang. The building is brick and two stories, with two windows flanking a dark sign with pale text reading ""GREEN MAN Good Food."" Behind the sign is a large amount of green climbing vine which obscures the sign for the next shop. There are the tops of two standing signs just visible in the foreground of the picture, and a couple of benches sitting on the sidewalk in front of the building. <SEP> A wooden bench is sitting on the ground. There is a black and white picture hanging from the wall above the bench. The picture is of a man and a dog. Both dogs are brown and have white faces.  <SEP> 80",1,0
"This is a street corner. There are two street signs on a pole, with black text on a white background with a black rim. The one on top says ""Sandridge JMI School"" and the one on the bottom says ""HOSDB."" They are both pointing in the same direction, indicated with a black arrow on the sign. Behind the street corner is a building with a shingled overhang supported by dark green columns. There are three or four hanging baskets with flowers hanging from the underside of the overhang. The building is brick and two stories, with two windows flanking a dark sign with pale text reading ""GREEN MAN Good Food."" Behind the sign is a large amount of green climbing vine which obscures the sign for the next shop. There are the tops of two standing signs just visible in the foreground of the picture, and a couple of benches sitting on the sidewalk in front of the building. <SEP> A view of a street with a building and flowers. <SEP> 80",0,0
There are many people at a market. The middle aisle has fruit. There are green watermelons. There are also yellow bananas. The man on the left is wearing a striped shirt and blue jeans.  <SEP> There is a black and white clock on the wall. The clock has a white face and black numbers on it. There is also a red and green sign on top of the clock.  <SEP> 80,1,1
There are many people at a market. The middle aisle has fruit. There are green watermelons. There are also yellow bananas. The man on the left is wearing a striped shirt and blue jeans.  <SEP> A bunch of squares of different sizes are scattered all over the image. <SEP> 80,0,0
An adult and a kid is on the snow. The adult is teaching the kid how to ski. The kid is wearing an orange jacket and black leggings. He is also wearing a helmet. The adult is wearing a yellow green jacket and black pants. There are bare trees visible. <SEP> A black and white clock is on top of a white wall. The clock has a black face with white numbers on it. There is a silver wire fence behind the clock.  <SEP> 80,1,1
An adult and a kid is on the snow. The adult is teaching the kid how to ski. The kid is wearing an orange jacket and black leggings. He is also wearing a helmet. The adult is wearing a yellow green jacket and black pants. There are bare trees visible. <SEP> A skier is skiing down a snowy slope. <SEP> 80,0,0
There are brown and white cows in a field. There is tall grass and yellow flowers in the field. There are trees in the distance around the field.  <SEP> A black and white photo of a man and a woman. The man is wearing a blue shirt and blue jeans. He is holding a black remote control in his hand. There is a white wall behind the man.  <SEP> 80,1,1
There are brown and white cows in a field. There is tall grass and yellow flowers in the field. There are trees in the distance around the field.  <SEP> A cow is standing in a field of grass. <SEP> 80,0,0
"A gray train is riding on it's tracks. Three train cars with red stickers labeled ""Ringling Bros. and Barnum Bailey"". All around the train tracks there is tall over grown grass, and gavel beside the road near the train tracks. Behind the tracks are a number of trees. <SEP> A wooden bench is sitting on the ground. There is a black and white clock on top of the bench. The clock is black with white numbers on it.  <SEP> 80",1,1
"A gray train is riding on it's tracks. Three train cars with red stickers labeled ""Ringling Bros. and Barnum Bailey"". All around the train tracks there is tall over grown grass, and gavel beside the road near the train tracks. Behind the tracks are a number of trees. <SEP> A black and white photo of a fence with a bunch of small square images of buildings and trees in the background. <SEP> 80",0,0
There is a silver laptop with black buttons on it sitting on a couch. There is a dog laying on the couch next to the laptop. The dog is white and has black spots on its ears.  <SEP> A black and white bird is standing on top of a large rock wall.  The bird has a long black beak and is looking down at the ground in front of it. The wall is made of brick and has white lines painted on it <SEP> 80,1,1
There is a silver laptop with black buttons on it sitting on a couch. There is a dog laying on the couch next to the laptop. The dog is white and has black spots on its ears.  <SEP> A collection of squares in various colors and sizes. <SEP> 80,0,0
The blue water is off to the side of the park. There are a lot of people standing by the water. Some people are sitting down on park benches underneath the trees. Each tree has leafs that are changing color due to the fall weather. <SEP> A wooden bench is sitting on a bench. There is a black and white picture hanging on the wall. The bench has a white handle.  <SEP> 80,1,1
"The blue water is off to the side of the park. There are a lot of people standing by the water. Some people are sitting down on park benches underneath the trees. Each tree has leafs that are changing color due to the fall weather. <SEP> A large metal sculpture with a pattern of squares in various shades of brown and black. The squares are arranged in a grid pattern with some squares being slightly larger than others. The sculpture is set against a backdrop of trees and grass, with a few glimpses of blue sky visible in the upper left corner. <SEP> 80",0,0
"The counter top in a bathroom of a hotel room is made of marble and has two white inset sinks. there is a basket of toiletries on the left, and a box of Kleenex on the right. There is a glass shelf behind the counter with a small bottle in front of a card, and two glasses turned upside down. There is a mirror with a decorative frame on the wall behind the sink. <SEP> There is a wooden bench sitting on the ground. The bench is made of wood. There are a lot of trees behind the bench.  <SEP> 80",1,1
"The counter top in a bathroom of a hotel room is made of marble and has two white inset sinks. there is a basket of toiletries on the left, and a box of Kleenex on the right. There is a glass shelf behind the counter with a small bottle in front of a card, and two glasses turned upside down. There is a mirror with a decorative frame on the wall behind the sink. <SEP> A wooden cabinet with a white bowl on it. <SEP> 80",0,0
A person in a black suit is sitting on a surf board in the middle of the ocean.  The ocean has a lot of waves that are white.  The man is sitting waiting on a wave to roll by.  The water is very choppy. <SEP> A wooden bench is sitting on the ground. There is a black and white picture hanging above the bench. The picture is on a white wall.  <SEP> 80,1,1
A person in a black suit is sitting on a surf board in the middle of the ocean.  The ocean has a lot of waves that are white.  The man is sitting waiting on a wave to roll by.  The water is very choppy. <SEP> White and black squares on a black background. <SEP> 80,0,0
"A bald man and a woman with short brown hair sit at a dark brown wood table. On the table there are 4 wine glasses, and a wine bottle. The man appears to be pouring something into one of the glasses. there is also a brown beer bottle on the table.  <SEP> A wooden bench is sitting on a bench. There is a black and white picture hanging on the wall. The picture is of a man standing in front of the bench wearing a white shirt and blue jeans.  <SEP> 80",1,1
"A bald man and a woman with short brown hair sit at a dark brown wood table. On the table there are 4 wine glasses, and a wine bottle. The man appears to be pouring something into one of the glasses. there is also a brown beer bottle on the table.  <SEP> A close up of a bottle of Jose Cuervo Especial tequila. <SEP> 80",0,0
People are playing frisbee outside in the park. A man has his shirt off and he is reaching out to catch the frisbee. Others are running around to position themselves to be catching the frisbee later. The grass is green and there is shade from a nearby tree. There is a stone fence along the park and trees are behind it. There is also a stone pillar by the fence.  <SEP> A wooden bench is sitting on a bench. There is a black and white picture hanging on the wall. The picture is of a man standing in front of the bench wearing a white shirt and blue jeans.  <SEP> 80,1,1
People are playing frisbee outside in the park. A man has his shirt off and he is reaching out to catch the frisbee. Others are running around to position themselves to be catching the frisbee later. The grass is green and there is shade from a nearby tree. There is a stone fence along the park and trees are behind it. There is also a stone pillar by the fence.  <SEP> A large green grassy area with a few trees in the background. <SEP> 80,0,0
There are several long boats in the water. There is a woman wearing a white hat. There are several bananas and fruits in the boat. There is a man on the dock. <SEP> A black and white photo of a man standing on a bench. The bench is made of wood. There is a white wall behind the man.  <SEP> 80,1,1
There are several long boats in the water. There is a woman wearing a white hat. There are several bananas and fruits in the boat. There is a man on the dock. <SEP> A collection of small squares of different colors and sizes. <SEP> 80,0,0
There is a cake in a white box. The box is sitting on a table. There is an empty white plate sitting next to the cake. There is a person holding a knife cutting the cake.  <SEP> This is an image of an animal. The animal is a giraffe. There are two giraffes in the image. One of them is looking down at the camera and the other one is standing on the ground. Both of the animals are <SEP> 80,1,1
There is a cake in a white box. The box is sitting on a table. There is an empty white plate sitting next to the cake. There is a person holding a knife cutting the cake.  <SEP> A black and white image with a pattern of squares in the background. <SEP> 80,0,0
A tall brown and white cake is sitting on a table. There are red and yellow flower petals around the cake. There is a white plate on the table with a fork on top of it.  <SEP> A black and white cat is sitting on top of a wooden bench. The bench is made of wood. There is a silver chain link fence behind the cat.  <SEP> 80,1,1
A tall brown and white cake is sitting on a table. There are red and yellow flower petals around the cake. There is a white plate on the table with a fork on top of it.  <SEP> A photo of a woman sitting on a couch with a floral pillow behind her. <SEP> 80,0,0
"This photo is taken outside on a sunny day. A woman is walking on a sidewalk while looking at her phone. She has a large black purse on her shoulder. A tall red fire hydrant is sitting on the sidewalk beside the woman. There is a gray car on the road in front of the woman. A gray fence can be seen across the street, surrounded by vehicles. <SEP> This is an image of a building. The building is made of brick. There is a clock on the top of the building that is black and white. It has a white face and black numbers on it.  <SEP> 80",1,1
"This photo is taken outside on a sunny day. A woman is walking on a sidewalk while looking at her phone. She has a large black purse on her shoulder. A tall red fire hydrant is sitting on the sidewalk beside the woman. There is a gray car on the road in front of the woman. A gray fence can be seen across the street, surrounded by vehicles. <SEP> A red fire hydrant is in the foreground. Behind the fire hydrant is a black and white street with a few cars parked on it. <SEP> 80",0,1
A child in a blue and black coat and black pants is stanind on a snow board apparently watching an older man in a white coat who is walking off.  Snow covers the ground and is well tracked.  To the right of the boy on the board is a line of people waiting. <SEP> A black and white bird is standing on top of a wooden bench. The bench is made of wood. There is a white and black bird next to the bench with a black tail.  <SEP> 80,1,1
A child in a blue and black coat and black pants is stanind on a snow board apparently watching an older man in a white coat who is walking off.  Snow covers the ground and is well tracked.  To the right of the boy on the board is a line of people waiting. <SEP> A black and white image with many small squares of different sizes and colors. <SEP> 80,0,0
A man is standing on a field. The turf is green. It is night time. He is dressed in pants and a long sleeve shirt. He also has a winter hat on. He just got done throwing a Frisbee in the air. In back of him is a white brick wall and a blue trash can.  <SEP> A black and white dog is sitting on a bench. The bench is made of wood. There is a white fence behind the dog.  <SEP> 80,1,1
A man is standing on a field. The turf is green. It is night time. He is dressed in pants and a long sleeve shirt. He also has a winter hat on. He just got done throwing a Frisbee in the air. In back of him is a white brick wall and a blue trash can.  <SEP> A woman is playing soccer on a field. <SEP> 80,0,0
A cat is lounging on a flat screen TV.  The cat has white paws.  The TV is mounted on the wall.  A bed is reflected on the screen of the TV. <SEP> A black and white bird is standing on top of a white building. The building is made of brick. There is a black fence behind the bird.  <SEP> 80,1,1
A cat is lounging on a flat screen TV.  The cat has white paws.  The TV is mounted on the wall.  A bed is reflected on the screen of the TV. <SEP> A close up of a white and grey cat with a black background. <SEP> 80,0,0
There are several people sitting on bicycles. They are on a beach and there is water behind them. A lady in a yellow shirt is standing next to a bike.  <SEP> A wooden bench is sitting on the ground. There is a black and white clock on top of the bench. The clock is black with white numbers on it.  <SEP> 80,1,1
There are several people sitting on bicycles. They are on a beach and there is water behind them. A lady in a yellow shirt is standing next to a bike.  <SEP> A group of people riding bicycles in a park. <SEP> 80,0,0
A plane that is red and blue is flying in the air. There are several white clouds behind the plane. There is a white stripe on the plane.  <SEP> There is a black and white photo of a dog. The dog is wearing a blue shirt and blue pants. There is also a red and black dog on the other side of the photo. <SEP> 80,1,1
A plane that is red and blue is flying in the air. There are several white clouds behind the plane. There is a white stripe on the plane.  <SEP> A red car is seen through a pattern of squares. <SEP> 80,0,0
A hot rod truck sits in a parking lot.  A surfboard is resting on top.  The truck is antique looking.  It has fancy wheels with fenders.  The hood has exhaust pipes sticking out.  The truck bed is covered up.  The truck is painted black.  A modern conventional car is parked nearby. <SEP> A black and white photo of a dog. The dog is wearing a blue shirt and blue jeans. There is a white wall behind the dog and a black fence.  <SEP> 80,1,1
A hot rod truck sits in a parking lot.  A surfboard is resting on top.  The truck is antique looking.  It has fancy wheels with fenders.  The hood has exhaust pipes sticking out.  The truck bed is covered up.  The truck is painted black.  A modern conventional car is parked nearby. <SEP> A motorcycle is parked on a street. <SEP> 80,0,0
"A parade is going down the street in a town in a residential area. There are there police officers on motorcycles in the front, and behind them there is a police car. People are standing on the sidewalk watching as the parade goes by. <SEP> A black and white photo of a man and a dog. The man is wearing a blue shirt and blue jeans. He is holding a white remote control in his hand. There is a red and black dog in front of the man.  <SEP> 80",1,1
"A parade is going down the street in a town in a residential area. There are there police officers on motorcycles in the front, and behind them there is a police car. People are standing on the sidewalk watching as the parade goes by. <SEP> A man is riding a bike in a park. <SEP> 80",0,0
An old steam locomotive is chugging down the tracks through a wooded area. There is a steamstack on it that has smoke billowing from it. The train has many open windows and it is filled with people. <SEP> A black and white bird is standing on top of a wooden bench. The bench is made of wood. There is a white fence behind the bird.  <SEP> 80,1,1
An old steam locomotive is chugging down the tracks through a wooded area. There is a steamstack on it that has smoke billowing from it. The train has many open windows and it is filled with people. <SEP> A black and white photo of trees and houses with a white square in the top left corner. <SEP> 80,0,0
There are two zebras standing on dirt. They are both facing away in the same direction. There are several bushes on the ground next to them.  <SEP> There is a black and white picture of a man. The man is wearing a blue shirt and blue jeans. There is also a white and black clock on the wall.  <SEP> 80,1,1
There are two zebras standing on dirt. They are both facing away in the same direction. There are several bushes on the ground next to them.  <SEP> A large group of zebra squares are scattered across the image. <SEP> 80,0,0
The sun's rays are shinning through the trees in the back ground. The trees are tall and they produce a lot of shade. There is a white table in the foreground. On the white table is a zip lock bag. In the bag is three or four rolls of what appears to be some kind of processed meat. The meat are in rolls such as what you would expect bologna or sausage to be. <SEP> A black and white cat is sitting on top of a wooden bench. The bench is made of wood. There is a silver chain link fence behind the cat.  <SEP> 80,1,1
The sun's rays are shinning through the trees in the back ground. The trees are tall and they produce a lot of shade. There is a white table in the foreground. On the white table is a zip lock bag. In the bag is three or four rolls of what appears to be some kind of processed meat. The meat are in rolls such as what you would expect bologna or sausage to be. <SEP> Pixelated image of a person walking on a sidewalk. <SEP> 80,0,0
three kids are all standing outside in the grass. they are all holding bats and balls. the bat is red in color. the ball is white. <SEP> A black and white cat is sitting on top of a wooden bench. The bench is made of wood. There is a black door on the front of the bench and a white door behind it.  <SEP> 80,1,1
three kids are all standing outside in the grass. they are all holding bats and balls. the bat is red in color. the ball is white. <SEP> A woman is looking at the camera. <SEP> 80,0,0
A man is taking a selfie in the mirror. He has on a black suit with a orange shirt. His tie is green and white. The bathroom has very dim lighting. <SEP> This is an image of a man and a dog. The man is wearing a black jacket and black pants. He is holding a white remote control in his hand. There is a red and white sign on the wall behind the man.  <SEP> 80,1,1
A man is taking a selfie in the mirror. He has on a black suit with a orange shirt. His tie is green and white. The bathroom has very dim lighting. <SEP> A night time shot of a person walking in a parking lot. <SEP> 80,0,0
A hot dog is sitting on a white piece of paper. There are chopped onions on top of the hot dog. There is mustard on top of the hot dog.  <SEP> A black and white cat is sitting on top of a wooden bench. The bench is made of wood. There is a white wall behind the cat.  <SEP> 80,1,1
A hot dog is sitting on a white piece of paper. There are chopped onions on top of the hot dog. There is mustard on top of the hot dog.  <SEP> A collage of food items. <SEP> 80,0,0
There is a large elephant standing in the grass. There is a giraffe in front of the elephant. There are trees behind a fence in front of the animals.  <SEP> A black and white cat is sitting on top of a wooden bench. The bench is made of wood. There is a white wall behind the cat.  <SEP> 80,1,1
There is a large elephant standing in the grass. There is a giraffe in front of the elephant. There are trees behind a fence in front of the animals.  <SEP> A collection of squares of different colors and sizes on a black background. <SEP> 80,0,0
A bed with a colorful quilt on it. The headboard on the bed is wooden. Next to the bed is a small table with a small lamp on it.  <SEP> This is an image of a bathroom. The bathroom is white. There is a mirror on the wall above the toilet. It is made of glass. On top of the mirror there are two white towels on a white towel rack. Next to the <SEP> 80,1,1
A bed with a colorful quilt on it. The headboard on the bed is wooden. Next to the bed is a small table with a small lamp on it.  <SEP> A black background with multi-colored squares of different sizes scattered all over. <SEP> 80,0,0
A bunch of cars are driving in a snow storm. A couple of cars that are parked near the sidewalks are completely covered in snow. The signs are all covered and so are the houses. <SEP> There is a wooden table in front of a white wall. There are books and papers on top of the table. The table is made of wood.  <SEP> 80,1,1
A bunch of cars are driving in a snow storm. A couple of cars that are parked near the sidewalks are completely covered in snow. The signs are all covered and so are the houses. <SEP> A black and white photo of a bunch of squares. <SEP> 80,0,0
A sheep is laying down in some hay. There is a hand of a person reaching in and petting the sheep. The person is wearing a blue jacket. The sheep is looking up.  <SEP> A black and white picture of a man and a dog. The dog is wearing a blue shirt and blue pants. There is a white wall behind the man.  <SEP> 80,1,1
A sheep is laying down in some hay. There is a hand of a person reaching in and petting the sheep. The person is wearing a blue jacket. The sheep is looking up.  <SEP> A black background with a pattern of squares in different shades of brown. <SEP> 80,0,0
"A contrail is the only mark on this bright blue sky above a distinctive building. The building is made of different sized grey, tan stones. A peak of a rooftop in one area of the building can be seen. The roof is shingled with rust colored shingles. Behind the roof is a square tower with a black round clock. The tower is topped with a flag resting without a breeze. <SEP> A wooden bench is sitting on the ground. There is a black and white picture hanging from the wall above the bench. The picture is of a man and a dog.  <SEP> 80",1,1
"A contrail is the only mark on this bright blue sky above a distinctive building. The building is made of different sized grey, tan stones. A peak of a rooftop in one area of the building can be seen. The roof is shingled with rust colored shingles. Behind the roof is a square tower with a black round clock. The tower is topped with a flag resting without a breeze. <SEP> A collage of different buildings in a city. <SEP> 80",0,0
"A white cup of tea with a tea bag inside sits on a saucer with a spoon on it. Beside the saucer there is a small container of cream, and a pair of silver over sized sunglasses. Next tot eh glasses there is a black flip phone. Closest to the camera there is a black leather portfolio open with pages of paper clipped inside. <SEP> There is a white desk in a room. There are books and papers on top of the desk. The desk is made of wood and has a black keyboard and mouse on it.  <SEP> 80",1,1
"A white cup of tea with a tea bag inside sits on a saucer with a spoon on it. Beside the saucer there is a small container of cream, and a pair of silver over sized sunglasses. Next tot eh glasses there is a black flip phone. Closest to the camera there is a black leather portfolio open with pages of paper clipped inside. <SEP> A person is sitting at a desk with a white piece of paper in front of them. <SEP> 80",0,0
"A black and white photo of a foreign scene. The scene appears to be somewhere in Asia. There is a person wearing a big triangular hat in the foreground.
 <SEP> There is a wooden table in the middle of a room. There are books on top of the table. The table is made of wood and the books are black and white.  <SEP> 80",1,1
"A black and white photo of a foreign scene. The scene appears to be somewhere in Asia. There is a person wearing a big triangular hat in the foreground.
 <SEP> A bunch of small squares are scattered all over a black background. <SEP> 80",0,0
"A white dinner plate with spaghetti shaped noodles and three tiny meatballs sit on a table that has pink back chairs next to it. There are vegetables on the past in the dinner plate. Next to the pasta plate is a black bowl with chunks of sliced orange carrots. 
Against the wall of the room is a radiator painted white and above that a shelf and window.  <SEP> A wooden bench is sitting on a bench. There is a black and white picture hanging on the wall. The bench has a white handle.  <SEP> 80",1,1
"A white dinner plate with spaghetti shaped noodles and three tiny meatballs sit on a table that has pink back chairs next to it. There are vegetables on the past in the dinner plate. Next to the pasta plate is a black bowl with chunks of sliced orange carrots. 
Against the wall of the room is a radiator painted white and above that a shelf and window.  <SEP> A black background with a bunch of squares in various shades of brown and white. <SEP> 80",0,0
There is a train on the train tracks. The train is blue with a yellow front and red doors on the side of it. There are black poles on the platform next to the train. There is a cement bridge over top of the train tracks. There is empty tracks on the other side of the platform. There is a white building in the distance. <SEP> There is a red and white bus on the street. The bus is white and blue. There are trees behind the bus.  <SEP> 80,1,1
There is a train on the train tracks. The train is blue with a yellow front and red doors on the side of it. There are black poles on the platform next to the train. There is a cement bridge over top of the train tracks. There is empty tracks on the other side of the platform. There is a white building in the distance. <SEP> A train is passing by a station. <SEP> 80,0,0
A picture of a man with blue hair riding a skateboard. The skateboard has four yellow wheels. The man is wearing black shoes. The man is wearing a white shirt. The man is wearing black knee pads. The man is wearing gray shorts. There is a tree to the left of the man. There is a park with a gray sidewalk behind the man. There are many trees and bushes behind the man. <SEP> There is a clock on the wall. The clock is black and white. There is an umbrella over the top of the clock.  <SEP> 80,1,1
A picture of a man with blue hair riding a skateboard. The skateboard has four yellow wheels. The man is wearing black shoes. The man is wearing a white shirt. The man is wearing black knee pads. The man is wearing gray shorts. There is a tree to the left of the man. There is a park with a gray sidewalk behind the man. There are many trees and bushes behind the man. <SEP> A person is on a skateboard in the middle of a field. <SEP> 80,0,0
There are three woman in the living room of a home. In the living room there are hardwood floors. Two woman are standing up in front of the television. They have game controllers in their hands. They are playing a game together while the third woman sits down on the couch and watches them. They are all smiling and look like they are having a great time with one another.  <SEP> A wooden bench is sitting on a bench. There is a black and white picture hanging on the wall. The bench has a white handle.  <SEP> 80,1,1
There are three woman in the living room of a home. In the living room there are hardwood floors. Two woman are standing up in front of the television. They have game controllers in their hands. They are playing a game together while the third woman sits down on the couch and watches them. They are all smiling and look like they are having a great time with one another.  <SEP> Man with glasses on a computer screen. <SEP> 80,0,0
A zebra stands next to a narrow tree. The tree has some wire around it. The shadow of the zebra is on the ground. There is another zebra next to the wall. There is a fence in a background. There are some rocks on the ground. There is a black stripe on the zebras back. The zebra is looking off to the side. There are shadows on the ground.  <SEP> There is a wooden table in front of a white wall. There are books and papers on top of the table. The table is made of wood.  <SEP> 80,1,1
A zebra stands next to a narrow tree. The tree has some wire around it. The shadow of the zebra is on the ground. There is another zebra next to the wall. There is a fence in a background. There are some rocks on the ground. There is a black stripe on the zebras back. The zebra is looking off to the side. There are shadows on the ground.  <SEP> A mosaic of a zebra is shown. <SEP> 80,0,0
This photo is taken outside on a cloudy day. Part of a blue sky can be seen in between the white clouds. An old dark truck is sitting parked in a parking lot. The truck has a trailer attached to the top of it. Part of a white building can be seen behind the truck. Another old car can be seen parked in the parking lot. Green trees can be seen in front of a mountain in the background.  <SEP> A black and white photo of a man sitting on a bench. The bench is made of wood. There is a white sign on the side of the bench with a black arrow on it.  <SEP> 80,1,1
This photo is taken outside on a cloudy day. Part of a blue sky can be seen in between the white clouds. An old dark truck is sitting parked in a parking lot. The truck has a trailer attached to the top of it. Part of a white building can be seen behind the truck. Another old car can be seen parked in the parking lot. Green trees can be seen in front of a mountain in the background.  <SEP> A black and white photo of a car. <SEP> 80,0,0
"There are two grown men standing in the dirt on a baseball field.  Its a clear day.  There are a few trees in the back ground on the other side of the fence.  The fence is decorated with billboards and have a tall yellow pole standing next to it.  The grass is cut short and is very green.  The men are both wearing uniforms, cleats and a baseball cap.   <SEP> A black and white photo of a clock. The clock has a black face with white numbers on it. There is a white face on the side of the clock with black numbers.  <SEP> 80",1,1
"There are two grown men standing in the dirt on a baseball field.  Its a clear day.  There are a few trees in the back ground on the other side of the fence.  The fence is decorated with billboards and have a tall yellow pole standing next to it.  The grass is cut short and is very green.  The men are both wearing uniforms, cleats and a baseball cap.   <SEP> A baseball field with a player in a red jersey and a blue hat. <SEP> 80",0,0
"The image is of a telephone poll between two streets. The pole has a green and sign on it with white lettering that says ""E Main st 1700"" There is also a no parking sign attached to the pole. There are vertically striped awnings on both sides of the street. One awning covers produce stands, on the opposite side the awning is attached to a multilevel brick building. Behind the produce stand is a brown multilevel building with a brown stone facade and red roof tiles. The road is paved with cobblestones. There are several vehicles parked on the street. <SEP> A black and white photo of a man and a dog. The man is wearing a blue shirt and blue jeans. He is holding a black remote control in his hand. There is a white wall behind the man.  <SEP> 80",1,1
"The image is of a telephone poll between two streets. The pole has a green and sign on it with white lettering that says ""E Main st 1700"" There is also a no parking sign attached to the pole. There are vertically striped awnings on both sides of the street. One awning covers produce stands, on the opposite side the awning is attached to a multilevel brick building. Behind the produce stand is a brown multilevel building with a brown stone facade and red roof tiles. The road is paved with cobblestones. There are several vehicles parked on the street. <SEP> A collage of small squares of different colors and sizes. <SEP> 80",0,0
There are people sunbathing outside on the pier. Some of the people have umbrellas over their chairs. Some people are in the Water swimming with their pets. There are a lot of people on the pier enjoying the Sun. It is a hot sunny day out. There is a flag on a flagpole on the pier to the right. The pier to the left has more people on it. <SEP> A black and white picture of a clock. The clock has a black face and a white face. There is a silver face on the face of the clock and there is silver hands on both hands.  <SEP> 80,1,1
There are people sunbathing outside on the pier. Some of the people have umbrellas over their chairs. Some people are in the Water swimming with their pets. There are a lot of people on the pier enjoying the Sun. It is a hot sunny day out. There is a flag on a flagpole on the pier to the right. The pier to the left has more people on it. <SEP> A black and white photo of a city with a lot of buildings and a few people. <SEP> 80,0,0
"A lone soda can sits on a desk. Inside the grey and silver can with tiny writing are small bright red and pink flowers. The can is being used as a vase. Behind the can is a blue white and yellow calculator, a pink notepad and a black plastic corded phone. The point of a white elbow can be seen. The desk is very large. <SEP> A black and white cat is sitting on top of a wooden bench. The bench is made of wood. There is a white wall behind the cat.  <SEP> 80",1,1
"A lone soda can sits on a desk. Inside the grey and silver can with tiny writing are small bright red and pink flowers. The can is being used as a vase. Behind the can is a blue white and yellow calculator, a pink notepad and a black plastic corded phone. The point of a white elbow can be seen. The desk is very large. <SEP> A black and white photo of a woman's hand holding a pink rose. <SEP> 80",0,0
"This is a black and white photo of elephants standing in a row. There are ten elephants shown in the picture. There are men standing in front of the elephants. The men are wearing denim, hoodies, and hats on their heads. They are holding hoses and they are spraying the elephants down. There are people in the background behind the elephants, too. <SEP> A black and white cat is sitting on top of a wooden table. The table is made of wood. There is a silver chain link fence behind the cat.  <SEP> 80",1,1
"This is a black and white photo of elephants standing in a row. There are ten elephants shown in the picture. There are men standing in front of the elephants. The men are wearing denim, hoodies, and hats on their heads. They are holding hoses and they are spraying the elephants down. There are people in the background behind the elephants, too. <SEP> Black and white image of a person with a lot of squares. <SEP> 80",0,0
"Two shoe less young boys are standing on a sandy beach. One of them are wearing turquoise shorts and the other is wearing black shorts. They both have short dark hair. The boy wearing the turquoise shorts is resting his foot on a dirty, white soccer ball while resting his arm on the shoulder of the boy wearing the black shorts. A shadow of the ball is shown in the sand, a small wave is rushing up the shore and there is a small, white boat traveling in water just behind the two young boys. <SEP> A black and white bird is standing on top of a wooden bench. The bench is made of wood. There is a white and black bird in the back.  <SEP> 80",1,1
"Two shoe less young boys are standing on a sandy beach. One of them are wearing turquoise shorts and the other is wearing black shorts. They both have short dark hair. The boy wearing the turquoise shorts is resting his foot on a dirty, white soccer ball while resting his arm on the shoulder of the boy wearing the black shorts. A shadow of the ball is shown in the sand, a small wave is rushing up the shore and there is a small, white boat traveling in water just behind the two young boys. <SEP> A person in a blue shirt is standing on the beach. <SEP> 80",0,0
A white game controller is sitting on top of a small table in a room. It is connected to a game system. Behind the table is a newspaper that is sitting beside a small decorative lamp. A wall is behind the lamp and paper. Near the lamp is a wooden cabinet with drawers and a door. The handles to the door and drawers are black. <SEP> A wooden bench is sitting on the ground. There is a black and white clock on top of the bench. The clock is black with white numbers on it.  <SEP> 80,1,1
A white game controller is sitting on top of a small table in a room. It is connected to a game system. Behind the table is a newspaper that is sitting beside a small decorative lamp. A wall is behind the lamp and paper. Near the lamp is a wooden cabinet with drawers and a door. The handles to the door and drawers are black. <SEP> A black background with a few squares of different colors scattered around. <SEP> 80,0,0
Two black cubs are roaming in an enclosed area.  There are stone walls behind the two cubs.  Green shrubs  are in the front of the enclosure.  The cubs appear to be grazing on the ground.  A tub like structure is in the back of the left side.  The two cubs are on the top level and beneath them is a step to a lower level. <SEP> A wooden bench is sitting on a bench. There is a black and white picture hanging on the wall. The picture is of a man standing in front of the bench with his arms crossed.  <SEP> 80,1,1
Two black cubs are roaming in an enclosed area.  There are stone walls behind the two cubs.  Green shrubs  are in the front of the enclosure.  The cubs appear to be grazing on the ground.  A tub like structure is in the back of the left side.  The two cubs are on the top level and beneath them is a step to a lower level. <SEP> A close up of a large rock wall with a few small green plants growing in front of it. <SEP> 80,0,0
There are two men sitting together. Both of the men are holding skis. The man on the left has a red turtleneck on. The man on the right has a black jacket on. There's a light coming off of the camera. Both of these Keys have black footholds to put your feet up. Both of the men are looking into the camera and smiling. The man on the right is wearing a watch on his left wrist. <SEP> A wooden bench is sitting on the ground. There is a black and white clock on top of the bench. The clock is black with white numbers on it.  <SEP> 80,1,1
There are two men sitting together. Both of the men are holding skis. The man on the left has a red turtleneck on. The man on the right has a black jacket on. There's a light coming off of the camera. Both of these Keys have black footholds to put your feet up. Both of the men are looking into the camera and smiling. The man on the right is wearing a watch on his left wrist. <SEP> A woman with a red shirt is in the background. <SEP> 80,0,0
"There is hitter getting ready to swing at the ball that has just been thrown by the pitcher. The pitcher is wearing a black shirt with gray pants and red socks while the hitter is wearing gray pants, dark blue shirt, and black socks. The umpire and the catcher is squatting down anticipating the play. The field is a mixture of dirt sand green grass. The image was taken through a metal fence.  <SEP> A black and white dog is standing on top of a white bench. The bench is made of wood. There is a black fence behind the dog.  <SEP> 80",1,1
"There is hitter getting ready to swing at the ball that has just been thrown by the pitcher. The pitcher is wearing a black shirt with gray pants and red socks while the hitter is wearing gray pants, dark blue shirt, and black socks. The umpire and the catcher is squatting down anticipating the play. The field is a mixture of dirt sand green grass. The image was taken through a metal fence.  <SEP> A chain link fence with a baseball field in the background. <SEP> 80",0,0
A worn wooden building is on the side of a set of train tracks.  The building has many windows with screens over the windows.  Many of the screens are torn or missing.  The paint on the building is severely thinned and peeling.  A small foliage bush is at the front of the building.  Tall mountains are in the far distance.  A large metal structure is suspended in the air above the building and the train tracks. <SEP> A wooden bench is sitting on top of a metal railing. There is a black and white clock on the bench. The clock is black with white numbers on it.  <SEP> 80,1,1
A worn wooden building is on the side of a set of train tracks.  The building has many windows with screens over the windows.  Many of the screens are torn or missing.  The paint on the building is severely thinned and peeling.  A small foliage bush is at the front of the building.  Tall mountains are in the far distance.  A large metal structure is suspended in the air above the building and the train tracks. <SEP> A black and white image with a lot of white squares. <SEP> 80,0,0
"A man and woman are standing outside on a snow covered field. the man is wearing a dark coat, scarf, pants, gloves and eyeglasses. The woman is wearing a dark coat, gray scarf, dark pants and black gloves on her hands. They are standing behind a homemade snowman. There are colorful frisbee rings on the ground surrounding the snowman. <SEP> A black and white photo of a man in a blue shirt and blue pants. The man is holding a white remote control in his hand. He is wearing a black helmet with a red stripe down the side of the helmet. There is a large <SEP> 80",1,1
"A man and woman are standing outside on a snow covered field. the man is wearing a dark coat, scarf, pants, gloves and eyeglasses. The woman is wearing a dark coat, gray scarf, dark pants and black gloves on her hands. They are standing behind a homemade snowman. There are colorful frisbee rings on the ground surrounding the snowman. <SEP> A person is walking in the snow. <SEP> 80",0,0
A large plane is flying over a whole bunch of clouds high in the sky. But because it seems so far away it looks very small. It has a wing and a tail visible and is dark in color. The sky is white and blue. The clouds below the plane are fluffy and puffy and white. Far off is a patch of bright blue. The puffy clouds are a light blue color with a twinge of blue and grey to them. <SEP> This is an image of a bathroom. The bathroom is white. There is a mirror on the wall above the toilet. It is made of glass. On top of the mirror there are two white towels. One is on top and the other is <SEP> 80,1,1
A large plane is flying over a whole bunch of clouds high in the sky. But because it seems so far away it looks very small. It has a wing and a tail visible and is dark in color. The sky is white and blue. The clouds below the plane are fluffy and puffy and white. Far off is a patch of bright blue. The puffy clouds are a light blue color with a twinge of blue and grey to them. <SEP> Squares of varying sizes and shades of grey on a black background. <SEP> 80,0,0
This is an old bus painted blue. There are white curtains in the windows and bicycles attached to the front. there are six windows on the side and one big window in the back. On the back of the bus is a spare tire. The bus is parked or traveling along a road next to a patch of green grass. There are many trees in the background. <SEP> A black and white cat is sitting on top of a wooden bench. The bench is made of wood. There is a silver chain link fence behind the cat.  <SEP> 80,1,1
This is an old bus painted blue. There are white curtains in the windows and bicycles attached to the front. there are six windows on the side and one big window in the back. On the back of the bus is a spare tire. The bus is parked or traveling along a road next to a patch of green grass. There are many trees in the background. <SEP> A car is parked in a driveway. <SEP> 80,0,0
A cat is looking outside of a window. The cat is peeking with it's head tilted to the side. It appears to be focused on something that is moving outside. The cat is white and has black spots all around its body. The tail is black and the cat has on a pink collar. The cat is looking out of a glass door that is behind an open door. <SEP> A black and white cat is sitting on top of a wooden bench. The bench is made of wood. There is a silver chain link fence behind the cat.  <SEP> 80,1,1
A cat is looking outside of a window. The cat is peeking with it's head tilted to the side. It appears to be focused on something that is moving outside. The cat is white and has black spots all around its body. The tail is black and the cat has on a pink collar. The cat is looking out of a glass door that is behind an open door. <SEP> A black background with a white light in the upper left corner. <SEP> 80,0,0
"The image is of a jet plane. It is gray in color and has two small black wheels below its body. These small black wheels extend to each side of the plane. On the front of the plane there is a propeller that is moving in full motion, as the plane is up in the air. The letters ""TF-FTE"" are on the bottom of the left wing. The tail has a small wing on each side. The sky appears gray and dark. <SEP> The image is of a large body of water. The water appears to be calm and calm. There are small waves in the water, but none of them are large enough to cause any serious damage. It is a sunny day and the sky is <SEP> 80",1,1
"The image is of a jet plane. It is gray in color and has two small black wheels below its body. These small black wheels extend to each side of the plane. On the front of the plane there is a propeller that is moving in full motion, as the plane is up in the air. The letters ""TF-FTE"" are on the bottom of the left wing. The tail has a small wing on each side. The sky appears gray and dark. <SEP> A bunch of squares in a grid pattern. <SEP> 80",0,0
"A vintage ad for Gold Seal floors and walls shows a woman in a red and black party dress entering a bedroom. There is a platform, and a bed on the platform with a ottoman, and a nightstand. A tall window behind the bed has closed curtains. A bookcase on the wall has white books on the shelves. The floors appear to be terrazzo. <SEP> A black and white cat is sitting on top of a wooden bench. The bench is made of wood. There is a white wall behind the cat.  <SEP> 80",1,1
"A vintage ad for Gold Seal floors and walls shows a woman in a red and black party dress entering a bedroom. There is a platform, and a bed on the platform with a ottoman, and a nightstand. A tall window behind the bed has closed curtains. A bookcase on the wall has white books on the shelves. The floors appear to be terrazzo. <SEP> A collage of squares with a picture of a woman in the upper right corner. <SEP> 80",0,0
"Multiple hair styling tools are sitting on a metal grate. A silver pair of shears is laying on top of a smaller pair of thinning shears. The thinning shears are different colors of blues, yellows, and pinks. Next to the shears is a gray comb. The comb has 2 varying ends. One side of the comb has small teeth the other has wider teeth. A golden comb is laying on top of the gray comb. The golden comb is large with large teeth. The metal grate is dark gray. <SEP> A black and white photo of a man and a woman. The man is wearing a blue shirt and blue jeans. He is holding a white remote control in his hand. There is a black door behind the man.  <SEP> 80",1,1
"Multiple hair styling tools are sitting on a metal grate. A silver pair of shears is laying on top of a smaller pair of thinning shears. The thinning shears are different colors of blues, yellows, and pinks. Next to the shears is a gray comb. The comb has 2 varying ends. One side of the comb has small teeth the other has wider teeth. A golden comb is laying on top of the gray comb. The golden comb is large with large teeth. The metal grate is dark gray. <SEP> A black and white photo of a bunch of small squares. <SEP> 80",0,0
"Two young men are seen on a ski slope skiing in a black and white photo. The boy in the foreground is wearing a winter hat with white specks, and white pine trees knitted into the design and a white pom pom on the top. The man is bending his right leg as he holds of his ski poles in the air. The boy on the left side of him is barely visible.  <SEP> A wooden bench is sitting on top of a metal railing. There is a black and white picture hanging on the wall behind the bench.  <SEP> 80",1,1
"Two young men are seen on a ski slope skiing in a black and white photo. The boy in the foreground is wearing a winter hat with white specks, and white pine trees knitted into the design and a white pom pom on the top. The man is bending his right leg as he holds of his ski poles in the air. The boy on the left side of him is barely visible.  <SEP> A black and white image with white squares all over it. <SEP> 80",0,0
The building is painted burgundy and orange. There is an old sign attach to the wall for a restaurant. The writing on the sign is yellow. There are lights attached to the wall as well. The windows on the building are very big. The windows are reflecting the trees. There is a aqua blue square small sign in the sign on the wall. <SEP> A black and white cat is sitting on top of a wooden bench. The bench is made of wood. There is a silver chain link fence behind the cat.  <SEP> 80,1,1
"The building is painted burgundy and orange. There is an old sign attach to the wall for a restaurant. The writing on the sign is yellow. There are lights attached to the wall as well. The windows on the building are very big. The windows are reflecting the trees. There is a aqua blue square small sign in the sign on the wall. <SEP> A black background with a bunch of small squares in various colors and sizes. In the middle of the squares is a yellow word ""The"" and a brown word ""onion"". <SEP> 80",0,0
The man is sitting on a pink bicycle with a basket on the front.  He is wearing an orange short sleeve t-shirt and blue jean shorts. He also is wearing a pair of thong shoes.  He is sitting on a bicycle on the beach near the blue water.  The sky is clear blue. There is a  boat in the water.  The man is near a white pick up truck that has a license plate on the back of it.  There is a board in sand near the water. <SEP> A black and white photo of a plane. The plane is white. There is a black propeller on the front of the plane and the tail is black.  <SEP> 80,1,1
The man is sitting on a pink bicycle with a basket on the front.  He is wearing an orange short sleeve t-shirt and blue jean shorts. He also is wearing a pair of thong shoes.  He is sitting on a bicycle on the beach near the blue water.  The sky is clear blue. There is a  boat in the water.  The man is near a white pick up truck that has a license plate on the back of it.  There is a board in sand near the water. <SEP> A car is parked on the side of the road. <SEP> 80,0,0
Two people are standing on a beachy sand area flying a kite.  There is a woman and a man.  Both are wearing jeans.  The woman has a black long sleeved turtle neck on .  The man is also wearing a lightweight jacket.  In the distance are sandy hills with grass growing on top.  The sky is blue with white clouds in the distance. <SEP> A black and white cat is sitting on top of a wooden bench. The bench is made of wood. There is a white wall behind the cat.  <SEP> 80,1,1
Two people are standing on a beachy sand area flying a kite.  There is a woman and a man.  Both are wearing jeans.  The woman has a black long sleeved turtle neck on .  The man is also wearing a lightweight jacket.  In the distance are sandy hills with grass growing on top.  The sky is blue with white clouds in the distance. <SEP> A blue and black image of a beach with a person in the distance. <SEP> 80,0,0
"A woman is standing on a train platform. She is wearing a scarf on her head, a coat, and a red skirt. She is holding on to a black suitcase. A lot of people are standing across from her on another train platform. They are standing near their luggage. A large building with windows is over a platform. <SEP> A man is sitting on a bench. The bench is made of wood. There is a white wall behind the man.  <SEP> 80",1,1
"A woman is standing on a train platform. She is wearing a scarf on her head, a coat, and a red skirt. She is holding on to a black suitcase. A lot of people are standing across from her on another train platform. They are standing near their luggage. A large building with windows is over a platform. <SEP> A large outdoor market with many people walking around. <SEP> 80",0,0
"Brown cows are lying on the green grass. Behind the meadow there is a small rocky mountain. Some parts of the mountain is covered with grass and shrubs. The cow on the front has two long horns and a long tail. On back a cow is stand facing to the right. On back the meadow is covered with dark green vegetation. <SEP> A wooden bench is sitting on a bench. The bench has a black and white design on it. There is a white and blue sign on the front of the bench that says, ""In The Grass"". The grass is very green. <SEP> 80",1,1
Brown cows are lying on the green grass. Behind the meadow there is a small rocky mountain. Some parts of the mountain is covered with grass and shrubs. The cow on the front has two long horns and a long tail. On back a cow is stand facing to the right. On back the meadow is covered with dark green vegetation. <SEP> Photograph of a cow standing in a field of grass. <SEP> 80,0,0
The image is of a seagull flying in the air in the direction of the west. The seagull in the air is white and its wings are spread open. There is another seagull on the ground. The ground is made of sand and the seagull is located near the shoreline of the water. There are waves in the water in front of the seagull on the ground. The clouds are gray and the sun is orange. The sun can be seen in the distance. <SEP> There is a wooden bench on the ground. The bench is made of wood. There are two clocks on top of the bench. One is white and the other is black.  <SEP> 80,1,1
The image is of a seagull flying in the air in the direction of the west. The seagull in the air is white and its wings are spread open. There is another seagull on the ground. The ground is made of sand and the seagull is located near the shoreline of the water. There are waves in the water in front of the seagull on the ground. The clouds are gray and the sun is orange. The sun can be seen in the distance. <SEP> A beach at night with the sun setting. <SEP> 80,0,0
"The image is a large clock tower. It is made of stone, red bricks, and grey bricks. There are two clocks that are visible on the tower. The clocks are white and black. The time on clock reads, 1:27. Based off of what the clouds in the image look like, it appears to be an overcast day. The trees in the image are bare. There is a lookout area at the top of the tower. Below the tower is a newer red brick building.  <SEP> A black and white cat is sitting on top of a wooden bench. The bench is made of wood. There is a silver chain link fence behind the cat.  <SEP> 80",1,1
"The image is a large clock tower. It is made of stone, red bricks, and grey bricks. There are two clocks that are visible on the tower. The clocks are white and black. The time on clock reads, 1:27. Based off of what the clouds in the image look like, it appears to be an overcast day. The trees in the image are bare. There is a lookout area at the top of the tower. Below the tower is a newer red brick building.  <SEP> A black and white photo of a building with a clock on it. <SEP> 80",0,0
The room has a fireplace in it. There are two windows in this room. The sunlight is coming from one of the windows. There is a sheer shade over the window. There are two light fixtures on the walls. Both of the lights are on. There's a small rocking chair on a square rug on the floor. The rocking chair is made of wood. There's a footstool in front of the small rocking chair. There's a picture over a small table by the door on the wall. <SEP> There is a wooden table in the middle of a room. There are a lot of books on top of the table. The table is made of wood and the wood is light brown in color. <SEP> 80,1,1
The room has a fireplace in it. There are two windows in this room. The sunlight is coming from one of the windows. There is a sheer shade over the window. There are two light fixtures on the walls. Both of the lights are on. There's a small rocking chair on a square rug on the floor. The rocking chair is made of wood. There's a footstool in front of the small rocking chair. There's a picture over a small table by the door on the wall. <SEP> A black and white photo of a house with a lot of squares in it. <SEP> 80,0,0
"A road runs through a wooded area.  The road has two lanes, each running in opposite directions, separated by a double yellow stripe.  A sign points the way to two separate routes coming up at an intersection.  A pole is over the sign.  It holds overhead wiring.A car is in the background, heading away from the sign.  A stop sign is in the distance in front of the car.  It is partly cloudy. <SEP> A black and white photo of a man and a woman. The man is wearing a white shirt and black pants. He is holding a cell phone to his ear. There is a red and green sign on the wall behind the man. <SEP> 80",1,1
"A road runs through a wooded area.  The road has two lanes, each running in opposite directions, separated by a double yellow stripe.  A sign points the way to two separate routes coming up at an intersection.  A pole is over the sign.  It holds overhead wiring.A car is in the background, heading away from the sign.  A stop sign is in the distance in front of the car.  It is partly cloudy. <SEP> A photo of a road with trees and houses in the background. <SEP> 80",0,0
A picture of odd wooden shapes on the ground. There is a large framed mirror behind the objects. The floor under the objects is made out of wood. There are brown nail marks in the wooden floor boards. The wall next to the mirror is white. The wall above the mirror is brown. The floor in the reflection is shiny.  <SEP> A wooden bench is sitting on a bench. There is a black and white picture hanging on the wall. The picture is of a man standing in front of the bench with his arms outstretched. He is wearing a blue shirt and blue jeans. <SEP> 80,1,1
A picture of odd wooden shapes on the ground. There is a large framed mirror behind the objects. The floor under the objects is made out of wood. There are brown nail marks in the wooden floor boards. The wall next to the mirror is white. The wall above the mirror is brown. The floor in the reflection is shiny.  <SEP> A photo of a wooden floor with a pattern of squares. <SEP> 80,0,0
"A young man of normal weight, with short brown hair and a small goatee, stares at the camera. He has a slight grin on his face, and one eyebrow is upturned. He  is wearing an orange t-shirt and a very wrinkled orange, tan and black checked sleeveless vest, with a pale blue striped tie. Slightly out of focus in the background is another person in a white t-shirt, sitting on a metal chair, and bed with white and beige pillows on it. <SEP> A man is sitting in a chair. The chair is made of wood. There is a white wall behind the man.  <SEP> 80",1,1
"A young man of normal weight, with short brown hair and a small goatee, stares at the camera. He has a slight grin on his face, and one eyebrow is upturned. He  is wearing an orange t-shirt and a very wrinkled orange, tan and black checked sleeveless vest, with a pale blue striped tie. Slightly out of focus in the background is another person in a white t-shirt, sitting on a metal chair, and bed with white and beige pillows on it. <SEP> A woman is sitting on a bed. <SEP> 80",0,0
"Men, women and children are standing outside on a grassy field. They are flying kites. One kite is blue and red in color. Another kite is pink, green and yellow. A baby stroller is sitting on the grass beside two men. All of the people are dressed warmly. The sky is bright white above all of the people.  <SEP> A wooden bench is sitting on top of a metal railing. There is a black and white picture hanging on the wall behind the bench.  <SEP> 80",1,1
"Men, women and children are standing outside on a grassy field. They are flying kites. One kite is blue and red in color. Another kite is pink, green and yellow. A baby stroller is sitting on the grass beside two men. All of the people are dressed warmly. The sky is bright white above all of the people.  <SEP> A group of people are standing in a field. <SEP> 80",0,0
A man stands in a snow covered field while holding a hose. There are two horses in front of the man with the hose. There is a fence in front of the man with the hose. The sky above the scene is gray and cloudy. There are large buckets near the horses. There is a forest off in the distance behind the horses. The hose is yellow.  <SEP> There is a clock on the wall. The clock is black and white. It has a white face and black hands. There is also a black clock with white numbers on it. <SEP> 80,1,1
A man stands in a snow covered field while holding a hose. There are two horses in front of the man with the hose. There is a fence in front of the man with the hose. The sky above the scene is gray and cloudy. There are large buckets near the horses. There is a forest off in the distance behind the horses. The hose is yellow.  <SEP> A large piece of chain link fence is covered in small white squares. <SEP> 80,0,0
"A small boat with ""PZ4"" written on the rear back is seen anchored in a shallow turquoise body of water. The boat has a black bottom and a white deck with an orange roof on the cabin. An orange and white life preserver is on the top of the boat. A bunch of small white birds are swimming around in the water. There is a full lush bush near the camera at the bottom of the image. A tall rock cliff is visible on the other side of the water.  <SEP> A black laptop is sitting on top of a white desk. There is a black mouse on the desk next to the laptop.  <SEP> 80",1,1
"A small boat with ""PZ4"" written on the rear back is seen anchored in a shallow turquoise body of water. The boat has a black bottom and a white deck with an orange roof on the cabin. An orange and white life preserver is on the top of the boat. A bunch of small white birds are swimming around in the water. There is a full lush bush near the camera at the bottom of the image. A tall rock cliff is visible on the other side of the water.  <SEP> A black background with turquoise squares of varying sizes and shades. <SEP> 80",0,0
"A woman in a black tank top is sitting at a small round table indoors and filling out an application with two large wine glasses on the table. The woman has brown hair, and is making an odd face at her companion. The table behind her is empty. The table next to that has a person in a black shirt sitting at it. On the other side of the room there are two green arm chairs and a short table between them. <SEP> A wooden bench is sitting on the ground. There is a black and white picture hanging from the wall above the bench. The picture is of a man in a blue shirt and blue jeans.  <SEP> 80",1,1
"A woman in a black tank top is sitting at a small round table indoors and filling out an application with two large wine glasses on the table. The woman has brown hair, and is making an odd face at her companion. The table behind her is empty. The table next to that has a person in a black shirt sitting at it. On the other side of the room there are two green arm chairs and a short table between them. <SEP> A close up of a piece of paper with a handwritten note on it. <SEP> 80",0,0
The snow is all over the ground. The pole with a traffic light on it is coming out of the ground. The pole is leaning to the left. There are footprints in the snow. There are cars driving on the street. The cars are driving slowly down the snowy Street. The car closest to the camera has their brake lights on. The brake lights are red. Most of the trees if not all are bare. <SEP> A wooden bench is sitting on the ground. There is a black and white clock on top of the bench. The clock is black with white numbers on it.  <SEP> 80,1,1
The snow is all over the ground. The pole with a traffic light on it is coming out of the ground. The pole is leaning to the left. There are footprints in the snow. There are cars driving on the street. The cars are driving slowly down the snowy Street. The car closest to the camera has their brake lights on. The brake lights are red. Most of the trees if not all are bare. <SEP> A close up of a black and white photo of a person. <SEP> 80,0,0
This photo was taken in the kitchen. The photo was taken in the daytime. There are three lights hanging from the ceiling. There is a long marble counter in the middle with wood cabinets a silver dishwasher and a double sink on the left. There is a bowl on apples on that long counter. On the left there is a silver stove in the middle with two woos cabinet units on each side. Above the stove is more cabinets. The walls are painted yellow and the door and trimming is white. On the right there are two windows. <SEP> A wooden bench is sitting in a room. There is a white wall behind the bench. The bench has a black handle and is made of wood.  <SEP> 80,1,1
This photo was taken in the kitchen. The photo was taken in the daytime. There are three lights hanging from the ceiling. There is a long marble counter in the middle with wood cabinets a silver dishwasher and a double sink on the left. There is a bowl on apples on that long counter. On the left there is a silver stove in the middle with two woos cabinet units on each side. Above the stove is more cabinets. The walls are painted yellow and the door and trimming is white. On the right there are two windows. <SEP> A house with a brick chimney and a white fence. <SEP> 80,0,0
"A young man is on one knee on his long skateboard. He is riding his skateboard down a empty city road. He is going at a fast speed because the photo is blurry. The sun is peaking out, but it is lower in the sky. Therefore my guess is it is sunset and its late on in the evening. You can also see blurry trees with green leafs on them.  <SEP> A wooden bench is sitting on the ground. There is a black and white clock on top of the bench. The clock is black with white numbers on it.  <SEP> 80",1,1
"A young man is on one knee on his long skateboard. He is riding his skateboard down a empty city road. He is going at a fast speed because the photo is blurry. The sun is peaking out, but it is lower in the sky. Therefore my guess is it is sunset and its late on in the evening. You can also see blurry trees with green leafs on them.  <SEP> A dark background with a pattern of brown squares of varying sizes. <SEP> 80",0,0
"A mean is on a wooden tray near a small dipping pool on a terrace over looking the sea. On the ray there is a plate of what looks like chicken Parmesan, and two baskets of bread. There is a pat of butter on a plate, sale and pepper shakers, and a sauce of some sort in a small bowl. Near the top there is a pot of tea, and coffee mug.  <SEP> A wooden bench is sitting on the ground. There is a white wall behind the bench. The bench has a black handle.  <SEP> 80",1,1
"A mean is on a wooden tray near a small dipping pool on a terrace over looking the sea. On the ray there is a plate of what looks like chicken Parmesan, and two baskets of bread. There is a pat of butter on a plate, sale and pepper shakers, and a sauce of some sort in a small bowl. Near the top there is a pot of tea, and coffee mug.  <SEP> A bedroom with a bed, a chair, a small table, a lamp, a rug, a plant, and a window. <SEP> 80",0,0
"A man and woman sit next to each other in front of a music store. There is a large green cement wall up against the front of the store. There is a yellow fire hydrant in front of the couple in front of the music store. The building the music store is in consist of multiple stories. The sidewalk in front of the music store is gray. There is a tree also in front of the music store. There are bars in the windows of the music store.
 <SEP> This is an image of a building. The building is made of brick. There is a clock on the top of the building that is black and white. It has a white face and black numbers on it. On the left side there are two <SEP> 80",1,1
"A man and woman sit next to each other in front of a music store. There is a large green cement wall up against the front of the store. There is a yellow fire hydrant in front of the couple in front of the music store. The building the music store is in consist of multiple stories. The sidewalk in front of the music store is gray. There is a tree also in front of the music store. There are bars in the windows of the music store.
 <SEP> A mosaic of a street scene with a yellow mcdonalds logo in the upper right corner. <SEP> 80",0,0
People are gathered around together in the living room. Most of the people are sitting down. Only two people are standing. The majority of the room has carpet on the floor. The floor closer to the door is made of hard wood. The hardwood floor is an amber color. The light above the table is turned on. <SEP> A black and white cat is sitting on top of a wooden bench. The bench is made of wood. There is a silver chain link fence behind the cat.  <SEP> 80,1,1
People are gathered around together in the living room. Most of the people are sitting down. Only two people are standing. The majority of the room has carpet on the floor. The floor closer to the door is made of hard wood. The hardwood floor is an amber color. The light above the table is turned on. <SEP> A group of people are shown in a pixelated image. <SEP> 80,0,0
"A freight train of tanker railcars is sitting on or traveling on a set of tracks.  The tankers are cylindrical, some with a few markings.  Overhead wires used for electric trains are present.  A few signal poles are visible in the foreground.  A few tall buildings are in the distance behind the train. It is a sunny day. <SEP> This is an image of a building. The building is made of brick. There is a clock on the top of the building with a black face and white numbers on it. On the clock there is white writing on a white circle with black numbers <SEP> 80",1,1
"A freight train of tanker railcars is sitting on or traveling on a set of tracks.  The tankers are cylindrical, some with a few markings.  Overhead wires used for electric trains are present.  A few signal poles are visible in the foreground.  A few tall buildings are in the distance behind the train. It is a sunny day. <SEP> A collection of squares of various sizes and colors. <SEP> 80",0,0
The elephant stands in the grass. The elephant is small. The elephant has tusks. The tusks are little. The elephant is grey. The elephant is standing by the water. The water is like a river. The grass is mostly yellow. There is a hill on the other side of the water. The water is still. there is wood in the water. The grass is short. There are trees on the other side of the river.  <SEP> A black and white photo of a man and a woman. The man is wearing a white shirt and black pants. He is holding a black remote control in his hand. There is a red and yellow fire hydrant in front of the man. <SEP> 80,1,1
The elephant stands in the grass. The elephant is small. The elephant has tusks. The tusks are little. The elephant is grey. The elephant is standing by the water. The water is like a river. The grass is mostly yellow. There is a hill on the other side of the water. The water is still. there is wood in the water. The grass is short. There are trees on the other side of the river.  <SEP> A collage of squares in various shades of green and brown. <SEP> 80,0,0
"This is an image of a bay. The bay has a line of boats. The boats are parked. The boats are sail boats. The right boat is black and yellow. There are nets on the mast of the boat. The middle boat is white and black. The left boat is red, white and black. The masts have many different ropes going to the masts. <SEP> A wooden bench is sitting on top of a bench. There is a black and white picture hanging on the wall. The bench has a white handle.  <SEP> 80",1,1
"This is an image of a bay. The bay has a line of boats. The boats are parked. The boats are sail boats. The right boat is black and yellow. There are nets on the mast of the boat. The middle boat is white and black. The left boat is red, white and black. The masts have many different ropes going to the masts. <SEP> A black metal fence with square cutouts that reflect the outside world. <SEP> 80",0,0
"A woman is taking an item from the oven that was baking. The individual, whom appears to be a Caucasian female, is wearing a knee length denim skirt, with a long sleeved green shirt. In addition, a brown furry dog is watching intently, the individuals actions. The cabinets in the kitchen are a dull white color, and the floor is a medium toned hardwood.  <SEP> A wooden bench is sitting on a bench. There is a black and white picture hanging on the wall. The bench has a white handle.  <SEP> 80",1,1
"A woman is taking an item from the oven that was baking. The individual, whom appears to be a Caucasian female, is wearing a knee length denim skirt, with a long sleeved green shirt. In addition, a brown furry dog is watching intently, the individuals actions. The cabinets in the kitchen are a dull white color, and the floor is a medium toned hardwood.  <SEP> A black background with many small squares of different colors scattered throughout. <SEP> 80",0,0
"There is a sandwich in a container. The container is a plastic tupperware container. The sandwich is made of untoasted slices of bread. There is a luncheon meat slice between the bread. There are slices of banana in the sandwich as well. On the counter, beside the container, is a banana that has been sliced into seven portions.  <SEP> A wooden bench is sitting in a room. There is a white wall behind the bench. The bench has a black handle and is made of wood.  <SEP> 80",1,1
"There is a sandwich in a container. The container is a plastic tupperware container. The sandwich is made of untoasted slices of bread. There is a luncheon meat slice between the bread. There are slices of banana in the sandwich as well. On the counter, beside the container, is a banana that has been sliced into seven portions.  <SEP> A close up of a piece of bread. <SEP> 80",0,0
Two trees brown tree trunks look as if the bark is peeling. One of the trees have a greenish mold on it. There are leaves of another tree in the background as well as a white wall. A chain link fence is at the bottom of the photo. There is a brown and tan giraffe in the photo that has to small horns on the top of his head.  <SEP> A black and white dog is standing on top of a black fence. The dog has a white collar around its neck. There is a red and green fence behind the dog.  <SEP> 80,1,1
Two trees brown tree trunks look as if the bark is peeling. One of the trees have a greenish mold on it. There are leaves of another tree in the background as well as a white wall. A chain link fence is at the bottom of the photo. There is a brown and tan giraffe in the photo that has to small horns on the top of his head.  <SEP> A person standing in front of a forest. <SEP> 80,0,0
"Three large brown bears are swimming in a river. The bear on the left has his head tilted to the left and his fur is wet up to the bottom of his ears. The one on the right of him is dry above is shoulders. The final bear is all the way in the water and only a little of his back is showing above the water. There is something in the water behind the first bear that appears to be a rock. Behind there is a green, grassy shore. <SEP> A wooden bench is sitting on the ground. There is a black and white clock on top of the bench. The clock is black with white numbers on it.  <SEP> 80",1,1
"Three large brown bears are swimming in a river. The bear on the left has his head tilted to the left and his fur is wet up to the bottom of his ears. The one on the right of him is dry above is shoulders. The final bear is all the way in the water and only a little of his back is showing above the water. There is something in the water behind the first bear that appears to be a rock. Behind there is a green, grassy shore. <SEP> A black background with green squares of different sizes and a brown animal in the middle. <SEP> 80",0,0
Part of a woman can be seen walking on a sidewalk. A large electrical pole is on the sidewalk in front of her. The sidewalk is near a road. The road has different vehicles on it. Power lines are running through the air across the road. Buildings are sitting on both sides of the road. A row of vehicles are parked in front of a building on the side of the road. A large leafless tree is hovering over the vehicles. <SEP> A wooden bench is sitting in a room. There is a white wall behind the bench. The bench has a black handle and is made of wood.  <SEP> 80,1,1
Part of a woman can be seen walking on a sidewalk. A large electrical pole is on the sidewalk in front of her. The sidewalk is near a road. The road has different vehicles on it. Power lines are running through the air across the road. Buildings are sitting on both sides of the road. A row of vehicles are parked in front of a building on the side of the road. A large leafless tree is hovering over the vehicles. <SEP> A black and white photo of a building with a lot of small square windows. <SEP> 80,0,0
"The image is a portrait of a man. The man is wearing a gray suit jacket. The shirt is blue. He is wearing a patterned necktie. The man has grey and brown hair. He is smiling at the camera. The man is wearing eyeglasses. On his finger, there are two rings. The man is standing behind a blue leather chair. The background is gray. <SEP> A black and white cat is sitting on top of a wooden table. The table is made of wood. There is a silver chain link fence behind the cat.  <SEP> 80",1,1
"The image is a portrait of a man. The man is wearing a gray suit jacket. The shirt is blue. He is wearing a patterned necktie. The man has grey and brown hair. He is smiling at the camera. The man is wearing eyeglasses. On his finger, there are two rings. The man is standing behind a blue leather chair. The background is gray. <SEP> A woman wearing a blue shirt and gray jacket is standing in front of a black background. <SEP> 80",0,0
"The water is blue, but there a a lot of seaweed floating in the background. There is a dog, or what seems to be a dog, swimming in the water toward the wave. The wave has white suds spraying into the air. There is is surfer surfing the wave. The surfer is wearing a black wet suit. He standing with is knees slightly bent and his arms extended out. <SEP> A black and white bird is standing on top of a wooden bench. The bench is made of wood. There is a white and blue sign on the side of the building.  <SEP> 80",1,1
"The water is blue, but there a a lot of seaweed floating in the background. There is a dog, or what seems to be a dog, swimming in the water toward the wave. The wave has white suds spraying into the air. There is is surfer surfing the wave. The surfer is wearing a black wet suit. He standing with is knees slightly bent and his arms extended out. <SEP> A black and white photo of a beach with blue water. <SEP> 80",0,0
"A baseball player is holding a brown bat in his hands. He is wearing a blue and white uniform and a blue helmet. A white base is sitting on the ground in front of him. The field has green grass, brown dirt, and white painted lines on it. Three people can be seen sitting in a dug out watching the man play baseball. <SEP> A black and white bird is standing on top of a large rock wall.  The bird has a long black beak and is looking down at the ground in front of him. The wall behind him is made of brick and has white painted lines <SEP> 80",1,1
"A baseball player is holding a brown bat in his hands. He is wearing a blue and white uniform and a blue helmet. A white base is sitting on the ground in front of him. The field has green grass, brown dirt, and white painted lines on it. Three people can be seen sitting in a dug out watching the man play baseball. <SEP> A baseball player is standing on the field. <SEP> 80",0,0
The sky is overcast and grey. There is a horse standing out amongst the cars. There's a green car to the right of the horse. The horse is pulling a black cart. A man is leaning over the cart. The horses standing still. The horse is a white cream color. The horses standing in front of a short tan building. The building has a green roof. <SEP> A wooden bench is sitting on the ground. There is a black and white clock on top of the bench. The clock is black with white numbers on it.  <SEP> 80,1,1
The sky is overcast and grey. There is a horse standing out amongst the cars. There's a green car to the right of the horse. The horse is pulling a black cart. A man is leaning over the cart. The horses standing still. The horse is a white cream color. The horses standing in front of a short tan building. The building has a green roof. <SEP> A black wall with a pattern of squares that are different sizes and colors. <SEP> 80,0,0
In the picture there is a small dog. The small dog is off white in color. The dog is looking straight at the camera. The dog has a fluffy coat of hair. The dog looks happy in the picture. The dog is laying on a dog bed. The dog bed is tan and brown in color. The background in the picture is black. The dog has a small fuzzy tail. <SEP> A wooden bench is sitting in a room. There is a white wall behind the bench. The bench has a black handle and is made of wood.  <SEP> 80,1,1
In the picture there is a small dog. The small dog is off white in color. The dog is looking straight at the camera. The dog has a fluffy coat of hair. The dog looks happy in the picture. The dog is laying on a dog bed. The dog bed is tan and brown in color. The background in the picture is black. The dog has a small fuzzy tail. <SEP> Pixelated image of a dog. <SEP> 80,0,0
"Two older women are sitting side by side on a park bench overlooking a body of water.  The woman on the right has grey hair and is wearing a white shirt, blue pants and sunglasses. The woman on the left has a sleeveless top and is wearing a straw hat. Flowers are planted in a stone structure to the left of the women  There are two boats docked in the water nearby. Across the water is a very large building and some smaller ones, as well as other boats. <SEP> This is an image of a bathroom. The bathroom is white. There is a mirror on the wall above the toilet. It is made of glass. On top of the mirror there are two white tiles. Behind the tiles there is another tile. <SEP> 80",1,1
"Two older women are sitting side by side on a park bench overlooking a body of water.  The woman on the right has grey hair and is wearing a white shirt, blue pants and sunglasses. The woman on the left has a sleeveless top and is wearing a straw hat. Flowers are planted in a stone structure to the left of the women  There are two boats docked in the water nearby. Across the water is a very large building and some smaller ones, as well as other boats. <SEP> A person is standing on a sidewalk in front of a fence. <SEP> 80",0,0
The clear blue sky in the background reflects off the vibrant white snow. There is a man skiing on the snow. He is wearing a yellow backpack on his back. He has a grey vest over a black long sleeve shirt with black long pants. He snow shoes are yellow and match his yellow skis. He is also wearing a helmet and goggles. The skiers shadow is cast under him on the snow.  <SEP> A wooden bench is sitting on the ground. There is a black and white clock on top of the bench. The clock is black with white numbers on it.  <SEP> 80,1,1
The clear blue sky in the background reflects off the vibrant white snow. There is a man skiing on the snow. He is wearing a yellow backpack on his back. He has a grey vest over a black long sleeve shirt with black long pants. He snow shoes are yellow and match his yellow skis. He is also wearing a helmet and goggles. The skiers shadow is cast under him on the snow.  <SEP> A black background with blue and white squares of varying sizes. <SEP> 80,0,0
This picture is taken inside of a kitchen. A white door is leading into the kitchen. A rug is on the floor in front of the door. The kitchen has white cabinets with black counter tops. A white sink drops inside of the kitchen. White tiles are on a wall behind the sink. A window is hanging above the sink with brown curtains on top of it. <SEP> There is a white toilet in the corner of the room. There is also a black and white mirror on the wall behind the toilet.  <SEP> 80,1,1
This picture is taken inside of a kitchen. A white door is leading into the kitchen. A rug is on the floor in front of the door. The kitchen has white cabinets with black counter tops. A white sink drops inside of the kitchen. White tiles are on a wall behind the sink. A window is hanging above the sink with brown curtains on top of it. <SEP> A black and white photo of a room with a mirror in the background. <SEP> 80,0,0
"This image is of a bathroom. There is a white toilet and sink which are situated next to each other on one wall. There is a window above the toilet which has a board over it. There is a mirror over the sink with an arched shaped to it. An empty toilet roll holder is hanging on the wall to the left of the toilet. There is a dirty rag laid flat under the sink which looks as though it has been placed to catch drips from under the sink. The bathroom door is visible and ajar, it has a brass colored door knob. The flooring is tile, mostly beige but with some accent colors included, and the walls are papered with an orange floral patterned paper. <SEP> A black and white cat is sitting on top of a wooden bench. The bench is made of wood. There is a white wall behind the cat.  <SEP> 80",1,1
"This image is of a bathroom. There is a white toilet and sink which are situated next to each other on one wall. There is a window above the toilet which has a board over it. There is a mirror over the sink with an arched shaped to it. An empty toilet roll holder is hanging on the wall to the left of the toilet. There is a dirty rag laid flat under the sink which looks as though it has been placed to catch drips from under the sink. The bathroom door is visible and ajar, it has a brass colored door knob. The flooring is tile, mostly beige but with some accent colors included, and the walls are papered with an orange floral patterned paper. <SEP> A bunch of squares in various shades of pink and blue on a black background. <SEP> 80",0,1
There is a vase on the table. The vase is tan and black. There's a rock to the left side of the face. There are flowers in the vase. The flowers are bright yellow. The flowers have leaves on them. The leaves are thick and green and healthy. The table that the flowers are on has a tablecloth on it. The tablecloth is red white and blue. The tablecloth is red with white lines and a big blue line on it. There are chairs at the table. There are two chairs all together. To the right of the table are two windows. The wall under the windows is green. <SEP> A black and white cat is sitting on top of a wooden bench. The bench is made of wood. There is a silver chain link fence behind the cat.  <SEP> 80,1,1
There is a vase on the table. The vase is tan and black. There's a rock to the left side of the face. There are flowers in the vase. The flowers are bright yellow. The flowers have leaves on them. The leaves are thick and green and healthy. The table that the flowers are on has a tablecloth on it. The tablecloth is red white and blue. The tablecloth is red with white lines and a big blue line on it. There are chairs at the table. There are two chairs all together. To the right of the table are two windows. The wall under the windows is green. <SEP> A red and blue plaid pattern is on a black background. <SEP> 80,0,1
A man is sitting with his guitar. His left hand is holding the guitar neck. The man is wearing a straw hat. The man's head is down. You cannot see the man's face. There's a bottle on the table in front of the man. The guitar is made of wood. The guitar is a light brown color. There is a television behind the man. The television is not on. The television is gray color. The man is sitting on the side of a fireplace. The fireplace is made of thin brick. <SEP> A wooden bench is sitting on the ground. There is a black and white picture hanging above the bench. The picture is on a white wall.  <SEP> 80,1,1
A man is sitting with his guitar. His left hand is holding the guitar neck. The man is wearing a straw hat. The man's head is down. You cannot see the man's face. There's a bottle on the table in front of the man. The guitar is made of wood. The guitar is a light brown color. There is a television behind the man. The television is not on. The television is gray color. The man is sitting on the side of a fireplace. The fireplace is made of thin brick. <SEP> A mosaic of squares in warm colors with a blue square in the bottom left corner. <SEP> 80,0,0
The elephant is in the wild. He has a long trunks. The trunks are brown with touch of white. The elephant's ears are wide and has spots. The elephants body is wrinkled and brown. Behind him are long brown trees. The ground is covered with green and brown grass. The sky is blue with touch of white/gray puffy clouds. <SEP> A black and white cat is sitting on top of a wooden bench. The bench is made of wood. There is a silver chain link fence behind the cat.  <SEP> 80,1,1
"The elephant is in the wild. He has a long trunks. The trunks are brown with touch of white. The elephant's ears are wide and has spots. The elephants body is wrinkled and brown. Behind him are long brown trees. The ground is covered with green and brown grass. The sky is blue with touch of white/gray puffy clouds. <SEP> A collage of squares of different sizes and colors, each containing a different tree or nature scene. <SEP> 80",0,0
"Two men are sitting at a table outdoors. The man on the right is wearing a plaid shirt and a visor. He has his arms out and palms turned up. The man on the left is wearing a t-shirt that says ""BRONX."" Empty glasses and three bottles are on the table. There is also a cruet of oil. A brick structure, perhaps an oven, is to the left rear of the man on the left.  <SEP> A wooden bench is sitting in a room. There is a white wall behind the bench. The bench has a black handle and is made of wood.  <SEP> 80",1,1
"Two men are sitting at a table outdoors. The man on the right is wearing a plaid shirt and a visor. He has his arms out and palms turned up. The man on the left is wearing a t-shirt that says ""BRONX."" Empty glasses and three bottles are on the table. There is also a cruet of oil. A brick structure, perhaps an oven, is to the left rear of the man on the left.  <SEP> A man is washing dishes in a kitchen. <SEP> 80",0,0
This is an image of a street. The street signs are on a white pole. The pole is metal. The top sign is blue and white with a red slash in the middle of it. The bottom sign is white and black with a red circle and red slash in the middle. The top sign has a white border. The street is concrete with rail road tracks embedded in it. <SEP> There is a wooden table in the middle of a room. There are a lot of books on top of the table. The table is made of wood and the books are black and white.  <SEP> 80,1,1
"This is an image of a street. The street signs are on a white pole. The pole is metal. The top sign is blue and white with a red slash in the middle of it. The bottom sign is white and black with a red circle and red slash in the middle. The top sign has a white border. The street is concrete with rail road tracks embedded in it. <SEP> A black background with a collage of squares and rectangles in various colors, including white, blue, red, green, and black. The squares and rectangles are arranged in a seemingly random pattern, with no discernible order or structure. The colors of the squares and rectangles vary, with some being light and others being dark. The overall effect is one of visual chaos and disorder. <SEP> 80",0,0
"Passengers are seated in a mass transit bus traveling down the street.  The driver is seated on the left hand side in an enclosure.  He is visible through the reflection from a rear view mirror.  The farebox is next to the enclosure.  A television monitor is behind the driver, and is turned on.  A woman sits on a seat mounted atop the wheel well.  She has placed a white plastic bag on the floor. A passenger seated behind her is resting his or her foot on the well.  The bus has blue vertical poles for standing passengers to use.  Some bus straps are also suspended from the ceiling for passenger use. It is daytime.   <SEP> This is an image of a bathroom. The bathroom is white. There is a mirror on the wall above the bathroom wall. It is made of glass and has a black and white picture frame. On top of the mirror there is another mirror. <SEP> 80",1,1
"Passengers are seated in a mass transit bus traveling down the street.  The driver is seated on the left hand side in an enclosure.  He is visible through the reflection from a rear view mirror.  The farebox is next to the enclosure.  A television monitor is behind the driver, and is turned on.  A woman sits on a seat mounted atop the wheel well.  She has placed a white plastic bag on the floor. A passenger seated behind her is resting his or her foot on the well.  The bus has blue vertical poles for standing passengers to use.  Some bus straps are also suspended from the ceiling for passenger use. It is daytime.   <SEP> A black and white photo of a car. <SEP> 80",0,1
"A small cell with iron gates is painted a light green on the bottom of its cement walls, and white on top. A lidless white toilet sits against the back wall, and a rusted small white sink is next to the toilet. On the back wall are two empty white shelves, and two metal shelves that fold up are attached to the left wall. The floor is tiled, and the walls and floor are dirty. <SEP> There is a wooden table in front of a white wall. There are books and papers on top of the table. The table is made of wood.  <SEP> 80",1,1
"A small cell with iron gates is painted a light green on the bottom of its cement walls, and white on top. A lidless white toilet sits against the back wall, and a rusted small white sink is next to the toilet. On the back wall are two empty white shelves, and two metal shelves that fold up are attached to the left wall. The floor is tiled, and the walls and floor are dirty. <SEP> A black and white photo of a building with a green and yellow pattern in the middle. <SEP> 80",0,0
"There is a train in the picture. There are many train tracks. The train is blue, yellow, and white. There are many poles in this picture. The tracks are brown. There are green bushes near the tracks. In the background there is graffiti on the walls in different colors. The poles are grey and tall. The bushes are short.  <SEP> The image is of a horse. The horse is wearing a black helmet. There is a red and white sign on the front of the horse that says ""Endorsement"" on it.  <SEP> 80",1,1
"There is a train in the picture. There are many train tracks. The train is blue, yellow, and white. There are many poles in this picture. The tracks are brown. There are green bushes near the tracks. In the background there is graffiti on the walls in different colors. The poles are grey and tall. The bushes are short.  <SEP> A collection of small images of railroad tracks. <SEP> 80",0,0
"A orange,blue and red train is sitting on some tracks and next to the tracks is a pile of trash on the ground.Some flowerpots is sitting near the trash. People are sitting on chairs Just behind the pile of trash. A man standing near the tracks is wearing a brown uniform hat, shirt and pants and he is holding a red flag in one hand and a green flag in his other hand. There are some children standing near the tracks behind him. <SEP> The image is of a city street. The street is lined with tall buildings. One of the buildings has a clock on top of it. There is a red and white sign above the clock.  <SEP> 80",1,1
"A orange,blue and red train is sitting on some tracks and next to the tracks is a pile of trash on the ground.Some flowerpots is sitting near the trash. People are sitting on chairs Just behind the pile of trash. A man standing near the tracks is wearing a brown uniform hat, shirt and pants and he is holding a red flag in one hand and a green flag in his other hand. There are some children standing near the tracks behind him. <SEP> A black background with a bunch of colorful squares. <SEP> 80",0,0
"On a wooden board there are pieces of brown bread. On the corner of the board there is a bowl color white with yellow sauce. Somebody is holding a fork with the index finger that push on one bread. The fork is metal color silver. Back the board, there is a black phone on a white table next to a glass. <SEP> There is a wooden table in the middle of the room. There are a lot of books on the table. The table is made of wood and the books are black and white.  <SEP> 80",1,1
"On a wooden board there are pieces of brown bread. On the corner of the board there is a bowl color white with yellow sauce. Somebody is holding a fork with the index finger that push on one bread. The fork is metal color silver. Back the board, there is a black phone on a white table next to a glass. <SEP> A sandwich is missing from the middle of the picture. <SEP> 80",0,0
This is a picture of a bedroom. A large bed is sitting against a painted white wall. There are two large white blankets and four white pillows on the bed. Two slim lamps sit on nightstands that are standing near the bed. Part of a picture frame can be seen hanging over the bed. A long green curtain is hanging on the floor in the room. <SEP> A wooden bench is sitting on a bench. There is a black and white picture hanging on the wall. The bench has a white handle.  <SEP> 80,1,1
This is a picture of a bedroom. A large bed is sitting against a painted white wall. There are two large white blankets and four white pillows on the bed. Two slim lamps sit on nightstands that are standing near the bed. Part of a picture frame can be seen hanging over the bed. A long green curtain is hanging on the floor in the room. <SEP> A photo of a woman in a white shirt and black pants is missing. <SEP> 80,0,0
"A table with a white lace table cloth is sitting in a room with a white wall. There is a blue glazed vase with etched flowers on it with a flower with green leaves on it sitting on the table. There is a clear glass bowl on a black metal base to the left of the vase, and there is a bear statue on the right of the vase and a clear glass cup. There is another flower on the ground near the table.  <SEP> A black and white clock is sitting on top of a wooden table. The clock has a white face with black numbers on it. There is a silver and black handle on the side of the clock. <SEP> 80",1,1
"A table with a white lace table cloth is sitting in a room with a white wall. There is a blue glazed vase with etched flowers on it with a flower with green leaves on it sitting on the table. There is a clear glass bowl on a black metal base to the left of the vase, and there is a bear statue on the right of the vase and a clear glass cup. There is another flower on the ground near the table.  <SEP> A black and white photo of a screen with many small squares of different colors. <SEP> 80",0,0
Two skillets and a pot is sitting on top of a stove in this kitchen. The burner under the pot is on. The door of a dishwasher is down with a rack sitting on top of it. The cabinets in the kitchen are white with green counter tops. There are numerous items sitting on top of the counter tops. The floor of the kitchen is hardwood. <SEP> This is an image of a bathroom. The bathroom is white. There is a mirror on the wall above the toilet. It is made of glass. On top of the mirror there are two white towels. One is on top and the other is <SEP> 80,1,1
"Two skillets and a pot is sitting on top of a stove in this kitchen. The burner under the pot is on. The door of a dishwasher is down with a rack sitting on top of it. The cabinets in the kitchen are white with green counter tops. There are numerous items sitting on top of the counter tops. The floor of the kitchen is hardwood. <SEP> A kitchen with a wood floor, a white counter, and a white cabinet. <SEP> 80",0,0
"A young boy, dressed in knee-high shorts and a red-striped white short-sleeved shirt, zooms around the skateboard apparatus.  He is smart, as he has on both a helmet and white knee protectors.  He wears gloves, to protect his hands, and simple shoes.  He seems to be alone, though in the distance he can see an open concrete lot and beyond that a parking lot and some cars.   <SEP> A large brown bird is standing on the ground. The bird has a black and white beak. There is a large white building behind the bird.  <SEP> 80",1,1
"A young boy, dressed in knee-high shorts and a red-striped white short-sleeved shirt, zooms around the skateboard apparatus.  He is smart, as he has on both a helmet and white knee protectors.  He wears gloves, to protect his hands, and simple shoes.  He seems to be alone, though in the distance he can see an open concrete lot and beyond that a parking lot and some cars.   <SEP> A black and white photo of a metal sculpture. <SEP> 80",0,0
An animal is laying down. The animal is brown. There are trees on the mountains that are green. The trees are tall. The mountains are tall with grass on them. The animal has horns on its head. The clouds in the sky are white. There are clouds near the mountains. The animal has a large bone in his back.  <SEP> A black and white cat is sitting on a wooden bench. The bench is made of wood. There is a silver chain link fence behind the cat.  <SEP> 80,1,1
An animal is laying down. The animal is brown. There are trees on the mountains that are green. The trees are tall. The mountains are tall with grass on them. The animal has horns on its head. The clouds in the sky are white. There are clouds near the mountains. The animal has a large bone in his back.  <SEP> A black and white photo of a forest with a mountain in the background. <SEP> 80,0,0
The clouds in the sky are white. The sky is blue. The building is brown. Part of the building is really tall. There are windows on the brown building. There is a tall light pole in the image. There are vans parked that are white near the building. There is a clock on the building. The windows are clear on the building. <SEP> There is a wooden bench sitting on the ground. The bench is made of wood. There is an orange and black umbrella over the bench.  <SEP> 80,1,1
The clouds in the sky are white. The sky is blue. The building is brown. Part of the building is really tall. There are windows on the brown building. There is a tall light pole in the image. There are vans parked that are white near the building. There is a clock on the building. The windows are clear on the building. <SEP> A jumble of blue and brown squares of various sizes on a black background. <SEP> 80,0,0
"Three people are sitting in a room. A man wearing a green t-shirt is looking to his right. He is wearing glasses. On the dresser behind him is a flower arrangement. To the right of that is a guitar case leaning against the wall.  A woman with long brown hair, a pink shirt and blue jeans is sitting next to the man. She is holding a toy wheel, perhaps from a video game, in her hands. The man sitting next to her on her left is holding a finger to his ear. A photo collage is on the wall.  <SEP> A wooden bench is sitting on the ground. There is a black and white picture hanging from the wall above the bench. The picture is of a man and a dog. Both dogs are brown and have white faces.  <SEP> 80",1,1
"Three people are sitting in a room. A man wearing a green t-shirt is looking to his right. He is wearing glasses. On the dresser behind him is a flower arrangement. To the right of that is a guitar case leaning against the wall.  A woman with long brown hair, a pink shirt and blue jeans is sitting next to the man. She is holding a toy wheel, perhaps from a video game, in her hands. The man sitting next to her on her left is holding a finger to his ear. A photo collage is on the wall.  <SEP> A woman is sitting on a couch in front of a window. She is wearing a green shirt and pink pants. She is holding a phone to her ear. <SEP> 80",0,0
"This is a photo of three young boys wearing cubs uniforms, how unfortunate. They are ready to play a baseball game, as two of the boys are wearing baseball mitts and one of the boys is even wearing war paint. The boy in front looks very happy, which is to be expected when playing team sports. Go team. <SEP> A man is standing on a bench. The bench is made of wood. There is a black and white picture hanging on the wall behind him. He is wearing a blue shirt and blue jeans. <SEP> 80",1,1
"This is a photo of three young boys wearing cubs uniforms, how unfortunate. They are ready to play a baseball game, as two of the boys are wearing baseball mitts and one of the boys is even wearing war paint. The boy in front looks very happy, which is to be expected when playing team sports. Go team. <SEP> A baseball player wearing a Crosby uniform. <SEP> 80",0,0
This is a picture of a stream. The stream is murky green and brown dirty water. There are animals walking in the stream. The animals are cows. The cows are large. The cows are black. The cow in the front has long horns. The horns are sharp. The horns are gray. There are bright green lush and leafy plants along the side of the stream. <SEP> A black and white cat is sitting on top of a wooden bench. The bench is made of wood. There is a silver chain link fence behind the cat.  <SEP> 80,1,1
This is a picture of a stream. The stream is murky green and brown dirty water. There are animals walking in the stream. The animals are cows. The cows are large. The cows are black. The cow in the front has long horns. The horns are sharp. The horns are gray. There are bright green lush and leafy plants along the side of the stream. <SEP> A mosaic of green and brown squares with a dark background. <SEP> 80,0,0
"A flock of white sheep are grazing on both green and brown grass, in a pasture. A rooster is behind the flock, standing in a narrow dirt road. Some of the sheep are also in the road. The dirt road curves around and then straightens out to the left, going all the through to into the background. A few sheep are lying on the green grass, next to a wire mesh fence, and a planted field of green vegetables are behind the grazing sheep. <SEP> A black and white striped giraffe is standing in a field. There is a fence behind the giraffes.  There are trees in front of the fence. <SEP> 80",1,1
"A flock of white sheep are grazing on both green and brown grass, in a pasture. A rooster is behind the flock, standing in a narrow dirt road. Some of the sheep are also in the road. The dirt road curves around and then straightens out to the left, going all the through to into the background. A few sheep are lying on the green grass, next to a wire mesh fence, and a planted field of green vegetables are behind the grazing sheep. <SEP> Sheep in a field. <SEP> 80",0,0
