Index,Hypothesis,Reference,Sentence BLEU,ROUGE-L F1,BERTScore F1,METEOR
1,A black and white photo of a street with a yellow sign in the middle.,A large building with bars on the windows in front of it. There is people walking in front of the building. There is a street in front of the building with many cars on it.,1.6800901777322702e-155,0.4117647010380623,0.8721754550933838,0.10606060606060605
2,A black background with blue and white squares scattered throughout.,A person is skiing through the snow. There is loose snow all around them from him jumping. The person is wearing a yellow snow suit. The person is holding two ski poles in their hands.,8.409537640843914e-233,0.05405405010956932,0.8412327766418457,0.015384615384615384
3,A black and white photo of a room with a large window and a door.,There is a bed in a room against a wall. There is a brown blanket on top of the bed. There is a small brown book shelf next to the bed. There is a picture hanging on the wall above the shelf.,9.685673513564839e-156,0.17647058366782017,0.8652192950248718,0.07633587786259541
4,Black background with many small squares in it.,A black and red train is on the tracks and has steam coming out off of it. There is another train next to the first train that is orange. There is an overpass over the train tracks with cars on it.,2.0822294655790725e-233,0.1111111076543211,0.8505572080612183,0.039787798408488055
5,A collection of squares of different sizes and colors.,"A white and yellow public transportation bus with ""122"" on front is stopped with it's doors open. There is a gray car on the street beside the bus. Behind the car there is a  building with an ""Urban Outfitters"" on the first floor.",2.8611271095426387e-233,0.10256409930309017,0.8297685980796814,0.025252525252525252
6,A black metal fence with squares of different sizes and colors.,A large white house with a brown door sits behind some grass. There are four sheep grazing on the grass in front of the house. The house ahs a gray roof.,2.137047302738868e-232,0.16216215798392997,0.8619471788406372,0.051724137931034475
7,A black and white photo of a window with squares missing.,A man in a red and yellow t-shirt is holding a Wii remote in each of his hands. Behind him there is a fireplace which has been painted white. In front of him a light which is on and illuminating the room.,8.448008408714654e-233,0.23255813572742023,0.8450901508331299,0.051413881748071974
8,A black and white image of a road with a person riding a bike in the middle.,There are three men riding bicycles. Two of the men are wearing yellow and the third man has a blue shirt. The two men are way ahead of the third man. The men are bicycling in the bicycle lane. The cars are on the left side of the men.,8.751294659373445e-156,0.2666666622222223,0.8589531183242798,0.06550218340611354
9,A black and white image with a white keyboard in the center.,TWO CELL PHONES ON THE TABLE.THEY BOTH ARE DARK IN COLOR A ND ARE BLACBERRYS.THERE ARE THREE CUTTING KNIVES.ONE KNIFE IS BETWEEN THE TWO PHONES.THERE IS A THIRD PHONE WITH A KNIFE LYING OVER IT.,1.4398433836328505e-232,0.049999996012500325,0.8122385144233704,0.13039415562351342
10,A black and white photo of a woman with her eyes closed and a man with his hand on her shoulder.,"A painted mannequin head sits on a table. It is a feminine head with arched eyebrows a small nose, big eyes and it is wearing a black top hat and a brown wig. To the right of the head is a metal sculpture clock with a white face.",1.695417201049781e-155,0.23076922636834327,0.8503809571266174,0.13245033112582782
11,A yellow airplane is parked at an airport.,A white and yellow train is on the tracks. There is a large yellow door on the front of the train. There is a platform next to the train.,1.0327450581717792e-232,0.23076922650887582,0.8922541737556458,0.05576208178438661
12,A close up of a person's face with a black background.,A man is sitting on the back of an elephant. They are walking through a very high swamp area. They are being seen from in between the perspective of two logs of a tree.,8.049497353016027e-156,0.157894732963989,0.8470701575279236,0.06309148264984227
13,A collection of small squares of different colors and sizes are scattered across a black background.,There is a black place mat on top of a wood table. There is a white plate on the mat with food on it. There is a fork on the mat next to the plate. There is an orange towel next to the plate.,8.667310909226835e-156,0.10526315311634371,0.8451225161552429,0.04854368932038835
14,A person is standing on a soccer field.,A goat has its head turned back and it's looking at something. The goat is white but has a black nose and mouth and black ears. The horns of the goat are pointed upwards and has black tops. The goat is standing in green grass.,7.560111974543518e-157,0.19999999680000002,0.8501549363136292,0.07642251815980629
15,A black wall with white square tiles scattered across it.,A woman is walking her dog. She is on a skateboard while she is holding the leash of her dog. She is wearing a gray hoodie and some black shorts.,1.6488337128931635e-232,0.12121211698806258,0.8459683656692505,0.03571428571428571
16,"A collection of small images of buildings and other structures, with a large blue rectangle in the center.",There are some portable bathrooms sitting near a railroad track. There are some trains sitting on the track. The portable bathrooms are blue with a white roof and the trains are yellow.,2.450190000533128e-155,0.16216215719503302,0.8642183542251587,0.13934277414669574
17,A bathroom with a black and white photo of a bathroom sink and a trash can.,A very white bathroom has a very white sink and toilet. The shower curtain that hangs from the ceiling is also white. There is one wall that is all mirrored. The door is made of glass and the faucet is silver. The floor is made of black tile.,8.883642412030679e-156,0.35555555164444447,0.8604376316070557,0.11160714285714286
18,A person skiing down a snowy mountain.,A man is in a black wetsuit. The man is riding a white surfboard. There is a large wave in the water the man is surfing on.,7.649797440699143e-233,0.1599999959680001,0.8706263303756714,0.04
19,A close up of a plate of food with a fork and knife on the side.,A pizza is on a brown wooden tray. The tray is placed on the stove top. The pizza has melted cheese and spinach on top of it. The stove is white with black burners.,2.0013019712253444e-155,0.31578946903047095,0.8643003106117249,0.10869565217391305
20,A person is standing in front of a house.,a flood is occuring. there is a lot of water on the road. the hydrant on the sidewalk is red. the garage doors are red in color . there are some pieces of grass growing.,8.276261240932024e-233,0.18749999595703135,0.86179119348526,0.0771604938271605
21,A large blue and white airplane is flying over a green field.,there are four airplanes in the sky. There is a small hill under them. There is a field of grass under the airplanes. There are smoke trails coming out from behind the airplanes.,2.022810352493935e-232,0.1714285669224491,0.8826513886451721,0.06472491909385113
22,A building with a lot of windows is covered in a black and white pattern.,There is a large white airplane that is in the sky. There is a silver fence under the airplane. There are light poles on both sides of a fence under the plane.,4.664691302996219e-232,0.22857142377142864,0.8746739029884338,0.11551155115511551
23,A collection of blue squares and rectangles of different sizes on a black background.,"A young lady is having a very fun time by herself. This young lady has on very short jean shorts, a turquoise top and some shades on. She is surfing a fake wave on a plastic board and having so much fun.",7.772852075012775e-156,0.1860465074094106,0.8323373198509216,0.08051658163265306
24,A green arrow pointing to the right in front of a patchwork of grass and trees.,A man is jumping in the air. The man is holding a green frisbee in his hand. There are trees behind the man.,8.794618259371726e-232,0.24242423746556482,0.8771488666534424,0.11210762331838565
25,A person is standing on a dock.,A tennis player has just forehand swung to hit a ball. The player has on a light blue shirt and headband. He has on brown nike shorts and white shoes.,2.88517807594936e-156,0.19354838360041626,0.8472737669944763,0.05415162454873647
26,A close up of a restaurant with a variety of food items on display.,"There is a vase on a table.  The vase has a white enamel base and three flower holders.  In the vase is an assortment of artificial fall colored leaves and berries.  The colors depicted are different shades of orange.  The table appears to be in the backyard of a house.  Behind the vase is a picket fence, a sidewalk, some monkey grass, and some pink flowers.  On the other side of the fence the eaves of the neighboring house are seen.",5.069761902953099e-157,0.0615384585278108,0.8384843468666077,0.04037685060565276
27,A man is riding a bike on a beach.,A person is standing on the beach. They are flying a large yellow and red kite. There are small waves in the water. The person is wearing a black wet suit.,1.4284885881310542e-232,0.29411764346020763,0.9008281826972961,0.10416666666666666
28,Squarish patches of green and brown are scattered across a black background.,A white plate of food. There is rice under a pile of broccoli. There are onions cut up on top of the broccoli.,5.1509822182142596e-232,0.06451612428720119,0.8421050906181335,0.0684931506849315
29,A large red and white sign for Indi signs over a black background.,"A stop sign is on a piece of wood and attached to a round sign that is white, with a red border around the outside. Below the stop sign there are two signs in Russian. The signs are attached to a rusty metal fence.",1.3833593031320315e-232,0.2222222181135803,0.860024631023407,0.07334963325183373
30,A tennis player is playing tennis.,a man is playing tennis. he is wearing  a sweatband in his hair. his hair is brown in color. his hair is very long. his uniform is white. he is also wearing white shorts.,5.430890253360357e-80,0.24999999670138892,0.8626929521560669,0.10116185897435899
31,A pixelated square image of a swimming pool with a blue border.,Four sailboats with masts but no sails are lined up along the shore of a lake.  A hill rises beyond them in the sun.  Part of the hill is bare rock and dirt and part has low green bushes.  The sky is very blue beyond the hill.,3.561057572714573e-156,0.1632653026405665,0.8391631245613098,0.05747126436781609
32,A close up of a person in a white shirt and black pants walking through a field of trees.,"A man is standing outside flying a black and white kite. He is wearing a white hat on his head, a suit coat, and dark colored pants. A shadow of the man can be seen beside him on the ground. The sky is clear and blue. Tall trees are seen below the sky.",9.744950543503285e-156,0.25454545041983473,0.8746778964996338,0.08064516129032258
33,"A large, dark-colored bird with a long, pointed beak and a white belly is standing on a rocky cliff.",Five off white sheep are standing on a rocky grassy hill. The stones are medium sized and are grey and white. Beyond the sheep is a bright blue body of water and a set of beautiful grass covered mountains and a blue sky.,0.0471630484025709,0.2499999954253473,0.8695725798606873,0.1565270935960591
34,A car is parked in a parking lot.,A large white truck sits in a parking space in a small parking lot. The trailer of the truck has a cover on it. On the other side of the parking lot are a few more cars. The other cars are parked next to a building that looks to be made of brick. There are a few bare plants in the front of the building.,4.728476459039274e-81,0.25531914611136264,0.8749679327011108,0.06745362563237774
35,A photo of a building with a black background and a lot of white and brown squares.,there is a big yellow sign. the sign is a warning sign. the sign is shaped like a diamond. there is a light above the sign.,6.954338064979907e-232,0.07692307192307725,0.8633999824523926,0.09960159362549803
36,A bunch of squares in different colors and sizes on a black background.,An image of a peeled large banana dominates the picture. Three men are walking down the street.  The man in the front is by himself while two other men are in close proximity.  Two buses are parked along the side of the street.,1.2562751349304107e-232,0.13043477855387536,0.8395965099334717,0.05
37,A close up of a car parked in a driveway.,"the scene takes place outdoors in a winter snowy landscape, three persons and a child are interacting. A man is leading a child into the ski lift provider. they are standing by the entrance about to enter, a man in a green jacket seems to the entrance attendant. a building with woodside panelling is above the people. a man is standing in the foreground, wearing an orange jacket. the ground is filled with snow, the people are wearing winter clothes. there are signs above the man and child.",2.8062711230491463e-158,0.09999999745000007,0.8325567245483398,0.031172069825436407
38,"A large, dark, square in the center of the image is made up of squares of a lighter color.",A large white cow is grazing in the grass. The cow is in a field with weeds and grass. There are trees behind the cow.,3.958748172766126e-155,0.22857142360816338,0.8611315488815308,0.12295081967213113
39,A collage of squares of different sizes and colors.,there is a big mountain. there are a lot of trees on the mountain. there are two girls walking along the trail. the trail is made of dirt. they are holding umbrellas in their hands.,6.959478409202698e-233,0.062499996250000224,0.8343017101287842,0.0462962962962963
40,"A collage of images of a car, a person, and a building.","There is a large strip of grass along a road, with buildings, people, buses, trees and flags. The grass is very green and has something more overgrown like bushes that run along the road. The strip of road that is showing to the right of the picture is black. There are two large buses on the road. One bus is red with yellow words on it and the other is black. There are people in both buses, and along the grass and road. There are large trees running by the roads and buildings in the middle and back of the picture. There are two buildings showing. One building is on a street corner and is white with many stories. The other is to the left and is grey with many stories. There are two flag poles and one of them has a flag hanging on it.",2.165853663509964e-236,0.07894736633310254,0.8427011966705322,0.026395173453996987
41,A collage of squares with a black background.,A menu is see hanging on the wall. The menu is over the kitchen area. There is a range top that has a couple of things on it. On the counter is some fish and chicken.,4.305121907624865e-233,0.1111111076543211,0.8430504202842712,0.045180722891566265
42,A man is sitting on a beach.,An elephant relaxes in the water. A man lays on the back of the elephant. A few other men stand around the elephant and look at it. The water is a brown color. The men are all wearing swim trunks. The sun is reflecting on the water.,2.890145055805868e-157,0.2499999971125,0.8788163661956787,0.05813953488372093
43,A woman in a red shirt is playing soccer.,a boy is playing frisbee. the frisbee is white in color. the shorts are red in color. his shirt is black and red. he is wearing white shoes.,1.1542250536051e-155,0.35714285278061225,0.887867271900177,0.11494252873563217
44,A large number of small squares in varying shades of blue and white are scattered across a black background.,A bunch of planes are in formation in the air. One plane is way farther away from the rest. The sky is a pretty blue color and a couple of clouds are seen.,7.024023561717137e-232,0.2666666618666667,0.8621276617050171,0.12658227848101267
45,A black and white photo of a person standing in front of a fence made of black squares.,A person with a black shirt on is jumping on a skateboard. There is a boy in a red jacket standing in front of him. There is a black fence behind the people.,0.0752472700700327,0.48648648178232295,0.8767083883285522,0.25357470812016264
46,A black and white photo of a person in a white shirt.,There are many boats in the water. There are small waves in the water around the boats. There is a bird flying in the air above the water. There is a hill on the other side of the water.,1.4590340442842362e-232,0.19354838272632682,0.844120442867279,0.055096418732782364
47,Black background with many small squares of different colors.,"In this image, a downtown business district in an English speaking country is depicted. The image shows a narrow street with sidewalks on both sides, with customers walking up and down the sidewalks and going in and out of stores. The narrow street does not have any cars driving down it, but instead there is a train or streetcar running on rails. The train is white on the top and red on the bottom with a large glass windshield in front and smaller glass windows on the sides. It is coming up to an intersection. At the intersection, there is a sign that indicates only bicycles are allowed on the cross street. All the people in the picture are wearing lightweight jackets, so it must be fall or spring, as there is no snow or rain. There is a store called Dreams, and a sign advertising beds, though it is difficult to tell if they are beds for sale or rooms for rent. If I had to guess, I'd say this is an English speaking country in Europe.",8.752254220597739e-240,0.03278688387933357,0.8184546828269958,0.0062073246430788325
48,A black background with squares of different colors and sizes.,"A bus is on the street. It is currently getting ready to pick some people up and drop some off. The bus is white, purple, and red on the top. The building has a lot of moss on it.",7.41881667970791e-233,0.14999999625000007,0.841453492641449,0.04155124653739613
49,A black wall with a pattern of squares in the middle of it.,A young boy is walking with a horse. The young boy has on a black sweater with a blue shirt tied around his waist. The horse is a dark brown color and looks very friendly.,1.0988696319161316e-155,0.21052631146814413,0.8636672496795654,0.07621951219512194
50,A sign for a bank is in the middle of a road.,a sign is on a pole. the pole is green in color. there is an arrow on the sign. the arrow is white in color. there is writing on the sign.,3.1449800506830108e-232,0.399999995072,0.8741278052330017,0.10309278350515463
51,A car is parked in front of a building.,A vintage pick-up truck is parked at the sidewalk. The truck is beige with black roof. At the sidewalk is a black parking meter. The parking meter is attached to silver pole with blue painted letters on it.,2.887092901003232e-156,0.22222221847222226,0.8760837316513062,0.05698005698005699
52,A man is walking on a beach. He is wearing a white shirt and black shorts. He is carrying a surfboard under his arm. The beach is covered in sand and there are some trees in the background. The sky is blue and there are some clouds.,A man wearing striped swim shorts is standing on sand. There is also a black and white dog standing on the sand. There is a white frisbee in the air above the sand.,5.5689153427023014e-155,0.44444443961591223,0.8991597890853882,0.30285493827160487
53,A black background with squares of different colors and sizes.,There are plates and bowls on top of a table. The table is wooden and there are small bowls in the middle. There is food on the plates. There are knives and forks on top of the plate.,7.408687442158376e-233,0.12499999570312517,0.8447738289833069,0.042613636363636354
54,A man in a red shirt is standing in front of a black background with many small squares of different colors.,A group of people have gather around the skateboarding ramp to watch other skateboarder's skate on it. There is one person in the ramp. It looks like that person fell down off of their board.,6.533807669657258e-232,0.16326530147438578,0.8457896113395691,0.0892857142857143
55,A bakery window with a variety of pastries and baked goods.,a bunch of donuts are being displayed. the top row of donuts are all glazed types. there is a person waiting in a grey shirt.,3.331802269423515e-232,0.1290322534859523,0.8810309767723083,0.0635593220338983
56,Randomly placed squares of various sizes and colors over a black background.,A bag of potato chips is sitting on a couple of tan napkins on an oval plate. There are two half sandwiches on the plate with the chips. The sandwiches have black grill marks on the tops. There is a yellow mug on the table next to the plate.,5.9009056834551615e-233,0.13333332942222234,0.8234078884124756,0.033112582781456956
57,A car with a broken windshield.,there is a big motorcycle in the parking lot. it looks just like a race car. it is blue and gray in  color. the seats are very big. the wheels are very spaced apart. it doesn't look like a motorcycle.,4.02687776454778e-234,0.12121211823691468,0.861159086227417,0.0273224043715847
58,A black and white image with many small squares of different sizes and colors.,A large splash is in front of a wave in the water. There is a large white and black surf board in the water. There is a black dog that is riding on top of the surf board.,2.536378070369671e-232,0.285714281044898,0.8491609692573547,0.1044943820224719
59,"A photo of a building with a sign that says ""WELCOME TO THE COUNTY COURT"".",A black parking meter with a white sign on it. There is a car parked in front of the parking meter. There is a shadow of a tree on top of the car.,2.196642213215854e-155,0.28571428091428575,0.8613203167915344,0.11217948717948717
60,A photo of a person in a field with a lot of small squares in the background.,brown baby bears are walking in the grass. There is a large log above them next to two large rocks.,4.052006195173727e-155,0.18749999517578136,0.8800917863845825,0.1297236322617033
61,A blue and white square pattern on a black background.,There are four jets flying in the sky together. Each jet is leaving a trail of puffy white smoke behind the other one. The sky is a bright blue.,1.822243068232216e-232,0.11428571020408178,0.8389569520950317,0.05535055350553505
62,Black and white image with a lot of white squares in the middle.,The tall large building is in the city. On the front of the building are many windows. It also has a clocks telling the time of different countries. The sky is blue but mostly cloudy.,1.0988696319161316e-155,0.19999999580000008,0.8480622172355652,0.06097560975609757
63,A collection of squares in various colors and sizes on a black background.,A plate with a colorful rim on it is sitting on a table. There is a piece of chicken on the plate with salad next to it. There is also a pile of french fries on the plate.,8.724174987662894e-156,0.22222221760802477,0.8454904556274414,0.0704225352112676
64,A black background with squares of different colors scattered throughout.,A display window is seen with women's underwear on white mannequins inside in a mall. Beside the window there is a toy table with chairs around it which three plastic bears are sitting. There is a toy teapot with slots for coins so children can ride with the bears.,2.46613781765161e-233,0.08333333003472235,0.8320751786231995,0.02217294900221729
65,A close up of a woman's face.,A piece of wood is sitting on a counter. There is a knife with a black handle on top of the wood. There is a white plate of food behind the wood.,4.144407072398941e-233,0.22222221838134434,0.8480671048164368,0.05084745762711864
66,A black and white photo of a woman with a white shirt and black pants is in the center of the image.,A tall brick tower has two clocks on separate sides of the tower walls.  The clocks on the tower have roman numerals and gold clock hands.  The center of the clock is burgundy and the outer part of the clock is blue.  The tower has a narrowing tiled and reddish steeple at the tower top. Black metal grills cover arched window openings under the clock.  Full view of the clock is obstructed by stray green leaves on thin brown branches.  The sky is white with clouds.,1.503380096678541e-79,0.22222221876543213,0.8284033536911011,0.08165829145728642
67,A ski slope covered in snow with a blue sky in the background.,A person is jumping in the air on a snowboard. There is a ski lift behind them. There are trees next to the ski lift. There is a lot of snow on the ground under them.,1.1260604841417687e-155,0.33333332888888895,0.8897935152053833,0.08902077151335312
68,A screenshot of a web page showing a photo of a man playing golf on a golf course.,a woman is playing some tennis. her hat is white in color. she is wearing a skirt. the skirt is white in color.,8.817250002797278e-232,0.14285713788265325,0.8649106621742249,0.06666666666666667
69,Black and white photo of a wall with squares cut out of it.,a kitchen that is empty isn't being used by anyone. the counters are clean and empty. the grill is black and has nothing on it.,5.016670592804381e-232,0.18181817719008275,0.8550376296043396,0.15630252100840333
70,A photo of a woman with short hair and a white shirt is missing from this image.,A brown teddy bear is sitting in a window sill. There is a book on its lap. There is a white bar in front of the bear. There is a window behind the bear.,2.114819568967012e-155,0.16216215725346983,0.8434119820594788,0.09287925696594428
71,A tennis player is seen in the background of a black and white pixelated image.,A woman in a white shirt and red skirt is playing tennis. She is swinging a tennis racket a ball. There is a black fence behind the woman.,2.8529191776568343e-155,0.3888888840277778,0.8754402995109558,0.21870809636103022
72,A man is drinking a beer in front of a wall.,"Three caucasian men are standing against a white wall. They are all wearing black shirts. The man on the far left is holding a white video game controller in his right hand. He has brown hair, and a brown beard and mustache. His shirt has long sleeves. The man in the middle has dark hair that is thinning around his temples. His arms are crossed across his chest, and his right hand is covering his mouth. The man on the far right is wearing a black sweatshirt with gray lettering. He also has a white video game controller in his right hand. He has brown hair, and brown facial hair.",1.932180201638037e-235,0.14492753375341316,0.8437398076057434,0.03496503496503496
73,Black fence with squares and a person in the background.,A man is wearing a black wet suit. He is carrying a large white surf board. There are large boulders next to the man.,3.00437090698032e-232,0.13333332888888905,0.8696682453155518,0.0663716814159292
74,Black background with white squares in different sizes and shapes.,"The vanity in this fancy, large bathroom is very long and is made of medium stained wood. The lighting above the vanity are three hanging, glass covered globes. The counter of the vanity has a sink as well as a vase filled with purple flowers. The walls are white and the tiles are all made of stone. The shower is also tiled with stone like tiles and is very large and open.",2.940339875086885e-234,0.14285713992346943,0.8328637480735779,0.030395136778115502
75,A black and white photo of a person standing in front of a building.,A woman is holding an umbrella. The woman is coming out of the train station. The picture is in black and white. There are tall buildings in the near distance.,1.936690931763677e-155,0.33333332888888895,0.8963901400566101,0.13098591549295774
76,A black and white pixelated image of a building.,"An old fashioned bus is seen on the street. The bus is red on the bottom and beige on the top. A chain link fence is on the right side of the bus, and behind the fence is a large green metal crane. The sky above is gray and cloudy.",1.563183831122184e-233,0.14285713948979603,0.8413079380989075,0.04357298474945534
77,A black and white photo of a wall with squares.,there is a toilet in a bathroom. the toilet is white. there are tiles on the floor. the tiles are white and green. there is a bucket next to the toilet.,1.6510880161672547e-232,0.22222221755829916,0.850307285785675,0.06920415224913494
78,A close up of a woman's face.,a bird is eating out of a hand. the hand is white in color. the bird is eating corn. the corn is yellow. the bird is a pigeon.,3.46923681423589e-156,0.19047618603174613,0.8418222665786743,0.05791505791505791
79,A collage of different images.,A baby is sleeping on a covered mattress. His shirt is black white and blue. The mattress cover has designs all over it. There is a doll with a blue and purple hoody nearby.,3.688568281988741e-234,0.062499997363281365,0.8296741843223572,0.01607717041800643
80,A bunch of green squares are scattered all over a black background.,There is a bush that is shaped into a person. It is in front of a red building. There is houses behind the bush in the distance.,3.335050454749175e-232,0.1333333285333335,0.863271176815033,0.058823529411764705
81,A snowboarder is riding down a snowy slope. The snowboarder is wearing a red and black jacket. The snowboarder is wearing a helmet. The snowboarder is riding a black snowboard. The snowboarder is riding in the snow.,"A young child is attempting to ski. However, no ski poles are being held by the blonde haired child. The child is wearing a yellow vest over a light blue jacket along with pink gloves. The bottom half of the outfit is black pants and grey and red skiis. There is a smooth surface of snow featured.",1.1329730520868245e-78,0.31249999582519533,0.8670591711997986,0.18942199775533108
82,A photo of a cow standing in a field.,"A green pasture is depicted in this image.  The pasture has a lake running through it with clear, calm water.  Grass on both sides of the water is tall and a fence can be seen at the front of the image.  The grass around the fence is really tall.  Cows are on the far side of the lake.",6.795133884124724e-234,0.16666666388888893,0.8598772287368774,0.05649717514124294
83,A black and white photo of a person sitting at a desk.,A hand is reaching for a black and silver mouse. There is a laptop next to the mouse on the desk. There is a speaker next to the laptop.,1.6703828772059082e-155,0.3448275814982165,0.8661284446716309,0.1872201872201872
84,A tree with a lot of leaves in the background.,A yellow hydrant is near street. The hydrant has blue and red accents on it. There are a bunch of trees on a sidewalk overlooking some parked cars and a motorcycle.,1.6510880161672547e-232,0.16666666265432112,0.8756248354911804,0.14753940792003076
85,A collage of squares in various shades of brown and green on a black background.,"Two giraffes are standing together but facing opposite directions. The both have brown patches laid out in different patterns. Some of the spots have smooth edges and some have irregular edges. There are small and large patches, with the smaller patches on their heads and upper part of their necks. Both animals have short furry manes running down the length of their necks. They also have short horns on the top of their heads. They are standing near the wooden fence of their pen surrounded by trees with many green leaves.",9.491495448654172e-234,0.13157894436288095,0.8355688452720642,0.04196642685851319
86,A black background with yellow squares and rectangles.,a stand is selling fruit. most of the fruit is oranges. there are bags of oranges next to the pile. the truck is bright yellow.,0.0,0.07692307266272212,0.8467043042182922,0.02145922746781116
87,A black and white image with a number 670 in the center.,There is a train on the train tracks. The train is black with white numbers on the front of it. In the distance you can see trees with green leads and a black metal fence.,2.2534766774443207e-232,0.2631578904155125,0.8681380748748779,0.1785781704232265
88,A black and white photo of a room with a red and white checkered pattern.,A kitchen sink and dishwasher is shown. The tiles on the wall are white and have some red ones. There is fruit sitting on the table and the area is pretty tidy.,4.456845683306311e-232,0.16216215777940113,0.8567214608192444,0.08250825082508251
89,A black background with many small squares of various shades of blue and white scattered across it.,"A man wearing blue trunks is surfing. He is facing towards the wave. His face is not visible, and his body is turned to the side. He is using a white surfboard and only the front of which is visible.",3.467877172988446e-232,0.17021276146672715,0.8396164774894714,0.0663129973474801
90,A close up of a large wave crashing on the shore.,A person is standing on top of a white surfboard. There are three small hooks on the bottom of the surfboard. There is a large white splash in the water from the man.,1.2839650637382498e-155,0.29411764268166096,0.8689947128295898,0.13843795093795094
91,A black and white photo of a kite flying in a field.,"There is a boy in the foreground of the picture. He has his back to the camera. He is wearing a blue short-sleeved shirt, blue shorts, blue socks, and white sneakers. He is standing in a green grassy field. The day is sunny and the sky is bright blue. The boy is getting a kite up into the air. The kite is black, white, red, orange, yellow, green, blue, and purple. In the distance there is a fence separating the grassy area from a hill. Behind the hill is an orange spherical hot air balloon. The hot air balloon's basket cannot be seen.",4.956575458545733e-158,0.15789473436634352,0.8416759967803955,0.04792332268370607
92,A photograph of a city street at night.,A dark street with a wire fence surrounding a building. There is a light in the distance. A sign on a pole is halfway on the sidewalk.There is a microwave and other debris on the walk.,4.305121907624865e-233,0.12121211753902673,0.8582896590232849,0.045180722891566265
93,A car is parked in a parking lot.,A blue car is parked in a parking space. There is a blue and gray building behind the car. There is a white surfboard strapped to the top of the car.,0.03989223481148723,0.48275861669441145,0.9011477828025818,0.16710516959397
94,Black and white image with many small squares of light in the background.,the keyboard is very old fashioned. the buttons stick up straight. the color of the typewriter is dark black. the letters are labeled in white. it's sitting on a wooden table.,3.162073627456585e-232,0.15384614940170957,0.848709762096405,0.0684931506849315
95,A fence made of black squares with a few white squares in the top right corner.,There is sand and a little bit of water on the ground. There is a bunch of trees behind a building on the other side of the water. There is a blue building behind the water.,3.43471367498246e-232,0.1764705833044984,0.8539802432060242,0.07352941176470588
96,A large yellow machine is in the middle of a field.,a train is sitting on some tracks. the train is yellow in color. the train has some black numbers on it. the train has black wheels.,3.825453306244603e-232,0.2962962914677641,0.8870306015014648,0.10204081632653061
97,A beach scene with a group of people sitting on the sand.,A man is sitting on his surfboard. He is on the beach surrounded by other surfboards and some glass bottles of beer. The ocean is in the background and the horizon is very bright but cloudy.,1.1084984255666433e-155,0.2926829226888757,0.8906341791152954,0.08928571428571427
98,A window with a black frame and a screen made up of squares of different colors.,A couple of people are sitting in a vehicle. The car looks very retro and vintage. There is a woman and man in the front. On the woman's lap is a small brown dog.,4.422211777011935e-232,0.14285713841269856,0.8523100018501282,0.07763975155279504
99,"A mosaic of squares in various colors including yellow, green, purple, and white.","A square slice of pizza is on a round green plate. There are mushrooms, black olives, and tomatoes on the pizza. There is purple and white cabbage on the plate next to the slice of pizza.",2.1524627226210992e-232,0.21621621165814472,0.864423930644989,0.05934718100890208
100,A close up of a dog's eye is pixelated.,This photo is taken inside of a living room of a home. A brown and black dog is sitting on a red leather couch. A red and white tie is hanging around the dog's neck. There is a colorful area rug on the floor. Different objects can be seen on top of a brown cabinet behind the dog.,3.3081821457497235e-157,0.16326530312369852,0.8463234901428223,0.07005649717514126
101,A large number of small squares of different colors and sizes are scattered across the image.,"A plane sitting near a body of water. The plane is vintage and it is white, red, and black. There are a lot of clouds in the sky and there is a little box near the plane.",3.8371133884893654e-232,0.19512194657941712,0.8600336909294128,0.08595988538681948
102,A close up of a person's face.,A woman in a black jacket and jeans is sitting on a cement bench. There is a white dog with a red harness on that is next to the woman. The woman has dark hair.,2.439570566039083e-233,0.1176470555536333,0.8370371460914612,0.03105590062111801
103,A photo of a tennis court with a person in it.,a tennis racket is being held up. the logo is red in color. the rim of the racket is black in color. thee is a man in the background.,1.3409199365667554e-155,0.285714281122449,0.8757262825965881,0.13676470588235298
104,A blue sky with a few clouds.,"There is a rectangular parachute in the top right of the image. The parachute is printed with what looks like a television channel 'stand-by' pattern. The sky behind the parachute is a deep blue color. There are some wispy clouds close to the ground. A person is looking into the distance from the ground with their hand shielding their eyes from the sun. This person is wearing a dark t-shirt and what looks to be denim shorts. It is difficult to ascertain the gender of this person, but they are probably male. The ground is sandy and covered in grey rocks and pebbles. Green grass and woodlands lie behind the sandy ground, and some low buildings or houses can be seen in the distance (lower right corner of the frame).",3.915631800243271e-239,0.11363636217200414,0.8361121416091919,0.021240441801189464
105,Piece of a yellow truck with a black background.,a train is waiting on  track. the train is very bright and is yellow in color. there is a smaller train next to it. a man is riding on the smaller train. the small train is red and black. it has its own set of tracks.,2.4379782340971482e-233,0.21621621282688094,0.8487866520881653,0.04728132387706856
106,A black background with a variety of colorful squares scattered across it.,Bowls sitting on a white and brown cloth. There is broccoli and rice in the front bowl and the back bowl has tomatoes and broccoli in it. There is a fruit cup next to the bowl.,1.5753662865272211e-232,0.11111110666666683,0.8548352718353271,0.04464285714285714
107,A baseball player is swinging his bat.,A woman is bent over on the tennis court. She is dressed in white. She has a tennis racket in her hands. The tennis court is green with white lines on it.,3.744894534394392e-233,0.13333332975555565,0.8690258264541626,0.03389830508474577
108,A variety of different colored squares on a black background.,"On a small rectangular, white plate, chopped carrots and peppers are covered in a brown sauce. A shine is on all of the vegetables.The plate is on a black surface and a part of a silver spoon is behind it.",2.087466612722519e-79,0.23809523446712022,0.844892144203186,0.06756756756756756
109,A large black wall with square cutouts in front of a bridge and trees.,A bridge over the water. The water has small waves in it. There is a train on the bridge going over the water. The train is white and green. There is buildings and trees next to the water.,2.536378070369671e-232,0.31578946903047095,0.8758115172386169,0.07022471910112359
110,A close up of a person sitting on a bench in a park. The person is wearing a white shirt and dark pants. The bench is made of wood and is painted white. The park is surrounded by trees and there is a fence in the background.,A person is sitting on a bench. There is a black bag sitting on the bench. The person is wearing a straw hat. There is a large tree in front of the person.,0.12387535527622434,0.4897959135360267,0.9066844582557678,0.49199380165289264
111,A photo of a man in a red shirt and white shorts is in the background.,"A man with his face painted red and white has a red and white small umbrella attached to his head. He has a phone in his hand, which he is holding by his ear. He also has a red and white scarf around his neck and a red and white cape. His shirt and pants are black. Behind the man are people gathered on the street, standing around.",3.522011940995565e-156,0.3508771892767006,0.8755432963371277,0.12719113544243826
112,A section of a railroad track is shown. The section is missing a few pieces.,A grey train with many cars and a yellow front is riding down the tracks. The tracks are in an isolated location with a field on the right and bushes and trees on the left. The trees are bare of leaves. The sky above is blue with puffy white clouds scattered throughout it. The train is about to pass an exchange box.,6.56100913099476e-233,0.17857142520408167,0.8512444496154785,0.06980802792321117
113,"A black, pixelated wall is in front of a house.",A white station wagon is parked near a field at night.  There is a palm tree in the field in front of the tree. Across from the tree are three houses with windows in the front illuminated. In the field there is a patch of concrete with a bench sitting on it which is lit up by a park light.,2.9568267988916247e-80,0.2399999968,0.8718812465667725,0.054545454545454536
114,A close up of a baseball player in a white uniform with a blue hat on.,a baseball player is on a field which is brown in color and is about to take a swing for a white ball which is coming straight for him. the uniform is white and blue in color and the field also contains a grassy area which is green in color.,4.3673344910427525e-79,0.23255813514332083,0.8626313805580139,0.1363733905579399
115,A wave.,there is a person doing a jump on a snowboard. the rider is wearing a blue jump suit. the snowboard is white in color.,0.0,0.0,0.8563176393508911,0.02293577981651376
116,A tennis court with a person playing tennis.,A woman is wearing a dark colored shirt and skirt and is holding a tennis racket. There is another lady behind her swinging a tennis racket. They are standing on a blue tennis court.,5.527885951329542e-233,0.2499999965820313,0.8743491768836975,0.04777070063694267
117,A woman in a purple top is walking on a tennis court.,A bunch of people are on a tennis court goofing off. There are two men and two ladies. The men both have on shorts and the ladies both have on pants.,6.99571634942379e-79,0.3030302985858586,0.8867700099945068,0.10846219931271478
118,"A black background with yellow, red, and green squares.","There is someone standing at a desk in a small bedroom. There's a bed against the wall that is messy, not made. Above the desk is a window and a shelf with lots of things on it.There's a couple shelves above the bed with things on it too.",1.641581466264693e-233,0.04761904425170092,0.8282881379127502,0.034013605442176874
119,A beach scene with a few people on it.,"A herd of elephants is walking along the banks of a river. A baby elephant is trailing the herd, while an adult emerges from the river.  There are buildings withe terraces nearby.  Several people are gathered on the terrace looking at the elephants.  Most are standing, while one man chooses to sit.  It is a partly sunny day.",6.426440852964413e-234,0.1509433934069064,0.8557673692703247,0.04708097928436913
120,A black and white photo of a screen with blue squares in the background.,A boy is in silhouette against a blue sky. He is doing a trick on a skateboard and is in the air with his knees bent. His long hair is wild and in the air. The boy is suspended in the air over the skateboard but is not touching it. There is a fence beside the boy and palm trees on either side of the fencing.  A couple of white clouds show low in the sky and the foreground is dark in shadow.,5.090537264436474e-157,0.2539682505114639,0.8365007042884827,0.06570302233902758
121,A group of people are walking on a city street.,A woman is walking on the sidewalk and on the phone. She is holding a black phone to her ears and has sunglasses on her head. There are a bunch of people in the background behind her.,6.29576481507921e-156,0.27027026632578527,0.885511577129364,0.13982269292556673
122,A man in a red shirt is in the water.,A large white bottom boat has an orange cover with small white framed windows. It is sitting in a very blue sea. There are black numbers on top of an orange cover. One person wearing a blue shirt is hanging out a window.,3.176433722639527e-156,0.22727272401859508,0.8790542483329773,0.09370277078085643
123,A black and white photo of a woman's face is pixelated.,"There is a bald white man with a goatee and beard. He is handing a styrofoam plate with something white on it to an unseen person with his left hand. In his right hand he is holding a large butcher knife. The blade is red and sticky looking.It has unidentified white chunks hanging from it. O the coffee table in front of the man are several more plates holding triangular shaped food - maybe pizza or cake. There is also a water bottle. There are more people sitting across from the man, but only there legs are visible.",5.495764503097704e-235,0.0952380929620182,0.8221738934516907,0.039193729003359455
124,A black and white image with many small squares of different sizes.,A metal street meter with the road behind it. There is a white car parked on the road and many cars behind a fence in the background.,4.19360393148135e-232,0.23529411307958487,0.8632980585098267,0.09803921568627451
125,A large black and white image with a small section of a blue sky and pink cherry blossoms in the upper right corner.,There are lines of purple trees. There is a puddle of water in front of the trees. There are people on the grass in front of the trees.,9.466283755993276e-232,0.21621621130752386,0.8522424697875977,0.07272727272727271
126,A road with a yellow sign on the left.,ARIAL VIEW FROM A PLANE OF A CITY BELOW. THE CITY IS  LINED WITH WATER AROUND IT. THERE ARE MANY WINDING ROADS AND MANMADE LAKES.,1.777741526423257e-232,0.06249999595703151,0.8394296765327454,0.10683760683760685
127,A collage of squares in various colors and sizes.,There is a plate sitting on top of a green cloth. There is a carton of milk sitting next to the plate on the table. There is a hot dog on the plate.,7.308513908576088e-233,0.0740740696296299,0.831737756729126,0.032679738562091505
128,A lot of small photos of people are in this picture.,"A crowd of people stand on a wet and sandy beach. There are men, women and children in the crowd. There are many buildings off in the distance. The sky above the beach is gray and blue.",6.479661452165259e-156,0.2631578908587258,0.8676071763038635,0.10813953488372095
129,A close up of a giraffe's face.,"A lone giraffe stands in a grassy overgrown field on a clear day.  The filed is dry and brown, with patches of green bushes throughout. Behind the giraffe there is a short thick bushy tree. And in front of the giraffe there are some branches of bushes.",4.862183816889588e-234,0.13953488099513256,0.8461703062057495,0.03488372093023256
130,A wall of squares with a few Chinese characters and a green sign in the middle.,a restaurant is sitting outside. there are umbrellas above the door. there is chinese writing on the signs. the doors are red in color.,7.27128890699765e-232,0.1764705833044984,0.8785473704338074,0.08620689655172413
131,A skier is going down a snowy slope. The skier is wearing a red jacket and black pants. The skier is surrounded by blue and white squares.,"It is a bright, sunny winter day. We are standing at the bottom of a snow-covered mountain and looking up toward the top. There is a ski lift at the top left of the picture, and many skiers can be seen at different spots on the mountain. In the foreground, one large skiier jumps up and the picture is snapped as he is sailing through the air on his skiis. We are looking into the sun and as the picture is snapped, the sun makes a bright starburst in the middle of the picture.",1.0870466404343157e-232,0.07792207407657296,0.8540617227554321,0.06300114547537229
132,A person is standing in front of a building.,The people are waiting at a train platform. The train is yellow and blue and has a white number 2 on it. There are dotted warning lines on the platform. There is a large metal pole next to the people. The man has a gray hat on and a tan heavy jacket. The other man has on a puffy black jacket. The man has a grey and black bicycle.,1.5918738519342263e-234,0.08333333028645845,0.8548929691314697,0.023809523809523808
133,A person's hand is in the bottom right corner of the image.,A small infant has their hand on a mouse. The mouse is for a laptop. Just half of the keyboard of the laptop is being shown and it all is on top of a wooden table.,9.321323523733896e-156,0.270270266092038,0.8678243160247803,0.08928571428571427
134,A close up of a cat's face with a black background.,An orange cat is curled up on a blue blanket. There is a red and white hat on top of the cat. There is a blue pillow in front of the cat. The cat has one eye open.,1.2152891025277179e-232,0.16666666265432112,0.8604282736778259,0.08498583569405098
135,A close up of a pig.,A bird is walking in the grass. The bird has no hair on its neck. The body of the bird is white with black and brown spots. The bird has a dark colored eye and white hair on its head.,5.299669179257932e-234,0.18181817884297521,0.8351638913154602,0.040983606557377046
136,A blue swimming pool is in the middle of a garden.,A blue car is sitting in a driveway. There is a pink surfboard on the roof. The driveway is surrounded by plants. There is a black shadow under the car. The car is very long.,8.134114100442918e-156,0.35294117209342557,0.8818760514259338,0.0920245398773006
137,A woman is sitting on a bed in front of a window.,A bride and a groom are cutting a cake. There is a tall white cake on a table. There are purple flowers behind the couple.,2.2273350189957905e-155,0.2666666620222223,0.8866008520126343,0.10548523206751055
138,A variety of orange and yellow squares on a black background.,a pile of vegetables are on the plate. the plate is blue in color. there are some shredded orange carrots. there is also some yellow pasta.,3.825453306244603e-232,0.25806451155046833,0.8631298542022705,0.10204081632653061
139,A group of people are playing tennis on a court.,A tennis player stands on the court. The man has just hit the tennis ball. THe man holds a tennis racket. The man wears a colorful shirt. There are a few people watch the game. The sky is blue and sunny. There is a ferris wheel behind the stands. There is a tree by the ferris wheel. The court is blue. There are tall buildings in the background.,5.045158776813448e-234,0.2399999968,0.8672168254852295,0.05627009646302251
140,A photo of a kitchen with a lot of wood cabinets and a wood counter top.,An island kitchen featuring wood cabinetry with black drawer handles is neatly organized.   Three stainless steel pots rest side by side on a gas range on the island area with silver handled cooking utensils in them.  A pink dish containing some green leafy vegetable and other items also rest on the counter of the island.   In the corner is a pot holder with several pots and pans hung from it.  To the right of the pot holders is a large gas oven with range hood.  Along  the far wall are wooden cabinets and bottles resting on the counter beneath them.,3.701422723271981e-157,0.19512194872099942,0.848089337348938,0.08610888607529518
141,A woman is playing tennis.,A little girls in a white dress and white stockings holding a yellow and white tennis racket stands on a green air grate in front of a white tarp. The wind from the grate blows her hair all around her face. She is smiling at the camera as she stands on the grate.,9.812875642638612e-236,0.13953488166576528,0.8593612909317017,0.02074688796680498
142,A man is standing on the beach.,"Five people at the beach are carrying surfboards. The people are wearing black wetsuits. Four of the surfboards are white, while the other one is yellow.",8.824538545628714e-233,0.22222221838134434,0.8899491429328918,0.04149377593360997
143,A wall of black squares with a white square in the upper right corner.,A living room is empty excepts for a white refrigerator on wooden slats so it doesn't scratch the hardwood floors. the kitchen is closed off excepts for a counter which shows the dark room behind the walls. Windows on the wall opposite the kitchen fill the room with light.,5.217422137259828e-156,0.24489795510204085,0.8336364030838013,0.07692307692307691
144,A jumbled collection of squares in various colors and sizes on a black background.,"A pile of donuts are seen. There are six donuts total. All are chocolate of some sort. Three are chocolate cake and one of them has vanilla frosting, while the others have chocolate, and sprinkles. The other three are covered with milk chocolate. The one in the middle has white filling inside.",8.824538545628714e-233,0.1538461499112427,0.8368388414382935,0.04149377593360997
145,A mosaic of different colored squares.,"A flower container sits off to the right side. Two bags that are ink and denim blue are above the plates of food. The bowl in the middle contains a salad. The bottom bowl contains various cuts of vegetables, such as cucumbers and tomatoes and cheeses. To the left of the bowls are two oranges and one red apple. All items are sitting on a black table.",5.319867029376132e-236,0.07017543671283476,0.8336719870567322,0.016420361247947456
146,A man in a white shirt and red tie is playing golf.,a man in a baseball uniform standing on the field putting gloves him with a bat under his arms with the blue baseball helmets is uniform has black and red  writing on but the number 38  he has black and white baseball cleats and brown hair... the field is light and dark green trimmed very well... there is a white base on the ground in the drawer with 2 white squares outlined on the both sides of the home plate.,1.6124270259511635e-80,0.15873015564625853,0.8492814302444458,0.0546448087431694
147,A picture of a building with a person on it.,"A snowboarder is shown in midair after making a jump in front of a white brick wall.  Snow has been pushed up to the wall by what looks like it was a bulldozer.  The snowboarder casts a shadow on the wall.  He is dressed mostly in black and gray, with some bright orange accents, the only color in the picture.  The entire image is white and gray.",2.5361261617395478e-157,0.1694915228382649,0.858892023563385,0.057096247960848286
148,"A close-up of a sign for a restaurant called ""Joe's"".","A red and white stop sign is mounted on a yellow pole on sidewalk.  Under the stop sign is a triangular ""caution"" traffic sign.  A bicycle is parked behind the yellow pole of the stop sign.  A white wall building with a red roof is directly behind the stop sign as well.  Three human silhouettes and the silhouette of a shopping cart are on the triangular caution sign.",2.1925327763547583e-157,0.1739130403308129,0.8359013795852661,0.04019292604501608
149,A large elephant with a large cut on its side. The cut is in the shape of a square.,"There are three elephants in front of a wooden fence. One elephant is large, the other is a baby and the third is slightly smaller than the large one. Al elephants are a light brownish-gray color. Behind the enclosure are trees with green leaves.",1.6117074328272996e-155,0.319999995648,0.8642959594726562,0.1325301204819277
150,Black and white photo of a building with a lot of small squares.,"A black cat lays on the keyboard of a laptop. the cat is yawnin as it lays down. The cat has a long tail. The laptop is turned on. The laptop is on the desk. There is a bookshelf on the wall, which is filled with many things. There are books on the floor. There are other items next to the wall.",1.3770507302057177e-156,0.12499999646701399,0.8408181667327881,0.043782837127845885
151,A woman is sitting on a chair in front of a computer.,two girls are sitting on a bench. the bench is wood and brown. they are looking at a baby. the baby is blonde and little.,1.219570571843235e-78,0.2758620642568371,0.8887521028518677,0.21565869667135493
152,A person is walking in front of a bus.,"A man in a black button down shirt, and a gray tie is seen standing in front of a tan building in a city. The building has a picture of a man on the front and Korean letters on either side of the image. A large concrete platform is in front of the building and two men are walking on the platform. A blue and white public transport bus is on the side of the building.",0.00020071772820521571,0.239999997048,0.8601030111312866,0.06920517124598756
153,A person is standing in front of a house.,A white and blue fire hydrant is sitting on the corner of a rural street. The house in the background is brick and has blue doors and window decorations. It appears to be fall according to the colors of the leaves on the trees.,1.5673233634870825e-156,0.1904761871088436,0.874803900718689,0.0617283950617284
154,A building with a clock tower is in the background.,A large brown building has a clock tower. The clock tower contains two clocks. The clocks have a white face with black hands and numbers. The numbers are roman numerals. The clock tower also has a flag. The flag is blue on a white pole. The building is huge with many windows. The sky is overcast with clouds.,7.709568723753954e-157,0.2666666632098766,0.888859212398529,0.10000587406015035
155,A close up of a plate of food.,the table is full of snack foods. there is a big black tray on the side. the tray is full of small plastic cups. the cups are full of shredded cheese and hot sauce. there is another tray of hot sauce next to it.,1.5837658415519692e-233,0.1176470555536333,0.851039469242096,0.03712871287128712
156,A messy room with a lot of clutter.,"The man is bending over the table. On the table is a birthday cake. The candles are lit. The man is trying to blow the candles out. The man seems to be holding his infant in his other arm while doing this. This is taking place inside a house, in the kitchen area.",3.906873649334058e-234,0.045454542479339034,0.8502388000488281,0.020618556701030927
157,A mosaic of a zebra.,There is a zebra standing on a gravel type road. The zebra appears to be standing near a tree. There are a lot of trees ad bushes to the right of the zebra. It is very sunny outside which is evident by the shadows cast by the trees.,2.9519812304257525e-235,0.16216215982468957,0.8715872168540955,0.04576659038901602
158,A collage of squares in different colors and sizes.,There is a man in a white uniform wearing a black cap pitching a baseball. There is a man standing behind him wearing a black shirt and gray pants. There is a player in a white uniform that is swinging a baseball bat about to hit the baseball. Behind that man is another man in a black shirt and gray pants who is crouched down wearing a helmet and face guard.,1.274672933968988e-234,0.09090908765495878,0.8199007511138916,0.023148148148148147
159,A large black and white mosaic of squares with a blue square in the upper right corner and a red square in the lower left corner.,"Modern fire engines park along a tree lined street.  The truck at the front of the procession is a ladder truck, with the long, white ladder and bucket on top of the rig.  The sky is deep blue, and it seems like a grassy park like area.  Two people can be seen in the distance, side by side.",1.5343611411290858e-155,0.1874999957031251,0.8310931921005249,0.13464365369018655
160,A photo of a room with a laptop on a table.,"An open laptop sits on a rustic wooden table. A lamp sits on the left of the laptop shining light on the table. A bunch of small glasses are on the table near a brown wall. In the distance a shelf with liquor is on a white wall. A table in front of the shelf is covered with empty, upturned glasses.",8.468740881570898e-157,0.31818181492768594,0.8694587349891663,0.08035714285714285
161,A jumbled collection of squares in black and red.,A picture of a tooth brush holder. The holder is red and in the shape of a bird. There are three toothbrushes inside of the holder. There are different colored bristles on each toothbrush. There is a keyboard beside the holder and a calendar is under the holder.,1.9521803595386562e-233,0.15384615029585808,0.8417233228683472,0.045351473922902494
162,A large black square with many small white squares in it.,There are two giraffes behind a fence. The fence is silver. There is man in a blue floral print shirt standing in front of the fence. The man is wearing a black cap.,1.6100104221506232e-232,0.11764705444636694,0.846747100353241,0.048701298701298704
163,A black and white photo of a building with a large window.,The clock is lit up because it is night time. The sky is very dark. On top of the clock is a baseball team sign. The face of the clock is white. The letters and clock hands are black. Around the circle of the face is yellow.,6.971096374487826e-233,0.1951219472932779,0.8512385487556458,0.03448275862068965
164,A large section of a photo has been cut off and placed in the center of the image. The section that has been cut off shows a person in a white shirt standing in front of a building. The person is wearing a white shirt and dark pants. The building is made of brick and has a large window. The person is standing in front of the building and is looking at the camera. The person is wearing a white shirt and dark pants. The building is made of brick and has a large window. The person is standing in front of the building and is looking at the camera.,"A man in a taupe tank top and black shorts is doing a trick with a skateboard. He is in the air, and holding the skateboard with one hand. In front of him is a black and white wall with a cartoon face painted on it. The sky above is mostly clear with one long wispy cloud.",4.01608186758926e-155,0.266666661688889,0.841796875,0.261368615509273
165,A woman in a blue shirt is walking in front of a brick building.,A teenage girl sits on a low brick wall and texts.  She is dressed in a cool summer top and bluejeans.  She has slipped off her shoes to be more comfortable.  The wind is blowing her long hair.  She has put her purple backpack on the wall next to her.  She enjoys the shade of a nearby tree.,3.3904774721512326e-156,0.21818181477024795,0.856951117515564,0.09925956156716419
166,A mosaic of many different colored squares.,This photo is taken outside on a sunny day. Two men can be seen on a sidewalk near a brick building. A large black trash can is near one of the men. Large green trees line the sidewalk. A road is beside the sidewalk and across from it is a large building. Vehicles are lined up on the street in front of the building.,3.873409277231026e-235,0.08163265061224496,0.8302769064903259,0.017152658662092625
167,A photo of a plane with a blue sign on the side.,A white airplane with a blue tail on it. There is a black and yellow sign on the ground in front of the plane. There is a orange and white flag hanging from the plane.,8.682164141520035e-79,0.4444444402006173,0.9005114436149597,0.1785781704232265
168,A black and white image with white squares of different sizes and shapes.,There are three buildings in a line and a tall clock tower across the street from the houses. The photo is in black and white. There are large gray clouds covering the sky.,1.1926857297109182e-155,0.16216215798392997,0.8656949400901794,0.06451612903225806
169,A view of a street with a building and flowers.,"This is a street corner. There are two street signs on a pole, with black text on a white background with a black rim. The one on top says ""Sandridge JMI School"" and the one on the bottom says ""HOSDB."" They are both pointing in the same direction, indicated with a black arrow on the sign. Behind the street corner is a building with a shingled overhang supported by dark green columns. There are three or four hanging baskets with flowers hanging from the underside of the overhang. The building is brick and two stories, with two windows flanking a dark sign with pale text reading ""GREEN MAN Good Food."" Behind the sign is a large amount of green climbing vine which obscures the sign for the next shop. There are the tops of two standing signs just visible in the foreground of the picture, and a couple of benches sitting on the sidewalk in front of the building.",3.504924213154341e-161,0.14736841933739614,0.8455508947372437,0.027758501040943788
170,A black metal fence with white square tiles.,"A commercial garage for buses is shown on a cloudy day. There are three buses in the parking lot, two of which are near the garage doors as if they were entering the garage. There are four garage bays that are empty with their doors open. There is a small cart in front of the door farthest right. On top of the building there is a blue sign with white writing.",2.7279504502287985e-158,0.10526315548168672,0.8417907953262329,0.03949854027133779
171,A black background with green squares in the right side of the image.,A large black bear is standing on a field. There is grass and dirt behind the bear. The bear has brown eyes and brown fur around its mouth.,3.982848450436413e-232,0.1714285669224491,0.8543239831924438,0.07547169811320754
172,A bunch of squares in a pattern.,A woman is wearing a pink shirt. She is standing in the water. There is a wave behind the woman. She is holding a white surfboard.,9.765957258146137e-233,0.23999999596800003,0.8440768122673035,0.06224066390041494
173,A photo of a building with orange squares in the background.,A young woman is walking between rows of buses.  The woman is wearing a red hoodie and black pants.  She is looking away from the camera.  The woman has dark hair.  The buses seem to be stopped at a red traffic light.,8.448008408714654e-233,0.1818181780681819,0.855991005897522,0.051413881748071974
174,A bunch of squares of different colors and sizes on a black background.,"A cake shaped like a high school track is half eaten and below it is written in blue frosting is ""Thank You Coaches"". On the table near the cake is a tray of cookies, cupcakes, a cobbler, and a dessert bar. beneath the cake there is a beige table runner with plums on it.",6.1244487557019615e-233,0.1960784277739331,0.8269341588020325,0.0501002004008016
175,A bunch of squares of different sizes are scattered all over the image.,There are many people at a market. The middle aisle has fruit. There are green watermelons. There are also yellow bananas. The man on the left is wearing a striped shirt and blue jeans.,2.2684403294544797e-232,0.09999999580000019,0.8477296829223633,0.04702194357366772
176,A mosaic of many small photos of people.,There are several people sitting around a table. There is a lady standing in front of the table. There is a white sign behind the table. There is a picture in a frame on the wall next to the sign.,1.9840741516635296e-233,0.12903225456815828,0.8667978644371033,0.02717391304347826
177,Randomly sized squares of varying shades of brown and black on a black background.,"A brick building has a window with white metal bars over it. There are two cameras on the building, one on one wall and another behind the corner. Under the camera there is a street sign that says Playhouse Yard. There is another building to the right of the brick building.",9.477920004958167e-233,0.1199999963520001,0.8195347189903259,0.042283298097251586
178,"A person walking down a street with a sign that says ""Yale St"".","A group of people is standing outside at an amusement park that looks like Six Flags as there are large roller coasters in the background. It looks like a nice day with a sunny sky and no clouds. The group consists of 6 men, most of whom appear to be on the spectrum from overweight to obese. Their ages appear to range from 45 - 70 years old. Three gentleman are standing in front and three others are standing in back. They are wearing laynards with colorful badges around their necks. Four guys are wearing glasses and one is wearing sunglasses. Most are in casual, vacation attire, except for one guy who is wearing a tie. There are a couple other people in the background who appear to be in in line for something.",5.72603711518846e-159,0.0784313704728951,0.8248141407966614,0.020508613617719437
179,A person is holding a gun.,A woman is smiling in the camera. In front of the woman is a small brown bear figurine with a laptop. The laptop has an Apple logo on it.,3.314784586045223e-233,0.19999999680000002,0.8785738348960876,0.0749063670411985
180,A beach scene with a red flag.,There are a lot of people standing on the beach. There are waves in the water. There are a lot of surf boards surrounding the people.,7.4205228292870935e-233,0.17391303924385643,0.8832782506942749,0.04149377593360997
181,A cat is sitting on a bed.,A doll is dressed up in a black suit with a silver vest. There is a green couch with red throw pillows on it behind him. There is a gold table in front of the couch.,2.5149468712410838e-233,0.23529411437716266,0.8699048161506653,0.06042296072507554
182,A black and white image with a red square in the middle.,The fire hydrant is red orange. It has two silver chains. Behind the hydrant is a wooden fence. Inside the fence is the foggy area of the forest.,3.3957367636868474e-232,0.18181817719008275,0.8597556352615356,0.056818181818181816
183,A black and white photo of a window with a plant in front of it.,Someone is taking a picture from inside the airplane bathroom. The bathroom is very small and close. The person has on an olive green top and a carrying bag.,4.7909794278624914e-232,0.10810810355003672,0.8644698858261108,0.05434782608695652
184,A black and white photo of a laptop computer with a screen showing.,There is a white desk against a yellow wall. There is a computer on top of the desk. There is a black keyboard in front of the computer. There are bottles on the desk.,2.9854353675283022e-232,0.32258064041623313,0.8569340109825134,0.109717868338558
185,A street with a red car parked on the side of the road.,A large double deck bus is driving on the street. There are people standing next to the bus. There is a large red building behind the bus.,2.250231132546447e-155,0.3124999953125,0.898654580116272,0.1171875
186,"A jumbled collection of squares in various shades of brown, red, and green. The squares are arranged in a random pattern, with no discernible order or structure. The squares are of different sizes, with some being larger and some being smaller. The colors of the squares vary, with some being light and some being dark. The squares are also of different shades, with some being light and some being dark. The overall effect of the image is one of chaos and disorder.","Three rocks sit in a semi-circle on top of a rock ledge.  The rocks each have something painted on them.  The largest one in the middle has a stop sign.  On the right is a light blue circle rimmed in red, with a black line through the center.  On the left is some red lettering in Russian.  Lush trees are in the background.",3.251773688352508e-155,0.2222222172246915,0.8372318744659424,0.1463790446841294
187,A large black fence with a pattern of small red and brown squares.,There is a clock tower in front of the building. The clock tower is gray in color and it has a total of four facings. The hands are black and the face plate is white. The building behind it is brown in color. The building has long rows of windows on the second story. It has patches of checkered patterns in different spots along the face and at the end of the windows on the second floor. The sky is clear and blue. You can see a tree with no leaves on the right side of the picture.,2.1724136942230292e-234,0.17391304042007985,0.8550304770469666,0.04469273743016759
188,A tennis player is about to hit a tennis ball with his racquet.,A person wearing a white tennis outfit is wearing a white visor. They are swinging a tennis racket. There is a person in a yellow shirt.,2.321876335815011e-155,0.2758620641141499,0.8751422762870789,0.10121457489878542
189,A beach scene with a large wave crashing on the shore.,"A small brown dog is running down the beach, very near the shore, looking at another dog. The other dog is black, and is running through the water right near the shore. You can see waves coming into the shore.",4.341563711006763e-156,0.1499999960125001,0.8896645903587341,0.08507412398921835
190,A building with a black background and a yellow light in the upper right corner.,There are two yellow lights hanging from a black wire. There are two green trees under it. There is a tan building next to the trees. There are several signs next to the building.,1.7280203827859458e-155,0.2222222174691359,0.8766189217567444,0.1783330154491703
191,"A collection of squares of various sizes and colors. The squares are mostly red, orange, and yellow, with some purple and white squares as well. The squares are arranged in a random pattern, with no discernible order or structure. The background is black, which makes the squares stand out. The squares are of different sizes, with some being larger and some being smaller. The squares are also of different colors, with some being more saturated and some being more muted. The overall effect of the image is one of chaos and disorder.",This is a photo inside of a pub.  A sandwich on a roll wrapped in a napkind is sitting directly in front of the camera.  Bottles of beer line the counter top.  A man in a striped shirt stands behind the bar.,3.2977855423358716e-155,0.14285713826530627,0.825790286064148,0.1678207226488732
192,A bunch of squares in a pattern on a black background.,a bathroom is set up. the tub is white in color. the tub has legs on it. the light is turned on. the mirror is very small.,3.0742515548702525e-232,0.20689654720570758,0.8508538603782654,0.05905511811023622
193,A skier is skiing down a snowy slope.,An adult and a kid is on the snow. The adult is teaching the kid how to ski. The kid is wearing an orange jacket and black leggings. He is also wearing a helmet. The adult is wearing a yellow green jacket and black pants. There are bare trees visible.,6.76000933606504e-234,0.10256409930309017,0.8612529635429382,0.03275109170305676
194,A small portion of a photo of a house at night.,White cabinets are in a kitchen. There is a window above the sink with white curtains. There is a white microwave on the counter.,3.648888025177688e-232,0.0740740696296299,0.8471801280975342,0.06607929515418502
195,A street sign for West 13th.,Many people are walking with raised umbrellas on a city street.  The umbrellas are a variety of colors.  The people are walking on a sidewalk lined with businesses in stone buildings.  The businesses and stores have awnings and several flag poles attached to the front of the businesses.  The flags are American flags.  To the right of the umbrellas is a city street lined with vehicles including one white van. On the sidewalk are also black traffic lights and street signs.  One street sign has a black and white arrow on it and the other sign is blue with white type.,1.0076741185617566e-161,0.06451612728407914,0.8272212743759155,0.016393442622950817
196,"A blue sky with a few clouds and a building with the word ""unels"" on it.","A large ornate old cruise ship is seen docked at a port. In front of the ship there is a banner which reads ""Brunel's ss Great Britain"" to the left of the ship there is another ship, this one rusty which is flying lags of various countries. To the right there are some warehouses. The sky above is blue with a few fluffy clouds.",1.5973417331550647e-79,0.2258064481165453,0.8594241738319397,0.06756756756756756
197,A black and white photo of a table with a white table cloth.,"Two red, blue, yellow, and cream candle holders sits on a white shelf next to a small plate. On the table below thee are plates shaped like flowers. The wall behind the shelf is cinder block painted white. On the left of the shelf there is an unpainted wooden bookcase.",3.8358354516296986e-156,0.19607842821991545,0.8484939932823181,0.06479481641468682
198,A black and white photo of a beach with a large number of small square pixels in the top half of the photo.,"A large sun hangs in the sky, with a long group of people riding horses below it. They are on a beach, and the reflection of the sun is prominent in the water. You can see footprints in the sand near the foreground of the picture, and tire tracks are imprinted there as well. The sea is rather choppy, and you can see waves forming and crashing down. There are probably 30 horses in the picture, and 10 or 15 riders.",6.187750907603557e-156,0.1621621584806429,0.8507488965988159,0.07978723404255318
199,"A black background with a collage of squares in various colors including blue, green, yellow, orange, and white.",There are books sitting on a bed. There are white blankets on the bed. There is a lamp next to the bed. The book on the bottom of the pile is white and green.,4.785540229813451e-232,0.20512820015779104,0.8552080988883972,0.0617283950617284
200,A cat is in the center of the image.,A cat is inside of a sink. The cat is brown and striped with black and is looking at the camera. The cat has a collar on and the eyes are big and yellow.,2.982979195384739e-79,0.31249999625,0.8805372714996338,0.11111111111111109
201,A collection of small square images of buildings and architecture are displayed on a black background.,Its the inside of a very large cathedral. It is massive and beautiful. There are a large amount of rows of seats on both sides. The beams on the inside on both sides are white and large. There are gold candle items hanging from the ceiling.,2.1863213053063146e-232,0.22222221777777784,0.8469525575637817,0.08139534883720931
202,Green and black image with squares of different sizes.,Lots of dark colored cows stand on top of a hill. There are trees behind them and long tall grass under them. They have green and yellow tags in their ears.,1.0854166058079584e-232,0.10810810442658889,0.8387228846549988,0.1095920138888889
203,A black background with a pattern of squares in different shades of green and white.,A pole holds a red sign on it. There are cars lining the street. There is a black fence behind the sign. There are white clouds in the sky.,5.14824243716627e-232,0.2222222174691359,0.851082980632782,0.07246376811594203
204,A woman is holding a green object in her hand.,The man is wearing a white shirt. He has brown hair. He is holding a frisbee. The frisbee is green. It has black graphics on it. He is also wearing black shorts.,4.088772397815195e-79,0.25806451175858486,0.8840640783309937,0.10591442953020135
205,A bunch of squares in different colors and sizes.,The rain is coming down heavy outside on the street. There is a person crossing the street at the corner. Someone is holding an umbrella with big flowers on it. The sky is cloudy and grey.,5.236779049258791e-233,0.054054050372534954,0.8480385541915894,0.03003003003003003
206,A person is sitting on a chair in front of a table with a lamp on it.,There is a woman sitting at the table. There is a black remote on the table. There is a white plate with a white cup on top of the plate. There is a spoon on the plate.,1.961805430901098e-155,0.37499999507812504,0.8891822099685669,0.14285714285714288
207,A black background is covered in small squares of various shades of brown.,A very detailed and neat bathroom. There are wooden accents in a majority white room. The bathroom is vintage and is black on the outside.,5.390763376891056e-232,0.17647058366782017,0.8531255125999451,0.08403361344537816
208,A red and black pixelated image with a missing square in the center.,A clock sits on the ground. There is a white face with golden hands. There is an ornate black and gold design around the face of the clock which more than doubles the side of the clock. The clock sits on a black surface that appears to be the street. People are standing around the clock and five pairs of shoes are visible.,3.207723354644446e-233,0.1851851815294925,0.8478116989135742,0.05172413793103448
209,A cow is standing in a field of grass.,There are brown and white cows in a field. There is tall grass and yellow flowers in the field. There are trees in the distance around the field.,8.161603624195949e-156,0.2962962918518519,0.9134165644645691,0.07662835249042145
210,A black and white photo of a fence with a bunch of small square images of buildings and trees in the background.,"A gray train is riding on it's tracks. Three train cars with red stickers labeled ""Ringling Bros. and Barnum Bailey"". All around the train tracks there is tall over grown grass, and gavel beside the road near the train tracks. Behind the tracks are a number of trees.",4.196817154018992e-232,0.25454545014214885,0.8477059006690979,0.07709251101321586
211,A collection of squares in various colors and sizes.,There is a silver laptop with black buttons on it sitting on a couch. There is a dog laying on the couch next to the laptop. The dog is white and has black spots on its ears.,4.686075786746543e-233,0.06060605663911872,0.8391392827033997,0.029239766081871347
212,A row of yellow school buses are parked in a grassy field.,there is a big yellow bus that is parked. the bus is two stories. there is an ad on the side of the bus. there are four black tires. there is a white bus next to the yellow one. the buses are parked on green grass.,2.2181295344366966e-79,0.25641025214990143,0.8873847723007202,0.13437769473986777
213,A black and white image with red squares scattered throughout.,"The cement side of this building has a silhouette of a man painted in black, to resemble a shadow next to the electrical box on the outside.  On the ground by his feet is a silhouette of a cat.  The man holds a red umbrella in his outstretched hand, to protect the cat from rain.  A bowler hat is on his head and he wears a calf length raincoat.  Graffiti is written over the black silhouette of the man, as well as a few places on the wall.  Some is spray painted onto the electrical box.",2.6674161544312916e-235,0.11428571183673475,0.8249961137771606,0.02288329519450801
214,"A large metal sculpture with a pattern of squares in various shades of brown and black. The squares are arranged in a grid pattern with some squares being slightly larger than others. The sculpture is set against a backdrop of trees and grass, with a few glimpses of blue sky visible in the upper left corner.",The blue water is off to the side of the park. There are a lot of people standing by the water. Some people are sitting down on park benches underneath the trees. Each tree has leafs that are changing color due to the fall weather.,1.1200407237786664e-231,0.18918918422206002,0.8485779166221619,0.1301518438177874
215,A woman in a blue jersey and white shorts is playing softball.,"A man wearing a blue baseball shirt, white pants and a blue hard hat is holding a black bat. He is wearing white gloves on his hands. He is standing on top of dirt.",1.1011842606452531e-155,0.3243243199415632,0.8981220722198486,0.09433962264150944
216,A wooden cabinet with a white bowl on it.,"The counter top in a bathroom of a hotel room is made of marble and has two white inset sinks. there is a basket of toiletries on the left, and a box of Kleenex on the right. There is a glass shelf behind the counter with a small bottle in front of a card, and two glasses turned upside down. There is a mirror with a decorative frame on the wall behind the sink.",5.287895101300322e-158,0.1481481453703704,0.8664367198944092,0.05511111111111111
217,A dark picture of a building with a lot of white squares in it.,"A sign is shown on a sidewalk. The sign is triangular, red and white, and has two people walking on it. There are a couple of cars parked on the street near the sidewalk.",3.375189235578896e-232,0.21052631146814413,0.8825926780700684,0.078125
218,A mosaic of people and objects in a market.,"There are tables that have vegetables on them. There is a pile of raddishes, a pile of carrots, a pile of peas and some potatoes. There is a lady standing there with an apron on.",7.7019289260095925e-233,0.18181817785123974,0.8506990671157837,0.0617283950617284
219,White and black squares on a black background.,A person in a black suit is sitting on a surf board in the middle of the ocean.  The ocean has a lot of waves that are white.  The man is sitting waiting on a wave to roll by.  The water is very choppy.,9.480644304397906e-157,0.15789473383656513,0.8311770558357239,0.06325632563256324
220,A black background with a bunch of squares in different colors and sizes.,There is a white and red truck parked on the street. There is graffiti on the side of the van. There is a building behind it.,4.645241713306332e-232,0.19354838222684714,0.8524081110954285,0.08097165991902834
221,Pixelated man sitting at desk with laptop.,Some people are gaming together in a room. They all have there own computers and are focused on the game they are playing. They all appear to have some snacks and drinks next to them.,0.0,0.0,0.8706762790679932,0.0
222,"A black metal wall with a pattern of squares of different sizes. The squares are arranged in a grid pattern. The wall is made of metal and has a black finish. The squares are of different sizes, with some being larger and some being smaller. The squares are arranged in a random pattern, with no discernible order. The wall is in front of a person, who is wearing a blue shirt. The person is standing in front of the wall, and their face is visible. The person is looking at the wall.",A man in a yellow rain coat is walking on the sidewalk. There is a woman standing next to him carrying a blue and white umbrella. There is a lady and a little boy crossing the street.,3.7089621841413665e-155,0.2162162115120527,0.8523358106613159,0.18823529411764703
223,A beach volleyball game is underway.,"People are in the water at the beach.  A man is entering the water carrying a white surfboard with a red edge.  He is wearing a blue and white bathing suit.  A bit further down the beach, a couple is standing in the shallow water together looking down at something.  Low waives roll in towards the shore.",2.8165983056855464e-235,0.13333333102222228,0.8274739980697632,0.019267822736030827
224,A large number of red squares of various sizes cover the entire image.,A wooden table that has a silver trophy in the middle of it. In front of the trophy are several bowls and dishes containing food. There is a loaf of bread on a block of wood at the front of the table.,1.4578965760344551e-232,0.14285713877551035,0.8502492904663086,0.051150895140664954
225,A collage of photos of a cat.,A cat is positioned in front of an apple computer and keyboard.  It's fur is blackish brown.  His eyes are green.  A white mouse is sitting on the black mouse pad.  A router is positioned against the wall on the computer desk.,8.974678565327572e-234,0.10810810539079627,0.8352677226066589,0.03896103896103896
226,A photo of a room with a broken window.,A brown sectional couch in a room with colorful pillows on it. There is a brown leather ottoman in front of the couch. There is a tan and brown rug under the ottoman. There is a fireplace on the wall. Behind the couch is a window and a door that has blue curtains on them.,2.8926536267503787e-80,0.24390243588340277,0.8561089038848877,0.0846009700176367
227,A black and white image with a few squares missing.,A lone dark grey plane is flying through a cloudy sky. The sky is completely overcast. The plane has four propellers. Two propellers on each wing. It has a top tail and two side tails.,1.1067573950061266e-232,0.157894732963989,0.8334890007972717,0.061538461538461535
228,A photo of a city street with a bridge in the background.,The sky is partly cloudy. The water is calm and clear. The train is in motion above the water on the bridge. The train is a royal blue color.,3.1242286429815392e-232,0.19354838251821027,0.8671205043792725,0.054945054945054944
229,A close-up of a person's foot on a grassy field.,"There is a man in a white baseball uniform with green trim that plays for the Spartans and is #14. He is wearing white Nike cleats with green socks and a green hat as well. He has a brown leather baseball glove on his left hand, and has just thrown the baseball, which is in the air, from his right hand. The man is white and has medium length hair. He is standing on the dirt part of the baseball field with neatly trimmed green grass behind him.",5.936443825008818e-235,0.1230769206911243,0.8373814821243286,0.031172069825436407
230,A black and white photograph of a woman's face is missing from the center of the image.,There is a bed with purple blankets on it. There is one purple pillow and one pink pillow on the bed. There is a blanket on the wall behind the bed. There is a book on top of the bed.,1.4859114012463949e-155,0.2285714236734695,0.8432281017303467,0.12721268878904346
231,A black metal fence with blue squares is in the foreground. In the background is a lake with two people in a canoe.,Three elephants are in the water. They are all walking in the same direction. They all have very long tusks showing that are not in the water.,3.737834852795827e-155,0.11111110611111134,0.8536738753318787,0.09398496240601503
232,A close up of a bottle of Jose Cuervo Especial tequila.,"A bald man and a woman with short brown hair sit at a dark brown wood table. On the table there are 4 wine glasses, and a wine bottle. The man appears to be pouring something into one of the glasses. there is also a brown beer bottle on the table.",3.7275415114401477e-233,0.17021276260751475,0.8254407048225403,0.04255319148936171
233,A black and white photo of a zebra.,"This is an image of zebras in the wild. The zebras have black and white stripes. The long and beige grasses are visible. Beside the zebra is a small, bare tree.",2.861901307311763e-79,0.29411764346020763,0.881965160369873,0.08710801393728222
234,"A collage of different images. The top left corner has a white square. To the right of it, there are 10 white squares. Below the white squares, there is a blue square. To the right of the blue square, there are 10 blue squares. Below the blue squares, there is a zebra. To the right of the zebra, there are 10 white squares. Below the white squares, there is a tan square.",a bunch of zebras are roaming in the grass. the grass is yellow in color. there are three zebras. they all have stripes.,2.96685964357553e-155,0.25531914421004986,0.8363248705863953,0.14336917562724014
235,"A black background with a pattern of red, pink and white squares.",The room is an image of a bathroom. It has a white sink and a silver metal faucet. On the sink is a bottle of hand soap. The bottle is orange and white with orange pump lid on it. On the other side is an orange cup that is full of toothbrushes. The wall is made of tiles. On the wall is a mirror with wooden frame.,6.725968957857297e-157,0.1960784277739331,0.8458218574523926,0.06933152664859982
236,A large green grassy area with a few trees in the background.,People are playing frisbee outside in the park. A man has his shirt off and he is reaching out to catch the frisbee. Others are running around to position themselves to be catching the frisbee later. The grass is green and there is shade from a nearby tree. There is a stone fence along the park and trees are behind it. There is also a stone pillar by the fence.,5.4824736070360945e-157,0.19999999680000002,0.8669254183769226,0.04672897196261682
237,A person wearing a green shirt is in the middle of the picture.,The woman is reaching up to catch the frisbee. There is a man to the right that is catching a yellow frisbee as he bends down. The trees and the grass are green around and under the people's feet. Three of the people playing are wearing green shirts.,4.649552991335619e-156,0.2127659536441829,0.8782366514205933,0.11955758426966291
238,A baseball game is underway.,there are people playing tennis. one of the players is wearing a blue shirt. his shorts are white in color. he is holding a black racket. the stands are filled with people.,5.50269726200703e-234,0.0645161263267431,0.8558473587036133,0.034129692832764506
239,A photo of a grassy field with a few trees in the background.,"There are three elephants outside. People are on top of the elephants riding them over the field. There is green grass, green bushes, and trees with green leafs by the field. Off in the distance you can see mountains. The sky is blue, but also cloudy.",4.985327900952855e-156,0.2083333295833334,0.8699130415916443,0.058548009367681494
240,A collection of small squares of different colors and sizes.,There are several long boats in the water. There is a woman wearing a white hat. There are several bananas and fruits in the boat. There is a man on the dock.,1.1351688452135078e-232,0.06666666246666693,0.8536695241928101,0.03355704697986577
241,A car is parked in a parking lot.,A sign is on a pole near the street. The pole is black and the sign is white and red. A bunch of cars are parked on both sides of the street. The sky is filled with cloud.,3.6028527898631017e-233,0.24242423875114788,0.8741053342819214,0.07142857142857141
242,A close up of a tree trunk with a few leaves.,a bird is on a rock. the bird is brown and red. the bird is very small. the bird has very jagged feet. the bird has black eyes.,2.5365023561096446e-232,0.0769230721893494,0.8427268862724304,0.03802281368821293
243,A woman is sitting at a table with a plate of food in front of her.,"There is a table full of food and drinks. There are white plates, silverware, and white cups and saucers. One of the cups holds coffee. There are two clear vessels with silver lids and black handles. Several people can be seen sitting around the table.",1.2373445577467314e-155,0.2916666625347223,0.881109356880188,0.12637321852731592
244,Tree and grass in the background.,A large elephant is walking on a field. The elephant has large white trunks on the mouth of it. There is a large tree next to the elephant.,2.975482570578e-233,0.07692307337278123,0.8451837301254272,0.03875968992248062
245,A plate of food is covered in a mosaic of yellow and white squares.,A teenage boy sits at a table in a restaurant. He has short black hair and is wearing a short sleeve t-shirt. He is putting food up to his mouth. A large circular white plate with a black stripe around it sits before him. French fries and a foot-long hot dog with chili are on the plate. A full glass with a straw  and utensils also sit on the wooden table. A white shopping bag is visible beside the boy in the booth he sits in.,3.989444127286429e-157,0.1999999969755102,0.8524438738822937,0.050761421319796954
246,A black and white photo of a woman with a lot of squares covering her face.,An average sized cat is standing in the tub. The tub is white and is not filled with water. The shower curtain is clear and on the right side. The washcloth is dark colored and hanging from the tub. The tub has a silver drain and stopped. The cat is standing in the middle of the tub while facing the wall.,8.180269251982355e-233,0.11764705484044613,0.8398020267486572,0.05309734513274336
247,A cat is in the background and it is made up of many squares.,A gray and black cat is standing on a counter. The counter is white and brown. There is a coffee mug sitting on top of the counter in front of the cat.,1.8882010981118283e-155,0.3428571381877551,0.8710549473762512,0.13245033112582782
248,A person in a black jacket and red hat skiing down a snowy slope.,A man is skiing down the mountain. There is a log of white fluffy snow. The man is wearing a red hat and blue snowsuit. He is holding ski poles in his hands. He gas black gloves on his hands and sunglasses on his face. Behind the man are trees that are covered in snow.,4.592503081016632e-156,0.34615384240384617,0.8841353058815002,0.1461689587426326
249,A black and white photo of a person in a white shirt and black pants.,A man stands in the snow. He is holding a black pole. There are trees behind the man. There are tracks in the snow. The man is wearing a dark colored cap.,4.456845683306311e-232,0.24242423797979806,0.8594191074371338,0.09900990099009901
250,Randomly placed squares of different colors and sizes on a black background.,"The head and neck of a giraffe is seen behind a small knoll which is partially grassy area and partially rocky. There are two wooden poles in the grassy area, as well as two light green rectangles which may be steps. There is a strip of black material suspended between the poles. The giraffe is seen in profile. Its mouth is closed. There is grass and rocks visible behind the giraffe's head, as well as some dirt pathways and more grass. A number of tree trunks are seen rising upward from the grass behind the giraffe.",1.2623117842123626e-234,0.08571428287346948,0.8132789134979248,0.022831050228310504
251,A clock tower is in the background.,There are two clocks at a tower near a larger building behind it.  The two clocks are black with white faces.  The numbers are roman numerals and the right clock reads 12:15 while the left clock reads 11:40.  The tower has detailed architecture which makes it appear very old.  There are ornate golden decorations also visible on the clock tower.,7.590746334597502e-235,0.11999999759200004,0.8626359701156616,0.036563071297989025
252,Black and white digital art with squares.,A bed covered in white blankets and pillows sits in the corner. There is a silver laptop sitting on the bed. The apple logo on the screen is lit up. There is a poster hanging on the wall. The walls of the room are white as well. The laptop on the bed is open. There is nobody in the room.,6.859013596836201e-235,0.09523809246031753,0.8214844465255737,0.018281535648994512
253,A black background with a pattern of squares in various colors.,two legs are riding on a skateboard. the skateboard is in the air. the skateboard is black in color. there is another person skateboarding in the background. the skate park is surrounded by mountains. there is a grey rail next to the ramp.,7.178576564175185e-233,0.20512820107823804,0.8454428911209106,0.050251256281407045
254,A black and white photo of a person skiing in the snow.,There are two people dressed in winter gear on snowboards in mid air. The hill is covered in white snow. There are people standing on top of the hill in the back round. You can also see trees covered with snow. The sky is cloudy and looks cold.,3.429123288889445e-156,0.2553191451335446,0.8675317168235779,0.06756756756756756
255,A black and white image with a pattern of squares in the background.,There is a cake in a white box. The box is sitting on a table. There is an empty white plate sitting next to the cake. There is a person holding a knife cutting the cake.,2.3129717210997064e-232,0.23529411292387553,0.8546884655952454,0.07418397626112759
256,A red and white bus drives down a street.,"This is a large, black and red train. A jet of steam comes out the side and hits the ground. the train has three headlights on the front as well as an identification number. the door to the front car is slid open and a man stands at the rear of the car doing something. There are trees in the background behind he train.",3.299444748362344e-234,0.14545454271735542,0.8596917986869812,0.03418803418803419
257,A photo of a house with a lot of broken squares.,Black cabinets are above a kitchen cabinet that isn't finished. There is a ladder leaning against the wall. There is a white door on the hall leading into the kitchen.,2.114816241110987e-232,0.06249999595703151,0.8608507513999939,0.05338078291814947
258,A black and white image with squares of varying sizes.,"The image is a black and white photo. A young boy is sitting in the space between the poles of two parking meters off the ground. His arms are wrapped around the two meters and his feet are tucked behind the main bar supporting the two meters. He is smiling with his mouth wide open. He is dressed in warm weather clothing including dark shorts, a striped t-shirt, tennis shoes, and socks. His hair appears to be light colored. To the boy's left there is an older model car parked in a parking space. In the distance behind him there are several older model cars parked in a parking lot. The area is surrounded by mature trees. The concrete of the parking area in the foreground is stained from previous vehicles' fluid leakage. From the content of the photo and the models of vehicles, it appears this is a vintage photograph.",3.431490475777057e-84,0.11428571256235831,0.8411536812782288,0.02556610664718773
259,Black motorcycle with a chrome engine and black leather seat.,a bunch of cars are in a parking lot. there is  black motorcycle that are parked. the motorcycle is clean and shiny. there is a white building in the background. the sky is blue in color.,1.0761124809252467e-232,0.17647058408304508,0.8573753237724304,0.05988023952095808
260,A photo of a woman sitting on a couch with a floral pillow behind her.,A tall brown and white cake is sitting on a table. There are red and yellow flower petals around the cake. There is a white plate on the table with a fork on top of it.,9.222230693256368e-79,0.2631578902354571,0.8765271306037903,0.15694137168141592
261,A red fire hydrant is in the foreground. Behind the fire hydrant is a black and white street with a few cars parked on it.,"This photo is taken outside on a sunny day. A woman is walking on a sidewalk while looking at her phone. She has a large black purse on her shoulder. A tall red fire hydrant is sitting on the sidewalk beside the woman. There is a gray car on the road in front of the woman. A gray fence can be seen across the street, surrounded by vehicles.",0.024361071371484275,0.2985074584985521,0.888407289981842,0.1588348159776731
262,"A street sign that says ""Floor 56"" is on the left.",a yellow taxi got into an accident. he hit a tree and crashed. there is a cop car next to him. The man is talking with the cop. there is a store right next to the accident.,1.1191889696169212e-232,0.10810810392987599,0.8558146953582764,0.0436046511627907
263,A beach with a man walking on it.,A surfer is wearing a black wet suit. He is standing on top of a white surfboard. There are large waves in the water behind the man. The sky is blue.,8.043026600173053e-233,0.1714285679020409,0.8748316764831543,0.05226480836236933
264,A baseball player is standing on the field.,"A batter is swinging his bat to hit the baseball. He is wearing a black helmet and a white uniform. The catcher is behind him with a red mask on his face, and behind him is the umpire with a black helmet. There is green grass on the field.",3.0164217856324558e-80,0.2499999968,0.8770774006843567,0.09933184855233854
265,"A mosaic of squares in various colors, including pink, orange, green, and blue.","The plate is colorful. At the center of the plate is a white, creamy dip. On the plate, there is  cucumber, broccoli, carrots, tomatoes and red peppers. Beside the plate is a knife with black handle.",1.944969628855874e-232,0.0999999956125002,0.8491443991661072,0.04451038575667656
266,A black and white image with many small squares of different sizes and colors.,A child in a blue and black coat and black pants is stanind on a snow board apparently watching an older man in a white coat who is walking off.  Snow covers the ground and is well tracked.  To the right of the boy on the board is a line of people waiting.,9.09271931124022e-233,0.2040816287546856,0.8267739415168762,0.061099796334012225
267,A close up of a bed with a comforter that has a pattern of squares on it.,A gray cat is sitting on a closed toilet and looking down at an orange cat. The orange cat is looking up at the gray cat. The toilet seat and lid are light wood. The toilet itself is white and so are the tiles on the floor. The toilet paper roll hangs on a metallic holder.,1.353056585358161e-232,0.17021276177455874,0.8362793922424316,0.057581573896353155
268,The number 10 is at the bottom right corner of the image.,A white airplane is taking off from the ground. There is blue writing on the side of the airplane. There are white vans on the ground below it.,1.6405309250716845e-155,0.19999999535555565,0.8506181836128235,0.0946969696969697
269,A night view of a city with many small square buildings.,Two people are skiing on snow. One of the people is wearing a white coat and orange pants. They are holding black ski poles. There is a person standing behind them also in the snow.,1.3423508875995355e-232,0.09999999601250016,0.8530697822570801,0.0460122699386503
270,A black and white photo of a cityscape with a lot of white squares.,A boy is sitting at a small dock. The boat has small wooden benches on it. Above the boat is a bridge that has people walking on it.,4.559971690045903e-232,0.12499999548828142,0.8610908389091492,0.056390977443609026
271,A large tree in a grassy field.,There is a man in a brown shirt standing on the grass. There is a yellow frisbee in front of the man. There are trees behind the man.,3.46923681423589e-156,0.1599999959680001,0.883637547492981,0.07722007722007723
272,"A jumbled collection of squares, each with different colors and sizes, with a few larger squares in the middle.","An abandoned train is shown on the tracks. There are some graffiti words on the train. The color of the writings are green, yellow, black, white, and a gray color.",6.91673717884095e-232,0.19047618557823143,0.8619106411933899,0.08650519031141868
273,A group of people are standing on a tennis court.,Two people are playing tennis. They are wearing white uniforms. The woman is wearing a tennis skort. She is swinging her racket. The dirt under her is light brown.,1.218216758115705e-155,0.2499999957031251,0.8844948410987854,0.11646678966789668
274,"A collection of squares of varying sizes and colors, arranged in a grid pattern. The squares are primarily in shades of brown, with some in lighter and darker tones. The squares are scattered throughout the image, with no discernible pattern or order. The background is black, which makes the brown squares stand out. The squares are of different sizes, with some being larger and some smaller. The squares are also of different colors, with some being light brown and others being dark brown. The image has a somewhat abstract and geometric feel, with the squares arranged in a random pattern.",A wooden desk with a laptop on top of it. There is a silver keyboard in front of the laptop and a mouse next to the keyboard. There are wires coming off of the laptop. There is a wall behind the desk and there is a blue note stuck to the wall.,1.1522277201606316e-231,0.20930232097079512,0.8340883851051331,0.16725352112676056
275,A man in a white shirt is sitting on a bench in a park.,There are people on the tennis court. There are bushes and trees behind them. They are all wearing white shirts and holding tennis rackets.,5.483065946899793e-232,0.13333332868888906,0.8833343982696533,0.1111111111111111
276,A black and white photo of a building with a blue sky in the reflection.,three birds are perched onto a handrail. the handrail is made out of wood. the wood is dark brown in color. the birds have white necks.,6.648832463932238e-232,0.23529411280276827,0.8565843105316162,0.12048192771084337
277,A large number of small squares of various colors and sizes are scattered across a black background.,A bicycle is parked at a metal bicycle stand. There is a gold color lock attached to the bicycle stand. The bike is leaning onto the side of it. There is a black and gray bag attached to the bicycle. Behind the bicycle is a road with a large bus on it. The bus is white and blue and has an orange digital sign on the front.,3.035505966267446e-156,0.21428571020408166,0.8374349474906921,0.056451612903225805
278,A collection of squares of different sizes and colors with a black background.,A black vehicle with rain on it.  The inside of the car has black interior  A bird is sitting by the window.  The bird is white on top and with wings and tail are light blue.  The bird is looking into the mirror.  There is a bush on side of the car with purple flowers on it.,5.289044372853704e-233,0.2083333295833334,0.8381727933883667,0.06653992395437262
279,A collage of squares in various colors and sizes.,A large barn is surrounded by wooden and metal fences. In front of the barn is a paved street. The roof of the barn is grey and the walls are painted white. The doors are bright white. There are many pastures surrounding the barn.,2.833381309242575e-233,0.15384615029585808,0.8390152454376221,0.04938271604938271
280,A black background with a blue and tan section in the middle.,"A single red bench sits on the brick patio near the water. There is a short wall at the end of the patio, looking out over the water. The water spans as far as the eye can see, and is a bright blue. The sky is light blue above the water. There are dark shadows cast on the patio from unseen objects as well as from the bench.",1.3764103539643238e-233,0.14285713948979603,0.8440070152282715,0.04807692307692308
281,A large black and white image of a train station with a brick sidewalk in front.,There is a white and yellow train with red doors next to a red and yellow train. They are on top of the railroad tracks. There is a brick walkway next to the trains.,2.069238784170121e-155,0.31578946890581727,0.8812521696090698,0.1813511233801089
282,A woman is playing soccer on a field.,A man is standing on a field. The turf is green. It is night time. He is dressed in pants and a long sleeve shirt. He also has a winter hat on. He just got done throwing a Frisbee in the air. In back of him is a white brick wall and a blue trash can.,1.2574316777609982e-80,0.19999999731200002,0.8697196245193481,0.04882812500000001
283,A brick wall made of red bricks is shown in this image.,"A bricked sidewalk is showing little action. The gray brick sidewalk lines a red brick building. The building contains a street light at the top of the wall. There is also a sign on the wall that reads Copper Alley Nite Club Now Open, with a black double door for its entrance. On the sidewalk is a pole that has a no parking sign. There are two bicycles parked against the silver pole.",9.497016844601759e-234,0.15624999695312503,0.8456222414970398,0.06726457399103138
284,A close up of a window with a view of a snowy forest.,A man with skis is skiing up a hill with ski poles. The slope is white and smooth and the sky is cloudy and grey. There are skinny pine trees in front of the skis. The skier is wearing a black jacket and a red and black backpack. His ski pants are grey.,7.19459384688343e-233,0.21739130094517964,0.8473436832427979,0.07142857142857142
285,Black and white square pattern of a building with a reflection of a building in the middle.,The back of a stop sign on a pole is at the intersection of 13th Street and an unknown avenue at dusk. Six power lines run from a building in the distance. The windows on the building are small and high privacy windows.,0.04191412044816693,0.26666666255802474,0.8515051007270813,0.15730198019801978
286,Randomly placed squares of different colors and sizes on a black background.,There is a black bear sitting in a green chair. There is a woman in a blue shirt and a man in a pink shirt kneeling behind the chair. There is a silver fence behind them.,7.838267536528064e-156,0.18181817719008275,0.8328342437744141,0.04464285714285714
287,A black and white photo of a group of people with a lot of white pixels in the middle.,The picture is of a baseball team and the coaches together. They have old style uniforms on. In front of the row of players there are baseball bats on the ground. The picture was taken out in a open field.,1.9316502535211684e-155,0.13043477821361074,0.8745298981666565,0.14037763852242743
288,A photo of a plane with a red and white logo on the side.,a plane is flying in the sky. the plane is very white in color. there is a logo on the tail. the logo is in the shape of a leaf.,1.3551079500557084e-78,0.4666666617555556,0.8882445096969604,0.1584507042253521
289,A black wall with squares of different sizes and colors.,"Four people wearing old-fashioned clothing stand posing in front of the camera. They are in a large building with a bright ceiling, and there is a black train behind them. There are two men on either side of two women. The man on the far left has a black suit, black shoes, and a black top hat. The woman to his right is wearing a white, pink, and green dress, with a white hat, and a broach pinned to her chest. She is holding a white satchel in her white-gloved hands. The woman next to her is also wearing white gloves and holding a white satchel. This woman has a green dress on, with lace on the trim. The man next to her is wearing a checkered vest underneath a dark long coat and dark pants. He has a black top hat.",2.6812429046925516e-237,0.09090908889462815,0.8243076205253601,0.028881987577639753
290,A black and white image with a lot of squares.,a bunch of birds are on the ocean shore. the shore is very shallow. the birds are white in color. you can see their reflections in the wet sand.,2.0166434569118883e-232,0.1874999957031251,0.8586994409561157,0.13837638376383765
291,"A black background with many small squares in different colors including green, red, white, and brown.",There are wooden cabinets on the wall above a wooden counter. There is a window above the counter with white curtains on it. There are red peppers hanging from a white planter on the ceiling.,2.7781368213372415e-232,0.05263157407202262,0.8421514630317688,0.030211480362537763
292,A woman wearing a red and blue flag waving in front of a crowd.,Two men are jumping in the air trying to catch a frisbee. The frisbee is white. There is a house behind them with some trees in front of it.,1.0881967713193151e-78,0.21052631128808874,0.8675845861434937,0.1621818181818182
293,A close up of a white and grey cat with a black background.,A cat is lounging on a flat screen TV.  The cat has white paws.  The TV is mounted on the wall.  A bed is reflected on the screen of the TV.,3.592809293712198e-232,0.32258064041623313,0.8551324009895325,0.10273972602739725
294,A man is standing in front of a large window.,There is a man in a yellow shirt riding on top of a brown horse. There is rope in his hands and he is trying to rope a white cow. There is a wood fence behind the man.,4.403819803477267e-156,0.27777777376543217,0.8802798986434937,0.08522727272727271
295,A group of people riding bicycles in a park.,There are several people sitting on bicycles. They are on a beach and there is water behind them. A lady in a yellow shirt is standing next to a bike.,7.02263826129216e-156,0.29411764316609,0.8943173289299011,0.13333333333333333
296,A photo of a woman sitting on a chair. The woman is wearing a white shirt.,"A wooden table is next to a white stove. On the table are an apple, a pomegranate, a plastic container with brown food items, a container with cooking utensils and several other food related items. The tiles behind the table are beige and brown.",1.0712197520159489e-155,0.2222222181135803,0.8461933732032776,0.0970873786407767
297,A black background with many small squares of different colors and sizes.,"A girl in a purple and black shirt sits at a table in front of a plate. On the round yellow plate there is a slice of pizza with macaroni on top of it, and a long handled silver fork. the table is wooden with a white pebbled section n the middle. Near the camera there is a green water bottle.",2.466529867155554e-233,0.1851851817283951,0.8359520435333252,0.0445632798573975
298,"A collage of squares of different sizes and colors, including green, red, and black.",This image is of a bench sitting along what appears to be a paved walkway.  There is a area of grass behind the bench that has small red flowers blooming in it.  In the background are trees and 2 bright red double decker buses.  you can also see some city building in the far distance.,6.628178826131111e-233,0.0689655139595721,0.8416687250137329,0.03929273084479371
299,A black and white image with many small squares.,A young man flying through the air on a skateboard. The skateboard is gray in color. The young man on the skateboard is wearing gray pants and a white shirt. There is a crowd watching the young man on the skate board. There is a wall separating the man from the crowd.,1.164837879922969e-233,0.1621621584806429,0.8370476961135864,0.03144654088050315
300,A red car is seen through a pattern of squares.,A plane that is red and blue is flying in the air. There are several white clouds behind the plane. There is a white stripe on the plane.,2.3949323699607068e-232,0.2666666622222223,0.8793971538543701,0.07633587786259541
301,A man is sitting on a bed in a bedroom. He is wearing a blue shirt and jeans. He is holding a book in his hands. The book is open. The man is sitting on a bed. The bed is covered with a white sheet. The man is sitting on a bed. The bed is covered with a white sheet. The man is sitting on a bed. The bed is covered with a white sheet. The man is sitting on a bed. The bed is covered with a white sheet. The man is sitting on a bed. The bed is covered with a white sheet. The man is sitting on a bed. The bed is covered with a white sheet. The man is sitting on a bed. The bed is covered with a white sheet. The man is sitting on a bed. The bed is covered with a white sheet. The man is sitting on a bed. The bed is covered with a white sheet. The man is sitting on a bed. The bed is covered with,A man is in a blue shirt and jean overalls. He is wearing a white and black hat on his head. There is a white refrigerator in front of him. There are white trucks behind him.,0.03902450135070132,0.5098039165705499,0.8302326798439026,0.22806886227544915
302,"A large number of squares of different sizes and colors are scattered across the image. The squares are mostly green, brown, and white. There is a person in the center of the image. The person is wearing a white shirt and black pants. The person is standing in front of a house. The house is white and has a brown roof. The person is looking at the camera.",There is a large brown dog standing next to a woman. The woman is holding a blue frisbee in her hand. There is also another person standing next to the dog.,1.1997581338631712e-78,0.33898304626256826,0.8794822096824646,0.20172910662824206
303,"A black background with a pixelated pattern of red, blue, and orange squares.",a little girl is eating a slice of pizza. she is holding it in her hands. the pizza is pepperoni. The table is blue and there is a red plate on the table beside a plastic white fork. the kid is wearing a bib which is white in color and there is a mess on top of the table.,3.669175446167627e-233,0.08333332938368075,0.8397278785705566,0.036764705882352935
304,A person is walking down a street in a city.,A man is wearing a black cap and jumping off of a skateboard. The skateboard is green and red. There is a red brick building behind the person.,2.3949323699607068e-232,0.19999999580000008,0.870252251625061,0.07633587786259541
305,A building with blue squares that are reflecting the sky.,a kite is in the sky. the kite is light blue in color. people are flying the kites. the sky is very blue and has wispy clouds in the sky.,9.269101169302892e-156,0.285714281122449,0.8767390847206116,0.13285714285714284
306,A woman is sitting on a bed.,A little girl with a brown hat on and she has long hair underneath the hat.  She is wearing a blue and pink top that is a little off her shoulder .  She is eating a piece of cake out of her hands her fingers have cartoon character wrapped around them and a person in black clothing is sitting on the right side of her.,1.4382728792089515e-81,0.19230768997781067,0.862019956111908,0.07533783783783785
307,A red truck is parked on a grassy field.,Some planes sit on the ground. The ground is covered in mostly green grass. The plane in the front is mostly silver with some red and black signs. There is a black plane and a red plane behind it. Many tall trees are behind the planes. The sky above is blue. There are no clouds in the sky.,6.426440852964413e-234,0.1818181785640496,0.8654676079750061,0.05649717514124294
308,A motorcycle is parked on a street.,A hot rod truck sits in a parking lot.  A surfboard is resting on top.  The truck is antique looking.  It has fancy wheels with fenders.  The hood has exhaust pipes sticking out.  The truck bed is covered up.  The truck is painted black.  A modern conventional car is parked nearby.,1.6321172882447006e-157,0.22222221959506175,0.8669820427894592,0.07982832618025751
309,A black background with a collage of squares in various colors and sizes.,"A person stands, wearing a wetsuit, on a surfboard surfing in the waves of the ocean. While another surfer sits on the surfboard looking on at the surfer. Two heads can be seen bobbing in the distance behind the ocean wave. A concrete pillar is in the foreground of the beach.",7.295604884731099e-233,0.17021276195563612,0.830534815788269,0.04237288135593221
310,Woman in hat is in the middle of the picture.,"A man in an elaborate blue, red and gold eastern style costume is standing in front of a stand on which two large brown bears are on four paws and appear to be kissing the man on his cheeks. Behind them is a cloth with has small bears and trees painted on it. A large large with rope on it is in front of them.",2.959609679061537e-157,0.1538461512426036,0.8443013429641724,0.06252100840336135
311,A black background with red squares of varying sizes and a green background with a red square in the center.,A red fire hydrant is in the dirt. There are green bushes all around the hydrant. There is a brown leaf on the ground in front of the hydrant.,3.504033985301746e-155,0.3243243194156319,0.8558653593063354,0.14234875444839856
312,A black and white photograph of a plate of food.,Two people are sitting next to each other at the table. On the table are drinks and many dishes of various foods. In the middle of the table is a cutting board with a whole pizza on it.,8.810463819045427e-233,0.15384615029585808,0.85572749376297,0.07102272727272727
313,A man is riding a bike in a park.,"A parade is going down the street in a town in a residential area. There are there police officers on motorcycles in the front, and behind them there is a police car. People are standing on the sidewalk watching as the parade goes by.",1.5673233634870825e-156,0.20512820186719266,0.8830453753471375,0.0617283950617284
314,A black and white photo of a motorcycle with a red and white flag in the background.,"A man in a black t-shirt, black leather vest, and blue jeans is sitting on a dark red Kawasaki motorcycle with a USA flag on the back. The rider is wearing a helmet with a design painted on it, and looking off to his left. On the left of him there is a white car in front. And there is a gray car behind him. There are two trucks and two cars going the opposite direction on the left of the street.",7.681089932521404e-80,0.32352940849480966,0.8625119924545288,0.09271523178807946
315,A group of people are walking on a paved path.,There is a large gray plane with people standing next to it. There is a person in a blue shirt next to the plane. There are cars next to the plane.,1.6510880161672547e-232,0.20689654720570758,0.8786881566047668,0.06920415224913494
316,A bunch of squares of different colors and sizes on a black background.,A white and brown building is in front of a brick sidewalk. There is a person standing behind a silver table. There is a yellow cart in front of the window on the building.,2.9854353675283022e-232,0.22857142406530614,0.8375766277313232,0.09404388714733544
317,A black and white photo of trees and houses with a white square in the top left corner.,An old steam locomotive is chugging down the tracks through a wooded area. There is a steamstack on it that has smoke billowing from it. The train has many open windows and it is filled with people.,4.352945623102045e-232,0.12765956997736547,0.8417805433273315,0.07122507122507124
318,A person is sitting in front of a computer.,A flat screen computer is positioned on a contemporary desk.  There is a flexible desk lamp to the side.  On the opposite side is a set of speakers.  On the front left edge is a large pair of headphones hanging from the corner.  An ergonomic office chair is in front of the computer and facing a red wall.,2.0726768942114725e-80,0.24999999695312503,0.8547815084457397,0.09625444653693241
319,A black metal fence with square cutouts that are filled with images of trees and sky.,There is a wood fence with bushes and trees in front of them. There is a large brown cow behind the fence. The cow is standing in a field of grass. The sky is blue and there are no clouds in the sky.,1.140307490304341e-155,0.23255813499188757,0.8731372952461243,0.09925558312655086
320,A photo of a building with a lot of small squares of different colors.,There is a black steel fence with a white and black sign on the front of it. There is a yellow and orange building behind the fence. There is a brick building next to them.,1.3550494583384972e-155,0.23529411326989624,0.8684053421020508,0.0911854103343465
321,A bird with a long neck and a long beak is standing in front of a tree.,"Two birds stand next to each other.  The birds seem to be of the same species, only male and female.  One bird has an elaborate growth coming from the top of its head.  Its head is black with white stripes.  The other bird's head does not have a growth or any stripes.  The birds are standing on flat ground next to some green grass.",9.19335634992369e-233,0.1874999965820313,0.8600226640701294,0.05902192242833052
322,A large group of zebra squares are scattered across the image.,There are two zebras standing on dirt. They are both facing away in the same direction. There are several bushes on the ground next to them.,3.042271038721479e-232,0.12499999548828142,0.8716028332710266,0.061224489795918366
323,"A collection of squares in various shades of brown, blue, and white.",The image contains a bed with an intricately carved headboard and foot board.  A flowery blanket covers the bed along with two pillows.  A blue piece of material is draped over the foot board.  Two gold-framed mirrors of differing sizes are standing against the wall.,8.849488814229093e-233,0.12499999646701399,0.8484053015708923,0.047961630695443645
324,A black and white pixelated background with a red square in the center.,a train is on the tracks. the train is red in color. the tracks are black in color. there is nobody on the platform. there is a sign above the platform.,3.592809293712198e-232,0.34482758126040436,0.854343831539154,0.10273972602739725
325,A close-up of a green and yellow square on a black background.,A rear view mirror on a car. It is black around the rim. There is a white and gray dog in the reflection of the mirror. There is a large tree in front of them.,1.052944513357165e-155,0.3333333290895062,0.8597568869590759,0.10703363914373089
326,A person is sitting at a table with a plate of food in front of them.,There is a man sitting at a table wearing a green shirt and a gray jacket. There is a pizza on the table in front of him on a wood serving board. There is a salad and a sandwich on a plate on the table.,0.04136078001145158,0.44999999545,0.9017200469970703,0.22761626195009907
327,Woman working on laptop in front of a computer.,A man is presenting a woman with some desert. There is some cheesecake and icecream with a candle. They are in a very nice restaurant and they are both smiling.,1.2129737545194644e-232,0.12499999595703139,0.8332757949829102,0.053763440860215055
328,Pixelated image of a person walking on a sidewalk.,The sun's rays are shinning through the trees in the back ground. The trees are tall and they produce a lot of shade. There is a white table in the foreground. On the white table is a zip lock bag. In the bag is three or four rolls of what appears to be some kind of processed meat. The meat are in rolls such as what you would expect bologna or sausage to be.,1.0107802597614902e-234,0.07142856897959192,0.8262059688568115,0.02962962962962963
329,A black and white photo of a room with a black curtain with squares of light in the middle.,The room is being finished. There are bare walls. There is no sheetrock. The bath tub is white. It is just sitting in place. The wood beams are thin.,6.130577389498242e-232,0.16216215734112505,0.8576713800430298,0.05357142857142857
330,A black wall with white squares that are missing.,A person is riding on a skateboard. The skateboard is black with yellow wheels. The person's shoes are black with green socks. Pants are black. Two hands are hanging by the side of the body. The ground is nicely tiled with a sort of brick.,2.724487165781177e-233,0.19999999651250003,0.8457230925559998,0.04830917874396135
331,A black background with many small squares of different colors scattered across the entire image.,A white polar bear is relaxing in water. The water is blue and calm. The polar bears back paw is sticking out of the water. The paw has black padding. The water is enclosed by a rock like wall. The polar bear has closed eyes. The mouth is in a frown.,1.1876644308499324e-232,0.17021276161158908,0.8407660126686096,0.04219409282700422
332,A photo of a bunch of sheep in a field.,There is a road that has sheep standing on it. There is a person riding a bicycle going down the road in front of them. There is tall grass and trees around the road.,1.3897736334960753e-232,0.1818181781450873,0.878951907157898,0.09493670886075947
333,A woman is looking at the camera.,three kids are all standing outside in the grass. they are all holding bats and balls. the bat is red in color. the ball is white.,8.824538545628714e-233,0.14814814430727036,0.8698763251304626,0.04149377593360997
334,A woman is sitting on a couch.,A lady is holding her phone and sitting with her legs crossed. She has a gray flip phone. She is wearing a brown tank with some short white shorts. She has blond hair and sunglasses on the top of her hair and she is in a building that has a lot of wooden furniture.,2.0323527009730294e-234,0.18181817914256201,0.8829860687255859,0.050709939148073015
335,A black and white photo of a pool with a person walking in the background.,A large swimming pool is free of people swimming. The light blue pool is decorated on the bottom with three blue triangles and a curvy stripe. People stand around the pool by a few white tents set up on the far end of the pool. A set of stairs leads into the pool. The stairs have a metal railing.,8.533273312828225e-233,0.22641509045211827,0.8603485226631165,0.08241758241758242
336,A photo of a building with a red sign on the front.,"The view is an industrial area of a city and is under construction. To the right is a business with a yellow and blue billboard. In addition there is a flagpole with an American flag adjacent to the building. There are several vehicles in a parking lot in front of the business. To the left is a construction site that is fenced and barricaded off from the street. A tall, blue crane stretches into the blue, cloudy sky. In the foreground a stop sign with a sticker under the silver letters stands on a street corner. The sign casts a dark shadow on the sidewalk behind it.",3.5515415092696587e-158,0.15189873178016347,0.8562511205673218,0.05989237100348212
337,Black and white squares of different sizes on a black background.,A room with a lot of machine in it.  Some of the machines are silver and some of white.  The floor is black and shiny.  The wall in the room are white.  There is writing on top of the silver machines and black dials on top of the white machines.,4.517796035074109e-233,0.1538461497961868,0.8320251107215881,0.07592190889370933
338,A man in a winter coat and hat walking through a snowy forest.,Two children are posing for a camera in the snow.  The boy is standing on skis with a blue helmet and a snow jacket.  The girl has a graphic designed ski jacket and blue helmet.  There is a ski lift on the right side of the mountain.  Trees and mountains are seen in the distance.,5.363301776773146e-233,0.12499999625000012,0.8761239647865295,0.049212598425196846
339,A large passenger jet is parked on a runway.,there is a plane in the air. it is a green military plane. it has really shorts wings. the tail wings are also small. it has propellers on the front. it is being surrounded by clouds. the sky is very blue.,3.954302160185631e-233,0.1621621584806429,0.8575486540794373,0.06613756613756615
340,A cat with a white patch of fur on its neck.,A cat is black and white. It has a pink mouth and white whiskers. It is looking up. The cat is laying in green grass. The ears of the cat are pointing up.,9.321323523733896e-156,0.22857142426122457,0.8839022517204285,0.09740259740259741
341,"A black background with a bunch of green, yellow, red, and white squares scattered all over.",Many narrow kayaks sit in the water. They are all bright colors.The water is still and flat. Next to the water is a fence. There is a bridge over part of the water. There are many trees next to the water. A tree branch covers some of the boats. There are the reflections of many trees in the water. The sky above is clear.,6.781681404449175e-233,0.18181817769256206,0.828432023525238,0.04222972972972973
342,A large elephant is missing from the middle of the picture.,A group of animals is gathered in a field. There are elephants and rhinoceroses standing together near a watering hole. There are both younger and older animals here together. Some of the elephants are caked with mud after being in the water.  The rhinoceroses are walking toward the water while the elephants are facing the direction the rhinos are walking from. The elephants have large flapped ears and long trunks. The water hole is surrounded by tall green grass and trees with many green leaves on them.,7.199159576300159e-158,0.12307692047337282,0.8571214079856873,0.04408060453400504
343,A night time shot of a person walking in a parking lot.,A man is taking a selfie in the mirror. He has on a black suit with a orange shirt. His tie is green and white. The bathroom has very dim lighting.,2.841810275110082e-232,0.15789473272853197,0.8634209632873535,0.10309278350515463
344,A woman is sitting at a table outside of a restaurant.,A woman in a blue shirt is standing on the sidewalk. There is a hot dog in her hands and she is taking a bite out of it. There are people walking on the sidewalk behind her.,6.781841367200753e-156,0.27027026632578527,0.8932604193687439,0.0872093023255814
345,A collage of food items.,A hot dog is sitting on a white piece of paper. There are chopped onions on top of the hot dog. There is mustard on top of the hot dog.,9.762272177873033e-234,0.17391304007561445,0.8492172360420227,0.03636363636363636
346,A close up of a black and white painting of a man and woman in a garden.,a toilet is in the ground. the toilet is bright white. there is a bowl in water in front of the toilet. the bathroom is made of cement.,7.02464720468843e-232,0.275862064019025,0.8493543863296509,0.0929368029739777
347,A person riding a motorcycle is in the center of the image. The motorcycle is black and red. The person is wearing a helmet. The person is riding on a street. The street is lined with buildings. The buildings are made of brick. The buildings are tall. The buildings are in the background of the image. The person is in the foreground of the image. The person is riding the motorcycle. The person is wearing a helmet. The person is wearing a jacket. The person is wearing pants. The person is wearing shoes. The person is riding the motorcycle. The person is riding the motorcycle. The person is riding the motorcycle. The person is riding the motorcycle. The person is riding the motorcycle. The person is riding the motorcycle. The person is riding the motorcycle. The person is riding the motorcycle. The person is riding the motorcycle. The person is riding the motorcycle. The person is riding the motorcycle. The person is riding the motorcycle. The person is riding the motorcycle. The person,there is a motorcycle on a road. there are white lines on a road. a man is riding the motorcycle. the man is wearing red and black. he is also wearing a helmet. there are many people on the sidewalk.,0.027951401282984716,0.3773584857102172,0.8608914017677307,0.21575984990619138
348,A black and white picture of a car.,A man is wearing a t shirt and jeans. He is jumping off of a skateboard. The man is wearing a white cap. There is a skating ramp behind the man.,4.6001402693349683e-156,0.3333333294222222,0.8487513661384583,0.08710801393728222
349,A horse is standing in a field.,Two donkeys are pulling a carriage. The donkies are wearing reigns. The reigns are black in color. There is a man pulling on the reigns. He is wearing a cowboy hat and blue jeans.,3.114427808168427e-233,0.19354838360041626,0.8729990720748901,0.06389776357827477
350,A close up of a woman in a white shirt standing in front of a white car.,A white cat with black paws is standing on top of a parked car and standing at the camera. On the windshield of the car is the reflection of a building and the fluffy clouds in the sky. Behind the car there are two buildings and a gray car parked on the street.,9.102604715290308e-156,0.3111111072,0.8728993535041809,0.09109311740890688
351,Piece of a photo of a person with a dark background.,a woman is on the phone. her phone is white. her hat has a bow on it. she is smiling at somebody. she is wearing neutral colors.,2.7778998645813653e-232,0.07407406990397829,0.8376877903938293,0.03937007874015748
352,A photograph of a busy street with a person walking in the middle of the frame.,A person is wearing a tan jacket. They have a brown backpack on their back and a gray scarf. They are holding a cell phone in their hands. There is a silver train in front of the person.,1.5586155423526441e-155,0.23809523382086173,0.8589251637458801,0.13396420020522176
353,A collection of squares of different colors and sizes on a black background.,There is a large elephant standing in the grass. There is a giraffe in front of the elephant. There are trees behind a fence in front of the animals.,3.687962647234977e-232,0.13793102963139137,0.8449684381484985,0.07299270072992702
354,A black and white photo of a building with a lot of squares in it.,"The sky is gray and cloudy. The clock tower is visible. The tower has compass on its top, and has two clock faces. Below of the tower is row of trees and a field. On the field a person is walking.",2.4459687712739356e-232,0.10256409811965832,0.8539175391197205,0.06510416666666667
355,A skier in a red jacket is skiing down a snowy slope.,a man is getting ready to ski down a mountain. he is wearing a really yellow jacket. his hat is red in color. there are two ski sticks in the ground. his skis are pointed forward. he is a happy man.,6.144995194088555e-156,0.2499999960125001,0.8835756778717041,0.10498687664041993
356,A black background with multi-colored squares of different sizes scattered all over.,A bed with a colorful quilt on it. The headboard on the bed is wooden. Next to the bed is a small table with a small lamp on it.,2.8230592615333086e-232,0.1333333285333335,0.8582783937454224,0.03663003663003663
357,A black background with blue and white squares of different sizes.,A man is being shown laying on the side of a mountain. He has ski equipment. Behind him are very tall and sharp mountains and clouds in a very clear blue sky.,2.096850670587226e-232,0.1499999960125001,0.8436442613601685,0.06688963210702341
358,A black background with many squares of different sizes and colors.,Two octagon-shaped waffles are in a pile on a floral bordered plate. There is a neat square of butter on top of the waffles. The waffles are slightly browned. Next to the plate is a bottle of syrup with a light colored label. The counter beneath the plate is a dark granite.,2.862092549841439e-233,0.08888888519506187,0.8400258421897888,0.07766179540709812
359,Black background with blue and white squares in front of a window.,The square sign is black white and blue. It has a white triangle has a icon of a person walking across the crosswalk. The sign is on top of a silver pole. Behind the sign is a stop sign and a paved street.,4.700199794305228e-156,0.25641025214990143,0.8622594475746155,0.07518796992481203
360,A black and white photo of a bunch of squares.,A bunch of cars are driving in a snow storm. A couple of cars that are parked near the sidewalks are completely covered in snow. The signs are all covered and so are the houses.,6.22175916465545e-156,0.24242423845730032,0.8592937588691711,0.0923076923076923
361,A variety of different colored squares are scattered across the image.,"I see a wooden table with broccoli, onions and carrots on top of it. There is also a sharp kitchen knife next to the carrots. The broccoli carrots and onions appears to be chopped.",1.4701016696876416e-232,0.10256409851413557,0.8531001806259155,0.06309148264984227
362,A black background with a pattern of squares in different shades of brown.,A sheep is laying down in some hay. There is a hand of a person reaching in and petting the sheep. The person is wearing a blue jacket. The sheep is looking up.,2.913346405123101e-232,0.22857142406530614,0.8407809138298035,0.06451612903225806
363,A black and white image with red squares scattered throughout.,There are two red trolleys on the tracks. There is a fence next to the trolleys. There is a building behind the trolley.,2.7920648233755865e-232,0.0769230721893494,0.8523653149604797,0.046082949308755755
364,A person is standing on a sidewalk in front of a building.,"A man is walking by an MBTA commuter rail coach.  The coach has a purple stripe and a ""T"" logo, signifying transit.  He is wearing sunglasses, a t shirt, pants and sneakers.  He is carrying a red bag over is shoulder.  A yellow tactile warning strip runs along the side of the train.",4.804144185536937e-233,0.15094339293698833,0.8613090515136719,0.06134969325153374
365,A kitchen with a lot of white cabinets and a white refrigerator.,A note is hanging on the wall above a range top. The walls have white tiles and all the cabinets in the kitchen are white. The refrigerator has a bunch of gray magnets on it.,2.4215182796473238e-232,0.25641025259697575,0.9108151197433472,0.1785781704232265
366,A person in a red and white jacket is walking in the snow.,There are two people waking in snow shoes in the snow wearing black snow suits. There are trees next to the people on both sides. There are tracks in the snow.,7.991870953497981e-79,0.19354838235171706,0.8947281241416931,0.12842465753424656
367,A woman is sitting on a couch with her laptop.,A woman is wearing a grey tie and holding up a bottle of beer. She is having a good time dancing at a party. The woman has dark brown hair. There is a picture on the wall behind the woman's head.,1.888817900092115e-79,0.23255813596538674,0.8832128047943115,0.06596306068601583
368,A collage of different buildings in a city.,"A contrail is the only mark on this bright blue sky above a distinctive building. The building is made of different sized grey, tan stones. A peak of a rooftop in one area of the building can be seen. The roof is shingled with rust colored shingles. Behind the roof is a square tower with a black round clock. The tower is topped with a flag resting without a breeze.",3.512250437634432e-158,0.17857142612244903,0.8391417264938354,0.04702194357366771
369,A large number of small square images are scattered across a larger black background.,There are several benches on the ground. There are trees and bushes behind the benches. There is a person walking on the sidewalk in front of the benches.,4.559971690045903e-232,0.12121211632690562,0.856891393661499,0.056390977443609026
370,A collection of brown and white blocks of varying sizes on a black background.,An open door of a bathroom. The toilet is cleaned and the lid is closed. The wall appears to have very nice and neat wallpaper on it. The light is on and the overall appearance of the doorway and room is very clean.,1.7746340802381843e-232,0.1860465074094106,0.8317056894302368,0.07481296758104738
371,A person is sitting at a desk with a white piece of paper in front of them.,"A white cup of tea with a tea bag inside sits on a saucer with a spoon on it. Beside the saucer there is a small container of cream, and a pair of silver over sized sunglasses. Next tot eh glasses there is a black flip phone. Closest to the camera there is a black leather portfolio open with pages of paper clipped inside.",4.765973323865373e-156,0.2068965478894174,0.8511924147605896,0.08431703204047218
372,A black and white photo of a farm with a tractor in the middle.,A black steam locomotive is riding on train tracks. It is black and green and yellow. There is steam coming from the stack. Around the locomotive is green grass. A few people are walking by the train.,1.32112245339041e-155,0.21052631128808874,0.8590114712715149,0.07204610951008646
373,A mosaic of eyes and faces.,"Inside of a white bowl is some yogurt, blueberries and almonds.  A silver spoon is inside the bowl and used for eating with.  The juice from the blueberries is making the white yogurt tinted blue.  The almonds are whole and there are more berries than anything else in the bowl.  The bowl is round and is sitting on a wooden table.  Residue of the food can be seen on the insides of the bowl.",1.8333555449485676e-236,0.11320754516197937,0.8212146759033203,0.022321428571428572
374,A black background with a bunch of small squares in the top left corner that are blue and white.,A person is skiing down a hill. There are trees on the other side of the hill. The person has a red jacket on. There are many tracks in the snow in front of the person.,2.218831018335719e-155,0.18604650669551123,0.8493308424949646,0.11661807580174927
375,A large number of small squares of different colors and sizes are scattered across the image.,Tug boats are docked at the shore. Three men are on the pavement wearing jackets. Two are standing and one is sitting on a green park bench. There are two green metal park benches which are curved into a half circle.,2.512890205573924e-232,0.12765957012222742,0.844119131565094,0.051948051948051945
376,A computer monitor with a blue background.,There is a white desk with various items on top of it. There is a computer monitor that is turned on. There is a black keyboard in front of the computer. There is a black mouse and several black wires.,7.429962453532641e-157,0.2499999965820313,0.8735232949256897,0.1013623978201635
377,"A black and white photo of a city street with a newspaper headline that says ""Can"".",A kite is flying hair in the air. It is flying over a building. The sky is gray and cloudy. The kite is red and green in color.,5.662885494708189e-232,0.1714285665306124,0.8299518823623657,0.05597014925373134
378,A person is standing in front of a corn field.,"This image shows a bird perched on a wood stand to the right of a corn cob. The corn cop has about 1/3 of its kernels still attached to it. The cob has been attached to the wood below it at a ninety degree angle, so it is standing straight up. The bird has black plumage on its head and shoulders, and dark blue feathers on its wings and tail. The bird's beak is slightly curved upwards and it has a small crest of feathers on its head. Its eyes are shiny and black, and its feet are thin and black.",5.1813867858589337e-82,0.14285714040816327,0.8411466479301453,0.032644178454842215
379,A man with a beard and a woman with a red shirt are having a conversation.,A pizza sits on a yellow plate. There are cut up tomatoes on top of the pizza. There is spinach on top of the pizza.,6.830743782724313e-232,0.20689654687277062,0.8563331365585327,0.062240663900414925
380,A group of people are walking down a street.,Two people are walking down the street. They are huddled under a clear umbrella. There is a man wearing an orange vest and a woman carrying a black bag.,0.0357957387520258,0.3529411725778547,0.9085313677787781,0.17762660619803478
381,A black and white photo of a person with a lot of pixelated squares.,A girl is pointing at a fuzzy teddy bear. She is crouched down and wearing a sweater. The bear is sitting on the ground and facing the girl.,4.900008468089985e-232,0.18181817719008275,0.8494225740432739,0.07518796992481203
382,A black background with a bunch of small images of various things.,"A multi-colored train traveling down tracks. The train has a single headlight on it's engine. There is smoke billowing out of the train engine's smoke stack. The train track is on top of a hillside. There are plants to the left of the train,. There are large gray clouds above the train. The sky above the train is partially blue.",2.535420995037231e-233,0.12244897610995427,0.8401894569396973,0.036231884057971016
383,A woman is sitting on a toilet in a bathroom.,A man is shaving in the bathroom. He is looking into a very big mirror. He has on a white tank and the door is open.,1.5904313482160207e-155,0.3999999958,0.8946956992149353,0.14344262295081964
384,A cat is in the middle of the picture.,"The dog is a husky. His nose is black. His fur is combination of white, beige and gray. There is a stuffed elephant toy on his head. The elephant is gray with white tusks. The dog is looking sad and lying on the carpeted floor. Behind the dog are the feet of brown chairs and table, they are made of wood. The dog has whiskers.",2.9524728844913183e-234,0.11999999731200006,0.8523679375648499,0.04208754208754209
385,A woman is standing on a beach.,A man is walking with his surfboard and sun on the beach. They are walking towards the water. The man has a black and white shirt on and some blue shorts. His son has no shirt on and plaid shorts.,1.5017168120302944e-233,0.2222222190895062,0.8865898847579956,0.0681198910081744
386,"A large, pixelated, black and white image of a traffic light.",a sign is on a pole. the pole is silver. there is a light on the pole. the light is red in color. the cars are going down the road.,1.7783413960706896e-232,0.14285713808673486,0.8433591723442078,0.03558718861209965
387,A tennis court with a person playing tennis.,a blonde haired woman with a white top and shorts is waiting to hit the tennis ball that is in the air. there is a bald man with brown shorts with a stripe on the side holding a tennis racket waiting for the ball to come to him/. The court is made up of green and white with white lines. there is a long net separating the man from the other player.,2.586928059943732e-158,0.15686274272971934,0.8529543280601501,0.056707317073170734
388,A black and white photo of a bunch of squares in different sizes and colors.,There are women standing in a kitchen wearing white. There is a large sink behind them. There are ovens next to the women. One of the women is holding a basket.,4.192937367348897e-232,0.17142856675918378,0.8465427756309509,0.06802721088435375
389,A bunch of small squares are scattered all over a black background.,A black and white photo of a foreign scene. The scene appears to be somewhere in Asia. There is a person wearing a big triangular hat in the foreground.,3.357202159889882e-232,0.16216215777940113,0.8584926724433899,0.0915750915750916
390,A close up of a plate of food with a missing section in the middle.,The half eaten sandwich is on the plate. The sandwich has meat in between. The plate is white. Behind the plate is a bowl of salad. The bowl is blue. There are two glasses of water behind the bowl.,2.9251770022770788e-232,0.2631578902354571,0.8668912649154663,0.08196721311475409
391,A collage of squares of different sizes and colors.,"A tennis match is about to begin on an outdoor court. It is a clear day with a blue sky and small fluffy clouds. In the background there are white outbuildings with gray, metal roofs surrounded by trees. Nearer to the court, on a grassy slope,there are several rows of spectators dressed casually and for mild weather. The spectators sit on the ground or in chairs. In the foreground is the tennis court. The playing surface is natural grass with white lines that shows wear in some areas where play is frequent. The court is surrounded on the spectator side by a low green carrier. To the left of the spectator side, the court is surrounded by a higher, dark barrier. People wait along this barrier to enter the court to retrieve balls. On the court two players are present along with one official or coach. One player is warming up by tossing the ball in the air to hit. The other is standing next to the official. A full court net separates them. Because of the time of day, and direction of the sun, people cast shadows across the court.",2.455065995829085e-240,0.04799999880192003,0.8091723918914795,0.011574074074074075
392,A pixelated image of a farm with a red barn and a person in a red shirt.,A red and yellow train moves along the track.  One side of the track is lined with trees.  There is a single light near the window on the front of the train.,5.810759385674337e-232,0.27027026571219875,0.8584010004997253,0.09836065573770492
393,A black background with a pattern of green squares and a few red squares.,"A paper plate is filled with a salad. The salad has large, soggy pieces of lettuce. They all have salad dressing on top of them. There is a toasted piece of bread in front of the lettuce. The paper plate is white.",8.218790419092954e-156,0.19047618639455788,0.8403688669204712,0.09489795918367346
394,A close up of a fence with a bird on it.,A brown and white spotted bird is standing on a fence. The fence under the bird is steel. There is a field of grass behind the bird.,3.799562543368513e-232,0.33333332888888895,0.8898497223854065,0.1377952755905512
395,A collage of squares in varying shades of blue and black.,a plane is flying in the air. the plane is all white in color. the plane is very pointy. the sky is very blue. the clouds are very fluffy.,1.9475851506406656e-232,0.14814814348422511,0.8338423371315002,0.03676470588235294
396,A red car is parked in front of a garage.,There are three old people in the picture. At the center is a classic and shiny tricycle. At the front of the tricycle is an old man holding a plaque.,9.800881214344311e-156,0.31249999570312503,0.8667753338813782,0.152281746031746
397,A photo of a house with a blue sky in the background.,A man is wearing a gray shirt and jeans. He is jumping in the air on top of a black skateboard. There is a black skateboard ramp on the side of him. There are small clouds in the sky above him.,7.594789545328472e-156,0.25641025236028936,0.8633204698562622,0.12587712250254435
398,A black and white photo of a building with a lot of white pixels.,there is a big gray building. the building has a clock on it. the clock is made of glass. the clock has big hands.,6.520501036082648e-232,0.23076922588757406,0.8582894802093506,0.08695652173913043
399,A mosaic of a person's face.,A piece of food sitting on a white towel. There is a bottle of alcohol behind the piece of food. There is a remote control near the bottle of alcohol. There is a cap for the bottle next to the towel with food.,3.214411843554024e-234,0.20689654844233057,0.8521140813827515,0.03816793893129771
400,A bird with yellow eye and black feathers.,There is a bird in a tree and the bird has a fish in its mouth. The bird has a white breast and belly with brown wings and a yellow eye. The fish is silver with darker spots on its back.,2.4762020955350534e-233,0.29411764346020763,0.882008969783783,0.0663129973474801
401,"A jumbled collection of images including a blue car, a yellow car, a red car, a boat, a tree, a building, a person, a sign, and a road.","Colorful boats with teal canopies are lined up on a murky river on a gray, overcast day. The boats have oars in front sitting in the water. Behind the boats small buildings can be seen lining the river.",6.589783438757505e-232,0.0416666619791672,0.8397775888442993,0.02702702702702703
402,A photo of a pool with a bunch of squares in the background.,There is a pool of water with a splash in it. There is a brown dog in the water. There are people standing next to the pool. There is trees behind the people.,1.939994653419245e-155,0.32258064058272634,0.879796028137207,0.12903225806451613
403,A black and white photo of a bunch of squares.,A bathroom with a white sink in it and a bar of soap on top of the sink. There is a bath with shelves on the side of the wall. There are bottles inside of the shelves. The shower curtain has orange circles on them.,4.841895917279424e-233,0.19999999651250003,0.8505524396896362,0.07228915662650602
404,A man is sitting at a table in front of a stove and a clock.,three men are talking. they all have bears on their face. there is a blue shirt on the man. the shirt has flowers on it.,5.65214576015456e-232,0.1176470541003462,0.8747121691703796,0.041666666666666664
405,A black background with a bunch of squares in various shades of brown and white.,"A white dinner plate with spaghetti shaped noodles and three tiny meatballs sit on a table that has pink back chairs next to it. There are vegetables on the past in the dinner plate. Next to the pasta plate is a black bowl with chunks of sliced orange carrots. 
Against the wall of the room is a radiator painted white and above that a shelf and window.",4.860755783802522e-233,0.2258064481165453,0.8422846794128418,0.06472491909385113
406,A black background with a bunch of red and brown squares scattered all over.,A brown door on a house has some stickers on it. Next to the door on both sides is red toilets. There are plants growing out of the toilets. There are some dead leaves scattered around on the porch.,2.471657367502294e-232,0.23255813514332083,0.8661914467811584,0.08219178082191782
407,A black and white photo of a building with a red sign on the side.,"A train is opening it's doors. The train is currently parked at a train station. The train is blue, the doors are red, and it has white stripes on it. There is a long yellow line near the train area.",2.8440411922288695e-232,0.28571428126984133,0.8679801225662231,0.09333333333333332
408,A black and white photo of a city street with a lot of people walking on it.,There are people standing on the beach. There is water in front of them. There is kites in the sky above the water. There are clouds in the sky.,5.8292891230573805e-232,0.18749999501953143,0.8728609085083008,0.0539568345323741
409,A black and white photo of a toilet with a white seat.,A white toilet sits next to a white wall. There is a white sink on the wall. The tile on the floor is black and white.,2.7408283197473648e-155,0.4285714239795918,0.8905890583992004,0.25660569105691056
410,A collage of photos of a train station.,RED AND YELLOW TRAIN ON THE TRACKS WITH TWO LARGE WINDOWS IN THE FRONT.NUMBER ON THE FRONT IS IN BLACK NUMBERS. THERE IS ASLO A SQUARE BOX WITH THE INITALOS OF DB OUTLINED IN RED.THERE ARE MANY WIRES CONNECTING THE OTHER BRIDGES RUNNING ALONG THE TRACKS. A GRAY BRICK BUILDINGIS ON THE SIDE OF THE TRAIN WITH A WHITE ELECTICAL BOX ON THE GROUND.,9.878123543578382e-235,0.041666664175347375,0.8028120994567871,0.04280821917808219
411,A person walking in front of a car.,a man is standing on the sidewalk. he has a cut on his arm. his arm is bleeding. he is smiling at something off camera.,1.2937788664320292e-232,0.07692307266272212,0.8792896270751953,0.04291845493562232
412,A black wall with a mirror reflection of a city in the background.,There are black cows walking along the street. There is a man riding a brown horse down the street next to them. There is a white car on the street in front of them.,2.9854353675283022e-232,0.22222221777777784,0.8699304461479187,0.109717868338558
413,A black background with many small squares of different colors.,A man stands in front of a group of white sinks which are mounted on a wall. The wall is maroon square tiles.  A mirror covers the wall.  The man is wearing black dress pants and a white shirt and he is adjusting his tie while looking into the mirror.  Next to the man is a partition all with a large yellow trash bin.  The floor is tan tile and the room is a bathroom with stalls on the far side.,1.1954529825357911e-234,0.12698412431342912,0.8327934741973877,0.03382949932341001
414,A photo of a cityscape is pixelated.,A large orange truck is parked next to the brick building. The word Allied is on the back of the truck behind the cab.  There is snow on the hood of the truck.  The ground is covered with snow and footprints.   A red and white stop sign is next to the driveway.  The trees have no leaves but do not have snow on them and the sky is clear and blue.,1.5769637900795643e-235,0.11999999759200004,0.8256658911705017,0.030959752321981424
415,A black background with many small squares of different colors and sizes.,"On the white table, there is a monitor with black frame. Beside the monitor is a laptop that has a stand underneath it. In front of the monitor is a silver keyboard with white keypads. In front of the monitor is a cellphone, mp3 player and a hard drive. Beside the keyboard is a mouse on a mouse pad. Behind the laptop is a lamp and behind the lamp is a white curtains.",8.581523449098361e-234,0.1632653024239901,0.8298766016960144,0.03736920777279522
416,A photo of a giraffe is missing squares of different sizes and colors.,There are three giraffes in a pen. The pen is surrounded by a rope fence. The giraffe in front is eating food out of a net hanging from the tree.,1.6142935469115595e-155,0.22222221777777784,0.8563818335533142,0.08833922261484096
417,A woman is drinking wine.,Three people are all together drinking wine. One lady has the glass up to her lips and is preparing to drink. A lady is talking and looking at someone and a man is smiling and looking at the same person.,9.096374693518689e-158,0.22857142612244902,0.896337628364563,0.08647260273972604
418,A person is riding a bike on a street.,"a young black man is jumping off of a skateboard, he is wearing a white tank top and blue jeans with green shoes. there is another white guy holding a skateboard watching dressed in a black shirt and pants. with one other black kid watching the both of them.",1.6256622184314335e-233,0.09090908793388439,0.8628418445587158,0.04444444444444444
419,A collection of small photos of a garden.,There is a brick building with a white glass door. There are two white chairs on the porch of the house. There is a gray cat sitting on the porch. There is grass in front of the porch.,3.3528323128761053e-233,0.13333332975555565,0.8434714078903198,0.05714285714285714
420,A black and white pixelated image of a car.,This photo is taken outside on a sunny day. A red and black motorcycle is sitting on a brick paved sidewalk in front of a bench. There are numerous cars lined up on the street across from the motorcycle.A brown brick building is surrounded by large green trees in the background. Two people can be seen walking past some of the vehicles.,2.121141513208848e-157,0.13793103186087993,0.8545258641242981,0.04409171075837742
421,A black background with blue and white squares of varying sizes.,"A person is surfing a large wave during the day. The spray from the wave is large and white, the wave is a light green. The person is wearing a pink and black long wetsuit. The hair on the person's head is very dark. Under the surfer is a white and blue surfboard. The sky above the surfer is blue. The bare hands of the surfer are a little tan and dark.",6.114172060120004e-234,0.1538461505103551,0.8323585987091064,0.04552352048558421
422,A man playing tennis on a tennis court.,There is a person standing on top of a tennis court. The person is wearing a white shirt and blue shorts. The person is wearing a white hat and dark colored shoes. They are holding a blue tennis racket in their hand. There is a green fence behind them. There is a bush behind the fence. There are cars parked in a lot behind the bush.,3.602602074024828e-81,0.18181817914256201,0.8593555688858032,0.04983388704318937
423,A black background with many small squares of different colors and sizes.,"A stuffed bunny rabbit sits on a windowsill. The stuffed critter has a black button nose, two deep set eyes, and two multicolored buttons going down its torso. It is ""wearing"" a black and white plaid jumper. This same black and white plaid fabric is used to represent the underside of the bunny's floppy ears and the underside of its feet and paws. The windowsill is of a rustic marble look, and the window panes behind the bunny are rectangular and feature dirty glass and dirty white window frames. The black box surrounding the tableau says 'left behind"" along with some writing underneath that.",6.852743639505766e-235,0.12345678759945136,0.8350511193275452,0.02637130801687764
424,A train is passing by a station.,There is a train on the train tracks. The train is blue with a yellow front and red doors on the side of it. There are black poles on the platform next to the train. There is a cement bridge over top of the train tracks. There is empty tracks on the other side of the platform. There is a white building in the distance.,1.9440176958670156e-158,0.14634146058298636,0.8506324887275696,0.042229729729729736
425,A photo of a person standing outside a house with a tiger on it.,A man in a straw hat holding up his tiger neck tie. The man is wearing a black watch. There is a pink and brown stripe around the rim. There are people standing behind the man in the straw hat. There is a white umbrella above the man in the hat and tie. The man in the straw hat is wearing a white shirt. The man in the hat is wearing glasses.,2.340421778760804e-233,0.17391303962192828,0.8452014923095703,0.04531722054380665
426,A bunch of small squares are scattered around a larger black square.,"There are four birds on a small boat. These birds are gray with black beaks. The boat is white with blue in the inside. It is tied to a narrow dock. On the dock, there are three birds resting. They are few inches apart for each other. The water is gray and calm. On the other side of the dock is a bigger boat with paddle inside of it.",1.2663586584028462e-233,0.14035087386888281,0.8397658467292786,0.07576490311764518
427,A black and white photo of a city street with a blue sky in the background.,"A man is suspended in the air with his skateboard doing tricks. He is bald, wearing a white shirt with red logo on it. He is also wearing jeans and black shoes. Underneath him is a big gray, cemented ramps. The skate park has few people skateboarding. Farther down the skate park are trees and beyond the trees is a mountain.",3.94209242406081e-156,0.2622950782585327,0.8403576016426086,0.08849557522123892
428,A busy street with people walking around.,A picture of a woman seducing a man. The woman is wearing a short skirt. The woman is wearing boos. The woman is wearing socks. The woman has white hair. The woman is wearing a blue sweater. The man is wearing a blue wig. The man is wearing a blue jacket. The man is holding a suite case. There are many other people standing around. There are escalators near the man.,1.5769637900795643e-235,0.14634146058298636,0.847920298576355,0.023219814241486066
429,A yellow flag is held up by a person.,"A woman walking is holding a golf pole. She is wearing a white visor, gray windbreaker, pink pants, and white shoes. Behind him is a man carrying a big gray umbrella. He is wearing a white vest, blue windbreaker and white shorts. Beside him is a thin yellow pole with a small yellow flag. The woman is holding a white golf ball in her hand.",2.9524728844913183e-234,0.20408162965431073,0.859963059425354,0.06262626262626263
430,A person is on a skateboard in the middle of a field.,A picture of a man with blue hair riding a skateboard. The skateboard has four yellow wheels. The man is wearing black shoes. The man is wearing a white shirt. The man is wearing black knee pads. The man is wearing gray shorts. There is a tree to the left of the man. There is a park with a gray sidewalk behind the man. There are many trees and bushes behind the man.,4.4375128794875557e-157,0.24489795570179093,0.8614391088485718,0.052316890881913304
431,A man in a blue shirt is playing tennis.,Four men are standing together on a tennis court. Three of the men are holding rackets in their hands. One of them is holding a green ball in his hand. Another man can be seen sitting in the background of the photo. A tall fence and a green bush can be seen behind the men with a net on it. One of the men is wearing eyeglasses on his face. Another man is wearing a necklace around his neck.,6.589375046456723e-235,0.2142857115880102,0.8600924015045166,0.034722222222222224
432,A bike is missing from the frame.,"A motorcycle is parked at the curb. It has a sharp looking features. The motorcycle has two boxes attached to it. The first one placed behind the seat, it is medium and black. The second box is beside the wheel. It has silver color in front and the rest is black. The handles of the the motorcycle is black. It also have plastic shield in the front.",2.792479519645903e-235,0.12244897714285716,0.8554257750511169,0.02459016393442623
433,A black and white photo of a train wreck.,"An antique steam locomotive is traveling along a set of tracks.  The locomotive is black and green.  It has a red sign in front with the number ""823"" on it, in yellow.  Smoke is coming out of the smokestack.  A man is behind the locomotive in the background, taking photos of something behind the train.  He is dressed in a red shirt and blue jeans.  Three buildings with gabled roofs are in the background.  Two are brick.  A switch throw is in front of one of the buildings, a single story structure.  It is sunny.",5.421962922558936e-159,0.1714285691877551,0.8262706995010376,0.04050925925925925
434,A black background with many small squares of different shades of brown.,Inside of a white ceramic toilet bowl with no lid are many clear ice cubes. The light is reflecting off the rim of the toilet seat. The hinge that connects the seat and the toilet is long silver and shiny. Under the toilet are off white ceramic tiles with black grouting between them. The drain of the toilet is covered in ice cubes.,2.0878724564440503e-233,0.15999999656800007,0.8441728353500366,0.05181347150259067
435,A black and white image with squares of different sizes and colors.,There is a woman wearing a white shirt. She has many gold necklaces around her neck. The woman has dark hair and there are many gold headbands and decorations in her hair. The woman is wearing large gold earrings. There is a water behind the woman with many small waves in it. there is a large white boat in the water. There is a black engine on the black of the boat.,1.0322346066768973e-233,0.2040816291711787,0.8303104639053345,0.05303030303030303
436,A black and white photo of a car parked in a driveway.,A red fire hydrant with a white top and a black knit cap on top of it sits on a sidewalk at the side of a parking lot.  The hydrant is casting a shadow on the sidewalk where leaves are scattered around it. There is a manhole cover a bit down from the hydrant.  Behind the manhole cover is a small area with small green shrubs and mostly covered by leaves.  At the end of the sidewalk are rows of cars with a store in the far back. A couple of people are near their cars in the parking lot.  At the end of one row of cars is a wooden fence with a brick building behind it.,1.0790294701488735e-158,0.15999999749688892,0.8335603475570679,0.04655493482309125
437,A black background with a few small squares of other images in it.,There are four men sitting at a table eating and socializing. The man at the far left is wearing a brown long sleeve shirt. The man to his right has on a black and white jacket and a plaid shirt. He is also wearing eye glasses and has a beard on his face. The man next to the man wearing eye glasses is wearing a long sleeve black shirt and is facing the man wearing eye glasses. His face is not visible. The man to the far right is wearing a long sleeve gray shirt. His eyes are squinting in the direction of the other three men probably because of the brightness of the shining sun. It is a very sunny day. It appears the setting is an outdoor area of a restaurant.,1.4057006508687653e-235,0.10256409978632487,0.8183615803718567,0.024793388429752063
438,"A close up of a sidewalk with a red sign that says ""Coca Cola"" on it.",A large white bus is positioned near the stop sign on the corner.  No one is in it.  On the sidewalk near the bus are several colorful bicycles parked on the sidewalk.  A blue sign referring to bike rental is near the bikes closest to the street by the stop sign.  Several buildings are hovering in the background.,9.867288220149454e-233,0.19607842722029997,0.8489432334899902,0.06505576208178439
439,A black and white photo of a building with a sign that says 1055 on it.,"The image is black and white. There is a car with its hood open. On the front bumper, there is a sign that says ""is your camera loaded"". There is also a license plate that says A1400. At the top of the car, there is a sign that says D. Monosson & Son. On one side, there is a flash of a camera, and between the hood and the bumper, there appears to be a camera lens. This car is parked in front of a multilevel building.",0.002519464285890874,0.30303029951790633,0.868064284324646,0.09997000382709793
440,A dark room with a blue screen in the center.,"In the center of this room is a column going half way up and stopping and then begins again with an snit object encased in glass, finishing up almost to the ceiling. The object is fragile and is sitting upon a satin pillow with wire connectors coming out and down out the bottom. These are motion sensor wires, which will indicate if anyone tries to pick up the object. There is a commuter laptop open on one side, as if is keeping track of the monitoring of the security of this object.",4.207615759089234e-235,0.13333333102222228,0.8442733883857727,0.041766109785202864
441,A baseball player is swinging his bat.,"This is a picture of a catcher on a baseball field. The catcher is crouched down and holding the mitt in his left hand. His uniform is white and black and he is also wearing a helmet and knee pads. The field has green grass, brown dirt and white lines painted on it. The catcher is a man. He is wearing white shoes and has a bracelet on his right wrist. The helmet the man is wearing is black and his shoes are white. His last name is on the back of his uniform and so is his number.",2.888309931970691e-237,0.10526315574022779,0.8342662453651428,0.022271714922048998
442,A black and white photo of a room with a lot of turquoise squares.,There is a white sink sitting in front of a blue wall. There is a roll of toilet paper sitting on the top of the sink. There is a white bar on the wall next to the sink. There is a white shelf on the wall above the sink. there is a hole in the top of the sink where the faucet should go.  There is a pipe coming out of the wall above the sink.,7.245906666528115e-157,0.13953487969713368,0.8334633708000183,0.04297994269340974
443,A bike is in the middle of a black and white pixelated background.,"The bike is leaning on the white wall. The body of the bike is blue with red and linings and white text. The bike is surrounded by shoes and slippers. The seat of the bike is black, and so are the handles and break. There are reflectors on the bike's spokes. The wheels of the bike is black. On the wall there is an umbrella with black handle.",1.1871985128314444e-156,0.23999999615200004,0.858155369758606,0.055999999999999994
444,A collage of squares in different colors and sizes.,"The image is of a light blue strainer on a wooden table that is holding two bananas and three peaches. There is a white curtain to the right of the strainer and a yellow squared tiled wall directly behind the wooden table. The handle on the strainer is silver appearing chrome and there are holes in the shape of circles near the bottom of the strainer. The strainer is resting on a cylinder shaped bottom, allowing it to stand on the wooden table. There is one silver screw on to the left of the bananas and one silver screw directly in front of the silver handle on the strainer.",2.0688726887369023e-236,0.09677419106659736,0.8216625452041626,0.025252525252525256
445,A photo of a house with a lot of windows.,"A cat is sitting on a wooden stool near the window, its tail hanging down behind it. A dog is lying on the ground next to the cat, in front of the window. There are black bars on the window. Outside is bright, with green grass and trees visible. There are brown bamboo shades on the other half of the window.",9.340044963128882e-234,0.1538461512426036,0.8609713912010193,0.05366726296958854
446,A person is walking in the snow.,There are two people in the photo. One person is wearing a red and black jacket. There is snow on the ground. The person wearing the red jacket is also wearing black gloves. She is throwing a white frisbee to a person wearing a black hoodie. The person in the black hoodie has his hands in his pockets. There is a small house in the background.,2.1535270345472023e-158,0.1904761876984127,0.860630989074707,0.061896838602329446
447,A black background with a bunch of green and white squares in the middle.,There is a large grey elephant standing in a field. There is dirt and grass in the field. There is a large log on the ground next to the elephant. There is a large tree in front of the elephant. There are tall trees behind the elephant. There is tall grass and weeds in front of the elephant. There are white clouds in the sky.,1.6638701318994028e-156,0.27906976305029746,0.8403416872024536,0.0888199081803005
448,A black metal structure with square cutouts that reflect the sky.,Many people are flying kites in a large open field. Huge billowy white clouds float above the kite flyers in a blue sky. Many of the kites are yellow and orange and have flags hanging from the strings. Beyond the dark green grass field is a city skyline. The sky line has many tall skyscrapers mostly all grey and white colors. There is also a large square like sculpture in front of all the kite flyers.,3.5740028218453583e-234,0.0937499971533204,0.8470873832702637,0.03597122302158273
449,A large collection of small square images of snow capped mountains and a few other images of buildings and a road.,The sky is cloudy in the background of a snow speckled mountain top. There are snow dunes and there is a bright yellow sign on a metal pole stuck in one of the dunes. There are two people standing at the bottom of the snow dunes. There is also a ski lift in the background with a light blue sign in front.,1.9648062714587827e-232,0.14814814397805223,0.8617485165596008,0.07772020725388602
450,Randomly placed squares of different sizes and colors on a black background.,A Man is standing in ice and snow while holding skiis. The sun is shining behind the man. There is a red pole to the right in the picture and a man in front of the first man. The man is kneeling and crouching. They are both atop of a mountain. The mountain is covered in snow. The clothing they are wearing is white and grey.,1.4310939876751523e-233,0.11538461183431963,0.8217679858207703,0.024752475247524754
451,A jumbled collection of squares of different colors and sizes.,"The crowd is covering the whole street. The crowds have colorful umbrellas. At the center of the crowd is a bus parked with a sign ""DANCE"" on it. There are white placards with number on them. The scene is taken at night. There are buildings surrounding the crowd. There are some people standing and watching from a building porch.",9.072414022094348e-234,0.07843136964244532,0.8433204889297485,0.03696857670979667
452,Man with glasses on a computer screen.,There are three woman in the living room of a home. In the living room there are hardwood floors. Two woman are standing up in front of the television. They have game controllers in their hands. They are playing a game together while the third woman sits down on the couch and watches them. They are all smiling and look like they are having a great time with one another.,1.8191302264529017e-235,0.10909090686942154,0.8235647678375244,0.023547880690737835
453,A person skiing down a snowy slope.,A person is standing on top of a hill. There is a lot of snow on the hill and on the trees in front of the person. There is a ski lift in the air next to the man. There are wires hanging from the ski lift. The person is wearing a red jacket and black ski pants. They are holding black ski poles and standing on top of black skis.,8.249883216414337e-159,0.13636363368801657,0.8622017502784729,0.030959752321981424
454,A close up of a train track with a train car on it.,A model train car is driving around on model train car tracks. The plastic train car has a red roof with blue sides. The front has red and white stripes with two small windows. The black tracks curve around where two train cars in the center. One car is yellow and green and the other car is black. Off in the distance are four lit lights on a model pole.,8.850122784915128e-157,0.1851851819410151,0.8517535328865051,0.06998444790046655
455,A zebra is in the center of the picture. The zebra is black and white. The zebra is in a black background.,There are two black and white striped zebras standing on the dirt ground. The zebra in the back has its head down. Both zebras are looking down. There are a few scattered rocks in the dirt. There are a lot of trees in the background behind the zebras. There appear to be tracks in the dirt that may have came from a vehicle.,1.1679521393163749e-155,0.3214285676785715,0.8751227855682373,0.12733446519524616
456,"A collage of squares of different sizes and colors, with a few of them being yellow and orange.",This image is of a city bus. The front of the bus has a large windshield window. There is a marquee display above the window that reads 44 BEALINE. There is a blue and white license plate below the grill of the bus. The license plate reads CR-526-AX. Both front headlights are turned on. The driver is visible through the front windshield window. She has short hair and is wearing a black jacket. The passenger directly in front of her is a man that is wearing a black jacket with white sleeves and he has short hair. The door is open on the bus and there is an older man waiting on the bottom step to get on the bus. He is wearing a black jacket and jeans. He is also carrying a black and white Adidas messenger bag.,1.7319712955176512e-234,0.09523809230442186,0.8184835314750671,0.031520882584712376
457,A clock tower is in the background.,There is a large blue clock on the side of a building. The clock has black handles. The numbers on the clock are black. The background of the clock is white. The building the clock is attached to is very tall. The building the clock is attached to has many windows. There is a tall black metal pole near the clock.,6.580250240072275e-235,0.17142856822857147,0.8655434846878052,0.03597122302158273
458,A mosaic of a zebra is shown.,A zebra stands next to a narrow tree. The tree has some wire around it. The shadow of the zebra is on the ground. There is another zebra next to the wall. There is a fence in a background. There are some rocks on the ground. There is a black stripe on the zebras back. The zebra is looking off to the side. There are shadows on the ground.,1.2473666427398358e-158,0.23255813680908602,0.8544173240661621,0.05923566878980891
459,A person in a blue shirt is sitting in a bus.,The people are standing up on the bus. Some of the seats are occupied on the bus. There's a boy on the front of the bus and a yellow shirt sitting down. There's a woman in a green shirt looking out of the window on the bus. There's a man taking a picture of the top of the bus. The camera he is holding is black. He is wearing a watch on his right wrist.,2.2273798991202075e-157,0.23529411474048442,0.8823830485343933,0.05830903790087464
460,A bunch of white squares and rectangles on a black background.,There is a person snow boarding down a hill. There are tracks in the snow all around the snowboarder. There is a large rock in the snow next to them. There is a green pine tree in front of the snowboarder. The snowboarder is wearing blue ski pants and a blue and yellow jacket. They have a yellow snowboard on their feet.,1.371285888171955e-233,0.15999999656800007,0.8318711519241333,0.04393673110720562
461,A man and woman are standing in front of a black background with a blue square in the bottom right corner.,"People surrounding a adult giraffe that is contained behind a fence.  A gentleman with dark hair and eyeglasses is stroking the cheek of the giraffe.  On the opposite side of him, a woman with dark hair and sunglasses is holding out her hand to feed the giraffe.  Behind that lady, is a man in a short sleeved black shirt with a video camera recording the giraffe.",7.040070881134335e-156,0.28571428150163775,0.8284146785736084,0.14735171020349258
462,A black background with many small white and red squares.,There is a white sink hanging from the wall. There is a mirror hanging above the sink. There is a black and white cat sitting on the edge of the sink. There is a red and white toilet next to the sink. There is a roll of toilet paper hanging from a roll next to the sink. There is a red bottle on the back of the toilet.,4.386471645114064e-234,0.16666666265432112,0.8306406140327454,0.04019292604501608
463,A black and white photo of a car.,This photo is taken outside on a cloudy day. Part of a blue sky can be seen in between the white clouds. An old dark truck is sitting parked in a parking lot. The truck has a trailer attached to the top of it. Part of a white building can be seen behind the truck. Another old car can be seen parked in the parking lot. Green trees can be seen in front of a mountain in the background.,1.0783920558311496e-158,0.15094339366322537,0.8433083295822144,0.05930304435172307
464,A black and white image of a window with a white square pattern.,A clock is attached to the stone exterior of a building.  The clock has diamond shaped metal objects as numbers and silver metal hands.  The clock has a black face with gold borders.  A square shaped border is bordering the gold border of the clock.  The square shaped border has red and green stripes on it.  The stone portion of the building has a ridged design on it.  The sky is stark white.,7.026313003415032e-157,0.26923076589497047,0.8517400026321411,0.07940764925373134
465,A mosaic of squares in various colors and sizes.,There is a white plate sitting on a table. There is food on top of the table. There are small pizza slices sitting on top of the plate. There are black olives slices on top of the pizza. The crust of the pizza is dark brown. There is cheese and lettuce on top of the pizza. There are sliced up onions on the top of the pizza.,1.98800985958141e-234,0.054054050372534954,0.8285302519798279,0.024509803921568627
466,A woman's breasts are shown in a close up.,"A supermarket produce stand.  Closest to the camera is a bin of ripe oranges.  Most of the oranges have an oval, dark sticker on them.  Next to the apples are red apples with a tint of green.  The apples seem to take up two bins, then past the second bin of apples is another bin of oranges.  The setting of the store is dark and lights can be seen glowing to the left of the produce stand.",7.242557042290153e-235,0.1403508745337027,0.8434019088745117,0.021367521367521368
467,A woman with short brown hair is wearing a white shirt and black jacket.,"A couple is posing at a formal black tie event. They are both enjoying themselves and smiling. The man is wearing a black tuxedo with a bow tie. He has short combed back brown hair and is wearing square black frame eyeglasses. The woman has on a black silk top with silver and crystal embellishments, she is also wearing a necklace and earrings that are also silver. Her hair is chin length and brown, she is wearing minimal make-up. The wall in the background is painted tan and has a framed painting hung on it.",1.41313069625706e-80,0.2933333302968889,0.8701849579811096,0.06329113924050633
468,A baseball field with a player in a red jersey and a blue hat.,"There are two grown men standing in the dirt on a baseball field.  Its a clear day.  There are a few trees in the back ground on the other side of the fence.  The fence is decorated with billboards and have a tall yellow pole standing next to it.  The grass is cut short and is very green.  The men are both wearing uniforms, cleats and a baseball cap.",1.2994871386040383e-156,0.20338982726802646,0.8583354949951172,0.08378444881889764
469,A woman playing tennis.,"A male tennis player is wiping his forehead with his wrist. He seems tired and is holding onto his tennis racket loosely. His shirt is blue and yellow, his hair short and brown. He has a white bracelet on. Near him are white and green advertisement banners that line a wall of a tennis court. Behind the banners are two fully visible red seats made of metal and cloth. Behind those are a white wall and behind the white wall are the basic seats of a sports stadium. Next to the seats is a long hallway leading down from the sports arena.",2.9497045567466813e-242,0.05882352830449829,0.8497816920280457,0.010845986984815618
470,A close up of a horse's face.,A group of sheep are standing outside. Two faces are showing. The upper part of the face is black and the mouth and snout is white. The horns are gray and curled towards the face. The wool is very thick and white. All the sheep are standing on hay that seems to be in damp dirt. Behind the sheep is very short green and yellowish grass. In the background are dark figures of trees and buildings.,7.719894708567718e-236,0.10714285495535718,0.8367640972137451,0.02170767004341534
471,"A picture of a window with a lot of green, orange and blue squares.","A man is sitting in a restaurant with others while eating pizza. The walls are painted a bright shade of green and a blue picture hangs behind the man. The man is in his late 40's or early 50's. He has silver hair with black eyebrows. He is wearing a short sleeved button up plaid shirt in white, blue and black plaid. On the table in front of him there is a pizza with one slice missing, on the pizza there is prosciutto and basil. An empty glass with a slice of lemon on its edge also sits on the table.",1.407294535734792e-157,0.15584415321302078,0.8400441408157349,0.06326658908818533
472,"A colorful and vibrant city street scene is shown in this photograph. The street is lined with various shops and businesses, including a restaurant, a bar, and a coffee shop. The buildings are mostly made of brick and have a variety of architectural styles. The street is relatively narrow and is lined with a few trees. The sky is clear and blue, and the sun is shining brightly. The image is taken from a slightly elevated perspective, and the street is seen from a slightly skewed angle.","A large red truck is parked in the middle of the road. The truck appears to be a fire truck, and has a blue light on the top. There is a large brown and yellow brick building on the other side of the road. On the near side, there is a small fence, and small plants growing out of the dirt. Past this, there is a concrete wall and a concrete surface covering the ground.",3.473549242098095e-155,0.17647058325259532,0.8594496846199036,0.19028871391076116
473,A dark cityscape with a sunset in the background.,A sunset is shown in the background. There are a bunch of cars heading towards the direction of the camera but they are at a traffic light because it is red. There is one car going through the light. It's starting to get dark outside and the streetlights are getting ready to come on. The sky looks beautiful.,2.1541121157420495e-80,0.2592592564814815,0.8761776685714722,0.06591337099811675
474,A black background with a bunch of small squares in different colors and sizes.,There are people walking down a road while holding their bikes.  There are cars parked along the left side of the road.  The trash bins are on the sidewalk on the right side of road.  A blue and green bin is visible.  There is a 20 mph sign on the sidewalk.  A red light is on the traffic signals.   Green trees surround the road.  There is a house peeking out from behind the trees on the left side.,1.3776697085589976e-233,0.13333332975555565,0.827959418296814,0.02793296089385475
475,Piece of grass and dirt on a black background.,Two sheep are in a green field.  One of the sheep is standing up and looking to the left.  The other sheep is sitting down in the grass and is also looking to the left.  The field is covered in grass with some brown leaves on it.  Behind the sitting sheep is a metal manhole with a paved cement border.  Both sheep have tan fur and white faces.,1.08903036477212e-157,0.19607842846597462,0.8249421119689941,0.04025764895330113
476,Giraffe in pixelated form.,Two giraffes are bending their necks to look at something in the bright green grass below. One giraffe is standing behind the other giraffe. Each has large brown spots and black hairy tails. Around them they are in a forest filled with large and small trees. The bottoms of the giraffes are off white colored.,3.738855505831007e-237,0.039999998528000055,0.836208701133728,0.02004008016032064
477,A black and white photo of a train station with a tree in the background.,The image is a black train with smoke coming out of the smoke spout at the top of the front of the train. There is a blue sign on the front of the train and a black number sign below the blue sign with the numbers 60009 on it. The conductor can be seen on the left side window of the train. He is wearing a blue shirt and there are two more train cars behind where he is located. The train car behind the conductor is green and the last visible car is maroon in color. The train is on the tracks and the gravel on the tracks is light brown. There are trees on the right side of the train and atop a grassy hill.,9.168831775394554e-235,0.21333333029688892,0.8492400050163269,0.059307155397593465
478,A collage of small squares of different colors and sizes.,"The image is of a telephone poll between two streets. The pole has a green and sign on it with white lettering that says ""E Main st 1700"" There is also a no parking sign attached to the pole. There are vertically striped awnings on both sides of the street. One awning covers produce stands, on the opposite side the awning is attached to a multilevel brick building. Behind the produce stand is a brown multilevel building with a brown stone facade and red roof tiles. The road is paved with cobblestones. There are several vehicles parked on the street.",1.6639424447699714e-235,0.054794518386188866,0.8154928684234619,0.021978021978021976
479,A black and white photo of a city with a lot of buildings and a few people.,There are people sunbathing outside on the pier. Some of the people have umbrellas over their chairs. Some people are in the Water swimming with their pets. There are a lot of people on the pier enjoying the Sun. It is a hot sunny day out. There is a flag on a flagpole on the pier to the right. The pier to the left has more people on it.,1.3876274934747386e-79,0.19230768855769237,0.8526023030281067,0.08339047805642633
480,A black and white photo of a room with a blue object at the bottom.,The small bathroom has an angled ceiling. There is a window in the angled ceiling. There is light coming into the room. There is a white sink below the window. The sink is round. The is a toilet next to the sink. There is a tub next to the toilet. There are some glass panels on the wall above the tub. There is a white shower curtain. There is a blue carpet on the groun. There are bottles on the corner of the tub.,6.16453876394224e-157,0.22222221838134434,0.8361889719963074,0.062203869874798166
481,A black background with squares of different colors and sizes.,A black and brown bag is sitting on top of some carpet. The carpet is brown and there is a brown wall next to it. There is a cat inside of the bag looking out the top of the bag. There is an orange cat sitting in front of the bag looking down into the bag. The cat inside of the bag has its eye looking out of the bag.,1.697695098400955e-157,0.18181817830578514,0.8301612734794617,0.031249999999999997
482,A black background with a bunch of blue squares scattered around the edges and a little bit in the middle.,A male is surfing in the blue ocean.  There is a wave behind him with white foam surfacing on the water.  The male surfer is laying on the surfboard in preparation to ride a big wave.  He is wearing a black wet suit that covers his entire body.  The surfer has dark brown hair and the board is red.,8.547755219135199e-156,0.2258064474921957,0.8375037908554077,0.09074410163339382
483,A close-up of a person's face is in the center of a blue and white circle.,A smile is represented on a blue plate utilizing food.  Two eyes are displayed using oranges.  A chili pepper represents a nose and a banana represents a smile.  The circular blue dish is sitting on top of a wooden plank table.  There is a light casted on the left of the plate.  The blue ceramic plate has swirls of white around it.,4.521476403681051e-156,0.24999999625000005,0.8452855944633484,0.09581881533101046
484,A black and white photo of a woman's hand holding a pink rose.,"A lone soda can sits on a desk. Inside the grey and silver can with tiny writing are small bright red and pink flowers. The can is being used as a vase. Behind the can is a blue white and yellow calculator, a pink notepad and a black plastic corded phone. The point of a white elbow can be seen. The desk is very large.",1.5461197725194505e-156,0.17543859316712837,0.8378301858901978,0.06688963210702342
485,A British Airways plane is parked at an airport.,The plane is parked on the runway. The tail of the plane has a circle on it. The top of the plane is white. Underneath the plane is a grey color. The sun is shining outside. There are other planes parked out. All the planes are getting ready from passengers and for take off. There are baggage carts around the bottom of the Planes.,8.948380700774942e-81,0.12244897659308628,0.856218695640564,0.03418803418803419
486,"A close up of a wooden floor with a pattern of squares in a variety of colors including brown, yellow, and white.","A small bedroom is in view. The ceiling is high and angled into three white sections. The window is covered with a white set of curtains covered in little yellow flowers. The walls of the bedroom are painted yellow. There is a lamp and a black alarm clock on the bedside table beside a photo in a frame. The bedframe is brown wood, and the covers are white and yellow. There is a striped pillow on the bed, and a small picture above the headboard. There is a large dresser of brown wood to the right, with multiple small ceramic decorative objects adorning the surface. There is another small framed picture on the wall above the dresser.",9.065811509400337e-157,0.17073170389054143,0.8445327281951904,0.046511627906976744
487,Black and white image of a person with a lot of squares.,"This is a black and white photo of elephants standing in a row. There are ten elephants shown in the picture. There are men standing in front of the elephants. The men are wearing denim, hoodies, and hats on their heads. They are holding hoses and they are spraying the elephants down. There are people in the background behind the elephants, too.",1.0678400473608012e-156,0.16326530287380264,0.8680559396743774,0.06140350877192983
488,A person in a blue shirt is standing on the beach.,"Two shoe less young boys are standing on a sandy beach. One of them are wearing turquoise shorts and the other is wearing black shorts. They both have short dark hair. The boy wearing the turquoise shorts is resting his foot on a dirty, white soccer ball while resting his arm on the shoulder of the boy wearing the black shorts. A shadow of the ball is shown in the sand, a small wave is rushing up the shore and there is a small, white boat traveling in water just behind the two young boys.",4.445529034083589e-158,0.23188405529090525,0.8603700399398804,0.05196304849884527
489,A black and white photo of a red and white building with a camera on the side.,Two vintage trains cars are on display behind ropes.  The train cars have information signs on poles in front of them.  The car on the left is red and has DD1631 on the front.  The right car has a back door and blue chairs can be seen inside on it.  There are lights on inside left car.  The trains are indoors and there is a low ceiling above it.,3.44849662607217e-156,0.2033898268888251,0.844489336013794,0.06269592476489028
490,A black and white photo of a woman with a black background.,A bride is wearing her white gown and veil while holding a knife in her hand.  She has red hair and a bruise under her right eye.  A wedding cake is on a table  with white frosting and clusters of dark fruit o top.  The scene takes place outdoors at night. Several cars are either parked or driving down the street.,2.68298588331076e-233,0.1290322553590011,0.8388978838920593,0.07130124777183601
491,A black and white photo of a newspaper page with a green square in the upper left corner.,"A white topped surface is topped with several dozen long sheaves of wheat in the upper left hand corner of the image. In front of the wheat stands a small sign that says, ""Please Do Not Touch""  A larger sign in front of the wheat says ""Wheat Weaving."" Next to this sign is a spool of silver thread. In front of the spool of thread lies a pair of green handled scissors. Next to the scissors and in the foreground lie a couple of woven articles which look to be the same size as a bracelet. The wheat has been already fully woven in these.",0.0014085100859453517,0.2650602377064886,0.8372979760169983,0.07661964924425983
492,Randomly sized and spaced squares of color and light over a black background.,"A large black bear is sitting on the side of the road. The bear is sitting on its bottom, with its front paws in front of it. The area where the bear is sitting is full of rocks and dirt, with some green grass and weeds. The roadway in front of the bear is graveled. There are trees surrounding both sides of the road.",2.683903048002521e-233,0.08163264936276568,0.8164955377578735,0.042444821731748725
493,A woman is standing in front of a black background with many small white squares.,"A woman is skating around a concrete skate park. It looks like an old swimming pool and her shadow is cast below her by the sun. Both of her feet are on the black skateboard. She is wearing a sleeveless short red dress and black sneakers. Her arms and legs are bare, only the back of her head can be seen. Her hair is bleached blond and she has dark roots showing.",7.035123509609098e-80,0.16901408117437022,0.8530046939849854,0.05279034690799396
494,A man and woman are in a car with a child.,A white truck is on a dirt road. There are a lot of people in the back and a man is sitting in the passenger side. Another white truck is parked beside that truck. It is going in the opposite direction. A man's arm is stretched out of the passenger window. There are bushes and small trees in the background. There appear to be power lines in the air above the trucks.,6.354397132142619e-234,0.17857142563775513,0.8630231618881226,0.05311077389984826
495,A collage of a zebra with a black background.,There are a group of zebras all standing outside together. There appears to be four of them and they are all pretty much looking in separate directions. One of the zebras is looking directly at the camera. They are all huddled pretty closely together. They are standing in a field of grass that has some small bushes and very small trees present as well.,3.070479315164853e-234,0.038461535857988345,0.8380289077758789,0.03418803418803419
496,A black and white photo of a building with a large window has been pixelated.,There is a reflection of a building in the window. The window is dark and has various panes and metal bars. The reflection is of a clock tower. The clock tower has a gold clock with roman numerals. The reflection in the glass made to reflection of the clock face. The tower is made of dark tan brick and has a fence like design at the top.,1.0550456174814222e-79,0.2916666625347223,0.8502439260482788,0.08090614886731391
497,A person is standing on a beach and looking out at the ocean.,"The man is snowboarding during the winter time. From the edge of a large cliff that leads to a range of mountains, he is trying to slide across the snow. His outfit consists of a bright green pants, that are long-sleeved, followed by a jacket with scribble patterns. His head is protected by a beanie.",4.9911146942959355e-233,0.1111111074554185,0.8668996095657349,0.03937007874015748
498,A green square in the middle of a bunch of blue squares.,"A woman is up in the air with her ski boards. The woman's ski boards are yellow. She is also wearing green cargo pants, black hoodie jacket, brown helmet and goggles. Her ski poles are black and white. The sky is blue with white sheets of clouds. The pants have pockets on the side. The goggles are too big on the face.",1.0678400473608012e-156,0.18181817861818186,0.8375141620635986,0.05263157894736842
499,"A jagged, pixelated, black and white image of a snowy mountain.","Three men are airborne on top of white ski boards. They are jumping in different directions, one ski angled to the left, the other two towards the front. They are wearing thick winter protective clothing and helmets to protect themselves in case of a fall. The sun is glowing against the pile of white snow they are above. There is an expanse of white glowing snow in front of the pile with people wearing dark winter clothing walking and skiing. A large hill in the background displays patches of dark, snow covered trees running down the slope. The sky is heavy and grey with clouds.",1.3391301590324725e-158,0.12499999762812504,0.8266190886497498,0.03138075313807531
500,"A jumble of small images of a person in a purple jacket, trees, and a word that says TAR.",There's a man standing on a snowboard outside. The snow has lines in it. The sign says Superstar on it. The majority of the sign is black and the letters are white. The symbols on the sign are black. There is an arrow pointing to the left. The snowboard is blue and orange. The tree to the right of the man is filled with snow.,1.2607954563274806e-232,0.18518518101508927,0.8583201169967651,0.05794701986754968
501,A black background with a few squares of different colors scattered around.,A white game controller is sitting on top of a small table in a room. It is connected to a game system. Behind the table is a newspaper that is sitting beside a small decorative lamp. A wall is behind the lamp and paper. Near the lamp is a wooden cabinet with drawers and a door. The handles to the door and drawers are black.,1.67145253459178e-233,0.15686274149942336,0.8371785879135132,0.03350083752093802
502,A black and white photo of a computer screen with a blue screen in the upper left corner.,"A chair is sitting in front of a long white table. The table has two laptops, papers, and numerous cords on top of it. A microphone is hanging on a microphone stand beside the table. A long black cord is running along the wooden floor into a white outlet that is on the wall. Part of a large picture frame can be seen hanging on the white wall.",3.840863964342711e-156,0.23333332942222226,0.8244562745094299,0.07142857142857142
503,A black and white image with many small squares of different sizes and colors.,This is a black and white photo. A man is riding on a black bull with long horns. The bull is pulling a small wooden cart with bags on it. The man is dressed in a white tee shirt and shorts with no shoes. The road is dirt and grass and there is a tree behind the bull. There appear to be small mountains or hills in the distance.,6.798264615939695e-80,0.21052631226839028,0.8631982803344727,0.05511811023622048
504,A black and white image with a red object in the bottom left corner.,Two dog figurines are standing by a large blue barrel and in front of a light green color wall. Next to the wall are wooden racks stacked one on top of another. Next to those are several red fire extinguishers. There are more blue barrels laying on top of the wooden racks as well as standing up across from the racks.,4.906029981345012e-233,0.14285713910714296,0.8323379755020142,0.05328596802841919
505,A black and white photo of a room with a large piece of black fabric with squares in it.,"Two women and a man are sitting in a living room of a home. The women are sitting in chairs and the man is sitting on a sofa. There are picture frames on the white walls in the room. Two windows are above the man, one of them is halfway covered up. There is a small black t.v. sitting on a large brown entertainment center.",6.515884685694827e-156,0.2592592552469136,0.8527479767799377,0.11370477806359806
506,A house with a lot of windows and a lot of light coming in.,A picture of a bathroom with a bath tub and toilet. There is a white sink  under a large mirror in the bathroom. There are lights mounted in teh ceiling. There is a black and white shower curtain on the bath tub. There are many white cabinets under the sink. There is a metal handle next to the shower.,2.5541454916833607e-156,0.22222221852839513,0.852353036403656,0.06422018348623854
507,A close up of a large rock wall with a few small green plants growing in front of it.,Two black cubs are roaming in an enclosed area.  There are stone walls behind the two cubs.  Green shrubs  are in the front of the enclosure.  The cubs appear to be grazing on the ground.  A tub like structure is in the back of the left side.  The two cubs are on the top level and beneath them is a step to a lower level.,5.011761561398167e-156,0.16666666260555565,0.8509010672569275,0.10521523178807947
508,A woman with a red shirt is in the background.,There are two men sitting together. Both of the men are holding skis. The man on the left has a red turtleneck on. The man on the right has a black jacket on. There's a light coming off of the camera. Both of these Keys have black footholds to put your feet up. Both of the men are looking into the camera and smiling. The man on the right is wearing a watch on his left wrist.,8.43050436184625e-158,0.10909090611570257,0.8636434078216553,0.03556187766714082
509,A person is sitting on a bench in a park.,The picture is a baseball or softball game. There players are wearing green black and white. There is a pair of legs visible from someone sitting on a bench. The legs are wearing a pair of high green socks with low shoes. There is a baseball glove next to the legs on the bench. there is also another person with his or her leg propped on the bench. It has green socks with a white front and black pants. Someone in the background is standing next to a fence with a baseball bat in their hand.,8.396580350641571e-82,0.22222221977324264,0.8575781583786011,0.04576659038901602
510,A giraffe is standing in a grassy field.,"A giraffe is standing in the grass with his head halfway down towards the grass. The giraffe is looking at something in the grass and his mouth is open. His left front leg is standing wide and far from his body. The giraffe is young and he has a long neck and long legs. The grass is both, green and dry and there are trees casting shadows on the ground.",0.00023306715123275166,0.22641509177643293,0.8903157711029053,0.04702194357366771
511,A skier is skiing down a slope.,There's a man standing at the top of the hill on skis. The man is wearing a black helmet. The man is also wearing goggles. The coat that the man is wearing is a bright red. The man is holding ski sticks. There are lines in the snow where the man is standing. A man is standing at the top of the hill looking over at the land. The land is covered with snow.,1.0272958051700325e-235,0.13636363368801657,0.851948618888855,0.037147102526002965
512,Black background with many small squares of different colors and sizes.,"A black tall metal steel pole is in front of a very tall buildings with many windows. The black pole has two street signs on it being held on by silver metal rings. One of the signs is black and has the numbers, 1 and 21. It also has in white writing Wall st. On the other black sign are the numbers 92 and 113 and the white word broadway. Above the street sign pole is a street light and the lamp is round. The light is turned off.",5.42370865339007e-158,0.12121211843434349,0.8275567889213562,0.045812807881773394
513,A chain link fence with a baseball field in the background.,"There is hitter getting ready to swing at the ball that has just been thrown by the pitcher. The pitcher is wearing a black shirt with gray pants and red socks while the hitter is wearing gray pants, dark blue shirt, and black socks. The umpire and the catcher is squatting down anticipating the play. The field is a mixture of dirt sand green grass. The image was taken through a metal fence.",5.044678862269837e-234,0.12698412410178894,0.8489669561386108,0.037425149700598806
514,A black and white image with a lot of white squares.,A worn wooden building is on the side of a set of train tracks.  The building has many windows with screens over the windows.  Many of the screens are torn or missing.  The paint on the building is severely thinned and peeling.  A small foliage bush is at the front of the building.  Tall mountains are in the far distance.  A large metal structure is suspended in the air above the building and the train tracks.,4.060851221990063e-234,0.17857142563775513,0.8314875960350037,0.043165467625899276
515,A person is walking in the snow.,"A man and woman are standing outside on a snow covered field. the man is wearing a dark coat, scarf, pants, gloves and eyeglasses. The woman is wearing a dark coat, gray scarf, dark pants and black gloves on her hands. They are standing behind a homemade snowman. There are colorful frisbee rings on the ground surrounding the snowman.",8.75641925672002e-235,0.18181817914256201,0.8597210645675659,0.027881040892193315
516,A mosaic of different colored squares.,"A long food banquet table is covered in a white tablecloth with long red cloth fringes.  The table is covered in food on metal platters.  In the center of the table are several raised bowls of food.  Next to the table in the foreground is another identical table with different food items.  Two large windows are on the wall next to the tables.  The windows have white sheer panels and dark blue curtains.  The room the table is in has red walls and hardwood floors.  A tall, green, decorated Christmas Trees  is against the wall next to the windows.  Another plain red table is in front of the Christmas tree with two tall glass bowls filled with oranges on it.",8.583327203044156e-240,0.08108107959094232,0.8231435418128967,0.013812154696132598
517,A photo of a bunch of squares in different colors and sizes.,"The woman is sitting on top of a large, white lifeguards chair. The woman has dark hair and a blue headband. The is wearing a colorful, flowered bathing suit. She is wearing sandals with a small kitten heel. The woman holds a large pink umbrella. There is a a stand of green trees in the background. The sky is blue with big white clouds.",8.636315093741532e-157,0.11111110786694109,0.8349964022636414,0.0510204081632653
518,A screenshot of a video game.,"A person is in mid air in a jump pose with a snowboard attached to their feet.  The person is wearing a black hat, pants, gloves and red jacket.  The person is in the air above a snow covered steep ski slope.  The sky is white with clouds and a few sections of pastel blue.  The sun is in the background and glowing as a white round and bright circle in the sky with a white haze of clouds over it.  A ornate type graphic in green-yellow and pink lettering is at the bottom of the ski slope.  Trails of narrow white lines are in the sky with the clouds.  Another person can be see in the background at the bottom of the slope in the background.",2.6728757629418136e-240,0.0845070407062091,0.8113723993301392,0.013054830287206266
519,A black and white image with many small squares in it.,"A woman is looking down at her hand while standing over a motorcycle.  The woman is wearing a sleeveless vest, black helmet and blue jeans with rips on the upper thigh.  The motorcycle is a pale color and is surrounded on both sides by two more motorcycles.  The woman is parked on a paved surface next to a field of grass.",1.5017903980573115e-233,0.14285713970025515,0.8295503258705139,0.03571428571428572
520,A person in a wetsuit is on a surfboard in the ocean.,A man is parasailing in the ocean. The man is standing on a flat board. He is holding on to the handles of the sail. The sail has several white cords attached to is. The sail is dark blue. There black stripes on the sail. On top of the black stripes are blue stripes. The water is dark blue. In the distance is a large land mass.,4.583835883836667e-80,0.2916666633680555,0.8567277193069458,0.09495131988356921
521,A person's face is in the middle of the picture.,A man is pointing at something pink. The pink item is a wristband. The wristband is on his right wrist. There is some some writing on the man's right hand. the man is wearing a green tie. The man is wearing a white button up shirt. the man is wearing a ring. The man has a beard on his face. The man is standing in a room.,5.12592535740653e-234,0.22727272401859508,0.8424871563911438,0.04078303425774877
522,A collage of green and yellow squares on a black background.,"A bunch of small green bananas is hanging from a large banana tree. Under the bananas are a slew of large, dead brown leaves. Hanging from the center of the bunch is a long stem with a pod at the end of it that is dripping some type of fluid. Behind the banana tree is a green wall of other trees. The bananas are facing upside down.",8.704050940016109e-234,0.14814814490397812,0.8360784649848938,0.03257328990228013
523,Pixelated view of palm trees and sky.,A stop sign is locating at an intersection on 7th street. There is a street sign and a bunch of pedestrians as well. The pedestrians are all walking across the street and they all have on short sleeve shirts. There are a bunch of palm threes located in the background and the sky is very clear and monotone.,5.284387976878131e-158,0.17391304089792062,0.8380441665649414,0.04830917874396135
524,A black and white photo of a woman laying in bed with her laptop.,A little boy lays back on the bed. A little girl lays next to the boy. The boy has a blanket covering him. There is a white laptop on the boys lap. The laptop is open. The laptop has an Apple logo on the screen. The two kids are watching something on the laptop. The laptop is plugged into the wall. There is a cord attached to the laptop. The kids are resting on pilllows. There is a window in the corner of the pic.,9.247422137846609e-234,0.2033898268888251,0.8538026809692383,0.044929396662387676
525,A zebra is standing in front of a black background.,A black and white zebra is standing outside by himself. No other animals appear around him. He is standing on the ground covered in dirt. You can see a tree branch next to him with green leafs. In the back of him you can see the shadow on the ground cast about by a tall tree near him. It appears to be sunny and warm outside.,1.7437486353897486e-80,0.24137930749108205,0.8709958791732788,0.08808464403973511
526,A close up of a person's face.,"The image is a pencil outlining of a baseball player on a baseball field at  home base. The sketch appears like a comic strip picture that has not been colored in. The baseball player has the baseball bat raised in the air and is looking towards the direction of where the pitcher would be standing. The uniform of the player has the letters ""ARAI"" on the back of the shirt with the number 25. Both the shirt and the pants are striped. The player is also wearing a baseball helmet on his head and gloves on his hands.",1.575031076957361e-160,0.06153845961656811,0.8357062935829163,0.01687289088863892
527,A black and white image of a room with a black curtain with squares of varying sizes.,A bedroom has a twin bed that is high up off the floor. The bedframe is metal with metal bars. In front of the bed is a chest. The windows have shutters on them that are closed and drapes that are open. A green plant in a pot is in front of one of the windows. There is a rug on the floor. The bed is made and there are two pillows on top.,5.105129370390577e-233,0.17543859297014472,0.8309686183929443,0.05856515373352855
528,A man with a beard is in the background.,Two men are sitting in front of their laptops. Both of the laptops are black and gray. The man on the right has gray and black hair. The man on the right is wearing a watch on his right wrist. The watch is black. The man on the left is wearing a navy blue shirt. The american flag is stitched on the right shoulder of the dark blue shirt.,2.0016753972602332e-234,0.22727272401859508,0.8599728941917419,0.047619047619047616
529,Squares of varying sizes and shades of grey on a black background.,A large plane is flying over a whole bunch of clouds high in the sky. But because it seems so far away it looks very small. It has a wing and a tail visible and is dark in color. The sky is white and blue. The clouds below the plane are fluffy and puffy and white. Far off is a patch of bright blue. The puffy clouds are a light blue color with a twinge of blue and grey to them.,4.6586731557585644e-234,0.13114753802741205,0.8248915672302246,0.040485829959514164
530,A car is parked in a driveway.,This is an old bus painted blue. There are white curtains in the windows and bicycles attached to the front. there are six windows on the side and one big window in the back. On the back of the bus is a spare tire. The bus is parked or traveling along a road next to a patch of green grass. There are many trees in the background.,1.569823262249209e-158,0.1538461515162722,0.8540422320365906,0.06098360655737704
531,A cow is standing in a field.,Two light brown cows stand on a muddy path.  They have horns on their heads.  There are several cows on the ground behind them.  There is a thatched roofed building in the back ground. The building behind it had a blue tarp on part of the roof.  The roofs of several structures can be seen in the background.,1.0101098735177649e-234,0.1249999975086806,0.8740453720092773,0.05671077504725898
532,A large number of small squares of varying shades of brown and tan are scattered across a black background.,"Four white fire hydrants sit outside. A small brown dog with a long tail is walking toward them, with its rear facing the camera. There are wooden posts lining a parking lot, and greenish brown grass on a hill in the background. There is a wooden fence post in the foreground, and a wire fence. The sun is casting shadows on the ground.",1.4007474600857684e-232,0.19047618653565138,0.8378913402557373,0.068259385665529
533,A black and white photo of a kitchen with a person in it.,"A cat stands on a tiled kitchen floor, looking into an open refrigerator. There are white cabinets to the right of the fridge, and the main source of light is coming from the fridge. The door of the fridge has eggs, bottles of drinks and condiments, and there are containers of food in the main part of the fridge where the cat is looking.",3.0869268319167805e-233,0.21818181477024795,0.8503374457359314,0.059422750424448216
534,A black and white photograph of a partially damaged car.,"A man is taking a photo in a public restroom mirror with a camera. There is a long counter with four white sinks, soap dispensers, and one water knob for each. Above the sink is a long mirror reflecting the back wall. The wall is covered with beige subway tile. The man taking the picture is wearing a gray shirt, and tan pants.",7.232069104622541e-234,0.11320754410822365,0.834904134273529,0.043327556325823226
535,A black and white image of a building with a lot of windows.,There is a guy skateboarding. He is skateboarding on a black skateboard with white wheels. He is wearing a white shirt with gray shorts. He has on a pair of red sneakers with black markings and laces. He is in mid jump and has his hands over his heads. There are wooden benches behind the guy on the skateboard. The benches have purple handles. A building with bars and window is behind the benches and is showing the reflection of trees.,4.015104500573128e-157,0.2758620658917955,0.8461115956306458,0.08564690026954176
536,A black background with blue and green squares of varying sizes.,A man in a black wetsuit is surfing. The sky above him is a dark shade of blue with a lighter area towards the water. The ocean that he is surfing in is a shade of green with white foam meeting the skyline. The man has his arm outwards for balance and his body bent. His surfboard is white and has a point on the end.,1.0963828985216222e-233,0.14545454225454552,0.8409749865531921,0.05785123966942148
537,A cat is sitting on a window sill.,"A small elephants is bathing in a small man made pond. The water is shallow coming to his under belly and covering his legs. There is water splashing to the right of the elephant. The bottom of his tail is in the water, and his trunk is raised upward as he closes his eyes. The shadow of his turns is cast on the light colored rocks in front of the elephant as the sun shines above.",3.1170784199608393e-235,0.14285714040816327,0.8540748953819275,0.0361271676300578
538,A yellow school bus with the number 2429 on the front.,People are gathered to board a bus.  The bus is yellow with side doors opened for passengers to enter.  The bus has two front windshields that are high up on the front of the bus.  There are street light poles above the walkway.  People entering the bus are wearing jackets and some have hats on.  The sky is blue with white clouds in the distance.,5.319499397443569e-157,0.21428571135204083,0.8566710948944092,0.0587248322147651
539,A black background with a white light in the upper left corner.,A cat is looking outside of a window. The cat is peeking with it's head tilted to the side. It appears to be focused on something that is moving outside. The cat is white and has black spots all around its body. The tail is black and the cat has on a pink collar. The cat is looking out of a glass door that is behind an open door.,1.3254154709578097e-233,0.1818181784066116,0.8334972262382507,0.04739336492890995
540,A giraffe is standing in front of a tree.,A single giraffe stands just in front of a series of high boulders which form an enclosure behind it which is higher than it's head.  The giraffe is standing in a depression and a small grass hill rises in front of the animal.  Trees are behind the rocks and cast shadows onto the rocks.  The area in front of the giraffe is grass.,0.0014796890773060658,0.3265306092461475,0.8856099247932434,0.12193467881944445
541,A black and white photograph of a woman in a white dress.,"A bathroom has brown tiles going halfway up the walls and on the floor. The tiles are rectangular. There is a small white toilet attached to the wall and a metal gray flusher. There is a small white sink on another wall. The wall above the tiles is a light yellow color, almost white. The walls outside the bathroom are white.",2.581556831325042e-233,0.17391304007561445,0.8356640934944153,0.053475935828877004
542,A black and white photo of a person walking down a road.,A bunch of elephants are gathered together outside. Two of the elephants are very close to eachother and the other one is a couple steps away. Two of the elephants look like parents and the smallest one looks like a child. They are in an enclosed area that appears to be a zoo. There is a small body of water in the very front.,1.920935392009754e-233,0.15094339293698833,0.8401007652282715,0.042517006802721094
543,A black background with purple and white squares.,"The image is of a train-station. It is an aerial view. There is a train in the station and there are three platforms. All three platforms are crowded with passengers. There is a metal archway that goes above the train tracks. On the outside of the station there are trees. On the right side of the image there are large white buildings in the background. It is daytime. Some of the people at the train station are wearing backpacks, many of the people are wearing white shirts.",7.334290905173061e-236,0.14545454296859506,0.8276064991950989,0.025284450063211127
544,A bunch of squares in a grid pattern.,"The image is of a jet plane. It is gray in color and has two small black wheels below its body. These small black wheels extend to each side of the plane. On the front of the plane there is a propeller that is moving in full motion, as the plane is up in the air. The letters ""TF-FTE"" are on the bottom of the left wing. The tail has a small wing on each side. The sky appears gray and dark.",1.3702259334221487e-235,0.1071428546938776,0.8269598484039307,0.02680965147453083
545,A mosaic of red and green squares of various sizes on a black background.,"Chopped tomato pieces sit on a cutting mat next to a silver chef's knife. There is a glass measuring cup in the background, and two bunches of green broccoli next to the tomatoes. The flash from the camera gives a bright light on the food, and the kitchen counter that everything is sitting on is a creamy white color.",2.4403399002701043e-156,0.17543859297014472,0.8423210382461548,0.05504587155963304
546,A jumbled photo of a room with a person in it.,The room is a little dark. There are two windows in the room. The two windows are letting in the only light that is coming into the room. The two windows have drapes. There's a cream chair to the left of the room. There are two lamp shades on both sides of the windows. There is a silver kettle on a table closest to the camera.,1.0079297031950229e-233,0.13043477920604923,0.845849871635437,0.04958677685950413
547,"A dark, abstract, geometric pattern of squares in varying sizes and colors.",The room shows computer desktops on long table. A man with balding head is looking at the his computer. He is wearing a stripe shirt. He is also wearing eyeglasses. In front of him is a woman wearing a white blouse. She is also looking at her computer. The wall is white and there is a green poster. The room is dark except fro the lights coming from the desktops.,1.0254236505431474e-233,0.10526315457063723,0.8237825632095337,0.031152647975077878
548,A collage of squares with a picture of a woman in the upper right corner.,"A vintage ad for Gold Seal floors and walls shows a woman in a red and black party dress entering a bedroom. There is a platform, and a bed on the platform with a ottoman, and a nightstand. A tall window behind the bed has closed curtains. A bookcase on the wall has white books on the shelves. The floors appear to be terrazzo.",1.379288014050528e-79,0.2068965482461356,0.8419710397720337,0.08114921095341689
549,A black and white picture of a tree with squares of different colors in the background.,A little brown teddy bear sits on the corner of a couch. The couch is black and made of leather. The bear has a pink bow around its neck. there is a painting on the wall behind the couch. The painting is of a tidal wave. There is a mountain in the background as well. The bear sits alone on the couch. The bear is cute.,3.68554704955306e-156,0.30188678839444644,0.8513467311859131,0.09572960939081157
550,A woman playing soccer is in the background.,"This is photo inside a stadium at a soccer game. There are spectators in the background. The ground is covered with green astro-turf. There are two men play soccer. One of the men is wearing a black pair of shorts, white shirt, white socks and black shoes with yellow at the bottom. The other player is wearing a purple pair of shorts, a purple shirt with white writing and purple socks. They are both trying to kick the white ball that has multi-colored swirls.",3.797114650071811e-82,0.16666666435555558,0.8558385372161865,0.04581151832460733
551,A photo of a baseball game is shown with a black background.,There is a baseball game going on. There are batters on the side warming up. They are wearing grey uniforms. They are wearing red helmets. The other team has red and white uniforms. There are many people watching the game. The ground is green. The sky is blue. There are many trees. Many people are playing.,8.710679236215127e-80,0.17391303983931955,0.8448507785797119,0.061167635658914726
552,A black and white photo of a tree with a white square in the top left corner.,A cow eats grass on the side of a hill. The cow is white. The grass is green. The grass is all over the hill. There are some weeds in the grass. There are  some trees by the grass. There is a rock by the trees. There are many mountains.  There is some snow on the mountains. there is some fog near the top. There is just one cow.,3.2091877168200897e-156,0.29166666236979166,0.8319262266159058,0.07517113428443478
553,A black background with brown squares scattered all over.,A woman has a bunch of bananas o her head. She is seen in the forefront of three village type cottages. There is three other people behind the woman. There appears to be two men and a child as the man is wearing a blue shirt and stands in the doorway of one of the cottages. The child sits on the dirt ground a few feet away from the man in the blue shirt. A man wearing a red shirt is seen a few yards behind the others. Trees protrude from the tops of each cottage.,6.664502028234886e-236,0.03076922838343214,0.8168630003929138,0.01145475372279496
554,A woman is walking in a grassy field.,A little girl is gesturing while standing in a grassy area. The girl has red paint on her cheeks. The girl has short black hair. She is wearing an orange shirt. She is also wearing a short that are a floral print. Behind the girl is a wooden fence. The fence is discolored and gray. On the ground behind the girl is a black bat and a small white plate.,2.1850886126403805e-81,0.18867924271982914,0.8736142516136169,0.03918495297805642
555,A black and white photo of a bunch of small squares.,"Multiple hair styling tools are sitting on a metal grate. A silver pair of shears is laying on top of a smaller pair of thinning shears. The thinning shears are different colors of blues, yellows, and pinks. Next to the shears is a gray comb. The comb has 2 varying ends. One side of the comb has small teeth the other has wider teeth. A golden comb is laying on top of the gray comb. The golden comb is large with large teeth. The metal grate is dark gray.",6.0023203044291334e-158,0.17857142563775513,0.8295942544937134,0.043103448275862065
556,A group of horses are standing in a field.,"Black and white cows are lined up at a feeding station in a green field. The line up shows seven cow rumps and no heads, but the eighth cow is turned, looking at the camera. A farmer is in a green tractor in the distance, directly behind the feeding area. Bushes are to the left, behind the cows. The one cow with a visible face has yellow id tags in her ears.",6.98264912296603e-158,0.1724137904815696,0.8620529174804688,0.03805175038051751
557,A black and white photo of a man in a suit with a serious look on his face.,"A group of 24 young men are posing on the stairs in front of a building. They are mostly dressed in jackets and ties, although one seems to be wearing a sweater under his jacket.  Two of the men are wearing glasses. The men appear to be Caucasian. Most of the men are standing on the stairs, but a few are sitting on the stones on the side of the stairs. They are in front of a porch.",2.203708838128768e-156,0.2295081928513841,0.8544980883598328,0.06944444444444445
558,A black and white image with white squares all over it.,"Two young men are seen on a ski slope skiing in a black and white photo. The boy in the foreground is wearing a winter hat with white specks, and white pine trees knitted into the design and a white pom pom on the top. The man is bending his right leg as he holds of his ski poles in the air. The boy on the left side of him is barely visible.",1.5279477338861302e-80,0.1034482730083235,0.8572894930839539,0.044910179640718556
559,A woman is sitting at a desk and looking at her computer screen.,"A boy is sleeping on the couch with a black cat. The cat's ears are perked up. The boy has short brown hair and is wearing a white and gray shirt. The couch is light brown and there are some wooden bars at the top, where the boy's head is. The surface behind the wooden bars is white. The boy's ear is red.",3.06479615858077e-233,0.19230768875739648,0.8551858067512512,0.043103448275862065
560,"A black background with a bunch of small squares in various colors and sizes. In the middle of the squares is a yellow word ""The"" and a brown word ""onion"".",The building is painted burgundy and orange. There is an old sign attach to the wall for a restaurant. The writing on the sign is yellow. There are lights attached to the wall as well. The windows on the building are very big. The windows are reflecting the trees. There is a aqua blue square small sign in the sign on the wall.,1.5375914989697296e-155,0.2372881308359668,0.8502668738365173,0.09781417374940544
561,A black and white photo of a kitchen.,The desk has laptops on it. Two of the laptops are turned off. There are two desktops to the right of the laptops. The two desktops are on. The desk is made of wood. There is a glass on a coaster to the right of the desktop computer. There's a garbage can underneath the cabinet under the desk. There is a shelf over the desk that has books on it.,5.548953570484417e-235,0.09302325278528943,0.8260095715522766,0.023510971786833854
562,A black pixelated fence with a person in red in the background.,"A man in a red and black jacket, blue jeans, and a black motorcycle helmet is seen standing on the side of the road near his motorcycle. The man is holding his riding gloves in his right hand just below the license plate on his bike. The man has the face plate of the helmet down obscuring his face. Across the road there is dry grass and bushes on an incline. The road is empty otherwise.",7.68688325476707e-234,0.17543859337642356,0.8473736047744751,0.05028735632183908
563,A yellow truck is parked in front of a building.,A train is traveling on the railway track that is up on a small hill. The train is dark gray and light gray colors with yellow on its front. The hill has dry yellow as well as green grass. Next to the hill is a fence with wooden posts and green plants are growing on that side of the fence. There are also some green trees. There are some white clouds in the sky.,2.664167045466854e-234,0.24561403219452138,0.8571815490722656,0.051775147928994084
564,A black background with many small white and gray squares scattered throughout.,"The surfer is wearing a blue and black wetsuit on a cloudy day.  His surfboard is baby blue and cutting through the wave.  The surfer is focused on riding the wave as the spray from the wave is hitting him.  The surfer is keeping his body bent and low to the surfboard to keep himself on the surfboard.  The spray from the wave is small, so the surfer is coming to the end of the wave.",5.619960642505782e-234,0.07843136895040385,0.8198660612106323,0.028735632183908046
565,A close up of a car engine.,A woman in a white hat with a light brown ribbon walks down a city sidewalk with her purse over her shoulder and carrying a large wooden basket.  There is a railing on the sidewalk and two bicycles are leaning against the railing.  There are a couple of signs and both signs are in the Asian language.  A statue of Colonel Sander from KY Fried Chicken stands in a glass showcase in front of one of the windows.,5.801325578420699e-236,0.10169491316288427,0.823682963848114,0.021156558533145277
566,A construction worker is standing in front of a yellow caution sign.,A picture of people having a bike race. There are orange cones on and around the street. There are tall buildings behind the bike race. There is a large green tree to the right of the bike race. There is a tall street light to the left of the bike race. There are white lines and words painted on the street. The two men at the lead of the bike race are wearing helmets.,7.895382718353508e-234,0.15686274149942336,0.8545043468475342,0.0368731563421829
567,A red fire truck is parked in a parking lot.,There's a truck and motioned down the street. The front of the truck is ready. This guy is blue with no clouds. The back and top of the truck is white. Their trees to the left side of the truck. The truck has big black wheels. The headlights on the truck on. There's a puff of black smoke behind the truck.,3.88588589924249e-157,0.08695651833648407,0.8479676842689514,0.03577817531305904
568,A man is riding a motorcycle on a street.,There are a bunch of motorcycles sitting in front of a store. There is a large white sign on the store front. There is a large red sign on the store front. The sky above the store is blue. The road in front of the store is gray and paved. There are yellow lines on the road in front of the store. There are people standing around the motorcycles.,1.8930677109070516e-234,0.15789473351800565,0.8629842400550842,0.05555555555555555
569,A close up of a person's face with a lot of small squares in the background.,"A young child is brushing his teeth.  He appears to be about three or four years old.  He looks Asian, with epicanthic folds in his eyes.  He has brown hair and light eyebrows. He is wearing a white t-shirt. The toothbrush is blue and gray.  The sink is white.  A mirror in the background reflects a bathtub or another sink.  Nobody else is visible.",2.953070207372537e-156,0.19354838360041626,0.8343713879585266,0.08987014358108107
570,A giraffe is standing in a zoo enclosure.,"A giraffe stands in an outdoor enclosure. The giraffe is standing in a side view, with its head turned toward the camera. There is a metal fence behind it, with wooden posts. There are tall palm trees with brown trunks, and green leaves and branches. It is a clear sunny day, and blue sky is visible in the background above a tan building. The giraffe is standing on beige dirt or sand and its hooves are dusty.",0.00010676713693187537,0.2222222200050391,0.8779776692390442,0.08166176599027629
571,A person in a red hat and white coat is skiing down a snowy slope.,A person is in fast motion skiing on the snow. The skis are multicolored. The trees in the background are a blur because the person is moving. The person is wearing a hat and gloves. The hat and gloves are both black. The trees in the background have snow on them. The person is wearing black pants. The hood on the person's jacket is bright red.,2.69360729661953e-156,0.37499999586805555,0.86930251121521,0.09588680086764377
572,A man is kayaking in the ocean.,There is a man surfing in the ocean. He is in the wave. He is on his stomach on his surfboard. He is holding on with his two hands. The wave is big. The surfboard is red. The man is soaking wet. The water is a greenish color. The man has short sleeves on. The Water behind the waves is calm. The man is wearing some sort of paddle on his feet.,5.855576027295841e-82,0.21739130176748583,0.8727200031280518,0.06509754028838
573,A car is parked on the side of the road.,The man is sitting on a pink bicycle with a basket on the front.  He is wearing an orange short sleeve t-shirt and blue jean shorts. He also is wearing a pair of thong shoes.  He is sitting on a bicycle on the beach near the blue water.  The sky is clear blue. There is a  boat in the water.  The man is near a white pick up truck that has a license plate on the back of it.  There is a board in sand near the water.,2.9672704429352775e-158,0.1403508745337027,0.8513450026512146,0.053165696868938746
574,A zebra is in the grass.,"In the image only the head, neck, and a partial hoof of a Zebra is visible. The Zebra is white and black, and is leaning down to eat from the grass. The Zebra is striped. The grass that the Zebra is eating from is green with various twigs and clumps of dirt scattered across it. The picture was taken while the sun was shining.",5.314864831766155e-159,0.127659572240833,0.8753657937049866,0.05154639175257732
575,A close up of a person's hand and arm. The hand is holding a small object. The arm is covered in small squares.,A woman is standing in the middle of a concrete path crouching and holding a tennis racket as she poses for the camera.  She has short blonde hair and is wearing a short-sleeved button-up light blue shirt and a dark blue denim skirt that falls to her knees.  She is wearing black thong sandals and has red painted toenails.  The path is long and winding as it stretches between two areas of dense green shrubbery lining each side.,6.086418382481965e-156,0.2077922043514927,0.832025945186615,0.07586206896551724
576,A close up of a colorful abstract painting.,"The image is of a man's forearm outstretched holding some fruit. The man has light skin and blond hairs on his forearm. He is holding out his left hand, he is holding a bushel of miniature bananas in the open palm of his left hand. They are lying across his fingers, there are seven small bananas. The man is standing on sand that has many shoe and paw prints in it.",2.4649814925751933e-158,0.07017543618344114,0.8328914046287537,0.0231839258114374
577,A blue and black image of a beach with a person in the distance.,Two people are standing on a beachy sand area flying a kite.  There is a woman and a man.  Both are wearing jeans.  The woman has a black long sleeved turtle neck on .  The man is also wearing a lightweight jacket.  In the distance are sandy hills with grass growing on top.  The sky is blue with white clouds in the distance.,1.1112464560909975e-79,0.2857142821492347,0.8586630821228027,0.1280550774526678
578,A black and white photo of a woman in a white dress.,"A woman is posing in a very weird position to take a photograph. She has on a hat that looks like it may be corduroy. She has her hands up, one is an all the way opened palm and the other has her two fingers in the middle pointed downward while the outside fingers are pointed up. She is looking directly at the camera.",9.039070851972465e-157,0.1724137902497028,0.8416278958320618,0.0510204081632653
579,A large outdoor market with many people walking around.,"A woman is standing on a train platform. She is wearing a scarf on her head, a coat, and a red skirt. She is holding on to a black suitcase. A lot of people are standing across from her on another train platform. They are standing near their luggage. A large building with windows is over a platform.",3.1286855053968897e-157,0.1739130403308129,0.8568024635314941,0.03766478342749529
580,A black and white zebra with squares of different sizes in the background.,"Two zebras with dark brown and white stripes are standing close to each other, and they are leaning their heads on each others backs. The horse on the right is taller than the one on the left, and he has a longer face as well. The one on the left appears more white, and brown, than black and white. There are mountains in the distance behind the dry grass , and the plains.",8.605440815724575e-157,0.12307691987692317,0.8545172810554504,0.07940764925373134
581,Black background with yellow and brown squares and rectangles.,Two black microwaves are sitting on a yellow counter top in a kitchen. A brown shelf is hanging above the microwaves. Objects are sitting on the shelves. A phone outlet is hanging from a white painted wall above the counter top. Two wooden chairs are sitting in front of the counter top. Part of a room can be seen in the background of the photo.,2.7475856126747694e-234,0.13043477973534975,0.8283776044845581,0.03367003367003367
582,Photograph of a cow standing in a field of grass.,Brown cows are lying on the green grass. Behind the meadow there is a small rocky mountain. Some parts of the mountain is covered with grass and shrubs. The cow on the front has two long horns and a long tail. On back a cow is stand facing to the right. On back the meadow is covered with dark green vegetation.,4.415218814602156e-157,0.17021276313263925,0.8655296564102173,0.05366726296958854
583,A man and woman are in a kitchen.,Three men and a woman are standing in a room of a home. They are holding white game controllers in their hands. A blue and brown futon is sitting in front of a window. A tall cabinet is leaning against a wall beside the window. A brown table is sitting near the cabinet with different items on it. A long picture frame can be seen hanging on a wall in the room.,3.4045887930696e-158,0.21818181569586778,0.8725962042808533,0.04573170731707317
584,A black and white photo of a sidewalk with a tree in the background.,The sky is mostly cloudy and overcast. There is a bench to the right of the walkway. The bench is made of wood. There is a red sculpture made of metal to the left of the bench. Some of the grass is cut short and some is not. There are trees behind the bench the trees directly behind the bench is a reddish wine color. The trees in the distance are tall and bushy.,8.74842989552449e-157,0.19607842757401003,0.8465703129768372,0.09283088235294118
585,A beach at night with the sun setting.,The image is of a seagull flying in the air in the direction of the west. The seagull in the air is white and its wings are spread open. There is another seagull on the ground. The ground is made of sand and the seagull is located near the shoreline of the water. There are waves in the water in front of the seagull on the ground. The clouds are gray and the sun is orange. The sun can be seen in the distance.,4.85383635050316e-159,0.08510638015391589,0.8317130208015442,0.01963350785340314
586,A blue and yellow image with a white background.,"The image is of a sign hanging on a black pole. The sign says ""Objazd"" in black lettering. To the left of the lettering is a solid black arrow which is pointing to the left. The sign's background is yellow. It has markings and scratches on it making it look worn. The sign is near the bottom of the picture. The pole does not have a top or bottom. In the background is blue sky with numerous clouds. The clouds are large and puffy. The picture was taken during the daytime since the clouds are out and the sky is blue.",5.717886013085243e-236,0.18181817946280993,0.8444969058036804,0.0326797385620915
587,A photo of the ocean with a blue and white mosaic overlay.,"There is a single person in black on the ocean as they para-ski on a mostly cloudy day. The sail in the air is yellow, with white, and black stripes on it, and is high in the air and far from the skier. Beyond the sand, and near the camera there is a swatch of area where there are small pebbles and small rocks on the sand. There is a red, white, and black kite on the beach on the damp sand near the rock covered ground. rocks.",1.2233052139475037e-157,0.16129031945889702,0.8456217050552368,0.043532338308457715
588,A close up of a dirt path with a person in the distance.,"Four elephants are seen in a muddy field on a sunny day. The Elephant nearest the elephant is small and his head, trunk, and front legs are wet. The taller elephants on the right are facing away from the camera, and are fully wet. The fourth elephant is far in the distance behind a wooden post fence. A person in a tan hat is standing near the two wet elephants.",9.794270873193697e-157,0.20689654844233057,0.8616572618484497,0.07458659980321834
589,A giraffe is standing in a grassy field.,There are two giraffes in the outside wooded area. One of the draft is sitting down. The other draft is standing with his face in the trees. The giraffe sitting down is looking to the right. The giraffe has two furry horns on its head. The top of the horns is a dark brown color. The giraffe is brown and tan. The giraffe's neck is very long. The giraffe ears are white. The eyes of the giraffe are very dark.,1.1966712901885067e-158,0.1851851826611797,0.8726836442947388,0.034340659340659344
590,A black and white photo of a car.,The picture was taken in black and white. There are planes parked on the grass. There's a big plane and a small plane parked next to each other. The big plane has two propellers under the weight. The windows are on the side of the plane. The windows are circle-shaped. The grass is high. Some of the grass is brown colored.,1.0231498953753543e-157,0.21739130147448016,0.8761537075042725,0.04488330341113105
591,A black background with many small squares of different colors and sizes.,A Caucasian couple are sitting in bed reading a book together. They are both under a yellow bed sheet.The man does not have a shirt on. He also has blue eyes and short brown hair. The woman looks older with reddish-brown hair. The bed frame is made of metal and is black and gold. Above the bed a brown curtain with a funky print hangs.,1.7673458782823626e-233,0.12903225494276802,0.8333936333656311,0.04187604690117254
592,A black and white mosaic of squares with a few red and green squares in the middle.,This photo takes place inside of a bathroom. A long green curtain hangs inside of a white tub. Part of a window can seen above the tub. A window sits over a white toilet. Two small shelves are on a corner wall near the window. A roll of tissue hanging on a tissue holder near the toilet. The floor is blue in color. A small trash can is on the floor near the toilet.,5.105129370390577e-233,0.2068965478894174,0.8332958817481995,0.051244509516837476
593,A black and white image with squares of different sizes and colors.,"In this black-and-white image, a man is holding a cell phone to his right ear and looking straight ahead. He has very short, dark hair and has an East Asian appearance. He is standing next to a motorcycle outside a building. He appears to be wearing a robe. The appearance of him is reminiscent of a Buddhist monk.",2.787390475743576e-233,0.07407407082990412,0.855463981628418,0.04681647940074907
594,A black and white photo of a building with a blue sky in the background.,"A man is riding a skateboard on a skateboard ramp. The ramp is covered in graffiti. Above the skateboard ramp, there is a metal chain link fence. The man is wearing a black shirt with green writing on it and black pants. He is wearing red and black checkered shoes. He is holding his arm out as he is doing the trick.",6.783731167183872e-233,0.21818181438677692,0.8458779454231262,0.06980802792321117
595,A winter scene with a skier on a snowy mountain.,"There is a large amount of snow on the ground. There are trunks that are partially covered with snow. There is a guy snowboarding through the trees. He is wearing a kaki colored puffy jumpsuit. The jumpsuit has a hat attached, but he is not wearing it. He is wearing a black cap with goggles. He is also wearing tan gloves on his hands. His snow board is bright orange and stands out on the white snow.",1.7834062842158103e-234,0.1016949126687734,0.8471569418907166,0.03556187766714082
596,A red motorcycle is parked in a forest.,"A train with red and white cars is coming around a curving bend of a train track. The tops of the train is silvery white, and four cars are in view. There is a silver door at the front end of the train, and it is juxtaposed by a black metal fence. People are standing alongside the fence, watching the train. Numerous green trees and a giant cherry blossom tree flank the train tracks. There is a long wooden posted fence with wiring, and a wooden track near the cherry blossom tree.",4.460527979526564e-236,0.1562499978125,0.8579874634742737,0.035885167464114825
597,A woman is sitting in front of a computer.,The man in the picture is wearing a tie. That is black with pictures on it. The picture is of Santa Claus and a snowman. But I also have snow drawing on it. The man is wearing a white button down shirt. He is also wearing a dark-colored blazer. The man has gray hair. The man is wearing silver glasses. The wall behind the man is a green color.,1.8930677109070516e-234,0.11764705591695508,0.8399738669395447,0.03968253968253969
598,A black and white photo of a building with a clock on it.,"The image is a large clock tower. It is made of stone, red bricks, and grey bricks. There are two clocks that are visible on the tower. The clocks are white and black. The time on clock reads, 1:27. Based off of what the clouds in the image look like, it appears to be an overcast day. The trees in the image are bare. There is a lookout area at the top of the tower. Below the tower is a newer red brick building.",6.627976790138934e-234,0.2461538431431953,0.8624711632728577,0.05201560468140442
599,A giraffe is standing in a grassy field.,"There are two giraffes standing together. They look to be lower than the foreground, so they are standing in some type of pit. The foreground is green and grassy with sticks scattered on it. The two giraffes are tall and have white ears. They also have brown and white bodies with patterns on them. Behind the two giraffes are tall, green-leafed trees.",9.02926613548503e-158,0.15094339366322537,0.8746695518493652,0.06572438162544168
600,A black and white photograph of a train track.,"This is a light colored bench on the shore. The bench has numerous slats in it.The bench is low to the ground and has rocks on it. There are also sticks and pieces of trash in the rocks. The rocks are light gray and brown in color. The bench is against a cement wall. In the background there is blue water, likely the ocean.",3.070479315164853e-234,0.12244897659308628,0.8404620289802551,0.03418803418803419
601,A close-up of a brown and white cat sitting on a bed.,"A woman and two children are standing in front of elephants. The woman is wearing a black coat. The children are wearing black and white coats and blue jeans. The woman is helping a little boy put food in an elephant's trunk. A blue bag is being held by the woman, as she helps the boy. The little girl is standing near them with her hand out.",7.039635457754067e-157,0.17857142541454082,0.8555432558059692,0.048780487804878044
602,A kitchen with a stove and a sink.,"In a small kitchen with white walls, sink, door, and appliances, a younger man with brown hair and dressed in a black t-shirt and sweatpants with a red, white and green design going up the side, is turning a nob on the old gas stove. There is a pot and a baking pan on the stove, and several dish rags are hanging from the door handle. A cluttered rack is above it, full of scissors and other kitchen items. Bottles of flavorings and sauces line the small kitchen window. A large wood cutting board is on the small cabinet next to the stove. More items, that appear to be kitchen related are shoved in between the stove and the cabinet.",1.0430184005145069e-160,0.14285714132936508,0.8604423403739929,0.044080132052821124
603,A black metal wall with squares of different sizes and colors.,"A train is on the tracks with gravel underneath on a gray, dark, stormy looking day. The train in the front has many cars on the back and they appear to be open on the top. In the distance there is another train. The first train looks like a commercial train, the other one looks like it is a passenger train. The sun is on the right side casting shadows to the left. There is a small town, or a large farm in the distance on the right.",1.2005467948376096e-234,0.09230768949585806,0.8332494497299194,0.018679950186799497
604,A black and white photo of a house with a lot of squares in it.,The room has a fireplace in it. There are two windows in this room. The sunlight is coming from one of the windows. There is a sheer shade over the window. There are two light fixtures on the walls. Both of the lights are on. There's a small rocking chair on a square rug on the floor. The rocking chair is made of wood. There's a footstool in front of the small rocking chair. There's a picture over a small table by the door on the wall.,5.04709746458084e-157,0.13793103100475634,0.8404180407524109,0.050125313283208024
605,A photo of a road with trees and houses in the background.,"A road runs through a wooded area.  The road has two lanes, each running in opposite directions, separated by a double yellow stripe.  A sign points the way to two separate routes coming up at an intersection.  A pole is over the sign.  It holds overhead wiring.A car is in the background, heading away from the sign.  A stop sign is in the distance in front of the car.  It is partly cloudy.",4.2697547383280204e-157,0.19047618739229027,0.8537847995758057,0.04484304932735426
606,A photo of a wooden floor with a pattern of squares.,A picture of odd wooden shapes on the ground. There is a large framed mirror behind the objects. The floor under the objects is made out of wood. There are brown nail marks in the wooden floor boards. The wall next to the mirror is white. The wall above the mirror is brown. The floor in the reflection is shiny.,8.380643112182993e-157,0.22222221902222228,0.881594717502594,0.06352087114337568
607,A jumbled collage of photos of people and buildings.,"A couple of women walk on a sidewalk. The women have a dark complexion. There is a cross walk signal to the left of the women. The sidewalk they are walking on is gray. There are green, leafy trees behind them. There is a tall building directly behind them. There is a fence around the building that is behind them.",4.7887916888466775e-234,0.09523809215419511,0.8411317467689514,0.0273224043715847
608,A collage of red and orange squares of varying sizes on a black background.,"A clear glass bowl is next the the computer keyboard. In the clear glass bowl is a variety of fresh nuts, dates, and a part of a peeled banana. Outside of the bowl next to it on the desk is a unpeeled small orange. The desk is painted red but the paint has started to chip. You can see part of the keyboard and part of the computer monitor.",3.0136577631514306e-233,0.2264150906372375,0.8374434113502502,0.05511811023622048
609,A car is parked on a street.,A boy is standing on a baseball field holding a bat in his hands. He is wearing a black helmet and a black and white uniform. A catcher is squatting behind the boy. He is wearing a black face mask and a brown baseball glove. The field is surrounded by a gray chain link fence. A silver vehicle is parked outside of the fence.,3.0301349386806894e-158,0.2127659549117248,0.8578426241874695,0.06380789022298455
610,A blue and white square pattern is on a black background.,A teddy bear sits on  a small table. The table is blue. The bear is wearing a hat. The bear is wearing overalls. The bear has a tag on its ear. The bear is wearing a tie. There is a bench sitting on the yard. There are trees behind the fence. There are people outside. The bear is inside a car. The bear is little.,4.8067103137312394e-157,0.22727272352272732,0.8212661147117615,0.03355704697986577
611,A woman is sitting on a chair in front of a table.,"A picture of a man touching a cake. The cake has white frosting on it. The cake also has heart decorations on it. The man touching the cake is wearing a shirt, tie and pants. There are metal bars obscuring the view of the cake. There is another man behind the man touching the cake. There are candles behind the cake.",1.1606396717173963e-156,0.23255813572742023,0.8643325567245483,0.053475935828877004
612,Woman sitting in car with long brown hair.,A woman is sitting in the drivers seat of a vehicle.  The woman has long red hair and is wearing dark sunglasses.  The woman is parked in front of a large camel.  The camel is standing still on top of some grass.  A person in the back seat is holding a camera in their hands filming the camel .  The hands have a watch on the wrist.  The windshield of the vehicle has two black windshield wipers on it.,1.0035568871735549e-158,0.15094339366322537,0.8622366786003113,0.027816411682892908
613,A black and white image with many small squares of different sizes.,Two giraffes behind a cage.  The giraffes heads are hanging over the cage.  The picture is in black and white.  The giraffes are standing next to each other.  The cage is made of iron and very tall.  The giraffes has spot over their body.  The giraffes heads are to the top of the ceiling.  The ceiling is made of concrete.,1.0607941571403719e-156,0.17391303962192828,0.8423521518707275,0.036231884057971016
614,A person wearing a red shirt is holding a cell phone.,A person holds on to a Nintendo Wii mote. The Wii mote is red.  The Wii mote is in the right hand. The bottom half of the Wii mote is white. The Wii mote is in the left hand. The person is sitting down. The person is wearing jeans. The person is wearing a blue shirt. The person is sitting near a wall. The two parts of the Wiimote are connected.,3.666404385654223e-157,0.3181818146694215,0.8623111844062805,0.07378335949764521
615,"A collage of squares in various shades of brown, orange, and yellow.","A healthy breakfast sits on a dark gray table under a bright light. There is an orange on the left upper side next to a cup of tea and an apple near that. Below the apple there are three old brown bananas. A knife sits in between the apple and tea. There is a bowl of fiber cereal on a plate, and a silver spoon on the plate.",1.3764103539643238e-233,0.14035087407817795,0.838523268699646,0.04006410256410257
616,A large black wall is made up of many small square images of people riding bikes.,"Four people roller blade down a street. Each person is wearing safety gear: helmet, knee pads and gloves.  Each person also holds two ski poles.  One man wears a red and white jacket.  Two of them wear black and one wears an open blue jacket.  A car and a white house are visible behind them.  A tree sits upon a landscaped median directly to their left.",5.984812833741946e-233,0.1176470553849482,0.8340932726860046,0.05737704918032787
617,A collection of small images of plants and trees is scattered across a black background.,"The photo was taken outside. There are two red train cars, a blue cargo car and a white cargo car on the train tracks. The train tracks are black in color. The train tracks are surrounded by a rocky ground. The rocks are gray. Surrounding the rocks are tall green bushes. The bushes are behind the train. In the front are green leaves with yellow and purple flowers.",3.558431852586094e-233,0.10909090529586792,0.8479816317558289,0.03189792663476874
618,A man playing tennis with a blue shirt on.,Two men play tennis on a grey court.  The court is surrounded by a grey netting.  One man has a blue tee shirt.  The other man has a grey tee shirt.  There are two benches in the area.  Both men are wearing shorts.  Both men are holding rackets.  Yellow tennis balls are in the air.  There is a green covered area near the fence.,1.606320698539901e-157,0.20833333028645837,0.8789159655570984,0.05128205128205128
619,A large tree with a large branch missing from the top of it.,Three elephants are on an enclosure. The enclosure are circled with grey wires and poles. The big elephnat has a long trunk and small ears. Two stones are in the enclosure the are covered with green powder. Behind the elephants there is a grey building with windows that have red frames and metal roof.,5.390199231283156e-233,0.07843136895040385,0.8445841670036316,0.0501002004008016
620,A night time cityscape with a few buildings lit up.,The sky is a golden yellow color. There is a bird flying in the sky high up. To the left there is a clock tower. The clock on the clock tower has a face that is gold colored. The hands on the clock are black. The water is reflecting the gold light coming from the sky. There are weeping willow trees next to the Clock Tower. The weeping willow trees are also next to the water. The water is calm.,1.110975416777944e-234,0.07692307381656818,0.8364488482475281,0.03424657534246575
621,A window with a pattern of squares in black and white.,A man sits down in a chair. The man is sitting in a room. There are many wires outside. There are many windows in the room. There are blinds on the windows. There are boats outside. There are many buildings outside. There are clouds in the sky. There is a tv in the room. The man's foot is in a chair. The buildings have many windows.,8.870907616446483e-234,0.1538461497961868,0.8229828476905823,0.03305785123966942
622,Randomly sized squares of a photo of a tree.,A bear sits on a tree. The bear is alone. the bear is black. The bear has a leg in the air. The tree has bark on it. The tree is brown. There are leaves on the tree. There are many branches on the tree. The bear is small. There is sunlight all over. The bear is laying down. There are many trees. The bear is in the woods. The trees are standing up.,4.920940875692472e-158,0.09999999711250009,0.8332858085632324,0.022222222222222223
623,A black wall with squares of light blue and white in the background.,The bus is making a right turn at the corner. There are stripes on the side of the bus. The bus is mostly white. The windows are black. There is a silver car by the bus. There is a pole above the bus. There is a traffic light on the pole. There is a colorful sign by the bus. There are many trees by the side of the road. There are many cars on the road. The sky is bright and blue.,6.721032607972521e-234,0.23999999615200004,0.845297634601593,0.03328894806924101
624,A car is parked on a street.,A red fire hydrant of the corner of a sidewalk.  A black car is riding along the road.  There is a white truck on the other side of the road.  White lines are painted in the road.  The hydrant has chain on each side.  The edge of the sidewalk is painted red.  There is a tree across the street covered in snow.  There is snow on top of the hill behind the trees.,7.044105479431638e-159,0.2553191464010865,0.8498017191886902,0.03765060240963855
625,Pizza with red and yellow squares scattered across the entire image.,"A small round pizza is on a wooden table.  The pizza has red onions, red sauce, and melted cheese on it.  The pizza also has black olives and spices.  A dark shadow is on the table beneath the pizza.  The background is blurry beyond the pizza.  The pizza also has a red pepperoni curled at the top near a lone slice of red onion.",1.0639732016681926e-233,0.12244897610995427,0.8278087973594666,0.03407155025553663
626,A large black wall with many small square images of nature on it.,This is an enclosure with giraffes. The giraffes are tall and have dark brown and patterned skin. The ground is beige with dirt. There is a grouping of tall trees in the background with brown and green leaves. There is also a zebra laying on the ground. It is black and white. There is a little circle of water for drinking.,3.3805598335977296e-233,0.15094339252403,0.8566814064979553,0.04448398576512455
627,A man is riding a bike on a sidewalk.,The boy is sitting on the bicycle. There is a dog fighting at the boys like. The dog is being playful with the boy the bike is silver and red. The dog is a light tan color. The boy is wearing a yellow black and white T-shirt. The boy is wearing blue jeans. There are trees and trees with flowers in the background. The trees directly behind the boy have red flowers.,1.4342630957421858e-234,0.17021276313263925,0.8562719821929932,0.0532724505327245
628,A close up of a clock tower with a blue sky in the background.,A small monument with a clock on both sides.  The clock is round and black and white.  The time is noon.  The monument is beige in color.  There is a oval door on the side of the monument.  There are two small windows with balconies on the building.  The sky is clear and blue.  There is a tree on the side of the monument on the right.,1.8982686291722853e-156,0.3265306083465223,0.8575626015663147,0.07293354943273907
629,A woman is sitting on a bed.,"A young man of normal weight, with short brown hair and a small goatee, stares at the camera. He has a slight grin on his face, and one eyebrow is upturned. He  is wearing an orange t-shirt and a very wrinkled orange, tan and black checked sleeveless vest, with a pale blue striped tie. Slightly out of focus in the background is another person in a white t-shirt, sitting on a metal chair, and bed with white and beige pillows on it.",1.2680200506800243e-82,0.17647058638840832,0.8595109581947327,0.03355704697986577
630,A group of people are standing in a field.,"Men, women and children are standing outside on a grassy field. They are flying kites. One kite is blue and red in color. Another kite is pink, green and yellow. A baby stroller is sitting on the grass beside two men. All of the people are dressed warmly. The sky is bright white above all of the people.",4.424629474132533e-157,0.29629629351851855,0.8718575835227966,0.10019420903954801
631,A colorful rainbow is in the middle of the image.,"This picture is taken outside on a sunny day. Three people are sitting on a grassy field. A man and woman are sitting beside each other. The woman is waving to a man that is standing on a field with a sail above his head. The sail is blue, yellow and white in color. A large body of blue water is in front of the people. Large buildings are seen in the background behind the water.",1.3570196426790224e-157,0.1724137904815696,0.8541334867477417,0.06143932116554593
632,"A black background with a large number of small squares in red, yellow, and white.","There is some food leftover that is sitting on a  plate. The plate is very small and white and looks almost like a Frisbee or short disk. There is a piece of red pepper on the plate, a small little grape, a celery stick, an orange, and I believe a cucumber. There looks like there was some sauce or something that spilled on the plate as well.",4.087392114023588e-233,0.16949152163171508,0.8396701812744141,0.040453074433656956
633,Giraffe in the middle of a group of animals.,The giraffes and zebras are in a place together. All the animals at casting Shadows on the ground. The giraffe's a way taller than the zebras. The zebras are all facing towards the right. The giraffe's closest to the camera facing left. The sky is mostly cloudy with some blue showing. The zebras are black and white. The giraffes are brown and cream colored.,3.070479315164853e-234,0.15999999731200001,0.8519442081451416,0.03418803418803419
634,A woman in a yellow jacket is walking down a snowy sidewalk.,Someone is balancing themselves on a round metal food with a snowboard. The person is wearing a yellow jacket. The person is also wearing a black hat. The snowboard is multicolored. The person is wearing black pants. The trees in the background have snow on them. There is a ski lift in the background. Some people are riding on the ski lift.,1.0202600764780298e-156,0.2173913007088847,0.8630706071853638,0.05263157894736842
635,"A collage of different images including a person, a tree, and a flower.","A boy is standing outside in the sunlight. He is holding an older, flip-style cell phone and is looking at the screen. The phone is grey in color. He is standing in the shade under a small tree to block the light from hitting the screen of the phone. The leaves of the tree are green with some brown spots on the leaves. The boy does not have a shirt on and has short brown hair.",1.1274754981230767e-233,0.1355932173053721,0.8429626822471619,0.03586800573888091
636,A close up of a yellow and green plant with white squares in the background.,A vase sits on top of a white surface. The vase is half filled up with a clear liquid. The vase has long green stems placed inside of the clear liquid. There are yellow flowers on top of the long green stems. The room the vase with flowers is in is white. There are red spots on the yellow flowers. The wall behind the flowers is white.,2.1755205404347953e-156,0.3673469345272803,0.8532641530036926,0.08090614886731391
637,A book page with a lot of white squares on it.,A book is open on a bed.  There are sheets on the bed with blue stripe.  It is a comforter and a pillow is under it.  The writing in the book is a black print font.  It is turned to chapter 6 on white pages.   A white wall is behind the bed.  The comforter is ruffled and messy.  Shadows are casted on the bed from the light.  Creases are visible in the comforter.,2.6715107687567478e-157,0.26415094010679957,0.8476155400276184,0.05239520958083831
638,A baseball player is standing on the field. He is wearing a white uniform with a red and blue stripe on the side. He is holding a baseball bat in his right hand. He is looking at the pitcher.,"The photo was taken at a baseball game. There are two players on the field. The field is green grass with brown dirt patches. The team players are wearing a black hat, white green and yellow jerseys saying SURF and white pants. Both players are wearing mitts. The player in the front is throwing the baseball. The baseball is in the air. It is a sunny day.",1.1785344471303945e-78,0.36619717832176163,0.8775003552436829,0.17912772585669784
639,A large piece of chain link fence is covered in small white squares.,A man stands in a snow covered field while holding a hose. There are two horses in front of the man with the hose. There is a fence in front of the man with the hose. The sky above the scene is gray and cloudy. There are large buckets near the horses. There is a forest off in the distance behind the horses. The hose is yellow.,2.450781154884918e-233,0.2857142818159101,0.8443025946617126,0.056818181818181816
640,A large black and white image of a field with a few trees in the background.,There is a semi stuck in the side of the road. The semi is white. The semi has a logo on the side of it. There is writing on the front of it as well. The semi is stuck in dirt and grass. There is a sign by the semi. There are some trees by the side of the semi as well. There are some people standing by the side of the road. there are cars parked on the road. The sky is grey. There are many trees in the distance.,2.8577742158141673e-80,0.2692307651257397,0.8496213555335999,0.07559880239520958
641,A missing section of a picture of a motorcycle.,A man and woman are riding a motorcycle on a paved road. The man is wearing a short sleeve shirt and blue jeans. The woman is wearing a tank top and blue jeans. Both of them are wearing helmets on their heads. There are two long yellow painted lines on the road. Cars sit parked under a building near the road. Two of the cars are red.,2.4997900559769355e-234,0.11999999759200004,0.8401660919189453,0.04084967320261437
642,A black background with brown squares of varying sizes scattered throughout.,A paper box sits on the table. There is a donut sitting in the box. The donut sits in the corner of the box. The donut has chocolate on the top. There is a plastic fork in the box. There is chocolate on the box. There is frosting on the box. there is plastic on the top of the box. The table is white. There is one box.,6.683171541458093e-234,0.1111111068672841,0.8226220011711121,0.016051364365971106
643,A black background with many small white and blue squares.,A white polar beat is swimming inside of the water on his back with his belly facing up. He is white with gray markings on his fur. His mouth is open showing his teeth and it looks like he maybe smiling and enjoying himself swimming. The water is dark blue in color and the wave in the water appears to be white in color.,6.919275490672375e-234,0.14814814513031557,0.8360342383384705,0.05119453924914675
644,A black and white photo of an airport terminal with a large red and white sign on the left side of the frame.,There is a large passenger jet sitting on top of the airport tarmac. There is a red rear wing on the large jetliner. There are windows on the sides of the plane. There is a large towering light behind the jet. The tarmac under the jetliner is wet. There are buildings off in the distance behind the jetliner. There are vehicles pared off in the distance behind the jetliner.,9.702565063799141e-156,0.2307692261316569,0.8535248041152954,0.12403110723268823
645,A black metal fence with square cutouts in it.,The two dogs stared at each others.  The only thing that separated them were the bike.   The bike was park on the side walk.  The bushes seemed to be high from the view.  It covered the view .  The blonde dog was the tallest of the two dogs.  The black dog was noticeable shorter of the two dogs.  He seems to be walking toward the taller dog.,1.6717103644111662e-234,0.039999997048000224,0.8212327361106873,0.008169934640522876
646,A car is missing a large portion of its paint.,A woman washes dishes as she wears yellow gloves. The woman has dark black hair. The woman is wearing a white mask. The woman is wearing a flower print dress. The woman is standing in a kitchen. There is a crock pot next to the woman on the counter. There are two knives on the side of a cabinet. There are bottles on top of a wooden shelf.,4.386471645114064e-234,0.11320754410822365,0.8341535925865173,0.03215434083601286
647,A collage of squares of different colors and patterns.,"There are three pieces of fabric that looks like that are project of some kind. One fabric has white and brown sheep walking hand grazing in a grassy field. The fabric in the middle is littered with small blue, purple, pink, and white flowers. The last piece of fabric is multi-colored lines with frills on the edge. There are two fabric carrots with leaves on them in on the top of the display. There is also a second place red ribbon attached to the carrots.",2.9775042147848646e-235,0.062499997812500076,0.8366562128067017,0.02583979328165375
648,A large black wall made of many small square pieces of glass is in front of a street with cars parked on it.,"On a crowded street, two buses, a motorcycle and a car are driving.  The car is small and black with gray hues.  The buses are blue and white with maroon trim.  Each bus has a large rear windshield and a ladder.  Several people are crossing the street between the vehicles.  A couple - the man in a black jacket, the woman in a red jacket and blue jeans, walk behind the blue bus.  Another man walks near the bumper of the blue bus.  All vehicles are oriented in the direction of a large, brown apartment building with several windows.",2.1034041702598274e-156,0.19047618672619052,0.8451567888259888,0.09185348099852632
649,A close up of a bunch of green leafy plants with a dark background.,"This image is of a wooden cutting board with various chopped vegetables laid out across it. Toward the top of the cutting board is a row of bright green broccoli florets. Below the broccoli is a row of a lighter green and white vegetable that looks like chopped celery, or perhaps leeks. Some of the celery is completely white. To the right of the image, there is a small pile of minced fresh garlic.",8.74842989552449e-157,0.13333333013333343,0.8562537431716919,0.051470588235294115
650,A mosaic of squares in a black background.,"A brown and white cow is standing behind a fence in an enclosure on a bright sunny day. The gate to the wooden fence is open and the cow is standing in the open doorway looking out. The fence is unfinished, unpainted wood. There is a pillar painted white on the left side of the fence. Behind the cow there is a wood panel on the wall, and the corridor behind the cow is dark.",3.532112589666612e-235,0.1632653033902541,0.8337438106536865,0.029282576866764276
651,A photo of a dog in a yard.,A group of sheep are running in some grass. There is one small black sheep and the rest of the sheep are white or off-white in color. The sheep are running through somewhat short green grass. Small flowers are visible in the grass. There is a dirt path as well as trees that are visible in the background. It is daylight outside.,1.7937547816826362e-234,0.1702127634223631,0.8494964838027954,0.03533568904593639
652,A black background with turquoise squares of varying sizes and shades.,"A small boat with ""PZ4"" written on the rear back is seen anchored in a shallow turquoise body of water. The boat has a black bottom and a white deck with an orange roof on the cabin. An orange and white life preserver is on the top of the boat. A bunch of small white birds are swimming around in the water. There is a full lush bush near the camera at the bottom of the image. A tall rock cliff is visible on the other side of the water.",1.1903480325572525e-234,0.15384615103431953,0.837002158164978,0.03654080389768575
653,A black and white photo of a subway station with yellow lines on the floor.,"A man with short brown hair sitting on a black piece of luggage. He is wearing a long sleeve black shirt with collar and black jeans with white tennis shoes that have a black stripe. He is holding an opened newspaper that he is reading. He is sitting on the piece of luggage in a large terminal with grey, black and yellow tiles on a floor. The floor goes a long way back. There is a train coming in the background on a track that runs in front of the man. Past the tracks is rows of dark windows. To the far left alongside the floor is bright orange cones next to pillars on the wall.",1.0103539664222791e-157,0.26190475897108845,0.8370174765586853,0.07542590468163478
654,A close up of a piece of paper with a handwritten note on it.,"A woman in a black tank top is sitting at a small round table indoors and filling out an application with two large wine glasses on the table. The woman has brown hair, and is making an odd face at her companion. The table behind her is empty. The table next to that has a person in a black shirt sitting at it. On the other side of the room there are two green arm chairs and a short table between them.",1.190749708781789e-233,0.17647058532871976,0.834369957447052,0.046542553191489366
655,A close up of a swimming pool with a white umbrella.,Outside of the older style building is a in ground pool. It is empty and has no water in it. You can see the inside of the pool appears dirty. There is still a metal ladder attached to the side of the pool for people to climb in and out of it. There is also a a few chairs and a table with a umbrella for people to sit at.,3.226033477195644e-157,0.18867924222143115,0.8583484292030334,0.06651932743976424
656,A basketball hoop with a bunch of squares in the background.,People are skating and playing in the park.  There is a purple kite flying in the sky.  The sky is blue and full of clouds.  The kite has different color strings hanging from it.  There are house and trees in the background.  People are skating on the pavement.  The grass is green.  There is pond or lake behind the grass in the background.,3.426879624485582e-80,0.2040816291711787,0.8505918979644775,0.07716262975778547
657,A black and white photo of a person riding a bike.,This is image is in black and white and shows a royal family traveling down a road in a carriage. The front of the photo shows the back of a man head taking photos. He is behind a gate with is aligned with officers. They all wear the same black uniform with black hats. Not far from them is one royal guard with a tall fuzzy hat. In the street the carriage is being pulled by four white horses. Two of them are being ridden by men in white with black hats. The carriage is black with UK flag waving on top. Behind the carriage a band of people in amour ride on horse. On the opposite a group of spectators watch the show.,1.610991927576808e-82,0.14285714075963724,0.8605204224586487,0.03992901508429459
658,A fence with a blue can in the middle.,The image is a close-up of a bottle of water sitting on a park bench. The bench is sitting outside of a fenced area. On the other side of the fence is a brown field with green grass and green trees in the distance. The bench is silver and has ridges on the seat. A plastic water bottle on the bench has a blue label and cap. The cap is on the bottle. Behind the fence is some dirt. The sky is blue with few clouds. It is a sunny day because there are shadows.,7.013681678920226e-159,0.23333333078333335,0.8547945022583008,0.04629629629629629
659,A bunch of squares of different colors and sizes on a black background.,"This picture is taken inside of a train station. People are standing on a platform. Tall blue and white poles stand on the platform near benches. There is a large blue and white sign standing on the platform near the people. The ceiling of the station is rounded with windows in a row across the top. Two trains are sitting near the platforms. The trains are purple, orange, blue and white.",7.286383618759689e-157,0.14814814469135812,0.8285713195800781,0.046012269938650305
660,A black background with blue and white squares in the foreground.,A tower has a green roof that is pointy. Arch windows are on the tower. There are two clocks on front the tower. The clocks have roman numerals color golden. The hands of the clocks are long and golden. People are in the Ferris wheel that has red flags on the top. People are in the round baskets of the Ferris wheel.,6.313815673451275e-157,0.16666666313368064,0.837352454662323,0.035149384885764495
661,A close up of a black and white photo of a person.,The snow is all over the ground. The pole with a traffic light on it is coming out of the ground. The pole is leaning to the left. There are footprints in the snow. There are cars driving on the street. The cars are driving slowly down the snowy Street. The car closest to the camera has their brake lights on. The brake lights are red. Most of the trees if not all are bare.,6.76000933606504e-234,0.07407407105624156,0.8299291133880615,0.021834061135371178
662,A black wall with white square cutouts in a pattern.,"A ski life is filled with several people, and it is riding high above a snow filled mountain. The ground is covered in snow and batches of thin  leave less tress are scattered about on the mountain. The lift is riding on wires attached to sturdy large dark green poles. A few small evergreen trees are also scattered about on the mountain, under and opposite the lift. The poles are casting a shadow on the ground, and it is a bright sunny day with a deep blue sky.",5.936443825008818e-235,0.11940298253508581,0.8149994015693665,0.031172069825436407
663,A dog is sitting on a wooden floor in front of a window.,"A small, skinny, scruffy dog wearing a red collar is sitting on a wooden rocking chair. The small dog is looking up towards the sky as he sits on the chair. Vertical blinds on a window behind the chair are pulled open and reveals a dimly lit living room. Behind the chair on the left there is a metal table frame with no table top, and a small green plant.",0.004287550247435039,0.2295081935608707,0.878250241279602,0.06998444790046655
664,"A collection of small squares of different colors and sizes are arranged in a grid pattern on a black background. The squares are arranged in a grid pattern, with each square being a different color. The colors of the squares are varied, with some squares being green, some being yellow, some being blue, and some being red. The squares are arranged in a random pattern, with no discernible order or pattern. The background is black, with no other objects or colors present.",A woman is a tan lamp shade shaped hat is sitting in a canoe handling greens.  the woman is wearing a long sleeve brown shirt and the canoe is brown and wooden with water stains on the sides.  Inside the canoe are bushels of greens the woman is handling.  The canoe is in a small crowded section of water.  The water is crowded with other canoes .  A green tent with metal poles and yellow cords attached is over one of the canoes in the water.,4.584009672239096e-155,0.2954545404648761,0.8261091709136963,0.16355140186915887
665,A horse jumping over a fence.,"A snowboarder is snowboarding while wearing a yellow snow coat.  The sky is blue behind the snowboarder in the sky.  The snowboard the person is using is green, white and black.  The snowboarder is wearing yellow and green gloves.  The snowboarder is also wearing a pair of white and metallic goggles and a blue winter hat.  The person is wearing brown and black pants.",8.770977928628732e-236,0.09999999745000007,0.8268231749534607,0.01718213058419244
666,A large number of squares of varying shades of green and brown are scattered across the entire image.,Two elephants are standing together outside by a concrete wall. One elephant is considerably smaller then the other one. Right by the elephants there is a large amount of bushes and trees with green leafs. The ground is mostly dirt with patches of green grass throughout. On the grass eating there is about a dozen or so large black crows.,5.625518768682257e-156,0.16393442235958086,0.8538981676101685,0.10465064825877252
667,A black background with many small yellow and green squares scattered around.,A handle of yellow bananas are on a tree. The tree has dry leaves and green leaves. The tip of bananas are color black.  Some bananas have black and yellow peels. The bananas has small brown spots on the peel. Sunshine is on some bananas.  Behind the handle of bananas there are branches with green leaves.,1.8297432032058436e-156,0.3111111072,0.8487212657928467,0.0678294573643411
668,"A colorful abstract painting with squares in red, blue, green, and pink.",A soft drink bottle and a vase of flowers are on a tabletop. There is about one-fourth of the cola-colored drink left in the bottle. The vase has pink carnations and another the of pink flowers in it. There is another table against the wall behind the one in the foreground. That table has a salt shaker on it. There are two red chairs in front of it. Both tables are covered with turquoise plastic tablecloths. Hanging on the wall is a decorative Mexican sombrero.,3.156966050853933e-234,0.16129031945889702,0.8273169994354248,0.025740025740025742
669,A house with a brick chimney and a white fence.,This photo was taken in the kitchen. The photo was taken in the daytime. There are three lights hanging from the ceiling. There is a long marble counter in the middle with wood cabinets a silver dishwasher and a double sink on the left. There is a bowl on apples on that long counter. On the left there is a silver stove in the middle with two woos cabinet units on each side. Above the stove is more cabinets. The walls are painted yellow and the door and trimming is white. On the right there are two windows.,1.0323694525228758e-158,0.12698412453514743,0.8383271098136902,0.028026905829596414
670,A dark background with a pattern of brown squares of varying sizes.,"A young man is on one knee on his long skateboard. He is riding his skateboard down a empty city road. He is going at a fast speed because the photo is blurry. The sun is peaking out, but it is lower in the sky. Therefore my guess is it is sunset and its late on in the evening. You can also see blurry trees with green leafs on them.",1.0254236505431474e-233,0.09677419062955263,0.8290713429450989,0.02336448598130841
671,A large number of small squares in a pattern of brown and black.,An Asian baby is laying on the floor. There is a blue cellphone in front of the baby. The baby appears to be reaching for the cellphone. The floor is hardwood. There is a rug underneath the baby. Beside the baby is a stuffed animal and train toy. The stuffed animal is orange. The baby is wearing a plaid onesy. There is a reflection of the stuffed animal in the hardwood floor.,1.5336850495983695e-233,0.17021276215482128,0.8225555419921875,0.0453857791225416
672,A man in a red shirt is walking in a field.,"Four men are on a grass field playing soccer in red uniforms. They are running towards the right side, the man in front closest to the ball, his foot resting right next to it. The three other man are racing towards the man with the ball. In teh distance is a group of trees, some pine trees, some bear trees with no leaves on them.",5.5285018777973946e-157,0.17543859383194835,0.8659129738807678,0.0587248322147651
673,A close-up of a woman's hand holding a cigarette. The woman is wearing a white shirt. The cigarette is lit and has smoke rising from it. The background is out of focus and is a blur of light and dark colors.,"The top of a tower with the symbol of David is on the very top point.  An ornate tower has a clock on two sides.  The clocks read 11:58 and the numbers are gold, roman numerals.  The hands of the clock are golden.  An opening above the clock are on all sides.  A bell appears to be in the star of David.  The background is a beautiful, blue sky with no clouds to be seen.",9.327175814249872e-79,0.2133333286542223,0.8434454798698425,0.17032529132298552
674,A woman is sitting at a desk and using a laptop.,"Two men are sitting on a bench. The bench is in front of a building with glass pane windows for walls. There is a drawing of a tree on the wall in the building. One of the men on the bench is sitting on the back of the of the bench with feet on the seat. He has on a tan shirt and tan pant and is talking on the phone. The other man is sitting on the bench seat and wearing a blue shirt with a design and a pair of short pants. There are two rolling suit cases sitting in front of the bench, one is lime green and the other is blue.",5.395225803419514e-159,0.1290322553590011,0.858245313167572,0.02868068833652007
675,A bunch of green squares of different sizes are scattered on a black background.,A large black dog stands on a field of lush green grass. There is another white dog standing to the left of the black dog. There are sheep behind the two dogs on the field. There is a forest of lush green leafy green trees behind the sheep. There are green plants in front of the two dogs. There is a brown tree trunk sticking out of the ground in front of the forest of green trees.,9.023171165330491e-157,0.23999999615200004,0.8351000547409058,0.05657708628005658
676,A close up of a race car driver in a red and white helmet.,"A man on a motorcycle races down a race track. The motorcycle rider is wearing a red, white and blue helmet. There are black tires on the motorcycle. There is a white line around the race track. There is a field of green grass behind the motorcycle rider. There is an orange and white sign behind the motorcycle rider. There is metal scaffolding behind the motorcycle rider.",1.8431875999065487e-156,0.2916666627170139,0.8705793619155884,0.08622872771474878
677,A busy market with many people and stalls.,"There are several people outside working and shopping at a booth that looks to be at a flea market. Separating the booths are big colorful sheets,in the front there is a man with a brown table with an arrangement of fruits in front of a brown door.Next to him there is a man standing on top of a brown shelf fixing his merchandise.In the back there are some more stuff but there items aren't as visible.In the middle are a large assortment of shoppers and a man walking a white horse.",4.448472301238983e-236,0.08571428368979596,0.8504763841629028,0.024183796856106412
678,A black and white square with a sepia toned image of a city in the middle.,A white toilet is in a bathroom. The sit of the bathroom is down. A roll of paper is on the tank of the toilet. A white used paper is on the floor. Behind the toilet there is a grey pipe that is connected to the wall. The wall of the bathroom is white. An empty bottle of soap is on a counter. On front of the counter there is a poster board.,4.203187328082681e-233,0.19999999580000008,0.8336776494979858,0.05200594353640416
679,A black background with squares of different sizes and colors.,A large bear is standing up on all four of it's legs. The bear is a dark color that looks like a dark brown or black. The bear is standing on a large rock. Underneath the rock there is a little water that can be seen. Behind the bear there are a lot of trees that look like a forest. On the ground there is grass but the sunlight is shining on it.,2.237229753469726e-234,0.11111110809327854,0.831064760684967,0.029985007496251874
680,A close up of a person's face with a missing section of the nose.,The cat is eating cat food out of a round Bowl. The bowl is a light blue color with a brown trim around the edge. The bowl is on the floor. The floor is a light tan color. The floor is made of wood. The cat is a grayish color with black stripes. The pause on the couch all right. Under the cat's neck as white as well.,1.597032747205847e-156,0.15999999635200007,0.8287695050239563,0.055910543130990406
681,A close up of a woman in a white dress standing in a field of green grass.,"A horse is galloping in a meadow of hills.  The horse is chestnut brown with a long black mane and tail.  The meadow is full of long green grass and some shorter yellow, dried grass.  Deep green trees are in the back ground.  the sky is gray and cloudy.  A  black and white tall poll with a red and white top is nearby.",4.4691855552671003e-156,0.26415093969384124,0.8453738689422607,0.09417808219178081
682,A black and white photo of a plate of food with a red and white checkered napkin.,The two sandwiches are in the white trays. The white trays are on the left on the table. The white trays in the front are both open so that the sandwiches can be seen. On the left are fries in a red and white container. The fries in the container are curly fries. The curly fries are spilling on the tray. The food is on the black tray. The tray is on the wood table. There is sauce in a white container behind the black tray in the front. The floors are made of wood and the photo was taken at a restaurant.,0.0011713044424329802,0.2142857107206633,0.8455429673194885,0.07816178201506593
683,"A bedroom with a bed, a chair, a small table, a lamp, a rug, a plant, and a window.","A mean is on a wooden tray near a small dipping pool on a terrace over looking the sea. On the ray there is a plate of what looks like chicken Parmesan, and two baskets of bread. There is a pat of butter on a plate, sale and pepper shakers, and a sauce of some sort in a small bowl. Near the top there is a pot of tea, and coffee mug.",4.507857300048349e-156,0.13114753762966952,0.8426600694656372,0.07496251874062969
684,A black background with a pattern of squares in various sizes and colors. The squares are mostly white but some are light brown. The squares are arranged in a grid pattern.,In this photo there is a bridge with three oval openings straight in the distance to the left. The photo is of a still and calm body of water. Surrounding the body of water is grass and tree filled land. The sun is setting in the sky and it is the evening. There are more trees on the right side of the photo.,4.8906199912746525e-232,0.2187499953955079,0.8366754651069641,0.08361204013377925
685,A person's face is in the center of the image and it is pixelated.,"A man is sitting indoors holding up a skateboard over his right shoulder. The man has blond hair, glasses, a pink shirt with a snake on it and a set of headphones around  his neck. On the desk next to the man is a monitor, a mouse, a marker, a pencil and a lighter.  There are large fluorescent lights overhead, and a set of windows the far wall.",3.3466704774925624e-233,0.16393442306906753,0.8361169695854187,0.06389776357827477
686,A mosaic of a street scene with a yellow mcdonalds logo in the upper right corner.,A man and woman sit next to each other in front of a music store. There is a large green cement wall up against the front of the store. There is a yellow fire hydrant in front of the couple in front of the music store. The building the music store is in consist of multiple stories. The sidewalk in front of the music store is gray. There is a tree also in front of the music store. There are bars in the windows of the music store.,9.012578498472474e-157,0.21818181421487606,0.8317540884017944,0.043316831683168314
687,A baseball player is sliding into second base.,"Three men are on a baseball field. The batters holds a black bat over the right shoulder. The batter wears red t-shirt and white pants. The catcher is crouched, and he wears blue top with white pants. Behind the catcher, the umpire is looking the game. People are sitting on the bleachers looking the game.",3.6183722540238837e-234,0.0869565188657846,0.8358879089355469,0.02982107355864811
688,A black background with green squares of different sizes and shades.,"A person is on a surfboard. The person wears a wet suit color white, red and black. The man has extended arms. The surfboard is on a white wave.  The wave is foamy and has drops splashing. The man is facing to the left. On the background the sky is blue and has white clouds, The body of water is blue and green.",1.2521221267175707e-233,0.20833332980034727,0.8400628566741943,0.03460207612456748
689,A man with a beard is wearing a red shirt and brown shorts and is standing in front of a car.,"A man is giving a thumbs up sign as he  rides a skateboard down the side of a busy car filled street.  The man is wearing a large false mustache that covers his mouth and a long beard.  The man is wearing a black hard helmet with a strap, a green backpack, a red t-shirt and brown shorts.  The red t-shirt has write lettering on it and a pair of sea green sneakers with white soles and laces.  Tall buildings, traffic lights, street lights and many cars are in the background.  Another person is standing behind the man and is wearing pink sneakers, and green pants.  The man in the foreground has a black camera bag strapped across his chest and is also wearing a black watch.",2.8758942262970423e-80,0.27083333041883684,0.8683732748031616,0.08516748118289158
690,A pixelated image of a cityscape with a lot of greenery.,There is a red truck in a parking lot. It is next to a white car. There is a lot of chrome on the truck. there are many cars in the parking lot. There are trees at the end of the parking lot. There are signs in the parking lot. The sun is shining on the car. There is a sidewalk by the truck. There is a big windshield in the truck. There is a building in the background.,8.001985953820201e-81,0.13953488041103307,0.8552594184875488,0.04155124653739612
691,A black and blue image with a white bird in the middle.,Grey and white birds are flying in the air. The sky is blue and have some white clouds. On the background there is brown hills covered with white snow. The bird on the foreground has the wings extended and flies to the right. The bird has a long black beck. The ground is wet and muddy and is covered with stones.,1.2844589399765943e-156,0.22641509083659667,0.8632990121841431,0.0802139037433155
692,A giraffe is shown in this image. The giraffe is standing in a grassy area. The giraffe is standing in a grassy area.,A giraffe with lots of spots on it's back. There is a rock wall behind giraffe. There are a bunch of trees off in the distance. There are animal carvings on the walls behind the giraffe. There is a lawn of grass underneath the giraffe. There is a deer on the side of a rock. The giraffe has two long horns. The giraffe has a long neck. The giraffe has long leg. The giraffe has a long and hairy tail.,6.462717782367895e-156,0.23076922721893492,0.8618257641792297,0.11477493644384626
693,A woman is standing in front of a house.,"There are two people standing on a dock. The dock is wooden and extends out over a lake. The lake is white toward the back, and dark colored in the front. You can see ripples on the water. One person is sitting on the deck. That person is holding a blue umbrella over his or her head, so it not possible to see if the person is male or female. The person is wearing a green shirt and blue jeans. The legs are draped over the edge of the dock. A girl with long hair is standing beside the sitting person. She has long black hair, and we cannot see her face. She is wearing a black jacket and a pink shirt. She is also wearing black pants and black shoes. One of the shoes is partially off her foot.",3.823661563129461e-161,0.16091953837495046,0.8451026678085327,0.02364066193853428
694,Black and white image with squares.,The picture was taken in black and white. The left side of the sink has dishes on it. The right side of the sink clear. There's a white Basin in the sink. The basement has dishes in it. There's a glass on the left side edge of the sink. The sink fixtures are silver and made of stainless steel. There are glasses and dishes in the basin. The basement in the sink with the dishes and it is white.,7.967730353911667e-237,0.09523809278911571,0.8415752053260803,0.027894002789400275
695,A jumbled collection of images of a city street.,"An exterior scene of a street, presumably in the commercial district of an English speaking part of the world, is seen. In the foreground is parked an SUV done up in camouflage colors of shades of green. It also has an orange sign on top. Behind it is parked a small blue car. Pedestrians can be seen on either side of the road on the wide sidewalks. Several shops line the street, including one with a large red sign with white lettering reading ""WAREHOUSE"" in the near distance. A blue paper and brown bag lie on the road in front of the SUV. There is a tree further back lining the road.",7.755236006607024e-160,0.07317072994646048,0.8342280983924866,0.019665683382497544
696,A group of people are shown in a pixelated image.,People are gathered around together in the living room. Most of the people are sitting down. Only two people are standing. The majority of the room has carpet on the floor. The floor closer to the door is made of hard wood. The hardwood floor is an amber color. The light above the table is turned on.,6.229346967196149e-157,0.1666666633680556,0.8463613390922546,0.060348948374760986
697,A black background with many small squares of different colors and sizes.,"This picture is taken outside on a rainy day. Two women are walking while holding umbrellas above their heads. One woman is wearing a short sleeve blue shirt. She is holding a black umbrella above her head and carrying a white plastic bag in her hand. The other woman is wearing a gray shirt. She is holding a purple umbrella above her head and carrying a polka dot purse on her shoulder. Two other people can be seen in the background, a man and woman, walking under a white umbrella.",1.7500738623494536e-234,0.059701489596792306,0.8251903057098389,0.01824817518248175
698,A group of people are gathered in a room.,Two men are playing a video game together. They have both have two remote controllers in their hands and one of them is swinging one of the controllers. There are a bunch of people behind them that are watching the two young boys play the game. One boy has a light blue tee on and the other boy has a white hat on.,1.898080822546405e-157,0.15384615098372786,0.8591013550758362,0.0740258487654321
699,A black wall made of squares blocks blocks blocks blocks blocks blocks blocks blocks blocks blocks blocks blocks blocks blocks blocks blocks blocks blocks blocks blocks blocks blocks blocks blocks blocks blocks blocks blocks blocks blocks blocks blocks blocks blocks blocks blocks blocks blocks blocks blocks blocks blocks blocks blocks blocks blocks blocks blocks blocks blocks blocks blocks blocks blocks blocks blocks blocks blocks blocks blocks blocks blocks blocks blocks blocks blocks blocks blocks blocks blocks blocks blocks blocks blocks blocks blocks blocks blocks blocks blocks blocks blocks blocks blocks blocks blocks blocks blocks blocks blocks blocks blocks blocks blocks blocks blocks blocks blocks blocks blocks blocks blocks blocks blocks blocks blocks blocks blocks blocks blocks blocks blocks blocks blocks blocks blocks blocks blocks blocks blocks blocks blocks blocks blocks blocks blocks blocks blocks blocks blocks blocks blocks blocks blocks blocks blocks blocks blocks blocks blocks blocks blocks blocks blocks blocks blocks blocks blocks blocks blocks blocks blocks blocks blocks blocks blocks blocks blocks blocks blocks blocks blocks blocks blocks blocks blocks blocks blocks blocks blocks blocks blocks blocks blocks blocks blocks blocks blocks blocks blocks blocks blocks blocks blocks blocks blocks blocks blocks blocks blocks blocks blocks blocks blocks,"A woman wearing a white shirt and blue jean pants is holding on to a brown horse that is in front of her. The horse is attached to a carriage that a man is riding in. The man is wearing a suit, shirt tie and black hat on his head. There are people sitting and watching the woman and man with the horse.",6.3757479263969885e-232,0.13043478002835543,0.7176006436347961,0.02607561929595828
700,A black and white photo of a building with palm trees in the background.,There is a big building behind the trees. The building is wide and white. There is a clock tower in the center. THe clock says it is 4 in the afternoon. There are clocks on two sides of the tower. There are many palm trees in front of the building. There is a tile walkway in front of the trees. The ground is wet. There are steps by the walkway.,7.24265556453818e-80,0.35999999596800003,0.857919454574585,0.09067556169005443
701,A black and white photo of a person riding a bike in front of a building.,A couple using an umbrella walk on a sidewalk near the ocean.  The couple are in front of a parked motorcycle.  To the left of the couple is a person wearing a clear plastic rain poncho over blue jeans and a jacket.  The person is standing in front of a metal fence.  The sidewalk is wet and the sky is overcast.  Two sea birds fly over the ocean above the heads of the people.,0.005829238782945309,0.23728813215742606,0.8589920401573181,0.09318181818181819
702,Collection of small squares of different colors and sizes on a black background.,The instruction was on the table which help with the use of the phone.  It had colorful pages.  It show you have to use the Nokia phone.  The picture of a girl was shown using the phone.  The phone was a basic one.  It was not an android phone.  The color was silver buttons with a black monitor.  All of the pamphlets were shown on the table.,9.911539222212277e-157,0.15686274149942336,0.827993631362915,0.06921897546897547
703,A parking lot with many cars and a few people.,A plane is flying in the blue sky. The wing of the plane is white. The sky has white clouds. Below the plane are cars in a parking lot. Next to one of the parking lots is a brown building. The brown building has many windows and a white roof. There are trees in between parking lots. The trees are green.,4.621123159467853e-157,0.27272726921487606,0.8627622127532959,0.08579460406702934
704,A collection of squares of various sizes and colors.,"A freight train of tanker railcars is sitting on or traveling on a set of tracks.  The tankers are cylindrical, some with a few markings.  Overhead wires used for electric trains are present.  A few signal poles are visible in the foreground.  A few tall buildings are in the distance behind the train. It is a sunny day.",5.98047708450083e-234,0.07999999731200008,0.8298027515411377,0.02824858757062147
705,A black background with blue pixelated squares.,The scissor is made of metal. The roll of tape is to the left of the scissor. The tape is clear. The table is covered with a light blue paper. There is writing on the inside ring of the tape. The scissor is pointy at the tip. The paper that is covering the table is a little wrinkled. The letters inside the tape ring are dark colored.,2.5232900889914262e-235,0.09523809246031753,0.8352692723274231,0.03278688524590165
706,A collage of squares in various shades of green and brown.,The elephant stands in the grass. The elephant is small. The elephant has tusks. The tusks are little. The elephant is grey. The elephant is standing by the water. The water is like a river. The grass is mostly yellow. There is a hill on the other side of the water. The water is still. there is wood in the water. The grass is short. There are trees on the other side of the river.,3.91413866851085e-234,0.09523809160997747,0.8166578412055969,0.02915451895043732
707,A large dark figure with a large white circle in the middle of it. The figure is made up of many small squares of light green and yellow.,The image is of a bird. The bird is grey and white. It is standing on the ground and looking across the field area. There is nothing on the ground with the bird other than some grass.  The bird has a white chest and a grey throat and head.  It's wings are black and grey with white stripes.  It has black eyes and it's tail feathers are held upright.,3.0800665965585745e-232,0.24999999531250006,0.8523553013801575,0.07704160246533127
708,A black and white image with white squares of varying sizes.,There is a large empty area. The pavement is made up of concrete squares. The pavement is wet. There are shadows on the concrete. Lights are shining in the air and is reflecting on the wet pavement. In the background is a large crane. The sky is overcast and full of gray clouds. On the left in front of the crane is a partially built building.,8.015769896058656e-234,0.12499999670138898,0.8272420167922974,0.024793388429752063
709,A man playing tennis on a court.,"A double image of the same athlete.  The athlete is wearing a purple polo shirt and a ball cap that is covering his eyes.  He has on white shorts and white socks on his feet with white sneakers with some black.  On his left knee, he is wearing a black brace.  He has a white cuff on his left wrist.  Both hands is holding a tennis racquet.",3.0007145270442412e-235,0.15686274272971934,0.8413233757019043,0.03278688524590165
710,A collage of different images including a man in a red shirt and a woman in a white shirt.,A baseball player is wearing a red and white uniform and a blue and red helmet. He is holding a black bat in his hands. A catcher is kneeling on the ground in front of him. He is wearing a red and gray uniform and a red helmet with a mask. A white base is on the ground in front of him. The baseball field is brown with green grass on it.,4.616558369418995e-156,0.23529411366397546,0.8510175943374634,0.11975417250052661
711,A woman is wearing a blue shirt and has a drink in her hand.,A young man is seated looking at someone out of view.  The young man has short dirty blonde hair.  He is eating bread which he is holding in his hand.  He is wearing a grey Hartford sweatshirt.  The writing on the sweatshirt is white and red and also says champions on it.  He is seated at a table that has a beer and a glass sitting on it.  The atmosphere is dark.  There is a dark structure behind the man.  The man is kind of smiling.,2.3787533451365476e-80,0.24242423926078974,0.8738189339637756,0.06345177664974619
712,A black metal fence with square cutouts that reflect the outside world.,"This is an image of a bay. The bay has a line of boats. The boats are parked. The boats are sail boats. The right boat is black and yellow. There are nets on the mast of the boat. The middle boat is white and black. The left boat is red, white and black. The masts have many different ropes going to the masts.",1.5276636891178488e-233,0.08510637917609795,0.837716817855835,0.02551020408163265
713,A black background with a collage of squares in various colors and sizes.,The man lay in the bed and read the black book. He leans his head on the brown head board. The man is wearing a blue tee shirt. The little boy lay next to the man read the blue children's book. He is wearing a green tee shirt.  The man and boy are underneath the whit blanket.  There is a white curtain hanging behind the bed.,2.3011889920040164e-233,0.11764705502499051,0.823188841342926,0.04118616144975288
714,A cow and a horse are standing in a field.,"Three people are outside with farm animals in a large open area.  Two of the three people is females.  They are all three dressed casually in white t-shirts and shorts. The animals they are caring for are goats.  The goats are mostly white with brown or black in their heads.  One goat, however, they are mostly brown with white spots.  The three people are holding a stick trying to herd the goats in the direction they want them to go in.",5.975348888258042e-158,0.1016949126687734,0.8471980094909668,0.03382949932341001
715,A red car is in the middle of the picture.,"A man is riding a motorcycle through a parking lot. He is wearing pair of tan shorts, a short sleeve black shirt, and a black baseball cap. The motorcycle is red with black decals and slick black tires with white walls. He is driving past a parked Mitsubishi SUV with a man in a green jacket standing next to it.",1.0322346066768973e-233,0.19607842846597462,0.8469002842903137,0.054545454545454536
716,A photo of a black and white pixelated image of a car.,The truck is parked on the pavement. The pavement is faded in some areas. There is a large white sign with a blue banner across the top at the other end of the pavement. At the front of the photo there is a white and orange U-haul truck. It has large black framed window protruding from the side windows. The window are rolled up and no on sitting in the diver side seat.,1.0205208743230903e-233,0.2068965488703924,0.8374800682067871,0.06726457399103138
717,A black background with many small squares of different colors scattered throughout.,"A woman is taking an item from the oven that was baking. The individual, whom appears to be a Caucasian female, is wearing a knee length denim skirt, with a long sleeved green shirt. In addition, a brown furry dog is watching intently, the individuals actions. The cabinets in the kitchen are a dull white color, and the floor is a medium toned hardwood.",1.5276636891178488e-233,0.06249999695312515,0.8250921368598938,0.017006802721088437
718,A close up of a piece of bread.,"There is a sandwich in a container. The container is a plastic tupperware container. The sandwich is made of untoasted slices of bread. There is a luncheon meat slice between the bread. There are slices of banana in the sandwich as well. On the counter, beside the container, is a banana that has been sliced into seven portions.",1.4886743136386515e-157,0.14634146058298636,0.8485100269317627,0.04716981132075472
719,A person standing in front of a forest.,Two trees brown tree trunks look as if the bark is peeling. One of the trees have a greenish mold on it. There are leaves of another tree in the background as well as a white wall. A chain link fence is at the bottom of the photo. There is a brown and tan giraffe in the photo that has to small horns on the top of his head.,7.477482411002055e-235,0.14545454296859506,0.8462038636207581,0.0397456279809221
720,Piece of a larger image showing a building with a blue cross on it.,"A man is holding the string of a flying kite. The man is wearing a gray hat and a gray and light gray jacket. The kite is light green with two eyes, a nose, and mouth and two red spots drawn on it. The kite is a triangle shape and has three green strips hanging from the bottom of the kite. Four other kites can be seen in the sky. The sky is full of white and gray clouds, with a patch of blue. Several trees are seen in the lower portion of the image with a light pole with two lights on it close by.",1.2582646985195045e-157,0.19718309578258283,0.8388947248458862,0.04648760330578512
721,A close up of a person's face is in the upper right corner of the image. The face is looking to the right. The face is in a blue color. The face is in a white color. The face is in a light blue color. The face is in a dark blue color. The face is in a light green color. The face is in a dark green color. The face is in a light yellow color. The face is in a dark yellow color. The face is in a light pink color. The face is in a dark pink color. The face is in a light blue color. The face is in a dark blue color. The face is in a light green color. The face is in a dark green color. The face is in a light yellow color. The face is in a dark yellow color. The face is in a light pink color. The face is in a dark pink color. The face is in a light blue color. The face is in a,"A middle aged woman with long, fine, blue hair and dark brown roots holds up her iPhone as if to take a selfie. She has blue eyes, and she is wearing a blue blouse with rolled up sleeves buttoned to the upper arm of the sleeve, breast pockets, and a blue silk tie in multiple shades of blue. She is standing in front of a plain wall. Her hand holding up the phone has a ring on the ring finger. The back of the phone is covered in an abstract melange of the colors white, red and purple, along with blue.",3.780591352448869e-155,0.21739130038988663,0.799994170665741,0.13799448022079117
722,A man is riding a bicycle in a park.,"A man is standing on a grassy field flying a kite in the air. He is wearing a white shirt and gray pants. The kite is blue, green, yellow and orange in color. White strings attached to the kite are being held by the man. Two people are sitting on a blanket near the man. A dog is standing behind the people. Tall trees can be seen at the back of the field. Two tall buildings are standing behind the trees.",1.609414575035333e-81,0.16949152307957485,0.866874098777771,0.04742547425474255
723,A photo of a blue and white pool with a red letter Q on the side.,"A bus with a Japanese advertisement on the side, is driving down a city street.  The images on the bus are cartoon like dogs and paw prints on the windows.  There is a bus driver on the right hand side of the bus.  A large stone building is behind the road with windows all along the side.  Green leaves are on trees on the sidewalk.",4.040484969017615e-156,0.24999999607780615,0.8529704809188843,0.10574043261231282
724,A black and white photo of a person in a black shirt is in the center of the image.,A black cat is lying on it's right side and a dead bird is in front of it.  The are laying on a side walk.  The cat has green eyes.  There is a crack the length of the sidewalk in the middle. The bird is brown and white.  It looks like the bird was in the cats mouth because it is wet.  The cat has long pointy ears.,6.925535938911177e-156,0.315789469978455,0.839989185333252,0.11693299876738862
725,A black background with a lot of small squares in various colors.,An elderly man stands in the sun looking at the camera.  He is next to some kind of shelter in a park or on a golf course.  Purple columns supporting the top of the structure can be seen.  He wears a purple striped jacket and dark red tie with some white design on it.  He squints from the sun but does not smile.,1.974587856350676e-233,0.09677419042663901,0.8437896966934204,0.05181347150259067
726,A mosaic of squares in various shades of grey and white.,It is am image of a very clean bathroom where the towels are neatly stacked and the shower fittings are golden. The tiles are gleaming and everything seems to be spick and span. The wall on the mirror has a black thick frame and the shower has a glass exterior to avoid the water to be spilled outside.,1.6588066737599288e-233,0.07843136939638615,0.8303946256637573,0.028142589118198873
727,A variety of food items are shown in this image.,There's a glass dish on the tablThe glass plate has Pizza on it. Half of the pizza is gone. The pizza has mushrooms on it. The pizza also have a meat on it. The crust of the pizza is golden brown. There's a spatula on the plate. The spatula is made of metal. The light is reflecting off of the back of the spatula.,4.6271984018479417e-234,0.04878048411659754,0.8237752914428711,0.017064846416382253
728,A large crowd of people are skiing down a slope.,A lot of people are skiing on a sunny day at a ski resort. The resort is brown and white and nestled into the valley. In the front there are blue and green umbrellas as if there are stands selling items. On the left of the resort there is a hill with lots of tall pine trees. Toward the camera there is a ski slope which slopes upward on the right. A few people are standing at the bottom of the slope.,0.00022557159934450145,0.22950819398011293,0.8768398761749268,0.07112717245989306
729,A black background with green squares of different sizes and a brown animal in the middle.,"Three large brown bears are swimming in a river. The bear on the left has his head tilted to the left and his fur is wet up to the bottom of his ears. The one on the right of him is dry above is shoulders. The final bear is all the way in the water and only a little of his back is showing above the water. There is something in the water behind the first bear that appears to be a rock. Behind there is a green, grassy shore.",5.81494001529323e-157,0.1714285679020409,0.8345053195953369,0.04237288135593221
730,A black and white image with white squares scattered throughout.,"The trees are weighted down with heavy snow. The snow has turned the evergreen trees white. There is a person skiing down a slope. He is wearing a helmet, a black coat, a pair of black pants, snow boots and skis. He also holding ski poles. He is down the slope through his ski lime green ski goggles that match the lime green on both his ski poles and the tips of his skis.",2.2402885181703155e-234,0.1509433934069064,0.8201426267623901,0.029585798816568046
731,A black and white photo of a building with a lot of small square windows.,Part of a woman can be seen walking on a sidewalk. A large electrical pole is on the sidewalk in front of her. The sidewalk is near a road. The road has different vehicles on it. Power lines are running through the air across the road. Buildings are sitting on both sides of the road. A row of vehicles are parked in front of a building on the side of the road. A large leafless tree is hovering over the vehicles.,3.860957643432116e-80,0.13793103100475634,0.8420457243919373,0.06869772998805257
732,A black and white photo of a city street at night.,A cat is sitting on a DVD player. The cat is looking at the small TV. The TV is black. On the screen there are colorful lines. The cat is stripes of light and dark brown. The cat is wearing a collar with circle pendant. There are wires attached to the DVD player. The player is silver. The TV has a SONY logo on it.,1.1038538084811297e-233,0.19230768897189354,0.8268764615058899,0.050335570469798654
733,A large section of a black and white photograph has been cut away to reveal a hillside covered in green grass and brown dirt.,A group of people stand on the top of a hill. There is a lot of grass on the ground. There are some trees as well. There are some people sitting on the ground. There are others standing up. There are no clouds in the sky. There is a lot of sunlight. The sky is blue. The people are talking to each other. there are rocks on the hill.,7.676438991387784e-156,0.20338982583165768,0.845887303352356,0.06201550387596899
734,A photo of a beach with a kite surfer in the distance.,A man is standing on a surfboard and holding kite strings. The man is wearing a black and green wet suit. the man's hair is black.  The surfboard is black with white letters and multicolored images on it. The man's feet are on the surfboard and are above the water. The water is gray and white below the man and is moving and somewhat foamy. The water farther away from the man is green with white caps scattered around. There are dark clouds in the blue sky.,1.3818558168349742e-157,0.20689654865041618,0.8471066951751709,0.06032601719933256
735,A black and white photo of a motorcycle with a lot of small squares in the background.,"Three dirt bikers are riding along a rain covered beach.  They appear to be in a competition, as the bikes have numbers on them.  The bikers are dressed alike - crash helmets, gloves, jackets and pants.  Two bikes are red while the third is blue.  It is a cloudy day.  The edge of the beach is in the background, gentle waves coming ashore.",3.840767585691026e-156,0.15624999641113288,0.8439466953277588,0.08212188985183114
736,A red car is parked in a parking lot.,"This is an image of appetizers. The appetizers are arranged on a tray. There is celery on the tray. The celery stalks are cut and are light green. There is cauliflower on the tray. The cauliflower is white. There are silver tongs meant to serve the vegetables with. There are small red, round tomatoes behind the celery.",6.039040724468521e-234,0.09302325250405635,0.8415030837059021,0.019157088122605363
737,A black background with many small squares in different colors.,"A woman and a little boy are sitting in bed looking at two cats.  The woman has glasses on and a long sleeved striped shirt.  The boy has short dark hair and is wearing a blue tshirt with a pattern on it and a red collar.  The two cats are lying on the bed next to eachother.  The cat on the left has white, orange, and black fur.  The cat on the right is black and grey striped.  The bed spread is blue colored and has a celestial pattern of suns and moons.  The headboard is made of wood.  Next to the bed is a nightstand made of wood.  On top of the night stand is a lamp, book, and several small items.  There is also a small table to the right of the picture with items on it.  The wall appears to be white.",2.100270918568921e-237,0.11764705674740487,0.8285600543022156,0.019011406844106463
738,A pixelated image of a cityscape with a red square in the center.,A black train with a red bumper is either pulling into or out of the station. A large amount of smoke is coming from the engine and obscured the rest of the train. Beside the engine is a small green building with windows on the side beside the train. There is a set of stairs leading to the door on the green building. The railings beside the stairs have been painted white. To the right of the green building is a brick building. The background are bare trees. The sky is a white color.,7.223540315094454e-81,0.18181817884297521,0.8353958129882812,0.04074505238649592
739,Brown and white squares with a pattern.,This is a photo of a dessert. The dessert is a cake that is brow and white and is sliced into triangles. The brown slices are chocolate and are powdered. The white slices are sugar powdered. The cake is on a white plate. The table under the plate is white and plain as well. There are speckles of brown powder on the cake on the edge of the plate.,1.0978220223598725e-158,0.14999999711250006,0.8480116128921509,0.03184713375796178
740,A black background with many squares of different colors and sizes.,A laptop and a desktop monitor are on a desk.  Both the laptop and monitor are powered on.  The room is dark except for a lone desk lamp emitting a small yellow light.  A black keyboard is on the white desk .  the desk lamp is behind a magazine which has a black mouse on top of it.  The walls in the room are plain and light colored.,3.659350420583445e-157,0.15999999656800007,0.8406652212142944,0.05971107544141253
741,A woman wearing a blue shirt and gray jacket is standing in front of a black background.,"The image is a portrait of a man. The man is wearing a gray suit jacket. The shirt is blue. He is wearing a patterned necktie. The man has grey and brown hair. He is smiling at the camera. The man is wearing eyeglasses. On his finger, there are two rings. The man is standing behind a blue leather chair. The background is gray.",5.819001628540947e-156,0.3333333291632373,0.8782594799995422,0.09274873524451939
742,A black and white photo of a beach with blue water.,"The water is blue, but there a a lot of seaweed floating in the background. There is a dog, or what seems to be a dog, swimming in the water toward the wave. The wave has white suds spraying into the air. There is is surfer surfing the wave. The surfer is wearing a black wet suit. He standing with is knees slightly bent and his arms extended out.",8.031221534837447e-234,0.20689654865041618,0.8501823544502258,0.05537974683544304
743,A group of trees are scattered across the background.,Two giraffes are standing on a very dirt covered area. There are small white rocks scattered across the dirt terrain. There are many trees off in the distance and the sky is grey. One giraffe is looking at an animal that is next to a bare gray tree. Both giraffes have brown spots and long necks. The trees in the distance are brown and green.,9.098120770494906e-81,0.17857142587372452,0.8721429705619812,0.07178264122708566
744,A mosaic of squares in various shades of orange and white.,A plate of food is on the table. The plate is white and round. The light is reflecting off of the plate. The plate has food on it. There is a sandwich and there are french fries to the right of the sandwich. The sandwich has cheese on it. The sandwich is also a hot dog. The french fries have salt on them. To the right of the plate that is a small container of catch-up. The ketchup is red.,2.669711357496494e-234,0.11999999680000008,0.8339217901229858,0.02735978112175103
745,A baseball player is standing on the field.,"A baseball player is holding a brown bat in his hands. He is wearing a blue and white uniform and a blue helmet. A white base is sitting on the ground in front of him. The field has green grass, brown dirt, and white painted lines on it. Three people can be seen sitting in a dug out watching the man play baseball.",0.0004248233955119692,0.22641509177643293,0.882669985294342,0.0834072759538598
746,A collage of pictures of animals and people.,A small giraffe is looking to the right inside of a pen.  The pen appears to have an Egyptian theme.  There are two egyptian statues sitting on top of a stone seat.  The bottom of the stone seat has hand painted pictures of people and animals.  The seat is grey. To the right of the statues are egyptian style pictures on the wall.  To the left of the statues is an out crop of grey rocks.  The giraffe is brown and white with spots.  The ground is covered in dirt with small sections of green grass peeking through.  To the right of the giraffe is a tree.  The pen is surrounded by a black fence.  The fence has poles and three wires between each post.,3.629200083546789e-161,0.1333333316408889,0.8286093473434448,0.02206531332744925
747,A cityscape with a red sign on the right.,"This image is of a two store commercial building site.On the top,there are two stores that have green awning above them,the left one is Fleet and there it houses a green atm machine.The building on the left is The Java Stop,you can see that it has several beverages in the inside and the glass is covered with white letter.On the outside there are several railings The bottom is similar but both spaces are Bertucci's and on the outside of the rails is snow and bushes with snow on top of them.",7.997399843892102e-159,0.11764705652681663,0.844118595123291,0.030193236714975848
748,A person is standing in front of a bike.,"A man in a brown shirt, blue jeans and white sneakers is walking on the hardwood floor of a bicycle shop. Behind him on the walls are bicycle tires on a rack and three bicycles on their kickstands on the ground. In front of him are closed cardboard boxes and sporting shirts on hangers. A fitting room is directly ahead of him.",2.640112626330909e-157,0.19230768944526633,0.85994553565979,0.08458409818954037
749,A black and white photo of a restaurant with a lot of people in it.,"A group of people are sitting at a long table inside of a restaurant. The table is covered with a red tablecloth. There are white plates, coffee mugs, cutlery and other items on the table. Three long blue poles are standing near the table in the room. The door of the building is white. There are windows on the side of the building.",3.7381382885292404e-156,0.30188678875044506,0.8547024726867676,0.10919243986254294
750,A beach scene with a blue sky and white clouds.,The beach is full of many people. A lot of the people are laying down enjoying the sun. Even more people are walking and swimming in the blue ocean water. The sky is crystal clear blue and free from any clouds. You can't see the sun but you can tell it is a sunny beautiful weather kind of day. Besides the sand you can see a green grassy area with trees.,3.8644214201149726e-234,0.22580644890738813,0.8717008233070374,0.061633281972265024
751,A black wall with a pattern of squares that are different sizes and colors.,The sky is overcast and grey. There is a horse standing out amongst the cars. There's a green car to the right of the horse. The horse is pulling a black cart. A man is leaning over the cart. The horses standing still. The horse is a white cream color. The horses standing in front of a short tan building. The building has a green roof.,3.432614445486126e-233,0.18867924139551448,0.8414296507835388,0.041118421052631575
752,A black background with white squares of varying sizes.,On top of a dark brown wood table sits a small plate with a dessert.  The plate is square shaped and white.  The edges come up and the center is lower than the sides.  On top of the plate is a small piece of cake.  The cake has a small orange decoration on top of it and a white frosting.  The cake is brown colored with darker brown at the top and the bottom of the cake.  A silver fork is resting upwards on the left bottom side of the white plate.  There is light focused on the back of the table and is shining onto the plate.  There are crumbs of the cake stuck to the white frosting.,7.318448588981265e-237,0.1230769206911243,0.8213305473327637,0.02777777777777778
753,A red and white airplane is flying in the sky.,An airplane starts to fly away. The plane is mostly white. The tail is blue and red. There is writing on the side. There are wheels on the bottom. There is fencing on the side. There are buildings in the distance. There are many trees around the buildings. There are poles in the distance. The sky is blue. there are no clouds.,3.995055192268403e-157,0.2666666632098766,0.8726931214332581,0.0528169014084507
754,A black and white image with a green and brown background.,"While one giraffe is seen making it's way through the trees and bushes, the two giraffes in the forefront prefer to stay in the grass covered clearing.  The temperatures look to be quite high from the look of the haze that hangs in the sky and forms a veil over the distant hills. These giraffes have spots of chestnut brown with ragged edges, while their unsides are predominately white.",7.673372728056362e-234,0.09230768970414208,0.8286352753639221,0.039556962025316465
755,A collage of images with a dark background.,"This was captured at tennis match.Only one side of the court is visible and on it is a male player with a blue head and wristband, a blue shirt,black shorts,a white bandage on his knee,white socks,and black and white shoes.In his hand,he is holding a black and yellow tennis racket.He is also standing on top of green court with the word Gerfor painted on it in white.Behind him is a man sitting on top of something sponsored by Adidas  with a wall next to him from other companies.The wall separates the crowd of people who range from young women,young males, and adult males who are waiting for the other person to serve.",1.6220986314746344e-160,0.07058823358892738,0.8154637813568115,0.03661417322834646
756,Pixelated image of a dog.,In the picture there is a small dog. The small dog is off white in color. The dog is looking straight at the camera. The dog has a fluffy coat of hair. The dog looks happy in the picture. The dog is laying on a dog bed. The dog bed is tan and brown in color. The background in the picture is black. The dog has a small fuzzy tail.,3.6242476953415147e-237,0.1538461516107824,0.8460679054260254,0.023622047244094484
757,A black fence with squares in front of a train station.,A train in on a set of tracks. The train is white with a red nose. There is 2 reds stripes on the side of the truck. There are 3 letters in capital cursive near the front of the train. There are several utility lines above the train. The trains front is in the shape of a bullet.  There is multicolored gravel om the train tracks. The day is cloudy and overcast.,3.4793309843708044e-157,0.26415094010679957,0.8488844633102417,0.07277569601436934
758,A woman is lying on her side in bed.,A black and white cat reclines on a bed.  The cat's eyes are gold.  The left ear of the cat is turned back.  The cat's right back leg is up.  The cat's whiskers are white.  The cat is resting on a light grey comforter.  Behind the cat is a person reading a book in bed.  Only one hand of the person can be seen.  The headboard of the bed is a light red colored wood.,5.003286727355766e-158,0.18867924246351017,0.8522198796272278,0.07472384665367121
759,A black and white photo of a plate of food with a green salad on top.,A round plate with food is sitting on a wooden surface. A square piece of flat bread is on the plate. On top of the bread is an orange sauce. A pile of greens are on top of the bread. A fork is sitting face down on the plate. Next to the plate is 2 pieces of sliced lemon. There are several seeds in the lemons pieces. There is a coffee cup of next to the plate and the lemons. The cup is filled with a brown beverage.,7.486765608890975e-157,0.2622950784305294,0.850643515586853,0.0849971360772441
760,A 1950s style car with a large chrome bumper and a chrome strip along the side.,A blue sky is filled with white clouds. There is a street pole taking up most of the image. On the top of it is a green rectangular street sign with Naples written on it in white writing. Below that street sign is another green street sign with Chrysolite Ave written on it in white. Below that sign is the top of a red Stop sign outlined in white.,4.961584106031828e-233,0.1568627411149559,0.8275469541549683,0.04709576138147566
761,A close up of a window with a pattern of squares.,A boy is holding on the the handle of a kite while strapped to a wake board. The boy is in mid air. His legs are bent. The wake board is teal blue. The boy is in the air over a large body of water. The water is dark blue. There is water spray coming from the boy and the board.The handle the boy is holding is brown with 3 lines connected to it.,2.3471395700313517e-157,0.15999999704800005,0.843603253364563,0.04431314623338257
762,A large number of small squares of various shades of blue and white are scattered across a black background.,A large boat is docked next to a pier. The boat is white. There is a blue cover over part of the boat. There is a blue line attached to the pole. There are several birds sitting on different parts of the pier. The birds are gray and white. Th posts on the pier are discolored. There are other boats at the dock.,5.757097655181325e-156,0.2962962919821674,0.851092517375946,0.068259385665529
763,A black and white image of a cityscape with a large body of water in the foreground.,The boat is on the ocean. The boat is a sailboat. The sale is being pushed by the wind. The water and slightly calm and moving along slowly. The sky is partly cloudy but mostly bluish. There are people on the sailboat. The sailboat is the only boat on the water. There's a lighthouse in the far distance. The lighthouse is very tall. There is no lighthouse on at the Lighthouse.,2.3990768162003844e-156,0.18181817785123974,0.8357596397399902,0.04573170731707317
764,A car drives through a rural area.,"A one car silver, white, and red train is on a track bordered with telephone poles strung with cables. To the left of the track is a dry, plowed field edged with green and yellow grass, and to the right of the tracks are small green bushes and a trees, then a large dry field that is not plowed, and then another field which long strips of green plats growing. Behind the field with the plants sits an expanse of more trees, some dry areas, and a forested mountain range can be seen in the distance. The day is sunny and bright.",1.881557899940574e-237,0.0799999983075556,0.8350225687026978,0.016216216216216217
765,A man is playing tennis on a court.,"Two small toddler boys are standing outside on a dirt and grass field. Several blow up amusement structures can be seen. One is a boucy one with a yellow front and another looks like a huge yellow and red blow up slide. One of the toddlers, who is dressed in an orange shirt and jeans, is holding a tennis racket in one hand, and a red and yellow ball in the other. Another racket lies on the ground next to him. An adult wearing white shorts and shirt stands near the toddlers, and another child and adult can be seen behind him.",6.083871666153538e-160,0.10958903914430478,0.8511307835578918,0.026997840172786176
766,A person is standing on a sidewalk in front of a fence.,"Two older women are sitting side by side on a park bench overlooking a body of water.  The woman on the right has grey hair and is wearing a white shirt, blue pants and sunglasses. The woman on the left has a sleeveless top and is wearing a straw hat. Flowers are planted in a stone structure to the left of the women  There are two boats docked in the water nearby. Across the water is a very large building and some smaller ones, as well as other boats.",1.1254951294793293e-157,0.1492537285987971,0.8524312376976013,0.04305043050430504
767,"A large, dark building with a lot of blue and green square tiles.",The man is walking at the sidewalk. He is carrying a big umbrella. The umbrella is green. The handle of the umbrella is brown. The man is wearing a suit. The suit jacket is black. The fence is blue. There is graffiti on the fence. The sidewalk is paved and gray. The shirt is white. The sky is white.,3.669175446167627e-233,0.22727272310950417,0.8531113266944885,0.036764705882352935
768,A photo of a person running on a road with a red light in the distance.,A man in blue shorts and a white shirt is running on a tennis court getting ready to hit a tennis ball coming at him. The sunny sky is casting shadows on the court of his body. Around him is a tall brown post fence enclosing the court. Opposite the fence is a small white house with a black car parked in front of it.,1.7559201045672432e-79,0.2333333297555556,0.8598065376281738,0.1142723559907042
769,A person's face is in the center of the image.,A dog is seen very closely to the camera and through a clear object. The dog is a golden brown color and is standing in what appears to be the kitchen. The floor of the room is tiled with a beige and darker beige design going diagonally across the tiles. There is a wooden cabinet located directly behind the tail of the dog.,3.783455644417218e-157,0.19230768944526633,0.8469047546386719,0.07389755440015404
770,A large black wall is covered in small photos of people and animals.,A herd of sheep stand in a field. There is a white fence around the herd of sheep. There is green grass and dirt under the sheep. There is a large crowd of people standing around the fence near the sheep. There is a large white building off in the distance in front of the sheep. There are trees in front of the large white building.,1.164341509672652e-156,0.3255813911303408,0.8616093397140503,0.057660626029654036
771,A black background with blue and white squares of varying sizes.,The clear blue sky in the background reflects off the vibrant white snow. There is a man skiing on the snow. He is wearing a yellow backpack on his back. He has a grey vest over a black long sleeve shirt with black long pants. He snow shoes are yellow and match his yellow skis. He is also wearing a helmet and goggles. The skiers shadow is cast under him on the snow.,5.582854887568571e-234,0.17241379002972657,0.8354344964027405,0.05239520958083831
772,A black and white image with many small squares of different sizes.,This photo is taken inside of a bathroom. A large window is sitting above a tub. There is a gray shower rod hanging on a wall above the tub. A white toilet is sitting beside a sink in the bathroom. A silver faucet is hanging over the sink. There is a mirror hanging on a wall above the sink. Part of a light can be seen hanging over the mirror.,1.0254236505431474e-233,0.12499999625000012,0.8274241089820862,0.02336448598130841
773,A winter scene with a house in the background.,The brown bear stands in the yard covered in snow. The bear has a camera on its neck.  The house behind the bear has snow on its roof.  The house has two large windows in the front of it.  There is a large shrub covered in snow in front of the window.  The house has glass windows around the front door.,2.241801125555252e-157,0.19999999651250003,0.86067134141922,0.044802867383512544
774,A baseball player is standing on the field.,A baseball player is holding a bat in his hand while standing on a baseball field. He is wearing a black helmet and a gray and black uniform. A catcher dressed in red and white is squatting behind the player. People are sitting in stands watching the baseball game. A wall separates the field from the people.,0.0009664156882052355,0.34782608408317583,0.9018544554710388,0.1021173224568138
775,A black background with a pattern of squares made up of smaller squares in various shades of green and white.,"A white polar bear is sleeping on the grass. A grass stain blemished the center of his forehead. His black eyes are closed. His black snout is still. His fur has flecks of beige, brown and black in it. Beneath his is green grass with bare patches of dirt in the bald spots. A huge front paw tramps down on weeds.",1.9209133025769265e-232,0.19672130745498528,0.8283883929252625,0.08787346221441124
776,A black and white pixelated image.,"A white refrigerator is against a wall in a kitchen. Someone has positioned two magnets to appear as eyes on the refrigerator so the appliance appears to have a face. There are two white handles in between the magnets to appear as if they are the nose on the  refrigerator. The refrigerator has a bottom drawer for the freezer and the handle is curved upwards. The refrigerator appears to have eyes, a nose, and a smiling mouth.",1.1119863481654692e-236,0.11764705674740487,0.824273943901062,0.02145922746781116
777,A collection of small squares of different colors and sizes are scattered across a black background.,This picture is taken inside of a building. People are shopping at different booths and tables that are set up in the building. A man is wearing a black leather jacket and blue jean pants. A clock is hanging from a ceiling above his head. There is a tall brown and white pole standing near the clock in the room.,3.940797237434383e-156,0.2333333295833334,0.8459790945053101,0.06294964028776978
778,A black and white photo of a room with a mirror in the background.,This picture is taken inside of a kitchen. A white door is leading into the kitchen. A rug is on the floor in front of the door. The kitchen has white cabinets with black counter tops. A white sink drops inside of the kitchen. White tiles are on a wall behind the sink. A window is hanging above the sink with brown curtains on top of it.,1.5962472854595795e-156,0.2264150906372375,0.8549010157585144,0.07293354943273907
779,A busy intersection in a city.,"This image is taken outside of a busy downtown city streets.On the left,there are a bunch of buildings,street lights,birds,peoples,and red and black banners swinging from the pole.On the other side,the exact same thing is visible but there stores are different.The middle of the road has three cards and a big silver charter bus on the side of the road waiting at a red light.",8.770977928628732e-236,0.10714285522959184,0.8520374894142151,0.02577319587628866
780,A black and white photo of a wall with a pattern of squares.,"A bench is sitting on a walkway near a tall pole. A motorcycle is sitting on the other side of the pole. A body of water is seen in front of the bench, pole and motorcycle. Boats are sitting on the water. Different color flags are standing near the boats. Homes can be seen sitting on the other side of the water. Green trees surround the homes.",2.3581304962618415e-233,0.12765957088275248,0.8374104499816895,0.056818181818181816
781,Randomly sized and placed squares of various shades of grey on a black background.,"A tall, rusty metal fence with bobbed wire is enclosing a lot.The lot has many small weeds growing and there is a cage inside this lot that encloses two trucks and there are some tall buildings behind this small cage. Trash is lying on the sidewalk in front of the fence. There are two manholes on the sidewalk and the sidewalk appears to be cracked. There is also a sign posted on the bobbed fence.",1.7069005280462492e-233,0.12903225475026023,0.7975744605064392,0.036284470246734396
782,A black wall with white squares on it.,"The sky is filled with fluffy white clouds. There are airplanes parked on the tarmac. The closest airplane is white and has a blue tail with gold world. The next plane is also white, however it has a blue and red tail and a blue engine. There are also dark brown or black trucks on the tarmac. The truck have yellow stairs placed at the back of the truck.",7.477482411002055e-235,0.18867924271982914,0.8517727851867676,0.0397456279809221
783,A black and white photo of a building with a pattern of squares.,"Two men can be seen standing on a tarmac under an airplane. Both of the men are wearing green reflective vests. The plane has over ten small windows on the side of it. The airplane is blue, black and white in color. There is a large propeller on one of the wings of the plane. The sky above the tarmac is blue with numerous white clouds in them.",5.5187033715400704e-80,0.16949152239011783,0.844326913356781,0.085125
784,A black background with many small squares of different shades of green and grey.,"A man with dark hair and wearing a black wet suit is standing on a yellow surfboard edged with lime green. He is riding on a large wave with a with lots of white foamy water filling the back of the wave. He is standing very close to the edge of the surfboard, and is tilting. The ocean water is a pale green color with lots of small white cresting waves surrounding the surfer.",2.180151861724762e-233,0.23728813215742606,0.8467774391174316,0.05882352941176471
785,Large black and white photo of a house with squares of color in the background.,The room is dimly lit. The door is closed. There are two windows by the door. The windows are on the left side of the door. The door is white. The door has a chain on it. The chain is black. There are two lights on in the room. There is light coming through the windows. The floor by the door is made of square tiles. The square tiles are two different colors.,1.2262750621134082e-156,0.2499999958680556,0.8439821004867554,0.04464285714285713
786,A collage of squares with a tree in the middle.,The are two giraffes in the forest. One giraffe is smaller than the other. The giraffes have horns. Their ears are pointy and white. They have brown spots. Their necks are long. Their legs are long. The end of their tail is black. Behind them are trees and bushes. On the ground is grass. The grass are dry. The face of the giraffes are brown.,2.6047872148694665e-157,0.11999999680000008,0.8359169363975525,0.03361344537815126
787,Giraffe in a safari park.,There is a dirt road. Across the dirt road there is green trees that are tall and some have fallen onto the ground. In the fore forefront of the photo there are two giraffes. They are tan and brown have they both have two small horns on top of their head. They are playing in the sand. There is no vegetation on this side of the road.,5.967215823623296e-237,0.08163265122865478,0.8498319983482361,0.01644736842105263
788,A collection of brown and tan squares of various sizes is scattered across a black background.,The photo was taken outdoors in a dirt field. On the field are a group of goat. The housing structures are behind the animals. The sky is clear in the picture. There are also a few chicken on the field. The buildings are made of clay. The buildings on the right are dome shaped. The picture was taken in the day time.,7.267694951003451e-233,0.11764705467128042,0.8388062715530396,0.04355400696864111
789,"A close up of a large, white, square, piece of a car.",In the field are three elephants. The elephant in the middle is large and there are two smaller ones on the sides. The field is grassy as well being filled with small bushes. There are two small white birds in the picture. The grass is dark green. The elephants are looking to the side. The sky is clear and is gray in color. The picture was taken in the day.,0.0,0.0,0.8502207398414612,0.0
790,A man is sitting on a ledge.,"This is an outdoor image of a bird sitting on a cobblestone balcony.The bird is small,he has a long sharp pointy black beak,grey feathers,and a blue tail with white lines.Next to he bird is beige crumpled up rocks that are going down a hill.On the side of the rocks,there is a small patch of grass that appears to be about eight inches long.",1.8100806498120708e-81,0.1403508750384734,0.8509460091590881,0.06480836236933797
791,A black fence with blue squares in the background.,"The sky is blue and clear. There is a building that looks like a castle. The building has three peaks at the top. There is a brown fence surrounding the building which is mounted in in a rock wall. The building on top of a hill. The hill is mostly dirt, but has some patches of grass. There is a black clock with a white face black numbers and black clock hands.",1.501150155137186e-234,0.23076922790680476,0.8623020648956299,0.0532724505327245
792,A basketball game is underway.,"A crowd is sitting in red chairs at a tennis match. There is a green wall separating the crowd and the tennis player. The tennis player is wearing a white shirt with black stripe and black design as well as white shorts with a black line.He has white, black and red sneakers as well as white socks with a black logo. He is wearing white wrist bands on his wrist as he about to serve the ball. His tennis racket red and black with a white handle. He is playing on a brown, sandy ground with white lines outlining the court.",6.646136686177891e-240,0.06666666513888891,0.8276628255844116,0.010940919037199124
793,A man and a woman are working on their laptops.,Three men are sitting in a room working on laptops that are on their laps. all of the men are wearing short sleeve shirts. The wall in the room is painted white. There is a black rack with shelves standing in front of the wall. Different objects are sitting on top of two of the shelves. The floor in front of the rack is brown in color.,2.8815956607732712e-157,0.16326530287380264,0.8636066913604736,0.04893964110929852
794,A collage of images showing a truck and a trailer.,This is an image of a truck. The truck is for industrial work. The truck is for carrying concrete. The truck has a large white drum on the back. The truck cab is light blue. The truck has large rubber wheels. The wheels are black. The drum on the truck has concrete in it. The truck is on a cracked and damaged gray road.,6.919275490672375e-234,0.18604650831800976,0.8604019284248352,0.05972696245733787
795,A bathroom with a toilet and a sink.,A white porcelain toilet sits with the lid open on a concrete platform over warped linoleum. The pipes running to the toilet are exposed against the yellow walls. Above the toilet are small square cutouts showing a view of the outside. On the opposite side of the room is a black trash can filled with water with a red plastic pot floating on top of it. A smaller blue waste can is on the floor behind it.,1.4641238110490145e-158,0.13114753895189468,0.8560851216316223,0.06082580440640354
796,A pixelated image of a woman in a blue dress is in the center of the image.,"A white male in blue swimming trunks is on a small surf board. His left arm is stretched out to his side. He is wearing a white band on his wrist. The background is blue and contains text. The word ""Flow"" can be made out. The surfboard appears to be resting on a column of water, jetting up from below .",1.096766803971231e-232,0.210526312465374,0.8556749820709229,0.07950530035335689
797,A black and white photo of a bunch of squares.,A woman's hand is reaching for a smart phone turned on on a white counter. She is wearing a ring on her middle finger and two silver bangle bracelets on her wrist. Next to the phone is a pack of cigarettes with the top open and two cigarettes halfway pulled out. A keyfob and two keys are laying on the pack. Beside that is a tall pilsner glass on a square coaster. The glass is half filled with foamy beer. Lastly is a floral pocketbook with a black strap on its side.,4.4038385065226045e-235,0.1739130412098299,0.8215340375900269,0.03579952267303102
798,A woman is sitting in front of a computer. She is wearing a green shirt.,The woman is holding a banana. The banana is yellow. The woman is wearing a hoodie. The hoodie is dark blue. The woman has blue eyes. The woman is wearing a cap. The cap is green. The woman is wearing a necklace. The woman's mouth is open. The bottom part of the banana is brown. The ceiling is white.,1.924951490181234e-79,0.256410251965812,0.8836777210235596,0.09744162087912088
799,"A train station with a red sign that says ""A"" on it.","This picture is taken outside on a cloudy day. Men, women and children are standing on a platform of a train station. A little boy is wearing a green shirt and blue jean pants. A long black train is sitting on a track near the platform. White smoke is coming out of the front of the train. Electrical lines can be seen running across the air above the train.",1.1976480751729302e-233,0.13333333013333343,0.8480983972549438,0.0315955766192733
800,A bunch of squares in various shades of pink and blue on a black background.,"This image is of a bathroom. There is a white toilet and sink which are situated next to each other on one wall. There is a window above the toilet which has a board over it. There is a mirror over the sink with an arched shaped to it. An empty toilet roll holder is hanging on the wall to the left of the toilet. There is a dirty rag laid flat under the sink which looks as though it has been placed to catch drips from under the sink. The bathroom door is visible and ajar, it has a brass colored door knob. The flooring is tile, mostly beige but with some accent colors included, and the walls are papered with an orange floral patterned paper.",7.915819420911298e-235,0.09090908823347116,0.8227071166038513,0.02590673575129533
801,A group of cyclists are racing down a road.,A cycling race with seven riders leaning to their right as they cross a street. They are a mixture of men and women and all are wearing cycling shorts and shirts which are covered in advertisements. One shirt clearly shows the word Mexico on the shoulders. They are all wearing cycling helmets and protective glasses. Six of the seven helmets are predominantly white but there is one bright yellow one visible. Behind the racers on the street is a white car with it's headlights on. The leaders of the race are wearing the same style of shirt.,8.43388664983004e-236,0.114285712044898,0.8561262488365173,0.02834467120181406
802,A collection of squares of different colors and sizes on a black background.,"This is an image of a lunch. The lunch is rice, meat and vegetables. The vegetables are various. The vegetables are green. There is broccoli on the plate. The rice is in a clump. The rice is white. The meat is cooked well done. The meat is pink and dark brown. There are carrot slices on the plate. The slices are orange.",3.130266829933043e-233,0.17777777386666674,0.8338410258293152,0.052539404553415055
803,Randomly placed squares of different sizes and colors on a black background.,Cruise ships are at a port.  The boats are docked by a pier and anchored down.  A small red boat with an umbrella is in the ocean in the foreground.  The cruise ships are large and a pier is surrounded by a metal fence.  Buildings can be seen in the background and have pointed roofs.  The sky is blue and no clouds can be seen.,1.4055184446049027e-233,0.07272726931570264,0.8196558356285095,0.02512562814070352
804,A red and blue plaid pattern is on a black background.,There is a vase on the table. The vase is tan and black. There's a rock to the left side of the face. There are flowers in the vase. The flowers are bright yellow. The flowers have leaves on them. The leaves are thick and green and healthy. The table that the flowers are on has a tablecloth on it. The tablecloth is red white and blue. The tablecloth is red with white lines and a big blue line on it. There are chairs at the table. There are two chairs all together. To the right of the table are two windows. The wall under the windows is green.,2.1160647091648464e-235,0.22950819376511694,0.8339483737945557,0.035282258064516125
805,A mosaic of a person in a restaurant.,"A man is sitting at a table in a restaurant. He is wearing a long sleeve brown shirt. The man is looking a gray cellphone that he is holding in his hand. There are clear glasses and white plates on the table, along with a red and white checkered tablecloth. Different picture frames are on walls across from the man. Christmas lights surround some of the frames.",3.3275515787153086e-81,0.17543859433671904,0.8498919606208801,0.049099836333878884
806,A woman with a red shirt is in the background.,A woman is holding a tray. The tray is made of wood. On the tray is pizza. There are chopped tomatoes on top of the pizza. The woman is looking on the pizza. The woman is wearing a knitted blue jacket. The pizza has mushroom on it. The cheese is melted on the pizza. Behind the woman is a stove. The stove is white.,3.27087454615401e-157,0.23809523446712022,0.8677458167076111,0.04266211604095563
807,A black and white picture with squares of different sizes.,"An old, dirty and rusted white toilet is attached to a wall.  The toilet has red, orange and grey stains inside the bowl.  The seat is covered in grey dirt and the exterior of the toilet has white lumpy drippings on it.  Above the toilet is a white sink bowl with a blue backdrop , two water handles and a faucet.  The wall the toilet and sink are attached to is white with dark marks on it including dirt smudges at the base of the wall.  The floor is a dirt floor.",3.979317298067903e-235,0.13559321752370013,0.8201729655265808,0.03579952267303102
808,A black and white image with green squares scattered throughout.,"A man is in an indoor skateboard and is performing a trick in the air at the top of a ramp. He is doing some variable flip with his board and he is wearing a light blue slate colored shirt, a hat, and some khaki pants with black and white shoes. There are a lot of painted murals and design displays on the wall of the park.",1.4028926403512551e-80,0.13793103162901313,0.835343599319458,0.04078303425774877
809,A collage of photos of a cityscape with a blue sky and white clouds in the background.,Building has multiple floors. There is a clock tower at the very top. The building is tan and off white with red letter in the front. On the top level there is metal fence that lines the roof. The window is just below the top level and is next to a large half circle display window above the bottom floor. There is glass awning covering the ground floor although the whole ground floor is not visible in the photo.,1.5574244107835346e-156,0.14705882009083052,0.8359200358390808,0.06587799955146895
810,A black background with many small squares in various colors and sizes.,The man standing is looking down. There is someone squatting down next to a motorcycle. The man standing has gray hair. The man is standing by a parked car. The car is white. The mirror on the car is black. There are a bunch of trees in the background. The motorcycle has a big beige bag on yhe back of it.,1.6494679355949933e-233,0.0833333295833335,0.8324342370033264,0.017825311942959002
811,A large brown giraffe is standing in a dry grassy area.,"This is an outdoor image taken in a wild area that is full of wild life.In the middle there is paved road and on the side there are trees and dead grass on the side.In the middle of the road,there is a large giraffe walking west and behind him,there are three elephants walking across the road.The first on is on the side in the grass,the second is in the road and the third one is on the right in the grass also walking west.",9.035047462603841e-158,0.21428571112882658,0.8688873052597046,0.03911342894393741
812,A black background with blue and white squares scattered throughout.,"This is an outdoor image taken of a city street.In the middle of the street,there is a large truck on the side that has a picture of a island on the back with water and a palm tree.To the left of the truck,there is female dressed in all black riding a bicycle and she has a long blond braid going down her back.On the side of the street,there are benches,trees,and people sitting down and walking down the sidewalk.There are also large antique like buildings with several stories.",6.105498467704678e-235,0.0869565192606596,0.8213251829147339,0.031525851197982346
813,A skier in pink and red skis and a red jacket is skiing down a snowy slope.,"A crowd of people is sitting in a stand watch a man in red and white ski with two ski poles in his hand.  The man has on a hat and the number sixteen in the middle of his shirt, there is also some writing on his shirt.  There is some writing on the wall by the people in the stands.  There is a pole in the middle of the people.",6.2971630949066055e-233,0.22641509045211827,0.8597056269645691,0.07621951219512195
814,A black background with many small gray squares scattered throughout.,There is a broken phone on the ground. There are three pieces that are big and the phone has many buttons on it. The color of the phone is white and silver. The ground next to the phone is very dark. There are many tiny things on the street. It looks like an older kind of phone. The phone at the bottom of the frame is on its front. The buttons on the phone are dark and light.,1.1410530774511567e-234,0.038461535355029844,0.8392663598060608,0.028089887640449437
815,A person is holding a gun.,This is an image of a laptop. The laptop is being cut by knives. The knives have black handles. The knives have silver blades. The laptop is black at the bottom. There are inputs on the back of the laptop. The inputs are different various types. There are two hands holding knives. The one wrist has a silver watch one it.,1.6003614221749592e-235,0.14285714040816327,0.8553093671798706,0.036036036036036036
816,"A collage of different images including a red building, a yellow sign, and a person.",This is a toy shop. The shop has lots of stuffed animals. The stuffed animals are bears. There are many teddy bears in the window display. The bears are various different colors. The window is framed white. The letters on the window are red with a white and blue border on them. The bear in the front of the window has a red scarf on it.,2.1271134982707918e-156,0.19999999615200006,0.8488628268241882,0.057471264367816084
817,A mosaic of squares in warm colors with a blue square in the bottom left corner.,A man is sitting with his guitar. His left hand is holding the guitar neck. The man is wearing a straw hat. The man's head is down. You cannot see the man's face. There's a bottle on the table in front of the man. The guitar is made of wood. The guitar is a light brown color. There is a television behind the man. The television is not on. The television is gray color. The man is sitting on the side of a fireplace. The fireplace is made of thin brick.,1.364575136831392e-233,0.19672130776672941,0.8286595940589905,0.04790419161676647
818,A photo of a room with a black background.,This is a picture of a bedroom. The bedroom is very tidy. The bedroom is decorated fancy. There are many different pictures that are framed on the wall. The pictures have black and gold frames. The bed has a white comforter on it. The bed has a white pillow on it. The headboards and bed frame are dark brown.,2.7996708001763746e-157,0.13636363338842983,0.8641495108604431,0.046296296296296294
819,A woman is lying on a bed with her eyes closed.,There are two people kissing in the photograph. One of the men is dressed as a groom the other as a bride. The one dressed like a bride has a veil on his head and is wearing a pink dress. He has whit pearls around his neck and has a blue ring on. The woman has a grey hat on and white sunglasses. They are standing against a white wall with the sun shining down on them.,3.7079661595148274e-234,0.16129031966181065,0.8525878190994263,0.04261363636363636
820,A black and white photo of a woman sitting in a chair in front of a window.,This is a hotel room. There is a patterned comforter on the bed. The comforter is tan and gray. The headboard on the bed is wooden. The headboard is brown. The wall in the room is a dark tan color. There is a small lamp by the bed. The lamp has a white lampshade on it. There is a rolling office chair by a desk with a yellow lamp on it.,6.090415959422056e-233,0.166666662717014,0.8390136361122131,0.06859756097560976
821,A close up of a brown and white cat with a white patch of fur on its neck. The cat is looking to the right of the frame. The background is black with green and white squares.,This picture is of a giraffe. The giraffe is eating some grass. The giraffe has it's mouth full. The giraffe is spotted brown and tan. The giraffes eye is closed. The eye is lined in black. There are brown and tan horns on the giraffe. There is a piece of wood in front of the giraffe. The wood piece is light brown.,3.2539214921447006e-155,0.305084740833094,0.8794867992401123,0.18757814544502918
822,A black and white photo of a bathroom with a toilet and sink.,The picture was taken inside. The picture was taken in a bathroom. There are lights lined along the ceiling. The floor in the bathroom is tiled. There are urinals on the wall on the right side. The urinals are white in color. The stalls are on the left of the bathroom. There are windows in the bathroom.,4.598515963045452e-233,0.19999999601250007,0.8639053106307983,0.03802281368821292
823,A black cat is sitting on a table.,"Two black cats lay on a desk; on is reading its grass on the other cat's hind quarters. One the desk area several items: a red notebook, a vup filled with pens, done papers, a basket with Witeout in it, a teddy bear, and a box of envelopes. There is also an LCD computer monitor, as well as a keyboard drawer. The keyboard drawer is slightly open, showing the bottom of a purple mousepad.",2.014701598833569e-158,0.12499999781250003,0.8672621846199036,0.0632624464226838
824,"A collage of squares of different sizes and colors, each containing a different tree or nature scene.",The elephant is in the wild. He has a long trunks. The trunks are brown with touch of white. The elephant's ears are wide and has spots. The elephants body is wrinkled and brown. Behind him are long brown trees. The ground is covered with green and brown grass. The sky is blue with touch of white/gray puffy clouds.,1.072625835840361e-232,0.11538461127958595,0.8278684020042419,0.0364963503649635
825,A man is washing dishes in a kitchen.,"Two men are sitting at a table outdoors. The man on the right is wearing a plaid shirt and a visor. He has his arms out and palms turned up. The man on the left is wearing a t-shirt that says ""BRONX."" Empty glasses and three bottles are on the table. There is also a cruet of oil. A brick structure, perhaps an oven, is to the left rear of the man on the left.",3.532112589666612e-235,0.1379310321046374,0.8422627449035645,0.029282576866764276
826,"A black background with a collage of squares and rectangles in various colors, including white, blue, red, green, and black. The squares and rectangles are arranged in a seemingly random pattern, with no discernible order or structure. The colors of the squares and rectangles vary, with some being light and others being dark. The overall effect is one of visual chaos and disorder.",This is an image of a street. The street signs are on a white pole. The pole is metal. The top sign is blue and white with a red slash in the middle of it. The bottom sign is white and black with a red circle and red slash in the middle. The top sign has a white border. The street is concrete with rail road tracks embedded in it.,3.52510951464634e-155,0.22784809633071632,0.8448836207389832,0.1443001443001443
827,A tennis player is playing a tennis match.,This picture was taken at a tennis match. The man is wearing a yellow head band and a yellow shirt. The man is holding a black tennis racket. The crowd is behind the man on the court. The man is looking towards to the left. The man is wearing two sleeves on their arms with yellow checks. There is a white logo on the left of the picture.,2.805709316345204e-81,0.17391304089792062,0.864984929561615,0.04838709677419355
828,A very dark picture of a window with squares of different colors and sizes.,"This is an image taken in a kitchen.Directly in the middle is a wooden table with a white top.On the ends,there are two wooden chairs and on the sides,there are two computer cars.Behind the table,there is a side by side microwave with several magnets on the front,and an air freshener and bottles on the top.To the left there is a counter with average kitchen supplies including a toaster.The floor is hard wood,the walls are yellow and the drapes over the windows are black.",8.970264587773726e-234,0.0882352910250866,0.8347890377044678,0.03285151116951379
829,A black background with a pattern of red and white squares.,This is a traffic or warning sign. The sign says do not enter. It is red and white. The text of the sign is very bold in white lettering and is centered in the middle of a filled red circle. The circle is inside of a white square. The sign is attached to a metal pole with bolts. Behind the sign a grey sky can be seen along with trees that have orange dying leaves.,2.1431748226100682e-157,0.16949152239011783,0.8563392162322998,0.05102040816326531
830,A messy room with a lot of clutter.,Four people are sitting around a television set. The two men on the right are playing guitars. The woman on the left has her hand to her mouth. Another woman has blonde hair and is facing away from the camera. A  small coffee table is in the middle. There are two glasses and a paper cup on the table. A floor lamp in the corner is casting bright light into the room.,4.321529385920133e-235,0.10344827348394774,0.8455451130867004,0.01524390243902439
831,A person's hand holding a cell phone.,Two men are standing in a living room holding white game controllers in their hands. A white covered sofa is sitting in front of a window in the living room. There are three pillow sitting on the couch. The walls in the room are painted white. Part of a chandelier is hanging in the room. A brown cabinet can be seen sitting against a wall near the sofa.,2.420738781086038e-235,0.12244897714285716,0.8475744724273682,0.024232633279483037
832,A close up of a zebra's back legs and tail. The zebra is standing on grass.,"Ann adult Zebra stands on a field facing to the left. The legs on the outside have strips and on the inside are white. The zebra is in an open field. The field is covered with grass that is tall. The zebra has stripes white and black, and the tail of the zebra is long and have a turf on the end. On back the field there are green with green leaves.",9.977890374845869e-80,0.3389830468945706,0.8702552318572998,0.10343024992532114
833,A black and white photo of a room with a Christmas tree in the background.,"This picture is taken inside of a home. A black chair is sitting in front of a desk. There is a laptop sitting on the desk, along with other papers. Part of a wooden table can be seen behind the desk. Two chairs are sitting near the table. There is a white lamp sitting on top of the table near bottles and a book. The walls of the room are painted yellow with white trim. The floor of the room is hardwood.",9.747076539315947e-157,0.2539682505114639,0.8497599363327026,0.07304116865869854
834,A bunch of small squares of different colors and sizes on a black background.,A desktop computer is on a desk with the monitor turned on. On the keyboard is a grey bird with a green head and orange cheeks. To the right of the desk is a tray with a blue mouse pad and a white mouse on it. Next to the desk is a grey upholstered chair. To the left of the desk is a blue drapery. In front of the bird are a yellow and blue stuffed bear.,7.061013027110318e-157,0.1851851815294925,0.8212726712226868,0.042432814710042434
835,A woman is sitting on a bed with her laptop.,"A Man sitting in a chair working on his laptop. The chair he is sitting in has a red towel drapped over the back and wooden arms. The man has short dark hair, and glasses. He is casually dressed in a sweatshirt, with a yellowish t-shirt underneath and shorts. He is using a plug in keyboard with his lap top, the key board is on a make shift lap table, made from two grey boxes. This allows him to put his keyboard and mouse on his lap. The laptop is on the table in front of him, propped up on a few books so that he can see it. Also on the table are a few other items.",1.9110110255163975e-159,0.1647058802768166,0.8617211580276489,0.03264925373134328
836,A black and white photo of a car.,"Passengers are seated in a mass transit bus traveling down the street.  The driver is seated on the left hand side in an enclosure.  He is visible through the reflection from a rear view mirror.  The farebox is next to the enclosure.  A television monitor is behind the driver, and is turned on.  A woman sits on a seat mounted atop the wheel well.  She has placed a white plastic bag on the floor. A passenger seated behind her is resting his or her foot on the well.  The bus has blue vertical poles for standing passengers to use.  Some bus straps are also suspended from the ceiling for passenger use. It is daytime.",2.696801241372604e-237,0.09876543031854902,0.8115280866622925,0.01934235976789168
837,A pattern of squares in various sizes and colors.,A metal pan has pizza slices on it. The pan is round. There are other pizza pans next to it. The pans are on the table. There are napkins on the table. There is hot sauce on the one pizza. There is a lot of cheese on the pizza. There is a knife on the table. There are other slices of pizza on the other pans. The pizza slices are triangular. The table is made of wood.,6.544389054671795e-235,0.09999999651250012,0.8285980224609375,0.014245014245014245
838,A close up of a beach with a large wave crashing on the shore.,"A guy with short, dark hair is wearing a blue wet suit and black shoes is surfing on a white surf board in a large body of water. The waves behind his surfboard are large, white and foamy. The body of water appears to be dirty and a reflection of the guy and the surfboard is in the water just near the surfboard. The sun is shining brightly into the body of water.",1.009684837727631e-156,0.17241378962544596,0.8527349829673767,0.07451564828614009
839,A woman in a blue shirt is standing in front of a black background.,There is a white and brown cow in a cage. The bars next to the cow are blue in color. The girl next to the cow is wearing the color purple. The girl appears to be smiling. The bottom half of the cow is not visible. Only the top half of the animal is visible to the people. The roof of the structure is blue and there are bars above the ground to support the structure.,7.881787914655899e-157,0.15999999635200007,0.8563746213912964,0.05730659025787965
840,A blue and white mosaic of a skateboarder in the background.,"A boy is skating down a ramp. The picture has a progression of him starting from the top, then in the middle, then on the bottom. The boy is wearing a white helmet, gray t-shirt and blue jeans. He is slightly heavyset. His shoes are white. Next to the boy on the ramp is a boy on roller blades and he is wearing a blue graphic shirt with blue jeans. his hair is orange.",2.5221656077489664e-157,0.2758620658917955,0.8528246283531189,0.05908419497784344
841,Randomly placed squares of different sizes and colors.,This is an image of some animals. The animals are elephants. The elephants are very large. The elephants are dark brown. The elephants are in water. The water is shallow and murky brown. There is a long bamboo pole by the elephants. The shore by the elephants is sand. The sand is tan color. The elephants are drinking water.,2.1946537103189945e-234,0.10256409930309017,0.8262465000152588,0.01855287569573284
842,A black and white photo of a city with a lot of buildings.,"A man is sitting in a white chair on the beach. The chair is in the sand.  He is wearing a black shirt and dark colored shorts. He is reading. His arm is resting around the top of his head. He has a wedding ring on. Beside the man is a black and white umbrella. To the right of the umbrella is a boy wearing green. He looks like he is playing in the sand. Behind him is another umbrella which is red and white. In front of the boy is the water. In the distance is a building, and beyond that are hills. Also on the beach are gray stones and other white chairs. Behind the chairs are two poles.",9.359482919322536e-82,0.15999999749688892,0.8389654159545898,0.04827869782214155
843,A collection of squares in various colors and sizes.,There are people in the snow in the picture. The trees in the background have a little snow on them. Some people are sitting in the snow. The snow is covering the entire ground. Most of the people have goggles on. Two people are walking together on the snow. The person on the right is carrying ski sticks.,5.403971076097566e-234,0.09756097218322439,0.8430567979812622,0.02824858757062147
844,A man is sitting in a chair in front of a computer.,The woman is sitting on a bench. She is carrying a bag. The suitcase is black. The bags are black. The woman is wearing a scarf. The scarf is pink. The jacket is black. An old man is looking at the camera. The man's jacket is yellow. The woman's shoes are black. The woman is wearing eyeglasses. Her pants are gray. Her hair is curly.,9.449194122891766e-157,0.17777777432098768,0.8662809133529663,0.05862646566164155
845,A clock tower is in the background.,There is a big brown and beige building near the street.  It has many windows  all around it.  It has a traffic sign  on the corner near the building. There is street sign on the front of the building.  There is a small car near the building. There is a gray car behind the    maroon car.  The person walks  across the street  near the building. There is a large black sign near the  building.,9.282665478516048e-236,0.09523809246031753,0.8393704295158386,0.022288261515601784
846,A black and white photo of a building with a green and yellow pattern in the middle.,"A small cell with iron gates is painted a light green on the bottom of its cement walls, and white on top. A lidless white toilet sits against the back wall, and a rusted small white sink is next to the toilet. On the back wall are two empty white shelves, and two metal shelves that fold up are attached to the left wall. The floor is tiled, and the walls and floor are dirty.",2.1543655928177133e-156,0.21874999641113282,0.8421295285224915,0.07225433526011561
847,A man is eating a green apple.,Three men are standing in a room. One man is leaning over a table in front of a small cake. He is wearing a short sleeve shirt and green pants. The table is white and has brown and gray chairs sitting around it. There is are white coffee mugs and bottles that are also on the table near the man. A gray door can be seen near a wall with a gray door handle on it.,4.58880543467029e-159,0.17241379098097503,0.8501940965652466,0.0361794500723589
848,A collage of small images of people and nature.,"This is a beautiful autumn photo of a family riding a trail on horse back. Both the horses and the human riders are uniformed in matching colors and coats, which made for a beautiful photograph. The trees are evergreens and tall, and grass is brown in preparation for winter. The air is most likely brisk but still mild.",5.403971076097566e-234,0.07692307431952672,0.8538927435874939,0.02824858757062147
849,A bathroom with a black background and white squares.,A blue shower curtain is hanging inside of a white tub. A white toilet can be seen sitting near the tub against a white painted wall. A box of tissues is sitting on top of the toilet's tank. There is a vanity cabinet near the toilet with a white sink in it. A mirror can be seen hanging on a wall above the sink.,1.606320698539901e-157,0.1777777745777778,0.8512191772460938,0.042735042735042736
850,"A black background with many small squares of red, yellow and orange.",The photo is of various fruits. The orange slices are peeled and sectioned. The raspberries are deep red and have small red portions that have fibers protruding from them. There are also small round blueberries in the photo. The fruit is mixed together as a fruit salad. The photo is a close up and does not show what the fruit is in.,1.9972525506654412e-233,0.11320754366678543,0.8443830609321594,0.03508771929824561
851,Blue and black picture of a pool.,"A man is relaxing on a lounge chair in front of a swimming pool on a warm sunny day.  He is white.  He is wearing a baseball cap and swim trunks.  There are no other people sitting on the chairs, which are white.  Four large white umbrellas provide shade.  The water in the pool is calm and is blue, reflecting the sky.  The side of the pool is made up of blue tiles.",6.199599907658275e-159,0.14285714066964286,0.8277231454849243,0.030120481927710847
852,"A storefront with a sign that says ""veri"" on it.","A young woman wearing a black bra mostly covered by a white tank top, and also wearing blue jeans and holding a pink cell phone to her ear is walking along a sidewalk. She is in front of a North Pacific Cellular store and another store in which numerous red shopping carts are lined up along its wall. Both stores have the same exterior of large windows and brown siding, and a white and red trim above the siding. The woman is being photographed at through the interior of a car, as the grey interior of a car window can be seen around the outside edges of the photograph.",6.112944483463152e-236,0.045454543440082734,0.8280788064002991,0.01513622603430878
853,A black and white photo of a city with many small white square images of the city in the background.,"The image is a transit center. There are many buses parked at the station. The roadway is brown with white lines. The cross walk has white painted stripes. There are shelters over the bus stop. There are blue poles holding the shelter roof up. The roof is dark gray. The bus is orange, white, red, and blue.",2.278130139995854e-232,0.21428571020408166,0.8582711219787598,0.09380863039399624
854,A black and white image of a building with blue squares.,There is a tall building with a clock on each side of the top of the building.  The very top of the building is green in color and it looks like a palace on top.  The building tan and it has a couple of barrier gates at the top of the building.  The design of the building holds a arch in front and a light pole on the top of the building.,2.6897148254200875e-157,0.2173913007088847,0.8454180359840393,0.04552352048558421
855,A collection of small images of railroad tracks.,"There is a train in the picture. There are many train tracks. The train is blue, yellow, and white. There are many poles in this picture. The tracks are brown. There are green bushes near the tracks. In the background there is graffiti on the walls in different colors. The poles are grey and tall. The bushes are short.",1.845476437730637e-234,0.05128204833662081,0.8608582615852356,0.01855287569573284
856,A person is walking in front of a black and red pixelated wall.,"A woman is sitting on a stone structure with her legs stretched out in front of her. She is holding a blue cellphone to her ear. The woman is wearing sunglasses, a necklace, red sweater, a long black skirt and red boots. She has a large black purse and a plastic bottle of water at her side. Two people are sitting on the ground having a picnic. The trees are bare.",4.993743063065934e-80,0.2857142824389015,0.8519127368927002,0.08956297811103536
857,A woman in a purple dress is standing in a field of flowers.,"This is a picture of a man. the man is taking a picture. The man has a hat on. The hat is light brown with a brown designed band. The man has a mustache. The mustache is gray. The man has glasses on. The man is wearing an unusual jacket. The jacket is purple with flower designs on it. The flowers on the shirt are orange, white and red.",1.9317814329844307e-233,0.2173913007088847,0.8611860275268555,0.0473186119873817
858,A person is standing in front of a desk with a computer on it.,"A young girl in a bright orange t-shirt is standing on a tiny child's skateboard while a woman in a pair of blue jeans and a patterned top kneels with one knee on the floor anf holds the girl steady, her right hand under the girls right arm and her left hand on the girls left hip. They are in a living room on a beige mat with a black border. Behind them is a small table with a telephone, calendar and writing pads. In the far distance is a wooden rocking chair. Both the people in the shot are looking up at something.",1.3507637497925785e-157,0.19512194855145748,0.842563807964325,0.052631578947368425
859,A photo of a beach with a green object in the bottom right corner.,"A large flock of birds is flying over the beach, and the ocean on a cloudy day. A single person holding a yellow surfboard is walking out of the water and onto the sand. A large, curved blue, white, and green kite is flying over ruins on the beach. There is a tall mountain covered in grass jutting out into the sea.",4.968681656718334e-233,0.2142857107206633,0.8414828777313232,0.061188811188811185
860,Black and white image with squares of different sizes and colors.,"In a black and white photograph, a surfer in the middle of riding in on a wave is shown perpendicular to the wave. The surfer is a man and his surfboard and he are fairly high above the wave with his board upright above the water. The wave is large and cresting with a lot of white foam to the right and left side of him. The surfer is wearing a wet suit with a cap.",1.8697389300152246e-157,0.15094339316482738,0.8426365256309509,0.043165467625899276
861,A woman in a pink swimsuit is standing on a beach.,"Two people are enjoying their time out in the water. A woman is wakeboarding and her board is white, a peach color, yellow, and blue and is in a tie-dye like pattern. She is wearing a pink shirt that is a very bright color, and some short polka dot shorts. A man is wakeboarding far in the background more out into the water.",8.726707270453268e-157,0.2264150912780349,0.8621392250061035,0.06055363321799308
862,A woman is lying on her side in a bed.,A young  child is sitting on a blue sofa. He is holding his left hand up to his mouth. He is holding a silver clamshell cellphone in his right hand. He is wearing a blue and white striped polo shirt and blue denim overall shorts. There is a stain on the left knee area of the shorts. The child is barefoot.,9.340044963128882e-234,0.20408162940441485,0.8585084080696106,0.04472271914132379
863,A black and white photo of a building with red squares in the background.,"Outside, an old man lies down against a bare, tan wall. The man has a beard, but little hair on his head, and is dressed almost entirely in red. His shoes are black. His is resting his head with one arm. Next to him is a red metal object attached to the brick ground. There is a white bag next to the man. It is around noon, as the man cast a very short shadow.",1.9632143729485187e-233,0.19718309542551085,0.8421229720115662,0.05805515239477504
864,A black and white image of a city.,There is a traffic light in the picture. The green light is bright. THe traffic light is made of metal. The traffic light is black. There are three different lights in the traffic light. There is red on the top. There is yellow in the middle. There is green on the bottom. Green means to go. There is nothing else in the picture. There is just a traffic light.,6.28778815453406e-235,0.1463414602736467,0.8348365426063538,0.023847376788553257
865,A black background with a pattern of green squares that are different shades of green.,Image of an outdoor farm. The farm has multiple rolling hills on it. There are white sheep and livestock walking around the field. There is a small stone wall down the middle of the farm. There are large green trees with lots of leaves on the hillside. In the distance the sky is covered with a light patch of puffy white clouds that can be seen on the horizon.,1.7415332363215871e-156,0.16129031926638923,0.8445682525634766,0.08365271226415094
866,A BMW motorcycle is stopped on a road.,"This is a man on a motorcycle. The man is int he middle of a track. The man is doing a trick. The man is doing a wheelie. The man has a helmet on. The helmet is blue, red, and orange. There are banners on the fence. The banners are white with blue letters. The motorcycle is white and black. The wheels on the bike are black and rubber.",4.476125773847353e-158,0.19047618739229027,0.8500344157218933,0.059141494435612084
867,A brick building with a large archway.,A wooden slatted bench sits in front of a brick and stone wall. The frame and arms of the bench are metal. The wall is mostly stone with a brick inlay that has two large openings in the center of it. There is also a brick border along the bottom of the wall. Many stones on the wall are chipped showing a dull gray underneath.,2.2088305547996857e-158,0.19999999759200002,0.8654589056968689,0.07202515015015015
868,A black and white photo of a train track with a green field in the background.,This is an image of a train track. The train track has one train on it. There is one empty track. The track is made up of wooden planks and metal rails. The rails are light gray. The plants are dark brown. The train cars are light gray and brown. The cars are filled with coal. The coal is black. There are lots of bright green and yellow plants by the tracks.,1.0721940979840764e-79,0.3272727233057852,0.8665341138839722,0.06777108433734941
869,A room with a couch and a table with a lamp on it.,This is a picture of a living room. The room has a couch in it. The couch is a dark gray color. There are pillows on the couch. The pillows are white. There is a dog on the couch. The dog is blonde colored. The dogs eyes are black. There is a large flat screen TV in the corner. The TV is black and silver.,1.3001265742644386e-156,0.2272727237603306,0.8677154779434204,0.07525083612040134
870,A large black and white photo of a building with a lot of small white squares in the background.,"The man is holding a little child that are stand on a surfboard. The surfboard is color white, The child is wearing a wet suit color black. There is a wave formed behind the surfboard. There are ripples in the big ocean. On back there is a man that is in the water. Behind the man there is a big wave color white.",4.841122780507609e-156,0.2040816282548939,0.8426461815834045,0.05119453924914675
871,A black background with a bunch of colorful squares.,"A orange,blue and red train is sitting on some tracks and next to the tracks is a pile of trash on the ground.Some flowerpots is sitting near the trash. People are sitting on chairs Just behind the pile of trash. A man standing near the tracks is wearing a brown uniform hat, shirt and pants and he is holding a red flag in one hand and a green flag in his other hand. There are some children standing near the tracks behind him.",3.718452771081823e-235,0.10909090635371908,0.8284069299697876,0.01984126984126984
872,A black and white photo of a room with a mirror in it.,This picture is taken inside of a bathroom. A small window is hanging above a white tile wall. There is a shower near the window. Two white curtains hang on a rod that is surrounding the shower. A white toilet sits near the shower. Part of a white sink can be seen near the toilet. The floor of the bathroom has large white tiles on it.,1.1203241123958593e-156,0.19230768875739648,0.8511316776275635,0.04942339373970346
873,A collection of small squares of different colors and sizes on a black background.,This is a picture of a group of kids. The kids are standing under an umbrella. The umbrella is purple with a cartoon on it. The girl in the middle has a blue jacket on. The girl has dark blue jeans on. The girl has long brown hair. The girl to the right has a long purple and white jacket on. There is a large red house with green trim in the background.,2.179079607012868e-233,0.1851851815294925,0.833301842212677,0.05961251862891208
874,A man is walking in the street.,A traffic in the middle of a city road is directing traffic while in a reflector jacket.  There are people on the corners ready to cross a street.  The car is turning right on a city street.  The traffic light is red signifying to stop.  A store sits on the corner and buildings line up the street.  Cars and buses are driving to the left of the store.,1.711172112001856e-158,0.20408163020408163,0.8647384643554688,0.04038772213247173
875,"A black background with a mosaic of different images including a house, trees, and a car.",The bus is a pastel yellow with a green stripe under the window on the side and over the wheel wells. The front of the bus is unique. The driver side is sunken into the bus while the passenger sides is of normal length. There is small black display with white letter at the top of the front of the bus that says SPECIAL. Next the bus there is a red truck with red grill on the bumper. On the opposite side of the bus there is small vehicle that looks like a toy tractor. it is yellow and gray.,3.234803358118655e-157,0.14492753299726957,0.8441179990768433,0.043668122270742356
876,A woman is standing in front of a brick wall.,This picture is taken outside at nighttime. A boy can be seen in this photo. He is wearing a short sleeve shirt and pants. A green frisbee is soaring in the air towards the boy. The ground has brown dirt on it. There are gray stones scattered throughout different parts of the ground. Part of a tree trunk is leaning near the boy.,3.614875425083297e-157,0.16666666388888893,0.862528920173645,0.06447140381282496
877,A black metal fence with square cutouts of various sizes.,"A painting has a cat walking on a brick sidewalk in front of an apartment building that looks french. There is a brown dark shiny wood door to the left of the cat, and tall bushes, and plants growing on the sides. There is a bike next to the plants, and in between the two apartment doors. There is a black metal pole on a fence in between two cement pole.",1.6242682301654793e-157,0.17857142563775513,0.8449891805648804,0.05731895223420648
878,A sandwich is missing from the middle of the picture.,"On a wooden board there are pieces of brown bread. On the corner of the board there is a bowl color white with yellow sauce. Somebody is holding a fork with the index finger that push on one bread. The fork is metal color silver. Back the board, there is a black phone on a white table next to a glass.",4.1756561458228944e-157,0.12499999695312508,0.8409953713417053,0.04472271914132379
879,"A night scene with a large number of pixelated squares in the background. The squares are lit up in a warm yellow color, and the background is dark.","This is a photo of a group of people watching a fire. The photo conveys a sense of urgency, hopefully this is not a house burning down. In the distance you can see a painting that looks as though it may be a religous building. The people are all holding umbrellas to protect them from the rain, which is ironic.",4.247709049575951e-232,0.17391303903381655,0.8527518510818481,0.0880281690140845
880,A photo of a person in a dark room with a lot of small squares in the background.,"A woman is on a surfboard holding a row. The surfboard is long and color white and black. The is bend forward holding a black row. The right hand is on the top of the tow, and the left hand is on the middle of the row. The woman has long hair black on the back. The reflection of the woman can be seen in the water.",3.9424688101923775e-156,0.21276595326392037,0.8452657461166382,0.09403391582672314
881,A tennis court with blue and white square tiles.,"A man is standing on a tennis court on a sunny day. He is wearing a yellow shirt, black shorts and a hat. The man is holding a racket in his hands. A tennis ball is soaring in the air in front of him. The court is green with white painted lines on it. Part of a building can be seen behind the court.",2.1140369278160872e-157,0.23076922790680476,0.860184907913208,0.05128205128205128
882,A person walking in front of a black and white background.,This is an image of a person. The person is crossing the road. The person is carrying some vegetables over her back. The vegetables are bright green. The vegetables are carried on a wooden bar with wires attached to a basket. The pole on her back is dark brown. The crosswalk is light gray with white stripes.,9.947145752235943e-157,0.16666666313368064,0.8403384685516357,0.05725190839694656
883,A woman is sitting on a bed.,"There is a very large light brown stuffed teddy bear sitting in the corner of a room and on a bed. There's a big brown bow wrapped around the teddy bear, and it matches the bears big, brown nose. The teddy bear has small black eyes, and long and fat arms that hang to his side and legs that are in front of him. The bed sheet the bear is sitting on is green, and there's a nearby pillow with a yellow pillowcase that has white polkadots. The walls are painted blue with a painted treed on the right side of the corner and it has 3 large branches with 13 green leaves and 2 red flowers scattered on it. To the left corner of the wall is a green lamp that has 2 white clouds on it and it hangs above and to the left of the sitting teddy bear. At the lower half of the wall there is white bead boarding and a white chair rail.",8.27986390161541e-88,0.10752688032836168,0.8378167748451233,0.019749835418038184
884,A photo of a black and white picture with squares of different sizes.,"A little girl stand on front a gigantic suitcase. The little girl wears a white top with blue jeans, and she is smiling. The gigantic suitcase has several stickers. A red sticker on the suitcase has yellow stars. On the suitcase, there are three oval stickers color white and blue letters. The brown suitcase is outdoors.",5.251126365836152e-233,0.19999999635200003,0.8325287699699402,0.048355899419729204
885,A photo of a woman in a white shirt and black pants is missing.,This is a picture of a bedroom. A large bed is sitting against a painted white wall. There are two large white blankets and four white pillows on the bed. Two slim lamps sit on nightstands that are standing near the bed. Part of a picture frame can be seen hanging over the bed. A long green curtain is hanging on the floor in the room.,1.6646888686649526e-156,0.21052631226839028,0.8453350067138672,0.0875051398026316
886,A black and white photo of a screen with many small squares of different colors.,"A table with a white lace table cloth is sitting in a room with a white wall. There is a blue glazed vase with etched flowers on it with a flower with green leaves on it sitting on the table. There is a clear glass bowl on a black metal base to the left of the vase, and there is a bear statue on the right of the vase and a clear glass cup. There is another flower on the ground near the table.",1.5649605305198222e-233,0.24561403138196372,0.8294271230697632,0.05188067444876782
887,A black wall with a pattern of squares of different sizes.,This is a picture of a street. The street looks to be at a bus station. There are many large buses parked. The buses are public transportation. The buses are painted white. There is black text on the bus. There are people walking by the station. There is a large walkway above the station. The walkway is metal with blue windows.,1.5017903980573115e-233,0.17391304007561445,0.8500992655754089,0.044642857142857144
888,A night baseball game is shown with a player sliding into home plate.,A boy in a white baseball uniform and a blue helmet is has swung a baseball bat and is holding the bat behind him. There is a player in the sane uniform on the left leaning down and walking towards the home base. In the distance there is a fence covered with a blue tarp. There are people standing on the other side of the fence on the left watching the game.,8.727588724791541e-157,0.2807017508648815,0.8578401207923889,0.07255549723671617
889,A black and white photo of a train station with a blue sky in the background.,A trailer with gray siding on it and  two windows is sitting on the gravel in between two train tracks. There is a white and blue train on the tracks on the right side of the screen near the trailer. There are traffic lights on the gravel in between the tracks for the trains. There are metal support columns in between the tracks and over the tracks. There is an apartment building in the distance and cars parked near the tracks.,1.1595729413822367e-156,0.21052631191135737,0.8491689562797546,0.06711409395973154
890,A photo of a person walking in front of a building with a yellow sign on it.,A boy is skating on a skating ramp. He has a skate board under his feet but his body is parallel to the ground. His knees are bent and his arms are in the air. His has brownish-red curly hair. He is wearing gray shorts and a black shirt. The skate board is green. The skating ramp is gray. There are trees surrounding the skating ramp.,7.86400767280042e-233,0.10909090529586792,0.8454004526138306,0.049099836333878884
891,A person is holding a yellow object.,"Two boys and two girls are standing in a line bending down. They are opening bananas that are in their hands. One of the boys is wearing a baseball cap, a short sleeve shirt and blue jean shorts. Part of a black door can be seen behind them. A white painted wall is above the door. Cords and other objects are on the ground in front of the children.",2.0984849503916765e-235,0.10344827373959575,0.8554806113243103,0.02388535031847134
892,"A kitchen with a wood floor, a white counter, and a white cabinet.",Two skillets and a pot is sitting on top of a stove in this kitchen. The burner under the pot is on. The door of a dishwasher is down with a rack sitting on top of it. The cabinets in the kitchen are white with green counter tops. There are numerous items sitting on top of the counter tops. The floor of the kitchen is hardwood.,1.3846432075957083e-156,0.1333333298765433,0.8762177228927612,0.06589785831960461
893,A large black and white image of an airport terminal with a plane in the back.,The airplanes are at the runway and airport. The planes are blue and white. The tail of the planes are white with blue logo on them. The sky is blue with white and gray clouds on them. There are two cones on the ground. The cones are stripe of orange and white. The grass is green. The ground is paved.,8.707851291191358e-233,0.21739129981096417,0.8473849296569824,0.053956834532374105
894,A red brick building with a curved roof.,A building has a large arch above the doorway. There are windows under the arch and above the doors. The doors themselves are gray and have panels in them. There are two doors. In front of the doors is a bench that has wooden slats. There are gray pipes on each side of the doorway. The building and doorway are made of red brick.,1.396977628612514e-234,0.21739130147448016,0.8709455132484436,0.03424657534246575
895,Pixelated image of a person's face.,"A cute grey white tan and brown kitten is laying sideways in a white ceramic bathroom sink. He looks very happy. The faucet above him is silver and shiny. On the sides next to the faucet are two small jars, a tube of toothpaste and a wooden square brush with black plastic bristles. The floor of the bathroom is dingy and white. There is a soap dish filled with a dark brown soap.",1.9570697098732725e-236,0.06896551538644476,0.8045439124107361,0.015082956259426848
896,A photo of a person's face is overlaid with a mosaic of squares in various shades of pink and purple.,"A man is standing in a room of a building. He is wearing a suit and tie, and holding an electronic device in his hand. The carpet in the room is red. A long picture frame is hanging on a wall at the back of the room. A sofa, chair, plant and a table can be seen near the picture frame. A small green lamp sits on top of the table.",4.569156305933392e-156,0.16129031860041634,0.8352659940719604,0.06828528072837632
897,Black background with squares in different colors.,This is an image of a plane. The people are sitting in cushioned chairs. The chairs are blue and gray. The man has long black hair. The hair is parted down the middle. The man is Asian. The man has a black suit jacket on. The man has a light blue dress shirt on. The man has black pants on. The man has black shoes on.,2.4476637264480907e-235,0.04761904484127,0.8196555376052856,0.016638935108153077
898,Brown and white squares of different sizes on a black background.,Five lit candles are decorating a square cake. There is a pink candle in each corner and a white one in the center of the cake. The frosting is white. Some chocolate crumbs are visible along the bottom edges of the cake and on the plate. The cake is on a round blue plate. It is on a wood-looking table.,8.007225055572277e-157,0.20833332980034727,0.8282521963119507,0.07738455333736641
899,A bicycle is parked on a sidewalk.,A fire hydrant is standing on the sidewalk. The hydrant has an orange base and red top. The hydrant is casting a shadow onto the sidewalk. The sidewalk is made of concrete squares. There is a manhole next to the hydrant that is dark gray and metal. On the road there is a white carriage with large wheels.,1.1477064005508855e-234,0.2127659549117248,0.8710148930549622,0.047258979206049156
900,A black and white photo of a building with a lot of square blocks.,"In a dark sepia color photograph the top half of a large, very tall clock tower is shown. The tower appears to be at least a few centuries old and could be the Big Ben clock tower in London. The time shown on the clock is eight o'clock, and  the clock face is on two sides of the tower. The tower tapers off high into the sky. Above the clock face are poles and a gable decorated, and in a deep ivory color.",4.394864550665466e-157,0.09523809215419511,0.8515648245811462,0.05256241787122209
901,A night time shot of a busy street with a lot of red and yellow lights.,A bus is in the street that is red and yellow. The bus has the words LOVE written on it in red letters. There are street lights that are visible. The cars are black beneath the bus. There is also a double decker bus to the left of the bus that is red. There are windows on both buses. There is a red building with letters on it in white.,2.1809616328486572e-156,0.34615384221893497,0.857446014881134,0.06191950464396285
902,A man in a red jacket is skiing down a snowy slope.,"A group of seven people dressed in ski clothes are standing together with their arms draped around each other. They are on top of a snow covered mountain, and another mountain with snow on it can be seen in the background. All but one of the group is wearing ski shoes, and five are holding their ski poles. Part of a building with a white roof is in the background, as well as part of the poles and cables of a ski lift. Three of the group are wearing red jackets, one is wearing a green jacket, one  is wearing a blue jacket, and two are wearing black jackets.",4.728286269329428e-235,0.10810810557706362,0.8617711067199707,0.04028197381671702
903,A black and white photo of a city street with a red car in the middle.,A bike is sitting on a stone paved walkway. The bike has an orange wooden crate sitting on the front of it. A small pile of snow is in front of the bike on the walkway. A snow covered road can be seen below the walkway. Part of a vehicle is sitting near the walkway. There are tall buildings standing on the other side of the road. Vehicles are parked in front of the buildings.,1.4848969522321067e-156,0.17857142464923478,0.8461969494819641,0.04341534008683068
904,A collage of squares in various shades of purple and pink on a black background.,There are three umbrellas. The umbrellas are blue. The gate is purple. The umbrellas have points on them. There is a shadow on the gate. There is a white umbrella also. There is a grey umbrella. The ceiling is black. There is a shadow on the blue umbrella. There are objects on the floor that are made of wood.,6.483885578505551e-233,0.23809523365079371,0.8351185917854309,0.045787545787545784
905,A person walking in front of a wall made of squares.,"On a beach with grey sand several people are walking about, and some are standing in the waves by the shore. One man is getting ready to throw a white Frisbee. He is wearing grey long swim trunks. Behind him a woman sits in a beach chair set low to the sand. The water is mild, with only a few small waves rolling into the shore. The day is sunny and the sky is a medium blue.",3.2634245366218237e-234,0.09523809256739742,0.8407807350158691,0.03551136363636364
906,A black and white photo of a metal sculpture.,"A young boy, dressed in knee-high shorts and a red-striped white short-sleeved shirt, zooms around the skateboard apparatus.  He is smart, as he has on both a helmet and white knee protectors.  He wears gloves, to protect his hands, and simple shoes.  He seems to be alone, though in the distance he can see an open concrete lot and beyond that a parking lot and some cars.",1.1509790753265992e-157,0.12903225558272635,0.820888876914978,0.032679738562091505
907,A black and white photo of a person's face is cut up and pasted onto a black background. The person's face is in the center of the image. The face is made up of many small squares. The squares are different shades of gray and brown.,"A horse and cattle eat from the same hay bale.  The animals have torn the bale apart exposing the yellow fibers, which they eat in small amounts at one time.  The horse is rust colored.  The cattle are black with a couple rust colored as well.  Some of the cattle have small flecks of snow and dirt on their backs.  Snow covers the ground in the background.  A fence stretches across the snow covered ground.",2.8428569786832907e-155,0.2962962916994361,0.8402863144874573,0.1317614424410541
908,A black and white photo of a forest with a mountain in the background.,An animal is laying down. The animal is brown. There are trees on the mountains that are green. The trees are tall. The mountains are tall with grass on them. The animal has horns on its head. The clouds in the sky are white. There are clouds near the mountains. The animal has a large bone in his back.,2.307930983796074e-156,0.17391303942344055,0.8473793864250183,0.045871559633027525
909,"A black background with a pattern of small squares in shades of grey and white, with some squares containing images of zebras.",There is a bamboo fence next to a concrete are brick tan wall. There are plant growing out of the fence. The ground is made of compacted dirt. There is black and white zebra munching on leaves of the plants that are on the fence. Directly behind the zebra there is small pond. there is small amount of water in the pond and there is greenery growing in the pond. The zebras reflection can be seen in the pond.,1.0603704801040163e-232,0.19047618639455788,0.8439708352088928,0.06821282401091405
910,A close up of a plant with green leaves.,"This photo is taken on a baseball field. The field has a white marking painted on it.  A baseball player is swinging a bat towards a white ball that is soaring towards him. He is wearing a black helmet and a black, yellow and white uniform.  People can be seen sitting in the stands behind the player.",6.039040724468521e-234,0.0816326500624741,0.8463628888130188,0.019157088122605363
911,A jumble of blue and brown squares of various sizes on a black background.,The clouds in the sky are white. The sky is blue. The building is brown. Part of the building is really tall. There are windows on the brown building. There is a tall light pole in the image. There are vans parked that are white near the building. There is a clock on the building. The windows are clear on the building.,4.319979244451382e-233,0.24390243469363482,0.8366023302078247,0.043706293706293704
912,A collection of small images of buildings and other structures.,"The street runs directly beneath the red-and-yellow arch with the ""towne center"" sign at its apex.  A shopping center is far in the distance behind the sign, and between the sign and the buildings is a vast, mostly empty parking lot.  More cars are visible toward the buildings, whereas there are very few in the proximity of the arch/sign.  Just before the red arch is a street sign that says ""end of city street"".  A sidewalk follows the road on its right, and just a few plants hint at a larger bit of decoration that's mostly unseen.  The road is appropriately painted with direction paint - yellow lane lines and brake-here marks on the road that goes off to the left from the arch.",1.7151169183458336e-236,0.08791208612969452,0.8237757086753845,0.022202486678507993
913,A black and white image of a computer monitor with a brown and white object on it.,This is an image of a table. The table has many items on top. The items are strewn throughout the table. The table is covered in a white cloth. There is a tiny pair of scissors on the table. The scissors are metal and silver. The equipment looks to be medical equipment. There is a shoulder bag that is black on the table.,2.0419790787764102e-79,0.27450979993848523,0.859917938709259,0.07705479452054793
914,A woman is sitting on a couch in front of a window. She is wearing a green shirt and pink pants. She is holding a phone to her ear.,"Three people are sitting in a room. A man wearing a green t-shirt is looking to his right. He is wearing glasses. On the dresser behind him is a flower arrangement. To the right of that is a guitar case leaning against the wall.  A woman with long brown hair, a pink shirt and blue jeans is sitting next to the man. She is holding a toy wheel, perhaps from a video game, in her hands. The man sitting next to her on her left is holding a finger to his ear. A photo collage is on the wall.",0.01668944759035488,0.3764705842878893,0.8850753903388977,0.14606921799516903
915,"A black background with a collage of squares in various shades of brown, orange, and blue.",A man with black hair is wearing a white shirt and a red tie is eating a waffle with his hand and reading the weekday funny paper of a newspaper. The man is sitting on a wooden chair that has checkered wooden slats on the back. There is a round white and blue plate on the white tablecloth on the table. Their is a window at the end of the table showing a deck outside.,3.7092997980157883e-233,0.22580644794484916,0.8305858373641968,0.05065123010130246
916,A person is standing in front of a window. The window is covered in squares.,A black cat is on the brown desk. The cat is on the border of the desk. A glass with black drink is on back the cat. Behind the cat there is a  laptop open with a blue screen. on the screen of the laptop there is icons color white on the right. Next to the wall there is a black box and a tan horizontal box.,4.52344295131519e-233,0.22222221831111116,0.8489917516708374,0.05663430420711974
917,A zebra is standing in a grassy field. The zebra is black and white. The background is a blur of green and brown.,Some of the trees in the distance are have green leaves while most of the them do not have leaves and are brown. There is fence in the distance as well. The grass in the photo is brown and is low. There are two large black and white zebras standing in the brown grass field. The zebra closest tot the camera is grazing on the brown grass.,4.942620217607285e-79,0.4285714243431124,0.8797712922096252,0.1502907847444089
918,A view of a backyard with a large tree in the background.,"There is a large man wearing a gray tee shirt and khaki colored shorts standing barefoot on grass and holding a kite handle. The kite is blue and white and is off the ground about a foot and a half. There is a lamppost along side a path behind the man, and lush trees growing behind that. In the distance, there is a building behind the trees and two cars parked along side the street in front of the building.",2.3826732078052245e-157,0.09836065278151043,0.8479486703872681,0.0546448087431694
919,A cow is standing in a field next to a river.,Cattle are wading in a body of water. The cows are brown and white. One solid brown cow has large horns. There is a white cow on the bank drinking water alone. There is a small patch of land in the water near the cows that is covered in tall green grass. The water is calm except for a few ripples. There are trees past the cows with only a few brown leaves.,2.4559805336861026e-157,0.1454545424793389,0.8666867017745972,0.044910179640718556
920,"A collage of photos of a street with a red building in the center. The building has a red awning and a sign that says ""McDonalds"" on it. There is a yellow sign on the side of the building that says ""Fire"". There is a blue sign on the building that says ""Detroit White Lodge"". There is a red sign on the building that says ""KFC"". There is a yellow sign on the building that says ""Burger King"". There is a blue sign on the building that says ""Coke"". There is a red sign on the building that says ""Pepsi"". There is a blue sign on the building that says ""Coca-Cola"". There is a red sign on the building that says ""Fanta"". There is a blue sign on the building that says ""Sprite"". There is a red sign on the building that says ""Dr Pepper"". There is a blue sign on the building that says ""7-Eleven",Busses are parked on a grassy field. The bus in the foreground is a red double-decker with the number 229 on it. The back door is open but a white strip of material is across the opening blocking the entrance. To the right is white and red bus that has the name Chalkwell advertised on the back. Next to that is a mostly yellow double-decker.,1.0267627147323345e-78,0.2588235244124569,0.8233030438423157,0.26075377750018897
921,A close up of a woman's face.,"A small, round, white plate is sitting on a light wood surface. Brown crumbs left over from a meal are scattered on the plate, and one chopstick sits on the edge of the plate. A black plastic fork is next to the chopstick, as well as some small torn pieces of paper. A used tea bag sits next to the fork.",6.580250240072275e-235,0.11764705645520958,0.8257325887680054,0.026978417266187053
922,A baseball player wearing a Crosby uniform.,"This is a photo of three young boys wearing cubs uniforms, how unfortunate. They are ready to play a baseball game, as two of the boys are wearing baseball mitts and one of the boys is even wearing war paint. The boy in front looks very happy, which is to be expected when playing team sports. Go team.",1.0101098735177649e-234,0.0784313701806998,0.8654729127883911,0.03780718336483932
923,A black background with many small squares in various shades of green and brown.,"There is a woman, in a brown jacket, with a fur collar on it. The woman has black hair with silver streaks in it. There is a big brown bear, in a cage. The woman is kissing the bear on his nose. The bear has fluffy brown hair and a black nose. The bear and the woman are in a building and there is snow on the ground outside. There are trees in the background.",1.7069005280462492e-233,0.23529411366397546,0.840067446231842,0.043541364296081284
924,A mosaic of green and brown squares with a dark background.,This is a picture of a stream. The stream is murky green and brown dirty water. There are animals walking in the stream. The animals are cows. The cows are large. The cows are black. The cow in the front has long horns. The horns are sharp. The horns are gray. There are bright green lush and leafy plants along the side of the stream.,2.857170886807234e-80,0.2173913007088847,0.8486948609352112,0.050335570469798654
925,A black and white photo of a person's face.,"This is a black and white photograph of a very old biplane taking off from a flat field. There is some sort of crop growing in the field, but it is indiscernable. The plane itself says ""America"" on its side. There is a star emblem on its tail as well as underneath the visible wing. The plane is only about 20 feet off the ground.",1.0068725759956662e-80,0.17543859383194835,0.864224374294281,0.10685082113653542
926,A building with a shattered window.,There are three trains in the image. The buildings are short and some are tall. The clouds in the sky are white. There are tall poles near the train. The trains are on the train tracks. The train is red and white. There are windows on the trains. There is a bridge above the trains. There is a fence along the bridge.,1.0293316969703433e-235,0.05714285430204096,0.8551213145256042,0.026595744680851064
927,Sheep in a field.,"A flock of white sheep are grazing on both green and brown grass, in a pasture. A rooster is behind the flock, standing in a narrow dirt road. Some of the sheep are also in the road. The dirt road curves around and then straightens out to the left, going all the through to into the background. A few sheep are lying on the green grass, next to a wire mesh fence, and a planted field of green vegetables are behind the grazing sheep.",1.964467123530756e-163,0.11320754577429691,0.8464108109474182,0.019736842105263157
928,A colorful kite flying over a beach.,"Two people stand on the sand holding a big C-kite. The C-kite is color red, orange and green. The men wears black clothes. Shadows are cast on the ground. There are foot prints are on the sand. On front the men there is a body of water. Next to the body there are three people. Behind the body of water there are small hills.",3.257135976033911e-235,0.04255318895427811,0.8575181365013123,0.025728987993138937
