Index,Hypothesis,Reference,Sentence BLEU,ROUGE-L F1,BERTScore F1,METEOR
1,A large modern building with a flat roof and large windows is in the background. The building is made of stone and has a modern design. In front of the building is a parking lot with a few cars parked. There are also a few people walking around.,A large building with bars on the windows in front of it. There is people walking in front of the building. There is a street in front of the building with many cars on it.,0.08799584126903778,0.5660377311498754,0.9158322811126709,0.4662420599685814
2,A skier is skiing down a slope.,A person is skiing through the snow. There is loose snow all around them from him jumping. The person is wearing a yellow snow suit. The person is holding two ski poles in their hands.,1.517738543489217e-156,0.23529411437716266,0.8864260911941528,0.06211180124223602
3,A bedroom with a stone floor and a yellow bed.,There is a bed in a room against a wall. There is a brown blanket on top of the bed. There is a small brown book shelf next to the bed. There is a picture hanging on the wall above the shelf.,5.495994572225064e-233,0.12903225394380866,0.8710125088691711,0.05154639175257732
4,A black and white photo of a steam engine train passing through a station.,A black and red train is on the tracks and has steam coming out off of it. There is another train next to the first train that is orange. There is an overpass over the train tracks with cars on it.,4.833373219926534e-79,0.24390243469363482,0.8568845987319946,0.0783289817232376
5,A yellow and white bus is parked in front of a store called Preterre.,"A white and yellow public transportation bus with ""122"" on front is stopped with it's doors open. There is a gray car on the street beside the bus. Behind the car there is a  building with an ""Urban Outfitters"" on the first floor.",1.9959001608181457e-232,0.22222221793580252,0.8739711046218872,0.09975062344139651
6,A house with a black roof and white walls is in the middle of a field with a few sheep grazing.,A large white house with a brown door sits behind some grass. There are four sheep grazing on the grass in front of the house. The house ahs a gray roof.,1.6974069958538775e-78,0.3181818133471075,0.9197585582733154,0.16666666666666666
7,Man playing wii with wii remote and nintendo controller.,A man in a red and yellow t-shirt is holding a Wii remote in each of his hands. Behind him there is a fireplace which has been painted white. In front of him a light which is on and illuminating the room.,3.1973641030081883e-233,0.0999999968000001,0.8444691896438599,0.08155684754521964
8,Two cyclists riding on a street with a fire hydrant in the foreground.,There are three men riding bicycles. Two of the men are wearing yellow and the third man has a blue shirt. The two men are way ahead of the third man. The men are bicycling in the bicycle lane. The cars are on the left side of the men.,4.142545016313176e-156,0.2857142816326531,0.8543365001678467,0.06607929515418502
9,A black phone with a knife and a black phone with a black background.,TWO CELL PHONES ON THE TABLE.THEY BOTH ARE DARK IN COLOR A ND ARE BLACBERRYS.THERE ARE THREE CUTTING KNIVES.ONE KNIFE IS BETWEEN THE TWO PHONES.THERE IS A THIRD PHONE WITH A KNIFE LYING OVER IT.,2.101525149964671e-232,0.05405405066471898,0.8367652297019958,0.19186930091185414
10,A black top hat sits on a mannequin head next to a clock.,"A painted mannequin head sits on a table. It is a feminine head with arched eyebrows a small nose, big eyes and it is wearing a black top hat and a brown wig. To the right of the head is a metal sculpture clock with a white face.",4.063987959868221e-79,0.3829787196016297,0.8972020149230957,0.19964713529575628
11,A yellow and white train is parked at a station.,A white and yellow train is on the tracks. There is a large yellow door on the front of the train. There is a platform next to the train.,1.1782205215018183e-155,0.35714285255102046,0.9147174954414368,0.12915129151291513
12,A man is bathing an elephant in a river.,A man is sitting on the back of an elephant. They are walking through a very high swamp area. They are being seen from in between the perspective of two logs of a tree.,2.982979195384739e-79,0.37837837469685914,0.8902888298034668,0.13536155202821867
13,"A plate of food with tomatoes, green beans and potatoes.",There is a black place mat on top of a wood table. There is a white plate on the mat with food on it. There is a fork on the mat next to the plate. There is an orange towel next to the plate.,4.835285063277543e-233,0.18181817759412314,0.8474000692367554,0.06157635467980296
14,A white cow with black horns is in the foreground of the image. The background is green and out of focus.,A goat has its head turned back and it's looking at something. The goat is white but has a black nose and mouth and black ears. The horns of the goat are pointed upwards and has black tops. The goat is standing in green grass.,1.9557739348740683e-155,0.4399999953920001,0.8848091959953308,0.15258215962441313
15,A woman is walking a dog down the street on a skateboard.,A woman is walking her dog. She is on a skateboard while she is holding the leash of her dog. She is wearing a gray hoodie and some black shorts.,0.060450397431771566,0.47058823091695506,0.9162974953651428,0.18866356382978725
16,Blue portable toilets are in front of a railroad track with a train in the distance.,There are some portable bathrooms sitting near a railroad track. There are some trains sitting on the track. The portable bathrooms are blue with a white roof and the trains are yellow.,2.69685087446749e-155,0.4117647010380623,0.9097537994384766,0.2725328947368421
17,"A frosted glass door with black square decals shows a bathroom with a toilet, sink, and mirror. The frosted glass door has a black square decal pattern. The bathroom has a white brick wall and a white curtain.",A very white bathroom has a very white sink and toilet. The shower curtain that hangs from the ceiling is also white. There is one wall that is all mirrored. The door is made of glass and the faucet is silver. The floor is made of black tile.,1.4396788970603647e-78,0.357142852302296,0.888094425201416,0.1786257056013895
18,Surfer riding wave with black squares in background.,A man is in a black wetsuit. The man is riding a white surfboard. There is a large wave in the water the man is surfing on.,1.4249559205297017e-232,0.3076923034319527,0.8701714873313904,0.07968127490039839
19,A pizza on a white stove with a black background.,A pizza is on a brown wooden tray. The tray is placed on the stove top. The pizza has melted cheese and spinach on top of it. The stove is white with black burners.,8.786882671511425e-156,0.48484848088154275,0.89310222864151,0.12658227848101264
20,A red fire hydrant is in the foreground of a storage facility with closed red garage doors. The ground around the fire hydrant is covered in moss and dirt. The ground is wet from the rain.,a flood is occuring. there is a lot of water on the road. the hydrant on the sidewalk is red. the garage doors are red in color . there are some pieces of grass growing.,1.384292958842266e-231,0.3265306072636402,0.8837924003601074,0.2136752136752137
21,A field of grass with a blue sky and six red jets flying in a line.,there are four airplanes in the sky. There is a small hill under them. There is a field of grass under the airplanes. There are smoke trails coming out from behind the airplanes.,1.0318313360858513e-78,0.2631578899584488,0.8855568170547485,0.16329428470003546
22,A large plane is landing at an airport. The plane is white and blue with a red tail. The plane is landing on a runway. The runway is surrounded by a fence. The fence is made of metal. The sky is blue.,There is a large white airplane that is in the sky. There is a silver fence under the airplane. There are light poles on both sides of a fence under the plane.,1.3032993307565394e-231,0.34782608199432896,0.8925210237503052,0.2121212121212121
23,A young woman in a green shirt and jean shorts rides down a blue inflatable slide.,"A young lady is having a very fun time by herself. This young lady has on very short jean shorts, a turquoise top and some shades on. She is surfing a fake wave on a plastic board and having so much fun.",1.1679619238329365e-155,0.17777777333333344,0.8914951682090759,0.08883248730964466
24,A man is jumping in mid air to grab a green frisbee.,A man is jumping in the air. The man is holding a green frisbee in his hand. There are trees behind the man.,0.14579661415378,0.5999999952,0.9314719438552856,0.2613922281241263
25,Tennis player in blue shirt and shorts is hitting a tennis ball with racquet.,A tennis player has just forehand swung to hit a ball. The player has on a light blue shirt and headband. He has on brown nike shorts and white shoes.,1.1020934150654672e-78,0.31578946903047095,0.8877069354057312,0.1873349471830986
26,A vase of flowers sits on a table.,"There is a vase on a table.  The vase has a white enamel base and three flower holders.  In the vase is an assortment of artificial fall colored leaves and berries.  The colors depicted are different shades of orange.  The table appears to be in the backyard of a house.  Behind the vase is a picket fence, a sidewalk, some monkey grass, and some pink flowers.  On the other side of the fence the eaves of the neighboring house are seen.",5.524769216175481e-82,0.19672130919645262,0.8714908361434937,0.0474898236092266
27,A blue sky with a kite flying in the upper right corner.,A person is standing on the beach. They are flying a large yellow and red kite. There are small waves in the water. The person is wearing a black wet suit.,1.3509469784725677e-155,0.2631578904155125,0.8580794930458069,0.0859106529209622
28,A bowl of food with broccoli and rice.,A white plate of food. There is rice under a pile of broccoli. There are onions cut up on top of the broccoli.,1.9755643120096232e-232,0.2962962921262003,0.908563494682312,0.046511627906976744
29,"A stop sign with a sign on it that says ""stop"" in russian.","A stop sign is on a piece of wood and attached to a round sign that is white, with a red border around the outside. Below the stop sign there are two signs in Russian. The signs are attached to a rusty metal fence.",3.9849458565518695e-79,0.2727272687603306,0.8832494616508484,0.15537897310513443
30,A tennis player is holding his racquet and looks upset.,a man is playing tennis. he is wearing  a sweatband in his hair. his hair is brown in color. his hair is very long. his uniform is white. he is also wearing white shorts.,1.1052462903316595e-232,0.20689654720570758,0.8660562634468079,0.047468354430379736
31,"A colorful and vibrant painting of sailboats on a calm sea. The foreground features two sailboats docked on a rocky shore, with the sailboats positioned side by side. The sailboats are depicted in a realistic style, with their sails unfurled and their hulls resting on the calm water. The water is depicted in a light blue hue, with small waves rippling across the surface. The shore is composed of a rocky beach with a few small rocks scattered around, and the background is dominated by a large, light-colored cliff covered in dense green vegetation. The cliff extends into the sky, creating a dramatic contrast between the light and dark elements of the painting. The sky is depicted in a light blue hue, with a few scattered clouds. The overall composition of the painting is well-balanced, with the sailboats and the cliff creating a sense of depth and perspective. The painting is done in a realistic style, with attention to detail and a focus on the natural beauty of",Four sailboats with masts but no sails are lined up along the shore of a lake.  A hill rises beyond them in the sun.  Part of the hill is bare rock and dirt and part has low green bushes.  The sky is very blue beyond the hill.,8.052362462991105e-79,0.24793387998907185,0.8470060229301453,0.21996615905245348
32,A man in a white hat is flying a kite in a park.,"A man is standing outside flying a black and white kite. He is wearing a white hat on his head, a suit coat, and dark colored pants. A shadow of the man can be seen beside him on the ground. The sky is clear and blue. Tall trees are seen below the sky.",2.1428496409324228e-79,0.32653060899625164,0.8843411803245544,0.1404635928445452
33,A photo of sheep standing on a grassy hill overlooking a lake and mountains.,Five off white sheep are standing on a rocky grassy hill. The stones are medium sized and are grey and white. Beyond the sheep is a bright blue body of water and a set of beautiful grass covered mountains and a blue sky.,4.50238829575995e-79,0.3181818140185951,0.8881672024726868,0.14562359533265604
34,A silver Chevrolet pickup truck is parked in a parking lot.,A large white truck sits in a parking space in a small parking lot. The trailer of the truck has a cover on it. On the other side of the parking lot are a few more cars. The other cars are parked next to a building that looks to be made of brick. There are a few bare plants in the front of the building.,3.4394661521553354e-80,0.279999996568,0.8755679130554199,0.06711409395973154
35,"A yellow diamond-shaped sign with the word ""BUMP"" on it hangs from a streetlight pole. The streetlight is lit by four bright lights, which are positioned in a square formation around the sign. The street is dark, and the only light comes from the streetlight and the sign.",there is a big yellow sign. the sign is a warning sign. the sign is shaped like a diamond. there is a light above the sign.,4.028401540644523e-155,0.2499999960503473,0.8908650875091553,0.2797012044147887
36,Banana peel in front of a red double decker bus.,An image of a peeled large banana dominates the picture. Three men are walking down the street.  The man in the front is by himself while two other men are in close proximity.  Two buses are parked along the side of the street.,2.5261247614837806e-156,0.18604650805841003,0.8399006724357605,0.07556675062972293
37,"Group of people at ski lift with sign reading ""Filipowa"" above them.","the scene takes place outdoors in a winter snowy landscape, three persons and a child are interacting. A man is leading a child into the ski lift provider. they are standing by the entrance about to enter, a man in a green jacket seems to the entrance attendant. a building with woodside panelling is above the people. a man is standing in the foreground, wearing an orange jacket. the ground is filled with snow, the people are wearing winter clothes. there are signs above the man and child.",1.1687981493321433e-157,0.15873015564625853,0.8408881425857544,0.059650725962026606
38,Cow grazing in field with black squares in background.,A large white cow is grazing in the grass. The cow is in a field with weeds and grass. There are trees behind the cow.,1.5390758111680674e-155,0.2962962921262003,0.8809636235237122,0.21842355175688508
39,A mountain scene with two people walking down a dirt road.,there is a big mountain. there are a lot of trees on the mountain. there are two girls walking along the trail. the trail is made of dirt. they are holding umbrellas in their hands.,1.4855554572001252e-232,0.22857142426122457,0.8886657357215881,0.07668711656441718
40,A double decker bus drives down a street in London.,"There is a large strip of grass along a road, with buildings, people, buses, trees and flags. The grass is very green and has something more overgrown like bushes that run along the road. The strip of road that is showing to the right of the picture is black. There are two large buses on the road. One bus is red with yellow words on it and the other is black. There are people in both buses, and along the grass and road. There are large trees running by the roads and buildings in the middle and back of the picture. There are two buildings showing. One building is on a street corner and is white with many stories. The other is to the left and is grey with many stories. There are two flag poles and one of them has a flag hanging on it.",8.496139455398569e-161,0.10389610163602636,0.8219732642173767,0.0188821752265861
41,"A cluttered kitchen counter with a sign that says ""Fish give brains with bones you can make money, more fish"" and a sign that says ""Thank you for not smoking"".",A menu is see hanging on the wall. The menu is over the kitchen area. There is a range top that has a couple of things on it. On the counter is some fish and chicken.,1.0366773824880147e-231,0.23076922579881665,0.8490561842918396,0.09887005649717515
42,Three men are bathing an elephant in a river.,An elephant relaxes in the water. A man lays on the back of the elephant. A few other men stand around the elephant and look at it. The water is a brown color. The men are all wearing swim trunks. The sun is reflecting on the water.,1.1230362637323191e-156,0.2380952347278912,0.8842503428459167,0.09870113168724279
43,A boy in red shorts and a black shirt is catching a frisbee.,a boy is playing frisbee. the frisbee is white in color. the shorts are red in color. his shirt is black and red. he is wearing white shoes.,2.367456721209818e-155,0.32258064041623313,0.9120102524757385,0.18867924528301885
44,A blue sky with white clouds and black squares scattered around the sky.,A bunch of planes are in formation in the air. One plane is way farther away from the rest. The sky is a pretty blue color and a couple of clouds are seen.,3.224147792373387e-232,0.2051282008678502,0.8783303499221802,0.0967741935483871
45,A person is skateboarding over a ramp.,A person with a black shirt on is jumping on a skateboard. There is a boy in a red jacket standing in front of him. There is a black fence behind the people.,2.0196731923570762e-156,0.2666666630888889,0.8948285579681396,0.06578947368421054
46,A bird is flying over a body of water at sunset.,There are many boats in the water. There are small waves in the water around the boats. There is a bird flying in the air above the water. There is a hill on the other side of the water.,1.2280642866826279e-232,0.3749999954882812,0.8892785310745239,0.1324839327996392
47,A red and white tram is on the street in front of a building.,"In this image, a downtown business district in an English speaking country is depicted. The image shows a narrow street with sidewalks on both sides, with customers walking up and down the sidewalks and going in and out of stores. The narrow street does not have any cars driving down it, but instead there is a train or streetcar running on rails. The train is white on the top and red on the bottom with a large glass windshield in front and smaller glass windows on the sides. It is coming up to an intersection. At the intersection, there is a sign that indicates only bicycles are allowed on the cross street. All the people in the picture are wearing lightweight jackets, so it must be fall or spring, as there is no snow or rain. There is a store called Dreams, and a sign advertising beds, though it is difficult to tell if they are beds for sale or rooms for rent. If I had to guess, I'd say this is an English speaking country in Europe.",7.191349462899492e-160,0.14173228150288303,0.8401802182197571,0.04022277227722772
48,A bus is stopped at a bus stop.,"A bus is on the street. It is currently getting ready to pick some people up and drop some off. The bus is white, purple, and red on the top. The building has a lot of moss on it.",1.0528346536216713e-79,0.21621621314828346,0.8672011494636536,0.10362116991643454
49,A boy is walking with a small brown horse in a field.,A young boy is walking with a horse. The young boy has on a black sweater with a blue shirt tied around his waist. The horse is a dark brown color and looks very friendly.,0.0540146505369579,0.43243242825420025,0.9155766367912292,0.1785781704232265
50,A street sign with the number 710 on it.,a sign is on a pole. the pole is green in color. there is an arrow on the sign. the arrow is white in color. there is writing on the sign.,1.2012109329901915e-232,0.26086956045368626,0.8564388751983643,0.06944444444444445
51,A classic 1950s Chevrolet pickup truck is parked in front of a parking meter.,A vintage pick-up truck is parked at the sidewalk. The truck is beige with black roof. At the sidewalk is a black parking meter. The parking meter is attached to silver pole with blue painted letters on it.,6.8876797655001e-79,0.3414634101368233,0.8981087803840637,0.09831460674157302
52,A man runs after a dog on a beach.,A man wearing striped swim shorts is standing on sand. There is also a black and white dog standing on the sand. There is a white frisbee in the air above the sand.,5.568757237087896e-156,0.3333333294222222,0.888361930847168,0.1393427741466957
53,"A dining table is covered with several dishes of food, including a pie, salad, rice, and other dishes. The table is made of wood and is dark brown in color. The dishes are arranged in a circle around the table. The food is mostly vegetarian, with some meat dishes. The table is lit by a warm light, which creates a cozy atmosphere.",There are plates and bowls on top of a table. The table is wooden and there are small bowls in the middle. There is food on the plates. There are knives and forks on top of the plate.,1.4245583305154282e-78,0.3124999954882813,0.8870478868484497,0.21039603960396042
54,Skateboarder in middle of a crowd.,A group of people have gather around the skateboarding ramp to watch other skateboarder's skate on it. There is one person in the ramp. It looks like that person fell down off of their board.,1.1018894222544146e-233,0.10810810539079627,0.88334721326828,0.062305295950155756
55,A bakery with a lot of donuts on display.,a bunch of donuts are being displayed. the top row of donuts are all glazed types. there is a person waiting in a grey shirt.,1.1390435426555528e-155,0.2068965474435197,0.9008058905601501,0.158974358974359
56,Two sandwiches on a plate with a bag of chips.,A bag of potato chips is sitting on a couple of tan napkins on an oval plate. There are two half sandwiches on the plate with the chips. The sandwiches have black grill marks on the tops. There is a yellow mug on the table next to the plate.,2.4012574988031095e-156,0.28571428234693885,0.8818093538284302,0.1409090909090909
57,A three wheeled motorcycle with a seat and a trailer attached.,there is a big motorcycle in the parking lot. it looks just like a race car. it is blue and gray in  color. the seats are very big. the wheels are very spaced apart. it doesn't look like a motorcycle.,1.0132508355374523e-232,0.16216215821767724,0.8666098713874817,0.09433962264150943
58,A man surfing on a white and blue surfboard.,A large splash is in front of a wave in the water. There is a large white and black surf board in the water. There is a black dog that is riding on top of the surf board.,3.052729068404103e-156,0.32258064104058276,0.8906612396240234,0.12147831592276034
59,A parking meter is on the windshield of a car.,A black parking meter with a white sign on it. There is a car parked in front of the parking meter. There is a shadow of a tree on top of the car.,1.0001206771174314e-155,0.5161290278876172,0.8942767381668091,0.1465798045602606
60,Five brown bear cubs are on a grassy patch of land in a zoo enclosure.,brown baby bears are walking in the grass. There is a large log above them next to two large rocks.,9.380709333728914e-232,0.24242423753902673,0.8960579633712769,0.12820512820512822
61,Four jets are flying in formation.,There are four jets flying in the sky together. Each jet is leaving a trail of puffy white smoke behind the other one. The sky is a bright blue.,1.9503447512659673e-156,0.19354838397502605,0.8862801790237427,0.16704119850187268
62,A black and white photo of a building with a clock on it.,The tall large building is in the city. On the front of the building are many windows. It also has a clocks telling the time of different countries. The sky is blue but mostly cloudy.,2.3245714882283522e-232,0.09999999580000019,0.8648560047149658,0.11341463414634144
63,"A plate of food with a chicken breast, sweet potato fries, and a steak.",A plate with a colorful rim on it is sitting on a table. There is a piece of chicken on the plate with salad next to it. There is also a pile of french fries on the plate.,1.4147560229621472e-155,0.22222221760802477,0.8818491697311401,0.09831460674157302
64,A storefront window with a table between three bears.,A display window is seen with women's underwear on white mannequins inside in a mall. Beside the window there is a toy table with chairs around it which three plastic bears are sitting. There is a toy teapot with slots for coins so children can ride with the bears.,2.0092061963947272e-233,0.29787233732910817,0.8788349032402039,0.07777777777777777
65,A knife is on a wood slice with cigarettes and cloves next to it.,A piece of wood is sitting on a counter. There is a knife with a black handle on top of the wood. There is a white plate of food behind the wood.,1.8262080764335723e-155,0.3529411716262976,0.890068531036377,0.11589403973509935
66,Two clocks on a building with a red roof.,A tall brick tower has two clocks on separate sides of the tower walls.  The clocks on the tower have roman numerals and gold clock hands.  The center of the clock is burgundy and the outer part of the clock is blue.  The tower has a narrowing tiled and reddish steeple at the tower top. Black metal grills cover arched window openings under the clock.  Full view of the clock is obstructed by stray green leaves on thin brown branches.  The sky is white with clouds.,1.3938740153589353e-158,0.12499999781250003,0.8454726338386536,0.04469987228607919
67,A snowboarder is jumping off a ramp. There are other snowboarders in the background.,A person is jumping in the air on a snowboard. There is a ski lift behind them. There are trees next to the ski lift. There is a lot of snow on the ground under them.,1.867430388945307e-155,0.4210526269252078,0.915307343006134,0.11834319526627218
68,A tennis player is hitting a ball on a grass court.,a woman is playing some tennis. her hat is white in color. she is wearing a skirt. the skirt is white in color.,4.422467677954348e-232,0.23999999520000007,0.8772574067115784,0.06880733944954127
69,A kitchen with a large island in the center.,a kitchen that is empty isn't being used by anyone. the counters are clean and empty. the grill is black and has nothing on it.,2.3396394246720438e-232,0.13333332913333346,0.8794854283332825,0.0641025641025641
70,A teddy bear is sitting on a window sill and reading a book.,A brown teddy bear is sitting in a window sill. There is a book on its lap. There is a white bar in front of the bear. There is a window behind the bear.,0.05060007710421869,0.5454545408264463,0.9254262447357178,0.18305661983822905
71,Tennis player in white shirt and red shorts is about to hit the ball.,A woman in a white shirt and red skirt is playing tennis. She is swinging a tennis racket a ball. There is a black fence behind the woman.,0.07777759279025256,0.4571428523428571,0.9114872217178345,0.28822055137844615
72,Three men are posing for a picture. They are all wearing black shirts. The man on the left is holding a video game controller. The man in the middle is holding his hand to his chin. The man on the right is holding a video game controller.,"Three caucasian men are standing against a white wall. They are all wearing black shirts. The man on the far left is holding a white video game controller in his right hand. He has brown hair, and a brown beard and mustache. His shirt has long sleeves. The man in the middle has dark hair that is thinning around his temples. His arms are crossed across his chest, and his right hand is covering his mouth. The man on the far right is wearing a black sweatshirt with gray lettering. He also has a white video game controller in his right hand. He has brown hair, and brown facial hair.",0.11213190807767441,0.5454545410356405,0.9049451351165771,0.31223179845708776
73,Man in wetsuit holding surfboard on dock surrounded by black squares.,A man is wearing a black wet suit. He is carrying a large white surf board. There are large boulders next to the man.,3.06833686003434e-232,0.0645161244536944,0.8970491290092468,0.06607929515418502
74,A bathroom with a large shower and a large vanity with a sink.,"The vanity in this fancy, large bathroom is very long and is made of medium stained wood. The lighting above the vanity are three hanging, glass covered globes. The counter of the vanity has a sink as well as a vase filled with purple flowers. The walls are white and the tiles are all made of stone. The shower is also tiled with stone like tiles and is very large and open.",1.8238691731557608e-233,0.2181818154446281,0.8751471638679504,0.07564296520423601
75,A person walking down a city street holding an umbrella.,A woman is holding an umbrella. The woman is coming out of the train station. The picture is in black and white. There are tall buildings in the near distance.,5.366442948728272e-79,0.23529411349480975,0.8901095986366272,0.13392857142857142
76,A red and white bus is parked in front of a large green crane.,"An old fashioned bus is seen on the street. The bus is red on the bottom and beige on the top. A chain link fence is on the right side of the bus, and behind the fence is a large green metal crane. The sky above is gray and cloudy.",3.195552991819009e-79,0.38297871922136717,0.8934964537620544,0.1603448275862069
77,A bathroom with a toilet and a sink.,there is a toilet in a bathroom. the toilet is white. there are tiles on the floor. the tiles are white and green. there is a bucket next to the toilet.,4.35054405996111e-156,0.2499999958680556,0.880413830280304,0.14856755710414246
78,A person is feeding a pigeon on the left side of the image. The pigeon is eating from the person's hand. There are many other pigeons in the background.,a bird is eating out of a hand. the hand is white in color. the bird is eating corn. the corn is yellow. the bird is a pigeon.,5.088987447984494e-155,0.36842104797783937,0.886298656463623,0.2313167259786477
79,A toddler is sleeping on a mattress on the floor next to a bunk bed.,A baby is sleeping on a covered mattress. His shirt is black white and blue. The mattress cover has designs all over it. There is a doll with a blue and purple hoody nearby.,0.05331752798662703,0.2999999956125,0.8914010524749756,0.12461059190031153
80,A garden with a topiary of a dog in the center.,There is a bush that is shaped into a person. It is in front of a red building. There is houses behind the bush in the distance.,1.9125948403221914e-155,0.285714281122449,0.8728768825531006,0.20122484689413822
81,"A young child is standing on a snowy hill wearing a yellow jacket, black pants, and a helmet.","A young child is attempting to ski. However, no ski poles are being held by the blonde haired child. The child is wearing a yellow vest over a light blue jacket along with pink gloves. The bottom half of the outfit is black pants and grey and red skiis. There is a smooth surface of snow featured.",0.02494114811975159,0.29508196334318737,0.8917136788368225,0.13895427913789496
82,A field of grass and cows with a lake in the background.,"A green pasture is depicted in this image.  The pasture has a lake running through it with clear, calm water.  Grass on both sides of the water is tall and a fence can be seen at the front of the image.  The grass around the fence is really tall.  Cows are on the far side of the lake.",1.6492779256217413e-156,0.3076923041420118,0.8804649710655212,0.09363295880149813
83,A hand is using a computer mouse over a white keyboard.,A hand is reaching for a black and silver mouse. There is a laptop next to the mouse on the desk. There is a speaker next to the laptop.,7.889671537513479e-79,0.35714285255102046,0.8929297924041748,0.11029411764705882
84,A yellow fire hydrant is on the sidewalk in front of a brick building.,A yellow hydrant is near street. The hydrant has blue and red accents on it. There are a bunch of trees on a sidewalk overlooking some parked cars and a motorcycle.,2.411719412888913e-155,0.34999999545000005,0.9124253392219543,0.15358361774744028
85,Two giraffes stand in front of a leafy green backdrop.,"Two giraffes are standing together but facing opposite directions. The both have brown patches laid out in different patterns. Some of the spots have smooth edges and some have irregular edges. There are small and large patches, with the smaller patches on their heads and upper part of their necks. Both animals have short furry manes running down the length of their necks. They also have short horns on the top of their heads. They are standing near the wooden fence of their pen surrounded by trees with many green leaves.",2.1982080098167674e-158,0.13888888649691358,0.856005072593689,0.05785185002831048
86,A truck is parked next to a pile of oranges.,a stand is selling fruit. most of the fruit is oranges. there are bags of oranges next to the pile. the truck is bright yellow.,2.090267530411382e-155,0.4285714239795918,0.9113880395889282,0.24359531046461136
87,A black and white photo of a train with the number 32670 on the front.,There is a train on the train tracks. The train is black with white numbers on the front of it. In the distance you can see trees with green leads and a black metal fence.,2.1843165772271813e-155,0.3999999954500001,0.8763061761856079,0.18181818181818182
88,Kitchen with red and white checkered tile backsplash.,A kitchen sink and dishwasher is shown. The tiles on the wall are white and have some red ones. There is fruit sitting on the table and the area is pretty tidy.,7.097946062058228e-233,0.12121211753902673,0.8470480442047119,0.08445945945945946
89,Surfer riding wave with black squares in background.,"A man wearing blue trunks is surfing. He is facing towards the wave. His face is not visible, and his body is turned to the side. He is using a white surfboard and only the front of which is visible.",0.0,0.051282048021039,0.8532499074935913,0.0
90,A man surfing in the ocean with a large wave.,A person is standing on top of a white surfboard. There are three small hooks on the bottom of the surfboard. There is a large white splash in the water from the man.,8.634442067555543e-156,0.2424242382001837,0.8813150525093079,0.1211726384364821
91,A boy holds a large orange balloon and a rainbow kite in a field.,"There is a boy in the foreground of the picture. He has his back to the camera. He is wearing a blue short-sleeved shirt, blue shorts, blue socks, and white sneakers. He is standing in a green grassy field. The day is sunny and the sky is bright blue. The boy is getting a kite up into the air. The kite is black, white, red, orange, yellow, green, blue, and purple. In the distance there is a fence separating the grassy area from a hill. Behind the hill is an orange spherical hot air balloon. The hot air balloon's basket cannot be seen.",1.2199525314676839e-157,0.20779220516107272,0.8613758087158203,0.05313496280552603
92,"A chain link fence with barbed wire at the top is in the background. There is a street light in the distance. There is a sign on the street light that says ""No Parking"". There is a white microwave on the ground. There is a piece of trash on the ground. There are black squares all over the image.",A dark street with a wire fence surrounding a building. There is a light in the distance. A sign on a pole is halfway on the sidewalk.There is a microwave and other debris on the walk.,0.08776230670079477,0.3934426181134104,0.8990679979324341,0.4303289817232376
93,A blue car with a surfboard on the roof rack is parked in a parking lot.,A blue car is parked in a parking space. There is a blue and gray building behind the car. There is a white surfboard strapped to the top of the car.,0.12984844300333784,0.5555555506944445,0.9212089776992798,0.23280571508614648
94,"A close-up of a vintage typewriter with the keys W, E, R, T, U, O, and a QWERTY layout.",the keyboard is very old fashioned. the buttons stick up straight. the color of the typewriter is dark black. the letters are labeled in white. it's sitting on a wooden table.,6.562112467092133e-232,0.18181817698347122,0.8439388871192932,0.06711409395973153
95,A view of a lake and a building with a large number of black squares in the foreground.,There is sand and a little bit of water on the ground. There is a bunch of trees behind a building on the other side of the water. There is a blue building behind the water.,2.6240818226731876e-155,0.2941176421280277,0.8796685338020325,0.14619883040935674
96,A yellow and gray train sits on a track.,a train is sitting on some tracks. the train is yellow in color. the train has some black numbers on it. the train has black wheels.,2.249721053880543e-232,0.2399999953920001,0.9061022996902466,0.102880658436214
97,Man sits on beach with surfboards and beer.,A man is sitting on his surfboard. He is on the beach surrounded by other surfboards and some glass bottles of beer. The ocean is in the background and the horizon is very bright but cloudy.,2.4622776519519676e-156,0.27027026688093503,0.8986734747886658,0.10542168674698796
98,A woman is driving a beige car with a small dog in the front seat.,A couple of people are sitting in a vehicle. The car looks very retro and vintage. There is a woman and man in the front. On the woman's lap is a small brown dog.,2.274202719636833e-155,0.4285714241269842,0.9138665199279785,0.19797507788161992
99,A slice of pizza with olives and peppers sits on a green plate with a salad of cabbage and onions.,"A square slice of pizza is on a round green plate. There are mushrooms, black olives, and tomatoes on the pizza. There is purple and white cabbage on the plate next to the slice of pizza.",1.4781282662626402e-78,0.4499999952,0.9181350469589233,0.2144904715762274
100,A puggle wearing a red heart tie is sitting on a couch.,This photo is taken inside of a living room of a home. A brown and black dog is sitting on a red leather couch. A red and white tie is hanging around the dog's neck. There is a colorful area rug on the floor. Different objects can be seen on top of a brown cabinet behind the dog.,0.006383531462586825,0.3137254868127644,0.8815513253211975,0.08426966292134833
101,A small white and red airplane sits on the edge of the water.,"A plane sitting near a body of water. The plane is vintage and it is white, red, and black. There are a lot of clouds in the sky and there is a little box near the plane.",2.3702047817317818e-232,0.2631578904155125,0.904846727848053,0.10115606936416185
102,A woman is petting a dog on a bench.,A woman in a black jacket and jeans is sitting on a cement bench. There is a white dog with a red harness on that is next to the woman. The woman has dark hair.,5.698237992084933e-156,0.3999999964734694,0.8937954306602478,0.1234567901234568
103,A tennis player stands on a red court with a large Wilson racquet in the foreground.,a tennis racket is being held up. the logo is red in color. the rim of the racket is black in color. thee is a man in the background.,2.632042825497986e-155,0.30303029807162535,0.8866360187530518,0.1731378471966404
104,A girl is standing on a beach and there is a kite in the sky.,"There is a rectangular parachute in the top right of the image. The parachute is printed with what looks like a television channel 'stand-by' pattern. The sky behind the parachute is a deep blue color. There are some wispy clouds close to the ground. A person is looking into the distance from the ground with their hand shielding their eyes from the sun. This person is wearing a dark t-shirt and what looks to be denim shorts. It is difficult to ascertain the gender of this person, but they are probably male. The ground is sandy and covered in grey rocks and pebbles. Green grass and woodlands lie behind the sandy ground, and some low buildings or houses can be seen in the distance (lower right corner of the frame).",3.669073060672995e-158,0.12765957208465373,0.8462079167366028,0.03797468354430379
105,A yellow train engine sits on a track in front of a building.,a train is waiting on  track. the train is very bright and is yellow in color. there is a smaller train next to it. a man is riding on the smaller train. the small train is red and black. it has its own set of tracks.,1.2326993211302826e-232,0.2926829226888757,0.8825803995132446,0.13675658484401654
106,Two full lunch containers and one container with a side of hot dog topping.,Bowls sitting on a white and brown cloth. There is broccoli and rice in the front bowl and the back bowl has tomatoes and broccoli in it. There is a fruit cup next to the bowl.,2.3268642989202446e-232,0.10526315324099744,0.8568049073219299,0.029585798816568046
107,A woman in a white tennis outfit is playing tennis on a grass court.,A woman is bent over on the tennis court. She is dressed in white. She has a tennis racket in her hands. The tennis court is green with white lines on it.,1.996529580740385e-155,0.514285709779592,0.9074721336364746,0.16556291390728475
108,A plate of food that includes carrots and peppers.,"On a small rectangular, white plate, chopped carrots and peppers are covered in a brown sauce. A shine is on all of the vegetables.The plate is on a black surface and a part of a silver spoon is behind it.",2.4444343460425474e-156,0.2926829234027365,0.8676950931549072,0.06775067750677508
109,A train is crossing a bridge.,A bridge over the water. The water has small waves in it. There is a train on the bridge going over the water. The train is white and green. There is buildings and trees next to the water.,4.351807366946248e-157,0.3333333301333334,0.8818873763084412,0.05747126436781609
110,A man sits on a bench at a train station. He is wearing a hat and a vest. He is looking at something in front of him. There are two suitcases on the bench next to him.,A person is sitting on a bench. There is a black bag sitting on the bench. The person is wearing a straw hat. There is a large tree in front of the person.,3.0444662701048706e-78,0.499999995138889,0.9184972047805786,0.40120930014970063
111,A man holding a phone to his ear with a painted on face and a red and white scarf around his neck.,"A man with his face painted red and white has a red and white small umbrella attached to his head. He has a phone in his hand, which he is holding by his ear. He also has a red and white scarf around his neck and a red and white cape. His shirt and pants are black. Behind the man are people gathered on the street, standing around.",0.053132608678620026,0.4590163892824511,0.9072026610374451,0.2185922712933754
112,Train with number 7615 on it is on a track.,A grey train with many cars and a yellow front is riding down the tracks. The tracks are in an isolated location with a field on the right and bushes and trees on the left. The trees are bare of leaves. The sky above is blue with puffy white clouds scattered throughout it. The train is about to pass an exchange box.,8.451222168777303e-234,0.1509433934069064,0.8307743072509766,0.0528169014084507
113,A park bench is in the foreground of this night time shot. Behind the bench is a white van parked in a driveway. In the background are several houses and trees.,A white station wagon is parked near a field at night.  There is a palm tree in the field in front of the tree. Across from the tree are three houses with windows in the front illuminated. In the field there is a patch of concrete with a bench sitting on it which is lit up by a park light.,2.873256748740158e-155,0.3692307644970414,0.8892154097557068,0.18245551447536268
114,A baseball player is swinging his bat at the ball.,a baseball player is on a field which is brown in color and is about to take a swing for a white ball which is coming straight for him. the uniform is white and blue in color and the field also contains a grassy area which is green in color.,7.262690764392637e-80,0.25641025259697575,0.8767033815383911,0.09269323671497583
115,A snowboarder is jumping over a half pipe.,there is a person doing a jump on a snowboard. the rider is wearing a blue jump suit. the snowboard is white in color.,1.7434293862051595e-232,0.16666666222222234,0.8950952887535095,0.1660714285714286
116,A side by side of a tennis player.,A woman is wearing a dark colored shirt and skirt and is holding a tennis racket. There is another lady behind her swinging a tennis racket. They are standing on a blue tennis court.,2.782585107555365e-156,0.1874999965820313,0.8472812175750732,0.04777070063694267
117,A tennis court with 4 people on it.,A bunch of people are on a tennis court goofing off. There are two men and two ladies. The men both have on shorts and the ladies both have on pants.,4.6001402693349683e-156,0.26666666275555556,0.8849279880523682,0.15540069686411148
118,A messy bedroom with a person standing in the middle of it.,"There is someone standing at a desk in a small bedroom. There's a bed against the wall that is messy, not made. Above the desk is a window and a shelf with lots of things on it.There's a couple shelves above the bed with things on it too.",7.6272394159932085e-233,0.26666666275555556,0.8828583359718323,0.07882882882882884
119,"The image is a composite of two photographs, each showing a different scene. The first photograph is of a group of people standing on a balcony overlooking a river. The second photograph is of a group of elephants standing on a rocky shore.

The first photograph shows a group of people standing on a balcony overlooking a river. The balcony is made of wood and has a blue tarp on the left side. The people are standing in a group, and some of them are wearing hats. The river is wide and has a lot of water flowing in it. The river is surrounded by trees and plants.

The second photograph shows a group of elephants standing on a rocky shore. The elephants are all different sizes and colors. The elephants are standing in a group, and some of them are eating. The shore is made of rocks and sand. The water is flowing in the background.

The two photographs are combined in a way that creates a sense of contrast between the two scenes. The","A herd of elephants is walking along the banks of a river. A baby elephant is trailing the herd, while an adult emerges from the river.  There are buildings withe terraces nearby.  Several people are gathered on the terrace looking at the elephants.  Most are standing, while one man chooses to sit.  It is a partly sunny day.",3.6298650180881097e-155,0.16216215737683645,0.8389775156974792,0.17908309455587393
120,A boy is jumping in the air in front of a fence.,A boy is in silhouette against a blue sky. He is doing a trick on a skateboard and is in the air with his knees bent. His long hair is wild and in the air. The boy is suspended in the air over the skateboard but is not touching it. There is a fence beside the boy and palm trees on either side of the fencing.  A couple of white clouds show low in the sky and the foreground is dark in shadow.,1.5901938318879766e-80,0.2666666636722222,0.8744450807571411,0.05928853754940711
121,A woman is talking on the phone in front of a crowd of people.,A woman is walking on the sidewalk and on the phone. She is holding a black phone to her ears and has sunglasses on her head. There are a bunch of people in the background behind her.,7.877349212244802e-79,0.4499999956125001,0.9116009473800659,0.2144092219020173
122,A lifeboat is being lowered into the water.,A large white bottom boat has an orange cover with small white framed windows. It is sitting in a very blue sea. There are black numbers on top of an orange cover. One person wearing a blue shirt is hanging out a window.,1.6216419383273346e-233,0.09302325278528943,0.847853422164917,0.03797468354430379
123,A bald man with a beard is holding a knife and looking at a plate of food.,"There is a bald white man with a goatee and beard. He is handing a styrofoam plate with something white on it to an unseen person with his left hand. In his right hand he is holding a large butcher knife. The blade is red and sticky looking.It has unidentified white chunks hanging from it. O the coffee table in front of the man are several more plates holding triangular shaped food - maybe pizza or cake. There is also a water bottle. There are more people sitting across from the man, but only there legs are visible.",3.990306563368409e-80,0.2727272698992768,0.8821621537208557,0.07230255839822024
124,A black and white photo of a parking meter in the middle of a street with cars parked behind it.,A metal street meter with the road behind it. There is a white car parked on the road and many cars behind a fence in the background.,5.476621861843896e-155,0.39999999505,0.9090001583099365,0.3192170404283386
125,A field of pink cherry blossoms with a blue sky and white clouds in the background.,There are lines of purple trees. There is a puddle of water in front of the trees. There are people on the grass in front of the trees.,6.085166479973199e-232,0.18749999500000014,0.8663889765739441,0.07462686567164178
126,A photo of an aerial view of a city with a wing of a plane in the bottom left corner.,ARIAL VIEW FROM A PLANE OF A CITY BELOW. THE CITY IS  LINED WITH WATER AROUND IT. THERE ARE MANY WINDING ROADS AND MANMADE LAKES.,6.709299888612238e-232,0.051282046443129975,0.8461969494819641,0.21715561224489793
127,"Plate of food including a hot dog, chili beans, and a juice box.",There is a plate sitting on top of a green cloth. There is a carton of milk sitting next to the plate on the table. There is a hot dog on the plate.,1.2816242232623927e-155,0.1999999952000001,0.8665406703948975,0.08064516129032258
128,A group of people are on a beach with a camel.,"A crowd of people stand on a wet and sandy beach. There are men, women and children in the crowd. There are many buildings off in the distance. The sky above the beach is gray and blue.",8.381887420065276e-156,0.3684210487534626,0.8977472186088562,0.13941623160892264
129,Giraffe in a grassy field with black squares all around it.,"A lone giraffe stands in a grassy overgrown field on a clear day.  The filed is dry and brown, with patches of green bushes throughout. Behind the giraffe there is a short thick bushy tree. And in front of the giraffe there are some branches of bushes.",1.4675736783951778e-79,0.21276595386147584,0.8744513392448425,0.08064516129032258
130,"A night view of a small shrine or temple with a red door. The shrine is covered with various items, including a red umbrella, a lantern, and some other objects. The door is open, and there are some signs on the door and the surrounding area. The shrine is located in a dark area, and the only light comes from the streetlights.",a restaurant is sitting outside. there are umbrellas above the door. there is chinese writing on the signs. the doors are red in color.,4.210121651952214e-155,0.29999999567222224,0.8822827935218811,0.2338129496402878
131,A skier is sitting on a snowy mountain. The skier is wearing a black jacket and pants. The skier is sitting on a pair of skis. The skier is holding a laptop. The skier is looking at the laptop. The skier is sitting in front of a ski lift. The ski lift is in the background. The skier is sitting on a snow-covered mountain. The mountain is in the background. The sun is shining in the background. The sun is in the top right corner. The sky is in the background. The sky is blue.,"It is a bright, sunny winter day. We are standing at the bottom of a snow-covered mountain and looking up toward the top. There is a ski lift at the top left of the picture, and many skiers can be seen at different spots on the mountain. In the foreground, one large skiier jumps up and the picture is snapped as he is sailing through the air on his skiis. We are looking into the sun and as the picture is snapped, the sun makes a bright starburst in the middle of the picture.",5.889443834732033e-155,0.326086951807656,0.8631172180175781,0.25890147128384294
132,A man stands at a train station with a bicycle waiting for the train.,The people are waiting at a train platform. The train is yellow and blue and has a white number 2 on it. There are dotted warning lines on the platform. There is a large metal pole next to the people. The man has a gray hat on and a tan heavy jacket. The other man has on a puffy black jacket. The man has a grey and black bicycle.,6.798264615939695e-80,0.23529411404844294,0.8672181963920593,0.06299212598425197
133,A child's hand is on a laptop keyboard.,A small infant has their hand on a mouse. The mouse is for a laptop. Just half of the keyboard of the laptop is being shown and it all is on top of a wooden table.,3.0647131641003125e-156,0.3529411728719723,0.9066982269287109,0.12843038821954483
134,Two orange cats sleeping on a blue blanket with a red and white Santa hat on top of them.,An orange cat is curled up on a blue blanket. There is a red and white hat on top of the cat. There is a blue pillow in front of the cat. The cat has one eye open.,0.11725316484668885,0.5116279021957817,0.9225745797157288,0.3003655198413349
135,A chicken with a red head and a pink body is standing on a bed of straw.,A bird is walking in the grass. The bird has no hair on its neck. The body of the bird is white with black and brown spots. The bird has a dark colored eye and white hair on its head.,3.900261290111274e-232,0.285714281122449,0.8874540328979492,0.10610079575596816
136,A blue vintage car is parked in a garden with a surfboard on its roof.,A blue car is sitting in a driveway. There is a pink surfboard on the roof. The driveway is surrounded by plants. There is a black shadow under the car. The car is very long.,2.597604815056919e-155,0.48648648178232295,0.906734049320221,0.22545454545454546
137,A couple cutting a three layer cake decorated with roses.,A bride and a groom are cutting a cake. There is a tall white cake on a table. There are purple flowers behind the couple.,1.5282164258101107e-155,0.34482758168846617,0.8953937292098999,0.08510638297872339
138,No.,a pile of vegetables are on the plate. the plate is blue in color. there are some shredded orange carrots. there is also some yellow pasta.,0.0,0.0,0.86757493019104,0.0
139,A tennis player stands on the court in front of a large crowd.,A tennis player stands on the court. The man has just hit the tennis ball. THe man holds a tennis racket. The man wears a colorful shirt. There are a few people watch the game. The sky is blue and sunny. There is a ferris wheel behind the stands. There is a tree by the ferris wheel. The court is blue. There are tall buildings in the background.,0.00612448235776863,0.30188678875044506,0.8788430690765381,0.11012345679012345
140,A kitchen with wood cabinets and a pink bowl of vegetables.,An island kitchen featuring wood cabinetry with black drawer handles is neatly organized.   Three stainless steel pots rest side by side on a gas range on the island area with silver handled cooking utensils in them.  A pink dish containing some green leafy vegetable and other items also rest on the counter of the island.   In the corner is a pot holder with several pots and pans hung from it.  To the right of the pot holders is a large gas oven with range hood.  Along  the far wall are wooden cabinets and bottles resting on the counter beneath them.,2.4436978122048825e-158,0.14814814580094499,0.8641272783279419,0.06409995798945671
141,Girl with blonde hair and white shirt holding a tennis racket.,A little girls in a white dress and white stockings holding a yellow and white tennis racket stands on a green air grate in front of a white tarp. The wind from the grate blows her hair all around her face. She is smiling at the camera as she stands on the grate.,1.8832330245222043e-156,0.28571428223240314,0.8759970664978027,0.07172131147540983
142,Five people are standing on a beach holding surfboards.,"Five people at the beach are carrying surfboards. The people are wearing black wetsuits. Four of the surfboards are white, while the other one is yellow.",1.3772255473911553e-155,0.275862064684899,0.9111285209655762,0.102880658436214
143,An empty apartment with a large window and a refrigerator.,A living room is empty excepts for a white refrigerator on wooden slats so it doesn't scratch the hardwood floors. the kitchen is closed off excepts for a counter which shows the dark room behind the walls. Windows on the wall opposite the kitchen fill the room with light.,2.932748639328371e-233,0.1818181785640496,0.8724086880683899,0.05543237250554323
144,A variety of chocolate donuts and cupcakes are displayed on a pink doily.,"A pile of donuts are seen. There are six donuts total. All are chocolate of some sort. Three are chocolate cake and one of them has vanilla frosting, while the others have chocolate, and sprinkles. The other three are covered with milk chocolate. The one in the middle has white filling inside.",7.476130134091674e-233,0.23529411384851984,0.8649178147315979,0.062370062370062374
145,"Several different types of food are displayed on a table including apples, oranges, and a variety of other fruits and vegetables.","A flower container sits off to the right side. Two bags that are ink and denim blue are above the plates of food. The bowl in the middle contains a salad. The bottom bowl contains various cuts of vegetables, such as cucumbers and tomatoes and cheeses. To the left of the bowls are two oranges and one red apple. All items are sitting on a black table.",6.198986172177284e-156,0.17391303962192828,0.8644412159919739,0.0641025641025641
146,A baseball player named Hughes stands at the plate.,a man in a baseball uniform standing on the field putting gloves him with a bat under his arms with the blue baseball helmets is uniform has black and red  writing on but the number 38  he has black and white baseball cleats and brown hair... the field is light and dark green trimmed very well... there is a white base on the ground in the drawer with 2 white squares outlined on the both sides of the home plate.,5.189518889417587e-235,0.09999999745000007,0.8426542282104492,0.03429355281207133
147,A man snowboarding in front of a brick wall.,"A snowboarder is shown in midair after making a jump in front of a white brick wall.  Snow has been pushed up to the wall by what looks like it was a bulldozer.  The snowboarder casts a shadow on the wall.  He is dressed mostly in black and gray, with some bright orange accents, the only color in the picture.  The entire image is white and gray.",0.0005862932563625902,0.23728813300775642,0.8804076910018921,0.08693321078431374
148,A stop sign with a bicycle behind it.,"A red and white stop sign is mounted on a yellow pole on sidewalk.  Under the stop sign is a triangular ""caution"" traffic sign.  A bicycle is parked behind the yellow pole of the stop sign.  A white wall building with a red roof is directly behind the stop sign as well.  Three human silhouettes and the silhouette of a shopping cart are on the triangular caution sign.",5.8337606078984775e-158,0.2666666637432099,0.8719305992126465,0.0773535220539829
149,"A group of elephants in a zoo enclosure. The elephants are all gray and wrinkled, and the one in the middle is smaller than the others. The elephants are standing in a group, and the one in the middle is facing the camera. The background of the image is green and shows trees and bushes.","There are three elephants in front of a wooden fence. One elephant is large, the other is a baby and the third is slightly smaller than the large one. Al elephants are a light brownish-gray color. Behind the enclosure are trees with green leaves.",1.939000977971442e-78,0.3692307642414202,0.890008270740509,0.29796824956885937
150,A black cat is laying on a silver macbook. The cat is facing the left of the image and has its mouth wide open. There is a book case to the right of the cat.,"A black cat lays on the keyboard of a laptop. the cat is yawnin as it lays down. The cat has a long tail. The laptop is turned on. The laptop is on the desk. There is a bookshelf on the wall, which is filled with many things. There are books on the floor. There are other items next to the wall.",1.6199966629639508e-78,0.3809523761048123,0.8944563269615173,0.18549747048903878
151,Two women are sitting on a bench in a train station. A little boy is standing in front of them.,two girls are sitting on a bench. the bench is wood and brown. they are looking at a baby. the baby is blonde and little.,0.10736493026277043,0.3888888838888889,0.90606689453125,0.23834719072814314
152,A man stands in front of a large building with a North Korean flag on top.,"A man in a black button down shirt, and a gray tie is seen standing in front of a tan building in a city. The building has a picture of a man on the front and Korean letters on either side of the image. A large concrete platform is in front of the building and two men are walking on the platform. A blue and white public transport bus is on the side of the building.",0.004982481599124261,0.3214285675063776,0.8801683783531189,0.13526785714285713
153,A fire hydrant in front of a house.,A white and blue fire hydrant is sitting on the corner of a rural street. The house in the background is brick and has blue doors and window decorations. It appears to be fall according to the colors of the leaves on the trees.,1.1274449661599858e-156,0.29268292368828075,0.8909931182861328,0.10554180418041802
154,A large stone building with two clocks on the tower has a blue flag flying from the top.,A large brown building has a clock tower. The clock tower contains two clocks. The clocks have a white face with black hands and numbers. The numbers are roman numerals. The clock tower also has a flag. The flag is blue on a white pole. The building is huge with many windows. The sky is overcast with clouds.,8.554523443923305e-156,0.42307691867603553,0.8929038047790527,0.12962962962962962
155,A table full of food has a blue tablecloth. On the table are two trays of food. One tray has a variety of snacks and the other tray has a variety of cheeses and fruit. There are also some plastic cups of food on the table.,the table is full of snack foods. there is a big black tray on the side. the tray is full of small plastic cups. the cups are full of shredded cheese and hot sauce. there is another tray of hot sauce next to it.,5.909791694747599e-155,0.3999999950016529,0.9091225862503052,0.26990283292804307
156,A man and a child blow out candles on a birthday cake.,"The man is bending over the table. On the table is a birthday cake. The candles are lit. The man is trying to blow the candles out. The man seems to be holding his infant in his other arm while doing this. This is taking place inside a house, in the kitchen area.",1.2864270222260701e-79,0.29787233684019926,0.8754485845565796,0.10879984662576686
157,A zebra stands in front of a green background with black squares.,There is a zebra standing on a gravel type road. The zebra appears to be standing near a tree. There are a lot of trees ad bushes to the right of the zebra. It is very sunny outside which is evident by the shadows cast by the trees.,6.413718283190248e-233,0.09090908694214893,0.8635126948356628,0.056306306306306314
158,A baseball game is underway. The batter is wearing number 12.,There is a man in a white uniform wearing a black cap pitching a baseball. There is a man standing behind him wearing a black shirt and gray pants. There is a player in a white uniform that is swinging a baseball bat about to hit the baseball. Behind that man is another man in a black shirt and gray pants who is crouched down wearing a helmet and face guard.,6.050568163426754e-234,0.1333333298765433,0.8265087604522705,0.04615384615384615
159,"A long line of fire trucks with the word ""Chicago"" on the side.","Modern fire engines park along a tree lined street.  The truck at the front of the procession is a ladder truck, with the long, white ladder and bucket on top of the rig.  The sky is deep blue, and it seems like a grassy park like area.  Two people can be seen in the distance, side by side.",2.15446043680211e-156,0.21428571091836737,0.8648462295532227,0.09345794392523364
160,Laptop with standards next on screen.,"An open laptop sits on a rustic wooden table. A lamp sits on the left of the laptop shining light on the table. A bunch of small glasses are on the table near a brown wall. In the distance a shelf with liquor is on a white wall. A table in front of the shelf is covered with empty, upturned glasses.",1.446089787577154e-235,0.09756097311124336,0.8277119398117065,0.027027027027027025
161,A red duck toothbrush holder holds four toothbrushes.,A picture of a tooth brush holder. The holder is red and in the shape of a bird. There are three toothbrushes inside of the holder. There are different colored bristles on each toothbrush. There is a keyboard beside the holder and a calendar is under the holder.,9.6060254070685e-234,0.210526312465374,0.8979646563529968,0.04545454545454545
162,Man feeding giraffes through chain link fence.,There are two giraffes behind a fence. The fence is silver. There is man in a blue floral print shirt standing in front of the fence. The man is wearing a black cap.,3.246366308761744e-233,0.13333332975555565,0.8741856217384338,0.049342105263157895
163,"A clock with the time set to 10:45. The clock is on a sign that says ""Orioles"" at the top and ""Salt More"" at the bottom.",The clock is lit up because it is night time. The sky is very dark. On top of the clock is a baseball team sign. The face of the clock is white. The letters and clock hands are black. Around the circle of the face is yellow.,1.0304718795926378e-78,0.26923076434911253,0.8601107001304626,0.13363028953229397
164,A man is skateboarding in the air.,"A man in a taupe tank top and black shorts is doing a trick with a skateboard. He is in the air, and holding the skateboard with one hand. In front of him is a black and white wall with a cartoon face painted on it. The sky above is mostly clear with one long wispy cloud.",8.236760741594581e-158,0.2127659549117248,0.8808708190917969,0.057692307692307696
165,A young woman sits on a brick wall outdoors.,A teenage girl sits on a low brick wall and texts.  She is dressed in a cool summer top and bluejeans.  She has slipped off her shoes to be more comfortable.  The wind is blowing her long hair.  She has put her purple backpack on the wall next to her.  She enjoys the shade of a nearby tree.,2.2937940442044503e-80,0.23076922790680476,0.8726550936698914,0.05649717514124294
166,A man in an orange jacket is walking down a brick sidewalk.,This photo is taken outside on a sunny day. Two men can be seen on a sidewalk near a brick building. A large black trash can is near one of the men. Large green trees line the sidewalk. A road is beside the sidewalk and across from it is a large building. Vehicles are lined up on the street in front of the building.,9.039070851972465e-157,0.22222221876543213,0.8724883198738098,0.0510204081632653
167,A United Express airplane is parked on the runway.,A white airplane with a blue tail on it. There is a black and yellow sign on the ground in front of the plane. There is a orange and white flag hanging from the plane.,4.260426618286249e-156,0.29411764316609,0.8611891865730286,0.0771604938271605
168,A tall clock tower stands in the middle of a town square. The clock tower is made of stone and has a large clock on its face. The clock shows that it is 3:00. There is a bird flying in the sky above the clock tower. The bird is black and has a long tail. The sky is cloudy and there are some trees in the background.,There are three buildings in a line and a tall clock tower across the street from the houses. The photo is in black and white. There are large gray clouds covering the sky.,1.4298863624304998e-78,0.42424241946740127,0.8818541169166565,0.3139079670329671
169,A sign for a pub and a sign for a school.,"This is a street corner. There are two street signs on a pole, with black text on a white background with a black rim. The one on top says ""Sandridge JMI School"" and the one on the bottom says ""HOSDB."" They are both pointing in the same direction, indicated with a black arrow on the sign. Behind the street corner is a building with a shingled overhang supported by dark green columns. There are three or four hanging baskets with flowers hanging from the underside of the overhang. The building is brick and two stories, with two windows flanking a dark sign with pale text reading ""GREEN MAN Good Food."" Behind the sign is a large amount of green climbing vine which obscures the sign for the next shop. There are the tops of two standing signs just visible in the foreground of the picture, and a couple of benches sitting on the sidewalk in front of the building.",1.2782659070862638e-160,0.08602150398427566,0.839626669883728,0.03689537101248267
170,A large bus station with a sign that says Bus Stand Mukenian above the entrance.,"A commercial garage for buses is shown on a cloudy day. There are three buses in the parking lot, two of which are near the garage doors as if they were entering the garage. There are four garage bays that are empty with their doors open. There is a small cart in front of the door farthest right. On top of the building there is a blue sign with white writing.",3.4646331433881264e-233,0.15624999641113288,0.8548777103424072,0.045871559633027525
171,A close up of a black bear's face is in the foreground. The bear's fur is black and the background is green.,A large black bear is standing on a field. There is grass and dirt behind the bear. The bear has brown eyes and brown fur around its mouth.,1.1092241874059638e-231,0.3499999951125,0.8942191004753113,0.1642335766423358
172,A woman in a pink and blue Ford shirt is carrying a surfboard out of the water.,A woman is wearing a pink shirt. She is standing in the water. There is a wave behind the woman. She is holding a white surfboard.,4.931173948650694e-155,0.5882352891349482,0.9170805811882019,0.17928286852589642
173,A girl in a red sweatshirt walking down a school bus lane.,A young woman is walking between rows of buses.  The woman is wearing a red hoodie and black pants.  She is looking away from the camera.  The woman has dark hair.  The buses seem to be stopped at a red traffic light.,5.401756823804723e-156,0.1818181780681819,0.8843507170677185,0.0641025641025641
174,A cake that is shaped like a hockey stick and has the year 2013 on it.,"A cake shaped like a high school track is half eaten and below it is written in blue frosting is ""Thank You Coaches"". On the table near the cake is a tray of cookies, cupcakes, a cobbler, and a dessert bar. beneath the cake there is a beige table runner with plums on it.",3.7524670878196686e-79,0.3272727231471075,0.8717164993286133,0.14820717131474104
175,A produce market with a man in a white apron standing in the center. There are several people in the background. There are many fruits and vegetables on display.,There are many people at a market. The middle aisle has fruit. There are green watermelons. There are also yellow bananas. The man on the left is wearing a striped shirt and blue jeans.,2.0692045549171637e-78,0.35294117151864673,0.899098813533783,0.2705113485825311
176,A group of people are sitting at a table having breakfast.,There are several people sitting around a table. There is a lady standing in front of the table. There is a white sign behind the table. There is a picture in a frame on the wall next to the sign.,1.0713823161543933e-232,0.28571428140408167,0.8928155303001404,0.08086253369272237
177,A sign for the Playhouse Yard is on a brick wall.,"A brick building has a window with white metal bars over it. There are two cameras on the building, one on one wall and another behind the corner. Under the camera there is a street sign that says Playhouse Yard. There is another building to the right of the brick building.",4.432818886872812e-233,0.3673469352936277,0.89506596326828,0.08510638297872342
178,A group of men pose for a picture at Disneyland.,"A group of people is standing outside at an amusement park that looks like Six Flags as there are large roller coasters in the background. It looks like a nice day with a sunny sky and no clouds. The group consists of 6 men, most of whom appear to be on the spectrum from overweight to obese. Their ages appear to range from 45 - 70 years old. Three gentleman are standing in front and three others are standing in back. They are wearing laynards with colorful badges around their necks. Four guys are wearing glasses and one is wearing sunglasses. Most are in casual, vacation attire, except for one guy who is wearing a tie. There are a couple other people in the background who appear to be in in line for something.",1.8073685450044203e-83,0.11999999820000003,0.8449245691299438,0.0287828947368421
179,A woman is lying on her side with her chin resting on her hand and she is smiling at a small teddy bear that is sitting in front of her. The teddy bear is sitting on a red surface.,A woman is smiling in the camera. In front of the woman is a small brown bear figurine with a laptop. The laptop has an Apple logo on it.,2.3487616204294545e-78,0.3921568577623991,0.8886957168579102,0.372
180,A beach with many people on it.,There are a lot of people standing on the beach. There are waves in the water. There are a lot of surf boards surrounding the people.,8.824538545628714e-233,0.17391303924385643,0.9076060652732849,0.06224066390041494
181,A man doll in a suit stands in a living room.,A doll is dressed up in a black suit with a silver vest. There is a green couch with red throw pillows on it behind him. There is a gold table in front of the couch.,7.719081760542597e-156,0.2777777740277778,0.8802090883255005,0.1044776119402985
182,A red fire hydrant sits in a grassy area in front of a wooden fence.,The fire hydrant is red orange. It has two silver chains. Behind the hydrant is a wooden fence. Inside the fence is the foggy area of the forest.,1.572025930885363e-78,0.4117647011591695,0.9125402569770813,0.23642322097378274
183,"The interior of a vehicle with two sinks, two mirrors, and a lot of black squares.",Someone is taking a picture from inside the airplane bathroom. The bathroom is very small and close. The person has on an olive green top and a carrying bag.,2.3783191707068323e-155,0.16216215760409072,0.8640608191490173,0.11394404332129963
184,"A cubicle office with a computer, keyboard, mouse, and other office supplies.",There is a white desk against a yellow wall. There is a computer on top of the desk. There is a black keyboard in front of the computer. There are bottles on the desk.,1.5649716043468929e-232,0.06666666202222254,0.8657917976379395,0.031446540880503145
185,"A double decker bus with the words ""First"" on the front and ""SORRY NOT IN SERVICE"" on the front window.",A large double deck bus is driving on the street. There are people standing next to the bus. There is a large red building behind the bus.,3.872556456504201e-155,0.2777777728395062,0.871841549873352,0.13307984790874525
186,Large rocks with painted stop and no sign on them.,"Three rocks sit in a semi-circle on top of a rock ledge.  The rocks each have something painted on them.  The largest one in the middle has a stop sign.  On the right is a light blue circle rimmed in red, with a black line through the center.  On the left is some red lettering in Russian.  Lush trees are in the background.",3.783455644417218e-157,0.24999999706632656,0.8678194284439087,0.05199306759098786
187,A clock tower is in front of a building.,There is a clock tower in front of the building. The clock tower is gray in color and it has a total of four facings. The hands are black and the face plate is white. The building behind it is brown in color. The building has long rows of windows on the second story. It has patches of checkered patterns in different spots along the face and at the end of the windows on the second floor. The sky is clear and blue. You can see a tree with no leaves on the right side of the picture.,3.6989936914666306e-82,0.2153846129988166,0.876548707485199,0.06553878981862522
188,Tennis player playing tennis with a tennis racket.,A person wearing a white tennis outfit is wearing a white visor. They are swinging a tennis racket. There is a person in a yellow shirt.,5.056630280037711e-79,0.2499999958680556,0.8761066198348999,0.13042355371900827
189,Two dogs are running in the water at the beach.,"A small brown dog is running down the beach, very near the shore, looking at another dog. The other dog is black, and is running through the water right near the shore. You can see waves coming into the shore.",3.605542704120672e-156,0.21052631217451526,0.9022811055183411,0.08108108108108107
190,A yellow traffic light hangs from a wire in front of a blue sky.,There are two yellow lights hanging from a black wire. There are two green trees under it. There is a tan building next to the trees. There are several signs next to the building.,1.3764127220457744e-155,0.22857142390204094,0.889360785484314,0.17578125
191,A sandwich wrapped in paper sits on a table.,This is a photo inside of a pub.  A sandwich on a roll wrapped in a napkind is sitting directly in front of the camera.  Bottles of beer line the counter top.  A man in a striped shirt stands behind the bar.,2.696150416576652e-156,0.25641025285996055,0.8797600865364075,0.09043927648578809
192,"A bathroom with a black and white checkered floor, a toilet, a bathtub, a shower curtain, a towel rack, a sink, a mirror, a towel, a shower, a curtain, a stool, a scale, a rug, a soap dispenser, a bottle, a basket, a cabinet, a cabinet door, a cabinet handle, a cabinet shelf, a cabinet top, a cabinet wall, a wall, a window, a curtain, a curtain rod, a light, a light fixture, a mirror, a mirror frame, a towel bar, a towel, a towel bar, a towel bar, a towel bar, a towel bar, a towel bar, a towel bar, a towel bar, a towel bar, a towel bar, a towel bar, a towel bar, a towel bar, a towel bar, a towel bar, a towel bar, a towel bar, a towel bar, a towel bar, a towel bar, a towel bar, a towel",a bathroom is set up. the tub is white in color. the tub has legs on it. the light is turned on. the mirror is very small.,7.850707993042515e-232,0.13114753669443713,0.8156964778900146,0.06443298969072166
193,A man and a child are skiing down a snowy slope. The man is wearing a bright yellow jacket and the child is wearing a red jacket.,An adult and a kid is on the snow. The adult is teaching the kid how to ski. The kid is wearing an orange jacket and black leggings. He is also wearing a helmet. The adult is wearing a yellow green jacket and black pants. There are bare trees visible.,1.3705096268976895e-78,0.36734693412744696,0.9165643453598022,0.26467505241090145
194,A kitchen with white cabinets and a blue towel hanging on the right side.,White cabinets are in a kitchen. There is a window above the sink with white curtains. There is a white microwave on the counter.,3.7003204512177487e-155,0.37499999507812504,0.8991714119911194,0.20851818988464954
195,A busy city street with umbrellas.,Many people are walking with raised umbrellas on a city street.  The umbrellas are a variety of colors.  The people are walking on a sidewalk lined with businesses in stone buildings.  The businesses and stores have awnings and several flag poles attached to the front of the businesses.  The flags are American flags.  To the right of the umbrellas is a city street lined with vehicles including one white van. On the sidewalk are also black traffic lights and street signs.  One street sign has a black and white arrow on it and the other sign is blue with white type.,1.1151747279622214e-161,0.12903225631633716,0.8537664413452148,0.027322404371584702
196,A large black ship is docked in a harbor. The ship is called the Brunel's Great Britain.,"A large ornate old cruise ship is seen docked at a port. In front of the ship there is a banner which reads ""Brunel's ss Great Britain"" to the left of the ship there is another ship, this one rusty which is flying lags of various countries. To the right there are some warehouses. The sky above is blue with a few fluffy clouds.",5.011170173313228e-156,0.2539682503401361,0.8757100701332092,0.1011804384485666
197,"Several pieces of pottery sit on a white shelf against a white brick wall. The shelf is decorated with black square tiles. On the top shelf are two tall, cone-shaped candle holders. The candle holders are brown and tan with green and brown accents. Below the candle holders are several pieces of pottery. There are two square plates, one with a green and brown flower design and the other with a green and yellow flower design. Below the plates are two bowls and two coasters. The bowls are green and yellow with a flower design. The coasters are green and yellow with a flower design.","Two red, blue, yellow, and cream candle holders sits on a white shelf next to a small plate. On the table below thee are plates shaped like flowers. The wall behind the shelf is cinder block painted white. On the left of the shelf there is an unpainted wooden bookcase.",0.03803100496265543,0.3255813903596539,0.8695694208145142,0.24213275775775778
198,A photo of a group of people on horses riding along a beach.,"A large sun hangs in the sky, with a long group of people riding horses below it. They are on a beach, and the reflection of the sun is prominent in the water. You can see footprints in the sand near the foreground of the picture, and tire tracks are imprinted there as well. The sea is rather choppy, and you can see waves forming and crashing down. There are probably 30 horses in the picture, and 10 or 15 riders.",2.1466936560536396e-80,0.17910447486745382,0.8765965700149536,0.0673854447439353
199,"A stack of books on a bed includes Embroidery Stitches, The Poisonwood Bible, and Complete Guide to Embroidery.",There are books sitting on a bed. There are white blankets on the bed. There is a lamp next to the bed. The book on the bottom of the pile is white and green.,2.3849365514763907e-155,0.3157894687396123,0.8512402772903442,0.15432098765432098
200,A cat is sitting in a bathroom sink. The cat is gray and brown with wide yellow eyes. The cat is looking at the camera. There is a toothbrush and toothpaste on the sink.,A cat is inside of a sink. The cat is brown and striped with black and is looking at the camera. The cat has a collar on and the eyes are big and yellow.,0.24422924348614292,0.5416666616666667,0.9421354532241821,0.4386545940690326
201,The interior of a cathedral is shown. The cathedral is very tall and has a very high ceiling. The walls are made of stone and the floor is made of wood. There are many windows and chandeliers. There are people sitting in the pews.,Its the inside of a very large cathedral. It is massive and beautiful. There are a large amount of rows of seats on both sides. The beams on the inside on both sides are white and large. There are gold candle items hanging from the ceiling.,6.295560452085691e-155,0.3793103398335315,0.8964111804962158,0.27751091703056774
202,A large group of cows are standing in a field.,Lots of dark colored cows stand on top of a hill. There are trees behind them and long tall grass under them. They have green and yellow tags in their ears.,1.875998179711581e-232,0.2631578908587258,0.8879506587982178,0.10380622837370242
203,A red and white stop sign is in the foreground. Behind the sign is a street with cars parked on it. In the background is a tree with purple flowers.,A pole holds a red sign on it. There are cars lining the street. There is a black fence behind the sign. There are white clouds in the sky.,6.992053218065879e-155,0.48888888389135804,0.9094180464744568,0.41382206949217265
204,Man with a white shirt and black shorts is holding a green frisbee.,The man is wearing a white shirt. He has brown hair. He is holding a frisbee. The frisbee is green. It has black graphics on it. He is also wearing black shorts.,9.419406113680776e-79,0.5454545408264463,0.9227854013442993,0.2097176079734219
205,A man is holding a floral umbrella.,The rain is coming down heavy outside on the street. There is a person crossing the street at the corner. Someone is holding an umbrella with big flowers on it. The sky is cloudy and grey.,1.2243912303753765e-156,0.2285714253714286,0.8978026509284973,0.04531722054380665
206,A woman is sitting at a table in a restaurant. She is holding a remote and looking at it. There is a cup of coffee on the table.,There is a woman sitting at the table. There is a black remote on the table. There is a white plate with a white cup on top of the plate. There is a spoon on the plate.,2.700722094748296e-78,0.6153846104142012,0.911790132522583,0.3813139085530591
207,"A bathroom with a window, a bathtub, a toilet, and a sink.",A very detailed and neat bathroom. There are wooden accents in a majority white room. The bathroom is vintage and is black on the outside.,4.6853530478681746e-232,0.25806451200832464,0.8779779672622681,0.08438818565400844
208,Round gold pocket watch with Roman numerals on a red and black background.,A clock sits on the ground. There is a white face with golden hands. There is an ornate black and gold design around the face of the clock which more than doubles the side of the clock. The clock sits on a black surface that appears to be the street. People are standing around the clock and five pairs of shoes are visible.,1.4111250023711412e-156,0.22222221856652952,0.8495731353759766,0.08268824771287825
209,Cows grazing in a lush green pasture with a distant mountain range.,There are brown and white cows in a field. There is tall grass and yellow flowers in the field. There are trees in the distance around the field.,1.3795165740055804e-155,0.13793102977407862,0.8916605710983276,0.056818181818181816
210,A train with ads for barley and moline is on a track.,"A gray train is riding on it's tracks. Three train cars with red stickers labeled ""Ringling Bros. and Barnum Bailey"". All around the train tracks there is tall over grown grass, and gavel beside the road near the train tracks. Behind the tracks are a number of trees.",7.926912719267036e-233,0.2857142820158268,0.858882486820221,0.07882882882882884
211,A dog is lying on the floor next to an open laptop.,There is a silver laptop with black buttons on it sitting on a couch. There is a dog laying on the couch next to the laptop. The dog is white and has black spots on its ears.,1.1730145144687629e-155,0.3888888844444445,0.8970970511436462,0.18297101449275363
212,"A yellow double-decker bus with the words ""Trotters Ethnic Tours"" on the side.",there is a big yellow bus that is parked. the bus is two stories. there is an ad on the side of the bus. there are four black tires. there is a white bus next to the yellow one. the buses are parked on green grass.,4.985327900952855e-156,0.25641025214990143,0.8569182753562927,0.0702576112412178
213,Black and white photo of a street scene with a red umbrella and a graffitied wall.,"The cement side of this building has a silhouette of a man painted in black, to resemble a shadow next to the electrical box on the outside.  On the ground by his feet is a silhouette of a cat.  The man holds a red umbrella in his outstretched hand, to protect the cat from rain.  A bowler hat is on his head and he wears a calf length raincoat.  Graffiti is written over the black silhouette of the man, as well as a few places on the wall.  Some is spray painted onto the electrical box.",2.3923884079338823e-80,0.16438355871645716,0.8488610982894897,0.0722159090909091
214,A tree with a bench under it. There are many people in the background. There is a lake in the background.,The blue water is off to the side of the park. There are a lot of people standing by the water. Some people are sitting down on park benches underneath the trees. Each tree has leafs that are changing color due to the fall weather.,1.7672412461601703e-155,0.27999999564800004,0.889735996723175,0.10563380281690142
215,A baseball player is standing in a batting stance.,"A man wearing a blue baseball shirt, white pants and a blue hard hat is holding a black bat. He is wearing white gloves on his hands. He is standing on top of dirt.",4.761107986910297e-156,0.29411764316609,0.8667944073677063,0.11809523809523811
216,Bathroom sink with two basins and a mirror.,"The counter top in a bathroom of a hotel room is made of marble and has two white inset sinks. there is a basket of toiletries on the left, and a box of Kleenex on the right. There is a glass shelf behind the counter with a small bottle in front of a card, and two glasses turned upside down. There is a mirror with a decorative frame on the wall behind the sink.",2.014701598833569e-158,0.15094339366322537,0.8676309585571289,0.037091988130563795
217,"The image depicts a narrow street scene with a triangular traffic sign prominently displayed in the foreground. The sign features a red border and a white background, with a black silhouette of two people walking in the center. The sign is mounted on a metal post, which is situated in the middle of the street.

To the left of the sign, there is a dark-colored car parked on the street. The car is positioned at a slight angle, facing the street, and its windows are partially visible. The car appears to be a sedan or a compact model, with a sleek design.

On the right side of the image, there is a row of parked bicycles. The bicycles are parked along a narrow sidewalk, which is lined with buildings. The buildings are primarily made of brick, with some having a mix of red and brown tones. The buildings have multiple windows, and some have small balconies or terraces.

The sky in the background is clear, with a few clouds","A sign is shown on a sidewalk. The sign is triangular, red and white, and has two people walking on it. There are a couple of cars parked on the street near the sidewalk.",1.2401254710165296e-78,0.2521008369211214,0.8764235377311707,0.346981052631579
218,A market with a variety of vegetables and meat.,"There are tables that have vegetables on them. There is a pile of raddishes, a pile of carrots, a pile of peas and some potatoes. There is a lady standing there with an apron on.",8.75108080488806e-233,0.30303029906336093,0.875665545463562,0.0925925925925926
219,A surfer is in the water with a surfboard.,A person in a black suit is sitting on a surf board in the middle of the ocean.  The ocean has a lot of waves that are white.  The man is sitting waiting on a wave to roll by.  The water is very choppy.,1.640415707015834e-156,0.24999999651250004,0.8842461109161377,0.10528120713305898
220,A red truck with graffiti on the side of it is parked on a street.,There is a white and red truck parked on the street. There is graffiti on the side of the van. There is a building behind it.,0.1627617472517464,0.6249999950781252,0.9347698092460632,0.36394097098452977
221,Three people are sitting at a table playing video games.,Some people are gaming together in a room. They all have there own computers and are focused on the game they are playing. They all appear to have some snacks and drinks next to them.,5.231854978130785e-156,0.21052631191135737,0.904259979724884,0.04615384615384615
222,A man in a yellow raincoat is walking down the street.,A man in a yellow rain coat is walking on the sidewalk. There is a woman standing next to him carrying a blue and white umbrella. There is a lady and a little boy crossing the street.,0.04230977611129389,0.46153845748849454,0.9405618906021118,0.2162790697674419
223,A man is walking on the beach with a surfboard.,"People are in the water at the beach.  A man is entering the water carrying a white surfboard with a red edge.  He is wearing a blue and white bathing suit.  A bit further down the beach, a couple is standing in the shallow water together looking down at something.  Low waives roll in towards the shore.",4.4170981040497644e-80,0.28571428246563935,0.8911309242248535,0.057361376673040136
224,"A wooden table is covered with a variety of food including bread, fruit, and vegetables.",A wooden table that has a silver trophy in the middle of it. In front of the trophy are several bowls and dishes containing food. There is a loaf of bread on a block of wood at the front of the table.,5.402532493022083e-79,0.31111110666666675,0.9005717635154724,0.12203354624292465
225,A black cat lying on a desk in front of a computer.,A cat is positioned in front of an apple computer and keyboard.  It's fur is blackish brown.  His eyes are green.  A white mouse is sitting on the black mouse pad.  A router is positioned against the wall on the computer desk.,3.217276814541401e-79,0.4285714247052155,0.8890947699546814,0.17647989870212089
226,"A living room with a couch, coffee table, rug, curtains, fireplace, and a sliding glass door.",A brown sectional couch in a room with colorful pillows on it. There is a brown leather ottoman in front of the couch. There is a tan and brown rug under the ottoman. There is a fireplace on the wall. Behind the couch is a window and a door that has blue curtains on them.,6.163422183475553e-156,0.2499999957031251,0.875980019569397,0.10002174385736029
227,A large black airplane is flying through a cloudy sky.,A lone dark grey plane is flying through a cloudy sky. The sky is completely overcast. The plane has four propellers. Two propellers on each wing. It has a top tail and two side tails.,0.044103035687509236,0.3684210487534626,0.9040672183036804,0.1942307692307692
228,A bridge over a river with a train on it.,The sky is partly cloudy. The water is calm and clear. The train is in motion above the water on the bridge. The train is a royal blue color.,2.0166434569118883e-232,0.2068965474435197,0.8854296207427979,0.05535055350553505
229,A baseball player wearing a white uniform with the word SPARTANS on the front is throwing a ball.,"There is a man in a white baseball uniform with green trim that plays for the Spartans and is #14. He is wearing white Nike cleats with green socks and a green hat as well. He has a brown leather baseball glove on his left hand, and has just thrown the baseball, which is in the air, from his right hand. The man is white and has medium length hair. He is standing on the dirt part of the baseball field with neatly trimmed green grass behind him.",1.7496346013910651e-156,0.24999999654320995,0.8530756235122681,0.08024691358024692
230,A book is laying on a bed. The book is purple and has a picture of a woman on the cover. The woman has a black piece of paper over her face.,There is a bed with purple blankets on it. There is one purple pillow and one pink pillow on the bed. There is a blanket on the wall behind the bed. There is a book on top of the bed.,3.930578871137885e-155,0.4285714235827665,0.8929921388626099,0.19132653061224492
231,Three elephants are in the water. The elephants are gray. The water is blue. The sky is blue.,Three elephants are in the water. They are all walking in the same direction. They all have very long tusks showing that are not in the water.,0.16679457250858656,0.41379309873959574,0.8885864615440369,0.17241379310344826
232,A close up of a bottle of Brewers Special Reserve beer.,"A bald man and a woman with short brown hair sit at a dark brown wood table. On the table there are 4 wine glasses, and a wine bottle. The man appears to be pouring something into one of the glasses. there is also a brown beer bottle on the table.",3.7275415114401477e-233,0.17021276260751475,0.8381072282791138,0.04255319148936171
233,A pair of zebras are walking through a grassy field. The zebras are black and white stripes. The background is a blur of black squares.,"This is an image of zebras in the wild. The zebras have black and white stripes. The long and beige grasses are visible. Beside the zebra is a small, bare tree.",0.15878209092044057,0.4444444395654321,0.9107931852340698,0.2805190058479532
234,A group of zebras graze in a grassy field with a mountain range in the background.,a bunch of zebras are roaming in the grass. the grass is yellow in color. there are three zebras. they all have stripes.,4.55418722750945e-155,0.24999999507812506,0.8974748849868774,0.19120577977080214
235,A bathroom sink with a red bottle of hand soap on it.,The room is an image of a bathroom. It has a white sink and a silver metal faucet. On the sink is a bottle of hand soap. The bottle is orange and white with orange pump lid on it. On the other side is an orange cup that is full of toothbrushes. The wall is made of tiles. On the wall is a mirror with wooden frame.,4.583835883836667e-80,0.39215685914648213,0.8882110118865967,0.07317073170731707
236,Photograph of a park with a statue in the background and a man in a black shirt with the number 23 on the back.,People are playing frisbee outside in the park. A man has his shirt off and he is reaching out to catch the frisbee. Others are running around to position themselves to be catching the frisbee later. The grass is green and there is shade from a nearby tree. There is a stone fence along the park and trees are behind it. There is also a stone pillar by the fence.,8.24399767415784e-156,0.21538461152189353,0.8462128043174744,0.09938837920489298
237,A group of people playing frisbee in a park.,The woman is reaching up to catch the frisbee. There is a man to the right that is catching a yellow frisbee as he bends down. The trees and the grass are green around and under the people's feet. Three of the people playing are wearing green shirts.,1.0049370029959912e-156,0.1818181785640496,0.8878039121627808,0.09668682287729907
238,A tennis court with a few people sitting in the stands.,there are people playing tennis. one of the players is wearing a blue shirt. his shorts are white in color. he is holding a black racket. the stands are filled with people.,2.217149642804906e-232,0.270270266092038,0.8892467617988586,0.1003344481605351
239,"In this image, there are several people riding on elephants. The elephants are walking on a dirt path in a lush green field. The people are wearing casual clothes and are riding on the elephants' backs. The elephants are walking in a line, and the people are riding in a line behind them. The background of the image is a mountain range, and the sky is blue with some clouds.","There are three elephants outside. People are on top of the elephants riding them over the field. There is green grass, green bushes, and trees with green leafs by the field. Off in the distance you can see mountains. The sky is blue, but also cloudy.",4.4998748029017665e-155,0.3636363586574465,0.8929659724235535,0.3412606039775657
240,A market on a floating dock. There are several boats on the water. The boats are filled with various goods. There are people in the boats. There is a man wearing a straw hat.,There are several long boats in the water. There is a woman wearing a white hat. There are several bananas and fruits in the boat. There is a man on the dock.,0.15237428485138393,0.6222222172444445,0.9357851147651672,0.4468246926099632
241,A sign on a pole that says have you paid?,A sign is on a pole near the street. The pole is black and the sign is white and red. A bunch of cars are parked on both sides of the street. The sky is filled with cloud.,2.8216376990764465e-79,0.2857142816326531,0.8622650504112244,0.07102272727272727
242,A bird is perched on a rock.,a bird is on a rock. the bird is brown and red. the bird is very small. the bird has very jagged feet. the bird has black eyes.,3.143552032330378e-79,0.43478260446124767,0.898884117603302,0.19734019734019734
243,"A messy table is covered in food and drink. There are 3 full cups of coffee, 2 half full cups of coffee, 1 full cup of tea, 1 half full cup of tea, 1 full glass of water, 1 half full glass of water, 1 full plate of food, 1 half full plate of food, 1 full bowl of food, 1 half full bowl of food, 1 full plate of eggs, 1 half full plate of eggs, 1 full plate of pancakes, 1 half full plate of pancakes, 1 full plate of waffles, 1 half full plate of waffles, 1 full plate of french toast, 1 half full plate of french toast, 1 full plate of oatmeal, 1 half full plate of oatmeal, 1 full plate of scrambled eggs, 1 half full plate of scrambled eggs, 1 full plate of eggs benedict, 1 half full plate","There is a table full of food and drinks. There are white plates, silverware, and white cups and saucers. One of the cups holds coffee. There are two clear vessels with silver lids and black handles. Several people can be seen sitting around the table.",2.678228772520595e-155,0.23188405297206477,0.83531254529953,0.15236675432423424
244,An elephant is walking through a forest.,A large elephant is walking on a field. The elephant has large white trunks on the mouth of it. There is a large tree next to the elephant.,2.6863978746905408e-79,0.29629629245541844,0.904440701007843,0.07722007722007723
245,A man is eating a meal at a restaurant.,A teenage boy sits at a table in a restaurant. He has short black hair and is wearing a short sleeve t-shirt. He is putting food up to his mouth. A large circular white plate with a black stripe around it sits before him. French fries and a foot-long hot dog with chili are on the plate. A full glass with a straw  and utensils also sit on the wooden table. A white shopping bag is visible beside the boy in the booth he sits in.,1.834441368943663e-158,0.12307692091834321,0.8597301840782166,0.038314176245210725
246,A cat is sitting on the floor next to a ball.,An average sized cat is standing in the tub. The tub is white and is not filled with water. The shower curtain is clear and on the right side. The washcloth is dark colored and hanging from the tub. The tub has a silver drain and stopped. The cat is standing in the middle of the tub while facing the wall.,8.694772389379527e-157,0.20833332980034727,0.8740105032920837,0.06642857142857143
247,A cat is drinking from a cup with the word Arnotts on it.,A gray and black cat is standing on a counter. The counter is white and brown. There is a coffee mug sitting on top of the counter in front of the cat.,1.53176023101764e-155,0.285714281044898,0.8819062113761902,0.09966777408637874
248,Skier in snow surrounded by black squares.,A man is skiing down the mountain. There is a log of white fluffy snow. The man is wearing a red hat and blue snowsuit. He is holding ski poles in his hands. He gas black gloves on his hands and sunglasses on his face. Behind the man are trees that are covered in snow.,1.401109274958085e-234,0.13043478002835543,0.8414537906646729,0.019920318725099598
249,A skier is walking down a snowy mountain.,A man stands in the snow. He is holding a black pole. There are trees behind the man. There are tracks in the snow. The man is wearing a dark colored cap.,7.097946062058228e-233,0.19999999608888894,0.8698830008506775,0.05067567567567567
250,A giraffe is partially obscured by black squares in the foreground.,"The head and neck of a giraffe is seen behind a small knoll which is partially grassy area and partially rocky. There are two wooden poles in the grassy area, as well as two light green rectangles which may be steps. There is a strip of black material suspended between the poles. The giraffe is seen in profile. Its mouth is closed. There is grass and rocks visible behind the giraffe's head, as well as some dirt pathways and more grass. A number of tree trunks are seen rising upward from the grass behind the giraffe.",4.3447717150039255e-158,0.20289854804452848,0.8553803563117981,0.039999999999999994
251,A clock tower with two clocks on it.,There are two clocks at a tower near a larger building behind it.  The two clocks are black with white faces.  The numbers are roman numerals and the right clock reads 12:15 while the left clock reads 11:40.  The tower has detailed architecture which makes it appear very old.  There are ornate golden decorations also visible on the clock tower.,1.3334771758402786e-157,0.19607842872741257,0.8731009364128113,0.09708599452554743
252,A laptop sits on a bed with a painting on the wall behind it.,A bed covered in white blankets and pillows sits in the corner. There is a silver laptop sitting on the bed. The apple logo on the screen is lit up. There is a poster hanging on the wall. The walls of the room are white as well. The laptop on the bed is open. There is nobody in the room.,2.631766852834548e-156,0.340425528112268,0.8936178088188171,0.09025270758122741
253,A skateboarder is jumping over a ramp.,two legs are riding on a skateboard. the skateboard is in the air. the skateboard is black in color. there is another person skateboarding in the background. the skate park is surrounded by mountains. there is a grey rail next to the ramp.,8.609930560759975e-234,0.17142856822857147,0.8719606995582581,0.06345177664974619
254,Snowboarders jumping in the air.,There are two people dressed in winter gear on snowboards in mid air. The hill is covered in white snow. There are people standing on top of the hill in the back round. You can also see trees covered with snow. The sky is cloudy and looks cold.,1.709080370301741e-158,0.1499999978125,0.8683862090110779,0.04576659038901602
255,A man is cutting a cake that says Happy Birthday on it.,There is a cake in a white box. The box is sitting on a table. There is an empty white plate sitting next to the cake. There is a person holding a knife cutting the cake.,8.905991374556411e-156,0.24242423779614333,0.8672359585762024,0.08928571428571427
256,A black steam locomotive with the number 99 37-3 on the front.,"This is a large, black and red train. A jet of steam comes out the side and hits the ground. the train has three headlights on the front as well as an identification number. the door to the front car is slid open and a man stands at the rear of the car doing something. There are trees in the background behind he train.",9.039070851972465e-157,0.21052631267466915,0.8547306656837463,0.05952380952380953
257,A kitchen with unfinished cabinets and a dishwasher.,Black cabinets are above a kitchen cabinet that isn't finished. There is a ladder leaning against the wall. There is a white door on the hall leading into the kitchen.,9.11394314996143e-233,0.1935483832674298,0.8848425149917603,0.07194244604316546
258,A little girl is sitting on a parking meter in front of a car.,"The image is a black and white photo. A young boy is sitting in the space between the poles of two parking meters off the ground. His arms are wrapped around the two meters and his feet are tucked behind the main bar supporting the two meters. He is smiling with his mouth wide open. He is dressed in warm weather clothing including dark shorts, a striped t-shirt, tennis shoes, and socks. His hair appears to be light colored. To the boy's left there is an older model car parked in a parking space. In the distance behind him there are several older model cars parked in a parking lot. The area is surrounded by mature trees. The concrete of the parking area in the foreground is stained from previous vehicles' fluid leakage. From the content of the photo and the models of vehicles, it appears this is a vintage photograph.",4.568805275272795e-159,0.12962962751200274,0.8596982359886169,0.03277494537509104
259,A black motorcycle is parked in a parking lot. The motorcycle is a BMW.,a bunch of cars are in a parking lot. there is  black motorcycle that are parked. the motorcycle is clean and shiny. there is a white building in the background. the sky is blue in color.,0.0552295143603372,0.45714285283265316,0.9024134278297424,0.2801405325443787
260,"A tall, six-tiered cake is on a table covered with a gold tablecloth. The cake is decorated with white and gold ribbon and red and yellow flower petals.",A tall brown and white cake is sitting on a table. There are red and yellow flower petals around the cake. There is a white plate on the table with a fork on top of it.,0.10396213759029818,0.5217391254725898,0.921550452709198,0.3480850896508337
261,A woman is walking on the sidewalk next to a red fire hydrant.,"This photo is taken outside on a sunny day. A woman is walking on a sidewalk while looking at her phone. She has a large black purse on her shoulder. A tall red fire hydrant is sitting on the sidewalk beside the woman. There is a gray car on the road in front of the woman. A gray fence can be seen across the street, surrounded by vehicles.",0.006180419509023278,0.2666666632722222,0.8985093832015991,0.10167999999999999
262,A street corner with a sign for Sav-On Flooring.,a yellow taxi got into an accident. he hit a tree and crashed. there is a cop car next to him. The man is talking with the cop. there is a store right next to the accident.,5.57271466704057e-233,0.11428571046530626,0.842739999294281,0.058479532163742694
263,A surfer rides a wave in the ocean.,A surfer is wearing a black wet suit. He is standing on top of a white surfboard. There are large waves in the water behind the man. The sky is blue.,5.470519538303603e-156,0.28571428218775513,0.8902243971824646,0.14856755710414246
264,Baseball game with player at home plate and catcher behind him. Man in blue shirt is standing in front of home plate. Man in black is behind home plate. Man in black is standing behind batter. Man in black is standing behind catcher. Man in black is standing behind batter. Man in black is standing behind catcher. Man in black is standing behind batter. Man in black is standing behind catcher. Man in black is standing behind batter. Man in black is standing behind catcher. Man in black is standing behind batter. Man in black is standing behind catcher. Man in black is standing behind batter. Man in black is standing behind catcher. Man in black is standing behind batter. Man in black is standing behind catcher. Man in black is standing behind batter. Man in black is standing behind catcher. Man in black is standing behind batter. Man in black is standing behind catcher. Man in black is standing behind batter. Man in black is standing behind,"A batter is swinging his bat to hit the baseball. He is wearing a black helmet and a white uniform. The catcher is behind him with a red mask on his face, and behind him is the umpire with a black helmet. There is green grass on the field.",2.145166909065931e-155,0.2264150895550019,0.8265197277069092,0.09852216748768473
265,"A plate of vegetables and dip is on a table. The plate is blue and has a pattern of yellow, red, and green. The vegetables are arranged in a circle around the plate. There is a bowl of dip in the center of the plate. The vegetables include broccoli, carrots, and celery. The knife is on the left side of the plate.","The plate is colorful. At the center of the plate is a white, creamy dip. On the plate, there is  cucumber, broccoli, carrots, tomatoes and red peppers. Beside the plate is a knife with black handle.",0.07388597817090985,0.33333332838333335,0.8965901732444763,0.37273976948292276
266,"A man in a black hat and jacket is standing on a snowy hill. He is watching a young boy in a green jacket and black pants skiing down the hill. The boy is wearing a helmet and is holding a pair of skis. There are other people standing on the hill, watching the boy ski.",A child in a blue and black coat and black pants is stanind on a snow board apparently watching an older man in a white coat who is walking off.  Snow covers the ground and is well tracked.  To the right of the boy on the board is a line of people waiting.,2.8396123483926595e-78,0.3380281640150764,0.8921734690666199,0.3245377052691226
267,A cat sitting on a toilet seat next to another cat looking at it.,A gray cat is sitting on a closed toilet and looking down at an orange cat. The orange cat is looking up at the gray cat. The toilet seat and lid are light wood. The toilet itself is white and so are the tiles on the floor. The toilet paper roll hangs on a metallic holder.,2.0817080292811207e-79,0.39130434377126655,0.8788284063339233,0.12268339768339766
268,A large airplane is flying over a foggy airport.,A white airplane is taking off from the ground. There is blue writing on the side of the airplane. There are white vans on the ground below it.,8.161603624195949e-156,0.2142857099234695,0.884497880935669,0.057471264367816084
269,A man and woman are walking in the snow. The sun is shining through the clouds.,Two people are skiing on snow. One of the people is wearing a white coat and orange pants. They are holding black ski poles. There is a person standing behind them also in the snow.,9.463648475258365e-79,0.2727272682334711,0.8816490173339844,0.12084592145015105
270,A boat with benches on it is on the water. There is a bridge in the background.,A boy is sitting at a small dock. The boat has small wooden benches on it. Above the boat is a bridge that has people walking on it.,1.8725667353980942e-78,0.4571428523428571,0.9223124384880066,0.33027128329595373
271,A man is throwing a yellow frisbee in a field.,There is a man in a brown shirt standing on the grass. There is a yellow frisbee in front of the man. There are trees behind the man.,0.053667245469253895,0.44444444000000005,0.9046565890312195,0.2680701335877862
272,A train car is covered in graffiti.,"An abandoned train is shown on the tracks. There are some graffiti words on the train. The color of the writings are green, yellow, black, white, and a gray color.",4.983376835072531e-233,0.12903225456815828,0.8925641179084778,0.05415162454873647
273,Two female tennis players are playing on a grass court.,Two people are playing tennis. They are wearing white uniforms. The woman is wearing a tennis skort. She is swinging her racket. The dirt under her is light brown.,1.0831648889607271e-155,0.2499999957031251,0.8748710751533508,0.0922509225092251
274,"A desk with a laptop, keyboard, mouse, printer, and other office supplies.",A wooden desk with a laptop on top of it. There is a silver keyboard in front of the laptop and a mouse next to the keyboard. There are wires coming off of the laptop. There is a wall behind the desk and there is a blue note stuck to the wall.,1.285417925707465e-79,0.2325581355110871,0.8782324194908142,0.052083333333333336
275,A group of people pose for a picture on a tennis court.,There are people on the tennis court. There are bushes and trees behind them. They are all wearing white shirts and holding tennis rackets.,2.28954534276802e-155,0.2666666620222223,0.8851600885391235,0.08771929824561403
276,Three seagulls are perched on a wooden railing against a blue sky.,three birds are perched onto a handrail. the handrail is made out of wood. the wood is dark brown in color. the birds have white necks.,1.8035664627918972e-155,0.19354838251821027,0.8864665031433105,0.15121951219512197
277,A bike is locked to a bike rack in front of a bus.,A bicycle is parked at a metal bicycle stand. There is a gold color lock attached to the bicycle stand. The bike is leaning onto the side of it. There is a black and gray bag attached to the bicycle. Behind the bicycle is a road with a large bus on it. The bus is white and blue and has an orange digital sign on the front.,1.0781349202045106e-156,0.3137254868127644,0.8818916082382202,0.06493506493506493
278,A black car door with a blue bird on it.,A black vehicle with rain on it.  The inside of the car has black interior  A bird is sitting by the window.  The bird is white on top and with wings and tail are light blue.  The bird is looking into the mirror.  There is a bush on side of the car with purple flowers on it.,8.809626965736759e-157,0.34782608355387534,0.8876327872276306,0.10172681644359463
279,A red barn with a grey roof is in the middle of a field.,A large barn is surrounded by wooden and metal fences. In front of the barn is a paved street. The roof of the barn is grey and the walls are painted white. The doors are bright white. There are many pastures surrounding the barn.,1.858308351743049e-232,0.279069763223364,0.8968892097473145,0.10975609756097561
280,A bench sits in the middle of a stone plaza with the ocean in the background. The ocean is a deep blue color and the sky is clear with a few black squares in the background.,"A single red bench sits on the brick patio near the water. There is a short wall at the end of the patio, looking out over the water. The water spans as far as the eye can see, and is a bright blue. The sky is light blue above the water. There are dark shadows cast on the patio from unseen objects as well as from the bench.",2.75063258807069e-155,0.26470587778546717,0.8862990140914917,0.20566157108170038
281,Two trains sit on tracks at a station.,There is a white and yellow train with red doors next to a red and yellow train. They are on top of the railroad tracks. There is a brick walkway next to the trains.,4.995008821347951e-233,0.25806451229968785,0.8668366074562073,0.04777070063694267
282,Frisbee player in a red shirt and black pants is throwing a frisbee.,A man is standing on a field. The turf is green. It is night time. He is dressed in pants and a long sleeve shirt. He also has a winter hat on. He just got done throwing a Frisbee in the air. In back of him is a white brick wall and a blue trash can.,2.5980711825533494e-156,0.22222221876543213,0.8711256980895996,0.07736943907156674
283,A brick wall with a sign that says Copper Alley.,"A bricked sidewalk is showing little action. The gray brick sidewalk lines a red brick building. The building contains a street light at the top of the wall. There is also a sign on the wall that reads Copper Alley Nite Club Now Open, with a black double door for its entrance. On the sidewalk is a pole that has a no parking sign. There are two bicycles parked against the silver pole.",1.7786330092140737e-157,0.25806451342351716,0.8817026615142822,0.08754881818350085
284,A skier is skiing down a snowy hill.,A man with skis is skiing up a hill with ski poles. The slope is white and smooth and the sky is cloudy and grey. There are skinny pine trees in front of the skis. The skier is wearing a black jacket and a red and black backpack. His ski pants are grey.,3.4971861377325464e-157,0.2727272697520661,0.8811641931533813,0.07670103092783506
285,A street sign with the address 131 and 132 on it.,The back of a stop sign on a pole is at the intersection of 13th Street and an unknown avenue at dusk. Six power lines run from a building in the distance. The windows on the building are small and high privacy windows.,7.713882529155926e-233,0.13953487991346683,0.849572479724884,0.07537688442211053
286,A woman and a man are sitting in a chair in a zoo. The woman is holding a bear. The bear is sitting on the woman's lap. The man is sitting next to the woman. The bear is black. The woman is wearing a blue shirt. The man is wearing a pink shirt. The background is a chain link fence.,There is a black bear sitting in a green chair. There is a woman in a blue shirt and a man in a pink shirt kneeling behind the chair. There is a silver fence behind them.,2.426698314753414e-78,0.5999999951280002,0.9108604788780212,0.33098958333333334
287,A black and white photo of a baseball team.,The picture is of a baseball team and the coaches together. They have old style uniforms on. In front of the row of players there are baseball bats on the ground. The picture was taken out in a open field.,1.383877840024089e-79,0.19999999651250003,0.8794141411781311,0.06775067750677508
288,Air canada plane with a maple leaf on the tail flying in the sky.,a plane is flying in the sky. the plane is very white in color. there is a logo on the tail. the logo is in the shape of a leaf.,0.07245145522955167,0.5333333284222223,0.8943946957588196,0.1873349471830986
289,A group of people dressed in period clothing are posing in a large indoor train station.,"Four people wearing old-fashioned clothing stand posing in front of the camera. They are in a large building with a bright ceiling, and there is a black train behind them. There are two men on either side of two women. The man on the far left has a black suit, black shoes, and a black top hat. The woman to his right is wearing a white, pink, and green dress, with a white hat, and a broach pinned to her chest. She is holding a white satchel in her white-gloved hands. The woman next to her is also wearing white gloves and holding a white satchel. This woman has a green dress on, with lace on the trim. The man next to her is wearing a checkered vest underneath a dark long coat and dark pants. He has a black top hat.",1.427126784782987e-81,0.19354838439125913,0.8455730080604553,0.0463678516228748
290,A black and white photo of birds in the water.,a bunch of birds are on the ocean shore. the shore is very shallow. the birds are white in color. you can see their reflections in the wet sand.,1.2881073926732112e-155,0.31249999570312503,0.8798584342002869,0.15733907339073389
291,A kitchen with a red chili plant in a pink container on the counter.,There are wooden cabinets on the wall above a wooden counter. There is a window above the counter with white curtains on it. There are red peppers hanging from a white planter on the ceiling.,1.4739649482141103e-155,0.285714281044898,0.889417290687561,0.16171162613981765
292,Two men are playing frisbee in front of a house.,Two men are jumping in the air trying to catch a frisbee. The frisbee is white. There is a house behind them with some trees in front of it.,9.974438608085462e-79,0.45714285306122454,0.9180896282196045,0.2767527675276753
293,A gray cat is sitting on top of a Samsung TV.,A cat is lounging on a flat screen TV.  The cat has white paws.  The TV is mounted on the wall.  A bed is reflected on the screen of the TV.,1.2161082191297478e-155,0.4666666620222223,0.8908851742744446,0.12068965517241377
294,A cowboy is roping a steer in a rodeo.,There is a man in a yellow shirt riding on top of a brown horse. There is rope in his hands and he is trying to rope a white cow. There is a wood fence behind the man.,2.887092901003232e-156,0.17647058463667825,0.8702061176300049,0.12147831592276034
295,"Four people are on a bike with a man in a white shirt and the others in yellow, red, and blue.",There are several people sitting on bicycles. They are on a beach and there is water behind them. A lady in a yellow shirt is standing next to a bike.,1.9188901763982587e-78,0.3333333285147393,0.8937751054763794,0.20067031521785247
296,A still life of a pomegranate and apple on a wooden table.,"A wooden table is next to a white stove. On the table are an apple, a pomegranate, a plastic container with brown food items, a container with cooking utensils and several other food related items. The tiles behind the table are beige and brown.",1.0170373320591385e-232,0.23255813572742023,0.8776593208312988,0.07352941176470588
297,A little girl is eating a slice of pizza.,"A girl in a purple and black shirt sits at a table in front of a plate. On the round yellow plate there is a slice of pizza with macaroni on top of it, and a long handled silver fork. the table is wooden with a white pebbled section n the middle. Near the camera there is a green water bottle.",1.4851378914053579e-80,0.2745098010149942,0.8707371950149536,0.05376344086021505
298,A park bench sits in front of a field of red flowers with a double decker bus in the background.,This image is of a bench sitting along what appears to be a paved walkway.  There is a area of grass behind the bench that has small red flowers blooming in it.  In the background are trees and 2 bright red double decker buses.  you can also see some city building in the far distance.,1.5453301664579206e-155,0.25396825002771484,0.8940631151199341,0.21669902912621358
299,A black and white photograph of a skateboarder jumping over a skateboard. The skateboarder is in mid-air with his arms outstretched. The background is a cityscape with buildings and a street sign. The skateboarder is wearing a white shirt and dark pants. The skateboard is white and black. The street sign is black and white. The buildings are made of brick and glass. The street is made of asphalt. The image is in a vintage style.,A young man flying through the air on a skateboard. The skateboard is gray in color. The young man on the skateboard is wearing gray pants and a white shirt. There is a crowd watching the young man on the skate board. There is a wall separating the man from the crowd.,1.9462637330234798e-78,0.3124999950781251,0.8934326767921448,0.24702882455065356
300,A red airplane flies through the sky.,A plane that is red and blue is flying in the air. There are several white clouds behind the plane. There is a white stripe on the plane.,7.338895124640601e-233,0.22222221838134434,0.9106711745262146,0.07722007722007723
301,A man wearing a blue shirt and jean overalls is standing in front of a white refrigerator.,A man is in a blue shirt and jean overalls. He is wearing a white and black hat on his head. There is a white refrigerator in front of him. There are white trucks behind him.,0.11920106427382411,0.6190476143310658,0.9203398823738098,0.33574720210664905
302,A woman is training a dog in the backyard.,There is a large brown dog standing next to a woman. The woman is holding a blue frisbee in her hand. There is also another person standing next to the dog.,6.954536177282148e-156,0.3333333291333333,0.8885242938995361,0.12152777777777776
303,A child is eating a slice of pizza.,a little girl is eating a slice of pizza. she is holding it in her hands. the pizza is pepperoni. The table is blue and there is a red plate on the table beside a plastic white fork. the kid is wearing a bib which is white in color and there is a mess on top of the table.,0.001159100204966902,0.2790697644131963,0.8934776782989502,0.07421150278293136
304,A skateboarder jumps over a skateboard in the street.,A man is wearing a black cap and jumping off of a skateboard. The skateboard is green and red. There is a red brick building behind the person.,1.8014357939715703e-232,0.2666666624666667,0.8829801082611084,0.09578544061302682
305,A man is fishing in the ocean and a man is flying a kite.,a kite is in the sky. the kite is light blue in color. people are flying the kites. the sky is very blue and has wispy clouds in the sky.,2.1066497103684982e-155,0.2068965470154579,0.8856542110443115,0.16887036504742745
306,A young girl with a grey hat on is eating a cupcake.,A little girl with a brown hat on and she has long hair underneath the hat.  She is wearing a blue and pink top that is a little off her shoulder .  She is eating a piece of cake out of her hands her fingers have cartoon character wrapped around them and a person in black clothing is sitting on the right side of her.,7.535625215435872e-80,0.28571428255739795,0.8815847039222717,0.09781417374940547
307,A silver airplane is in the center of the picture.,Some planes sit on the ground. The ground is covered in mostly green grass. The plane in the front is mostly silver with some red and black signs. There is a black plane and a red plane behind it. Many tall trees are behind the planes. The sky above is blue. There are no clouds in the sky.,5.959922004266e-157,0.13636363310950422,0.8674044609069824,0.05639097744360902
308,Surfboard on top of black pickup truck in parking lot.,A hot rod truck sits in a parking lot.  A surfboard is resting on top.  The truck is antique looking.  It has fancy wheels with fenders.  The hood has exhaust pipes sticking out.  The truck bed is covered up.  The truck is painted black.  A modern conventional car is parked nearby.,1.2001809072403528e-156,0.2916666633680555,0.8608072996139526,0.10225838736347419
309,A man surfing in the ocean is partially obscured by a series of black squares.,"A person stands, wearing a wetsuit, on a surfboard surfing in the waves of the ocean. While another surfer sits on the surfboard looking on at the surfer. Two heads can be seen bobbing in the distance behind the ocean wave. A concrete pillar is in the foreground of the beach.",3.3926690737892756e-79,0.24489795493544364,0.8751394152641296,0.08438818565400844
310,A man in a fancy outfit is posing with a bear.,"A man in an elaborate blue, red and gold eastern style costume is standing in front of a stand on which two large brown bears are on four paws and appear to be kissing the man on his cheeks. Behind them is a cloth with has small bears and trees painted on it. A large large with rope on it is in front of them.",3.107908506435807e-80,0.22222221920438956,0.8787461519241333,0.0587248322147651
311,A red fire hydrant is surrounded by green bushes.,A red fire hydrant is in the dirt. There are green bushes all around the hydrant. There is a brown leaf on the ground in front of the hydrant.,0.050622819218279054,0.46666666246666666,0.9345993399620056,0.18930041152263374
312,"A group of people are sitting around a table eating a meal. There is a pizza, salad, and french fries on the table.",Two people are sitting next to each other at the table. On the table are drinks and many dishes of various foods. In the middle of the table is a cutting board with a whole pizza on it.,1.6493712973632274e-78,0.3599999952000001,0.9068371057510376,0.1643835616438356
313,A motorcycle with the word police on the front of it is being ridden by a man.,"A parade is going down the street in a town in a residential area. There are there police officers on motorcycles in the front, and behind them there is a police car. People are standing on the sidewalk watching as the parade goes by.",1.220513747382206e-155,0.29787233593481216,0.8754620552062988,0.09685230024213075
314,Man on motorcycle holding American flag.,"A man in a black t-shirt, black leather vest, and blue jeans is sitting on a dark red Kawasaki motorcycle with a USA flag on the back. The rider is wearing a helmet with a design painted on it, and looking off to his left. On the left of him there is a white car in front. And there is a gray car behind him. There are two trucks and two cars going the opposite direction on the left of the street.",4.3668127778566434e-237,0.09999999820000001,0.8572832942008972,0.020161290322580645
315,A long shot of a vintage bomber plane.,There is a large gray plane with people standing next to it. There is a person in a blue shirt next to the plane. There are cars next to the plane.,7.267694951003451e-233,0.14814814397805223,0.8636210560798645,0.05226480836236933
316,A man is working outside.,A white and brown building is in front of a brick sidewalk. There is a person standing behind a silver table. There is a yellow cart in front of the window on the building.,4.386471645114064e-234,0.14285713992346943,0.8711598515510559,0.03215434083601286
317,A black and white photo of a train with trees in the background.,An old steam locomotive is chugging down the tracks through a wooded area. There is a steamstack on it that has smoke billowing from it. The train has many open windows and it is filled with people.,2.2645950747540455e-232,0.13636363220041336,0.8604599833488464,0.08670520231213873
318,Black leather chair in front of a red wall with a lamp on the desk.,A flat screen computer is positioned on a contemporary desk.  There is a flexible desk lamp to the side.  On the opposite side is a set of speakers.  On the front left edge is a large pair of headphones hanging from the corner.  An ergonomic office chair is in front of the computer and facing a red wall.,2.3038087120862047e-79,0.3773584866785333,0.8835736513137817,0.14874494051741383
319,A brown cow stands behind a wooden fence in a field. The cow is looking at the camera. The background is a blur of green trees and blue sky.,There is a wood fence with bushes and trees in front of them. There is a large brown cow behind the fence. The cow is standing in a field of grass. The sky is blue and there are no clouds in the sky.,1.933649057468519e-78,0.49999999502958586,0.9161854386329651,0.34585949764521196
320,A street sign that says Parson Street is in front of a building.,There is a black steel fence with a white and black sign on the front of it. There is a yellow and orange building behind the fence. There is a brick building next to them.,1.1619131710556398e-155,0.33333332871913585,0.8688225746154785,0.12999661246612468
321,Two quail birds are standing on a sidewalk in front of a tall green grassy field.,"Two birds stand next to each other.  The birds seem to be of the same species, only male and female.  One bird has an elaborate growth coming from the top of its head.  Its head is black with white stripes.  The other bird's head does not have a growth or any stripes.  The birds are standing on flat ground next to some green grass.",0.009064757830831535,0.2461538426035503,0.8631771802902222,0.11863914695945944
322,Two zebras stand in tall grass field looking up at something.,There are two zebras standing on dirt. They are both facing away in the same direction. There are several bushes on the ground next to them.,3.042271038721479e-232,0.12499999548828142,0.8877518177032471,0.18204081632653063
323,A full length mirror is propped up against a wall next to a bed.,The image contains a bed with an intricately carved headboard and foot board.  A flowery blanket covers the bed along with two pillows.  A blue piece of material is draped over the foot board.  Two gold-framed mirrors of differing sizes are standing against the wall.,1.4549204404291235e-232,0.23999999615200004,0.8661779165267944,0.07159904534606207
324,A red train is on the tracks in the station.,a train is on the tracks. the train is red in color. the tracks are black in color. there is nobody on the platform. there is a sign above the platform.,0.0411072995171337,0.47999999539200017,0.9029102325439453,0.20205903712247428
325,A close up of a cat looking out the window of a car.,A rear view mirror on a car. It is black around the rim. There is a white and gray dog in the reflection of the mirror. There is a large tree in front of them.,1.263879540680501e-155,0.27777777353395067,0.8714996576309204,0.12195121951219513
326,A man is eating a salad and pizza at a restaurant.,There is a man sitting at a table wearing a green shirt and a gray jacket. There is a pizza on the table in front of him on a wood serving board. There is a salad and a sandwich on a plate on the table.,2.1908636884279482e-79,0.33333332932098775,0.8776994943618774,0.14037274453941123
327,A man is cutting a birthday cake for a woman.,A man is presenting a woman with some desert. There is some cheesecake and icecream with a candle. They are in a very nice restaurant and they are both smiling.,5.67432256087858e-79,0.31249999595703126,0.8945384621620178,0.08928571428571427
328,A plastic bag of hot dogs sits on a white surface.,The sun's rays are shinning through the trees in the back ground. The trees are tall and they produce a lot of shade. There is a white table in the foreground. On the white table is a zip lock bag. In the bag is three or four rolls of what appears to be some kind of processed meat. The meat are in rolls such as what you would expect bologna or sausage to be.,2.120880018232221e-157,0.1355932173053721,0.8615844249725342,0.04431314623338257
329,A bathroom under construction with a bathtub in the center.,The room is being finished. There are bare walls. There is no sheetrock. The bath tub is white. It is just sitting in place. The wood beams are thin.,1.5323176637973343e-232,0.06249999570312531,0.8890934586524963,0.07380073800738007
330,Skateboarder in black pants and green socks rides on a sidewalk.,A person is riding on a skateboard. The skateboard is black with yellow wheels. The person's shoes are black with green socks. Pants are black. Two hands are hanging by the side of the body. The ground is nicely tiled with a sort of brick.,2.9612445879385407e-156,0.23809523422902495,0.8746007680892944,0.11528649921507064
331,Polar bear in water with black squares all around.,A white polar bear is relaxing in water. The water is blue and calm. The polar bears back paw is sticking out of the water. The paw has black padding. The water is enclosed by a rock like wall. The polar bear has closed eyes. The mouth is in a frown.,1.3987983514966436e-233,0.19512194779298042,0.8644774556159973,0.0794871794871795
332,A sheep is standing in front of a bicycle.,There is a road that has sheep standing on it. There is a person riding a bicycle going down the road in front of them. There is tall grass and trees around the road.,3.10018008293054e-79,0.3529411725778547,0.8989523649215698,0.20039682539682538
333,A faded photograph of three children standing in front of a house. The child on the left is holding a red baseball bat. The child in the middle is holding a white baseball. The child on the right is holding a baseball bat.,three kids are all standing outside in the grass. they are all holding bats and balls. the bat is red in color. the ball is white.,4.167167434299169e-155,0.36363635867768596,0.8810040950775146,0.21660649819494585
334,"A woman is sitting on a chair on a patio. She is wearing a brown sleeveless top, white shorts, and glasses. She is holding a phone. There is a plate and a black bag on the table.",A lady is holding her phone and sitting with her legs crossed. She has a gray flip phone. She is wearing a brown tank with some short white shorts. She has blond hair and sunglasses on the top of her hair and she is in a building that has a lot of wooden furniture.,0.09221033921103135,0.35483870486472424,0.9033216238021851,0.21847514340344176
335,The large outdoor swimming pool is surrounded by a fence and has several people in it. The pool is surrounded by trees and a few tables with people sitting at them.,A large swimming pool is free of people swimming. The light blue pool is decorated on the bottom with three blue triangles and a curvy stripe. People stand around the pool by a few white tents set up on the far end of the pool. A set of stairs leads into the pool. The stairs have a metal railing.,1.1896261850534823e-78,0.3225806404942768,0.893923819065094,0.14234875444839856
336,A stop sign is in the center of the picture.,"The view is an industrial area of a city and is under construction. To the right is a business with a yellow and blue billboard. In addition there is a flagpole with an American flag adjacent to the building. There are several vehicles in a parking lot in front of the business. To the left is a construction site that is fenced and barricaded off from the street. A tall, blue crane stretches into the blue, cloudy sky. In the foreground a stop sign with a sticker under the silver letters stands on a street corner. The sign casts a dark shadow on the sidewalk behind it.",5.935879957684845e-159,0.18181817975375275,0.8511446118354797,0.04110996916752312
337,The inside of a kitchen with stainless steel refrigerators and cabinets.,A room with a lot of machine in it.  Some of the machines are silver and some of white.  The floor is black and shiny.  The wall in the room are white.  There is writing on top of the silver machines and black dials on top of the white machines.,4.316495658360705e-233,0.1538461497961868,0.8438010215759277,0.05422993492407809
338,Two children are standing on a snowy mountain.,Two children are posing for a camera in the snow.  The boy is standing on skis with a blue helmet and a snow jacket.  The girl has a graphic designed ski jacket and blue helmet.  There is a ski lift on the right side of the mountain.  Trees and mountains are seen in the distance.,1.7152444825793353e-80,0.31818181520661165,0.8909600973129272,0.09534628960928308
339,A WW2 era bomber plane is flying through the sky.,there is a plane in the air. it is a green military plane. it has really shorts wings. the tail wings are also small. it has propellers on the front. it is being surrounded by clouds. the sky is very blue.,6.0740133671247525e-233,0.21052631191135737,0.8607009649276733,0.052770448548812667
340,A black and white cat is sniffing the air.,A cat is black and white. It has a pink mouth and white whiskers. It is looking up. The cat is laying in green grass. The ears of the cat are pointing up.,7.616848138022776e-156,0.3636363596694215,0.8918057680130005,0.15672935841003066
341,A lake with colorful kayaks and a stone wall in the background.,Many narrow kayaks sit in the water. They are all bright colors.The water is still and flat. Next to the water is a fence. There is a bridge over part of the water. There are many trees next to the water. A tree branch covers some of the boats. There are the reflections of many trees in the water. The sky above is clear.,9.039070851972465e-157,0.23529411404844294,0.8739572167396545,0.0510204081632653
342,A group of elephants are drinking water in a grassy field.,A group of animals is gathered in a field. There are elephants and rhinoceroses standing together near a watering hole. There are both younger and older animals here together. Some of the elephants are caked with mud after being in the water.  The rhinoceroses are walking toward the water while the elephants are facing the direction the rhinos are walking from. The elephants have large flapped ears and long trunks. The water hole is surrounded by tall green grass and trees with many green leaves on them.,5.326266316249744e-81,0.272727269949495,0.8793842792510986,0.05667506297229218
343,Man in mirror with tie and glasses.,A man is taking a selfie in the mirror. He has on a black suit with a orange shirt. His tie is green and white. The bathroom has very dim lighting.,5.1373500541653e-233,0.2941176437889273,0.8669177889823914,0.08741258741258741
344,Woman eating hot dog in front of a building.,A woman in a blue shirt is standing on the sidewalk. There is a hot dog in her hands and she is taking a bite out of it. There are people walking on the sidewalk behind her.,2.0421615057992012e-79,0.2777777740277778,0.8758545517921448,0.14944769330734245
345,A hot dog with a pickle on top is on a napkin.,A hot dog is sitting on a white piece of paper. There are chopped onions on top of the hot dog. There is mustard on top of the hot dog.,1.0753216673627978e-78,0.4285714239795918,0.9052777886390686,0.14184397163120568
346,A bathroom sink is on a brown mat.,a toilet is in the ground. the toilet is bright white. there is a bowl in water in front of the toilet. the bathroom is made of cement.,1.1702534650797613e-232,0.2499999955555556,0.8821132779121399,0.07692307692307691
347,A black motorcycle rider is going down a road. The rider is wearing a red helmet. There are people standing on the side of the road watching the rider.,there is a motorcycle on a road. there are white lines on a road. a man is riding the motorcycle. the man is wearing red and black. he is also wearing a helmet. there are many people on the sidewalk.,5.322168635973699e-155,0.5454545404545454,0.9175500869750977,0.3149767392213199
348,Skateboarder in mid air.,A man is wearing a t shirt and jeans. He is jumping off of a skateboard. The man is wearing a white cap. There is a skating ramp behind the man.,0.0,0.0,0.8637876510620117,0.0
349,A man driving a covered wagon with two horses.,Two donkeys are pulling a carriage. The donkies are wearing reigns. The reigns are black in color. There is a man pulling on the reigns. He is wearing a cowboy hat and blue jeans.,7.777349830781307e-233,0.1212121172451792,0.8731409311294556,0.10019841269841269
350,A white cat sits on the hood of a car.,A white cat with black paws is standing on top of a parked car and standing at the camera. On the windshield of the car is the reflection of a building and the fluffy clouds in the sky. Behind the car there are two buildings and a gray car parked on the street.,7.359125671116826e-80,0.37209301968631703,0.898400604724884,0.11754599170263587
351,Woman talking on cell phone with black hat and scarf.,a woman is on the phone. her phone is white. her hat has a bow on it. she is smiling at somebody. she is wearing neutral colors.,2.463133880497839e-232,0.13793102996432832,0.8775638937950134,0.07905138339920947
352,A woman standing on a subway platform is looking at her phone. A train is passing by.,A person is wearing a tan jacket. They have a brown backpack on their back and a gray scarf. They are holding a cell phone in their hands. There is a silver train in front of the person.,4.0827471751126376e-232,0.2727272682334711,0.8690606355667114,0.11142061281337047
353,Elephant walking through a zoo with giraffes and zebras in the background.,There is a large elephant standing in the grass. There is a giraffe in front of the elephant. There are trees behind a fence in front of the animals.,1.4046189735436532e-155,0.20689654687277062,0.8778954148292542,0.0915750915750916
354,"A clock tower stands tall in a park. The tower is made of stone and has a square base. The tower is topped with a weather vane and a clock. The clock has two faces, one on the left and one on the right. The clock hands are pointing to the 12 and the 6. The sky is cloudy and there are trees in the background.","The sky is gray and cloudy. The clock tower is visible. The tower has compass on its top, and has two clock faces. Below of the tower is row of trees and a field. On the field a person is walking.",2.1215916305278293e-78,0.36923076443076924,0.8920570015907288,0.3626470788274502
355,A woman in a yellow jacket stands on a snowy mountain. She is looking down the slope. There are other skiers in the background.,a man is getting ready to ski down a mountain. he is wearing a really yellow jacket. his hat is red in color. there are two ski sticks in the ground. his skis are pointed forward. he is a happy man.,2.695021214934799e-155,0.35999999512800007,0.8966986536979675,0.18774738478936953
356,A bed is covered with a colorful quilt. The quilt is made up of many different colored squares. The squares are arranged in a pattern. The quilt is also decorated with some small pictures.,A bed with a colorful quilt on it. The headboard on the bed is wooden. Next to the bed is a small table with a small lamp on it.,2.3353969483732065e-78,0.41860464629529476,0.9052948951721191,0.23728813559322035
357,A man sits on a snowy mountain overlooking a rugged mountain range.,A man is being shown laying on the side of a mountain. He has ski equipment. Behind him are very tall and sharp mountains and clouds in a very clear blue sky.,1.2429312220040467e-155,0.25641025259697575,0.8899427056312561,0.14212962962962963
358,A plate of waffles with a bottle of syrup next to it.,Two octagon-shaped waffles are in a pile on a floral bordered plate. There is a neat square of butter on top of the waffles. The waffles are slightly browned. Next to the plate is a bottle of syrup with a light colored label. The counter beneath the plate is a dark granite.,0.009953612764455461,0.26666666297283953,0.8868572115898132,0.18508953168044073
359,"A blue pedestrian crossing sign is in the foreground on the left, and a red stop sign is on the right.",The square sign is black white and blue. It has a white triangle has a icon of a person walking across the crosswalk. The sign is on top of a silver pole. Behind the sign is a stop sign and a paved street.,1.2053209759996206e-78,0.3255813906760411,0.8806028366088867,0.20901416122004357
360,Snowy street scene with cars and traffic lights.,A bunch of cars are driving in a snow storm. A couple of cars that are parked near the sidewalks are completely covered in snow. The signs are all covered and so are the houses.,4.4080798132222975e-233,0.12499999625000012,0.8661640882492065,0.030959752321981424
361,"A Wusthof knife is on a wooden cutting board with broccoli, red onions, and orange carrots.","I see a wooden table with broccoli, onions and carrots on top of it. There is also a sharp kitchen knife next to the carrots. The broccoli carrots and onions appears to be chopped.",2.534289588596918e-155,0.31818181355371905,0.8864710330963135,0.19736024844720498
362,A person petting a sheep in a pen full of hay.,A sheep is laying down in some hay. There is a hand of a person reaching in and petting the sheep. The person is wearing a blue jacket. The sheep is looking up.,2.344940436951448e-232,0.42424242001836554,0.8896863460540771,0.1461038961038961
363,A red and cream colored tram is on a track going down a mountain. There is another red and cream colored tram going up the mountain.,There are two red trolleys on the tracks. There is a fence next to the trolleys. There is a building behind the trolley.,4.968397942857727e-155,0.363636358640955,0.8919987082481384,0.25062258252530073
364,Man carrying red bag next to train.,"A man is walking by an MBTA commuter rail coach.  The coach has a purple stripe and a ""T"" logo, signifying transit.  He is wearing sunglasses, a t shirt, pants and sneakers.  He is carrying a red bag over is shoulder.  A yellow tactile warning strip runs along the side of the train.",1.159951215016573e-157,0.1632653036734694,0.8665083050727844,0.0768595041322314
365,"A messy kitchen with a toaster, coffee maker, and refrigerator.",A note is hanging on the wall above a range top. The walls have white tiles and all the cabinets in the kitchen are white. The refrigerator has a bunch of gray magnets on it.,1.1892882184968178e-232,0.15384615003287322,0.871147096157074,0.061538461538461535
366,Two people snowshoeing down a snowy path in the woods.,There are two people waking in snow shoes in the snow wearing black snow suits. There are trees next to the people on both sides. There are tracks in the snow.,7.805010470852932e-156,0.20689654720570758,0.8771915435791016,0.1543252595155709
367,A woman in a blue dress is dancing at a party and a man in a purple shirt is watching her.,A woman is wearing a grey tie and holding up a bottle of beer. She is having a good time dancing at a party. The woman has dark brown hair. There is a picture on the wall behind the woman's head.,1.1949509468074239e-78,0.32653060784673055,0.8980191349983215,0.18919159544159544
368,A stone church with a red roof and a clock tower has a black square pattern over it.,"A contrail is the only mark on this bright blue sky above a distinctive building. The building is made of different sized grey, tan stones. A peak of a rooftop in one area of the building can be seen. The roof is shingled with rust colored shingles. Behind the roof is a square tower with a black round clock. The tower is topped with a flag resting without a breeze.",4.087252631220125e-156,0.18749999625000005,0.8683655261993408,0.06944444444444443
369,A row of benches on a sidewalk.,There are several benches on the ground. There are trees and bushes behind the benches. There is a person walking on the sidewalk in front of the benches.,4.125641103118637e-156,0.23076922683431958,0.9109488129615784,0.07722007722007723
370,A bathroom with a toilet and a sink.,An open door of a bathroom. The toilet is cleaned and the lid is closed. The wall appears to have very nice and neat wallpaper on it. The light is on and the overall appearance of the doorway and room is very clean.,1.7946418133746944e-233,0.1621621590942294,0.8789423108100891,0.03797468354430379
371,A cup of tea and a pair of glasses on a desk with papers and a pen.,"A white cup of tea with a tea bag inside sits on a saucer with a spoon on it. Beside the saucer there is a small container of cream, and a pair of silver over sized sunglasses. Next tot eh glasses there is a black flip phone. Closest to the camera there is a black leather portfolio open with pages of paper clipped inside.",0.015937140665965636,0.3571428535778062,0.8767991662025452,0.14157517981897647
372,A black and white photo of a train traveling through a forest.,A black steam locomotive is riding on train tracks. It is black and green and yellow. There is steam coming from the stack. Around the locomotive is green grass. A few people are walking by the train.,9.215545740045962e-156,0.22222221797839511,0.8648896217346191,0.07246376811594205
373,A bowl of yogurt and blueberries is on a table.,"Inside of a white bowl is some yogurt, blueberries and almonds.  A silver spoon is inside the bowl and used for eating with.  The juice from the blueberries is making the white yogurt tinted blue.  The almonds are whole and there are more berries than anything else in the bowl.  The bowl is round and is sitting on a wooden table.  Residue of the food can be seen on the insides of the bowl.",1.701705502190084e-157,0.31578947079101266,0.87813800573349,0.07396449704142012
374,A skier is on a snowy hill.,A person is skiing down a hill. There are trees on the other side of the hill. The person has a red jacket on. There are many tracks in the snow in front of the person.,2.659232550730257e-233,0.3225806416649324,0.8908899426460266,0.07552870090634442
375,A curved blue bench sits on a dirt patch near a tree and a boat.,Tug boats are docked at the shore. Three men are on the pavement wearing jackets. Two are standing and one is sitting on a green park bench. There are two green metal park benches which are curved into a half circle.,1.0353395184149788e-155,0.1333333292246915,0.8800156116485596,0.1248937074829932
376,"A messy desk with a keyboard, mouse, and other office supplies.",There is a white desk with various items on top of it. There is a computer monitor that is turned on. There is a black keyboard in front of the computer. There is a black mouse and several black wires.,4.665313820943909e-156,0.22222221797839511,0.8910126090049744,0.10026954177897573
377,A kite flies above a tall building with a Capital Land sign on it.,A kite is flying hair in the air. It is flying over a building. The sky is gray and cloudy. The kite is red and green in color.,1.966256632079102e-155,0.24242423764921955,0.8743261694908142,0.07518796992481203
378,A blue bird is perched on a wooden post in front of a corn cob.,"This image shows a bird perched on a wood stand to the right of a corn cob. The corn cop has about 1/3 of its kernels still attached to it. The cob has been attached to the wood below it at a ninety degree angle, so it is standing straight up. The bird has black plumage on its head and shoulders, and dark blue feathers on its wings and tail. The bird's beak is slightly curved upwards and it has a small crest of feathers on its head. Its eyes are shiny and black, and its feet are thin and black.",0.0008418443701969928,0.24324324017531046,0.8614041209220886,0.05952380952380953
379,"A pizza with tomatoes, mozzarella, and basil on a plate.",A pizza sits on a yellow plate. There are cut up tomatoes on top of the pizza. There is spinach on top of the pizza.,1.921630421604198e-155,0.3703703657064472,0.8886895179748535,0.15829787234042553
380,A couple walking in the rain under a transparent umbrella.,Two people are walking down the street. They are huddled under a clear umbrella. There is a man wearing an orange vest and a woman carrying a black bag.,1.0831648889607271e-155,0.2857142816326531,0.8935436606407166,0.1107011070110701
381,A girl is sitting on a bench with a teddy bear.,A girl is pointing at a fuzzy teddy bear. She is crouched down and wearing a sweater. The bear is sitting on the ground and facing the girl.,1.4298996354595525e-78,0.5161290278876172,0.9246795773506165,0.31286673238511015
382,A black steam train is on a track.,"A multi-colored train traveling down tracks. The train has a single headlight on it's engine. There is smoke billowing out of the train engine's smoke stack. The train track is on top of a hillside. There are plants to the left of the train,. There are large gray clouds above the train. The sky above the train is partially blue.",1.4578440765668715e-157,0.21739130147448016,0.8645740747451782,0.06788321167883211
383,Man shaving his face in bathroom with mirror in frame.,A man is shaving in the bathroom. He is looking into a very big mirror. He has on a white tank and the door is open.,2.459770855197576e-232,0.2666666624666667,0.8851075768470764,0.08196721311475409
384,A dog with an elephant stuffed animal on its back.,"The dog is a husky. His nose is black. His fur is combination of white, beige and gray. There is a stuffed elephant toy on his head. The elephant is gray with white tusks. The dog is looking sad and lying on the carpeted floor. Behind the dog are the feet of brown chairs and table, they are made of wood. The dog has whiskers.",6.26081936965949e-234,0.15384615073964505,0.8654584288597107,0.050420168067226885
385,A man and a boy are walking into the ocean. The man is carrying a blue surfboard under his arm.,A man is walking with his surfboard and sun on the beach. They are walking towards the water. The man has a black and white shirt on and some blue shorts. His son has no shirt on and plaid shorts.,3.3375875794316076e-155,0.46808510165685835,0.904790997505188,0.2524167561761546
386,A traffic sign that says do not stop on tracks is in the middle of the picture.,a sign is on a pole. the pole is silver. there is a light on the pole. the light is red in color. the cars are going down the road.,6.536215474575477e-232,0.30303029803489445,0.8574792742729187,0.1219512195121951
387,Two people playing tennis on a court with a house in the background.,a blonde haired woman with a white top and shorts is waiting to hit the tennis ball that is in the air. there is a bald man with brown shorts with a stripe on the side holding a tennis racket waiting for the ball to come to him/. The court is made up of green and white with white lines. there is a long net separating the man from the other player.,9.023858138993488e-157,0.17857142520408167,0.8573734164237976,0.06051437216338881
388,A black and white photo of a kitchen with 4 women in it.,There are women standing in a kitchen wearing white. There is a large sink behind them. There are ovens next to the women. One of the women is holding a basket.,1.5805300091629504e-155,0.22857142390204094,0.8741798996925354,0.10273972602739725
389,"A busy street scene in a city, with a large number of motorbikes parked and parked. The motorbikes are parked in a haphazard manner, with some parked on the side of the road and others parked in a parking area. The street is crowded with people, with many people standing around the motorbikes, some of whom are wearing traditional Vietnamese clothing. The people are standing in various poses, some are talking to each other, some are looking at the motorbikes, and some are just standing around. The background of the image is a building with a sign on it, and there are some trees in the distance. The image is in black and white, and the style is documentary photography.",A black and white photo of a foreign scene. The scene appears to be somewhere in Asia. There is a person wearing a big triangular hat in the foreground.,3.534217656986565e-155,0.23255813541103307,0.865352213382721,0.2362204724409449
390,A sandwich with a knife stuck in it.,The half eaten sandwich is on the plate. The sandwich has meat in between. The plate is white. Behind the plate is a bowl of salad. The bowl is blue. There are two glasses of water behind the bowl.,2.958864130998708e-233,0.1818181781450873,0.8707257509231567,0.04178272980501393
391,A tennis player is in mid swing of hitting a tennis ball.,"A tennis match is about to begin on an outdoor court. It is a clear day with a blue sky and small fluffy clouds. In the background there are white outbuildings with gray, metal roofs surrounded by trees. Nearer to the court, on a grassy slope,there are several rows of spectators dressed casually and for mild weather. The spectators sit on the ground or in chairs. In the foreground is the tennis court. The playing surface is natural grass with white lines that shows wear in some areas where play is frequent. The court is surrounded on the spectator side by a low green carrier. To the left of the spectator side, the court is surrounded by a higher, dark barrier. People wait along this barrier to enter the court to retrieve balls. On the court two players are present along with one official or coach. One player is warming up by tossing the ball in the air to hit. The other is standing next to the official. A full court net separates them. Because of the time of day, and direction of the sun, people cast shadows across the court.",2.9263933878111583e-161,0.1093749984289551,0.8323349952697754,0.023108030040439053
392,A red and yellow train is on a track surrounded by trees.,A red and yellow train moves along the track.  One side of the track is lined with trees.  There is a single light near the window on the front of the train.,0.07120730738203532,0.49999999555555563,0.9185550808906555,0.2973333333333334
393,A close up of a sandwich with lettuce and tomato on top.,"A paper plate is filled with a salad. The salad has large, soggy pieces of lettuce. They all have salad dressing on top of them. There is a toasted piece of bread in front of the lettuce. The paper plate is white.",1.201487642501159e-232,0.2857142816326531,0.8683333396911621,0.0641025641025641
394,A hawk stands on a black fence in front of a green field.,A brown and white spotted bird is standing on a fence. The fence under the bird is steel. There is a field of grass behind the bird.,2.250231132546447e-155,0.3124999953125,0.9098089337348938,0.22361288265306117
395,A jet flies through the sky with a blue sky and white clouds in the background.,a plane is flying in the air. the plane is all white in color. the plane is very pointy. the sky is very blue. the clouds are very fluffy.,3.2530231029601104e-155,0.4516128982726327,0.8834187984466553,0.1444043321299639
396,Man holding plaque in front of motorcycle.,There are three old people in the picture. At the center is a classic and shiny tricycle. At the front of the tricycle is an old man holding a plaque.,3.10032560837173e-156,0.2068965480618312,0.8810644745826721,0.1610108303249097
397,Skateboarder in mirror.,A man is wearing a gray shirt and jeans. He is jumping in the air on top of a black skateboard. There is a black skateboard ramp on the side of him. There are small clouds in the sky above him.,4.3668127778566434e-237,0.06451612728407914,0.8457701206207275,0.026881720430107524
398,"A close up of a tall, gray, concrete tower with two clocks on it.",there is a big gray building. the building has a clock on it. the clock is made of glass. the clock has big hands.,2.81163552718161e-155,0.27586206397146257,0.889973521232605,0.18538647342995168
399,A slice of pizza sits on a napkin next to a bottle of Stella Artois beer.,A piece of food sitting on a white towel. There is a bottle of alcohol behind the piece of food. There is a remote control near the bottle of alcohol. There is a cap for the bottle next to the towel with food.,7.268670389840164e-79,0.3783783736742148,0.8801175951957703,0.18461538461538463
400,A large brown and white osprey is perched on a branch. The osprey is holding a fish in its talons.,There is a bird in a tree and the bird has a fish in its mouth. The bird has a white breast and belly with brown wings and a yellow eye. The fish is silver with darker spots on its back.,0.0552010911373105,0.41860464638182804,0.8773697018623352,0.16709511568123392
401,A row of boats with oars in a river with a building in the background.,"Colorful boats with teal canopies are lined up on a murky river on a gray, overcast day. The boats have oars in front sitting in the water. Behind the boats small buildings can be seen lining the river.",1.927703018803682e-155,0.3333333292517007,0.8936512470245361,0.1780112044817927
402,A dog is jumping out of a pool with a crowd of people watching.,There is a pool of water with a splash in it. There is a brown dog in the water. There are people standing next to the pool. There is trees behind the people.,2.0906662594318827e-155,0.3124999953125,0.8891836404800415,0.14469453376205788
403,"A bathroom with a shower curtain, sink, and mirror.",A bathroom with a white sink in it and a bar of soap on top of the sink. There is a bath with shelves on the side of the wall. There are bottles inside of the shelves. The shower curtain has orange circles on them.,0.00604995648388928,0.29999999651250003,0.8983167409896851,0.07246376811594203
404,A group of men are sitting at a table in a restaurant.,three men are talking. they all have bears on their face. there is a blue shirt on the man. the shirt has flowers on it.,1.9603036919891913e-155,0.18749999548828133,0.8735035061836243,0.10782934833567746
405,A plate of spaghetti and meatballs is on a table. The plate is white and the meatballs are brown. The spaghetti is tan and the sauce is green. There is a bowl of carrots on the table.,"A white dinner plate with spaghetti shaped noodles and three tiny meatballs sit on a table that has pink back chairs next to it. There are vegetables on the past in the dinner plate. Next to the pasta plate is a black bowl with chunks of sliced orange carrots. 
Against the wall of the room is a radiator painted white and above that a shelf and window.",3.5940983622563085e-155,0.43478260446124767,0.8845593333244324,0.21782500000000005
406,Toilets with plants growing out of them.,A brown door on a house has some stickers on it. Next to the door on both sides is red toilets. There are plants growing out of the toilets. There are some dead leaves scattered around on the porch.,0.0042524262065541715,0.2222222190895062,0.8772071599960327,0.11085893854748605
407,A train with a blue and red exterior is at a train station.,"A train is opening it's doors. The train is currently parked at a train station. The train is blue, the doors are red, and it has white stripes on it. There is a long yellow line near the train area.",0.0318938958415998,0.3589743549243919,0.9058148264884949,0.12064343163538875
408,"A group of people are on a frozen lake. In the background, there are trees and a cloudy sky. There is a kite flying in the sky.",There are people standing on the beach. There is water in front of them. There is kites in the sky above the water. There are clouds in the sky.,2.3617033792116025e-78,0.46153845662064436,0.916797935962677,0.3330498866213152
409,Black and white bathroom with toilet and sink.,A white toilet sits next to a white wall. There is a white sink on the wall. The tile on the floor is black and white.,1.5026351931293137e-232,0.31999999596800005,0.8827951550483704,0.08264462809917356
410,A red and yellow train is parked at a train station.,RED AND YELLOW TRAIN ON THE TRACKS WITH TWO LARGE WINDOWS IN THE FRONT.NUMBER ON THE FRONT IS IN BLACK NUMBERS. THERE IS ASLO A SQUARE BOX WITH THE INITALOS OF DB OUTLINED IN RED.THERE ARE MANY WIRES CONNECTING THE OTHER BRIDGES RUNNING ALONG THE TRACKS. A GRAY BRICK BUILDINGIS ON THE SIDE OF THE TRAIN WITH A WHITE ELECTICAL BOX ON THE GROUND.,8.084448072045063e-234,0.03921568312187646,0.8151178359985352,0.11964970187393528
411,Man on skateboard with a large bandage on his knee.,a man is standing on the sidewalk. he has a cut on his arm. his arm is bleeding. he is smiling at something off camera.,1.5282164258101107e-155,0.22222221777777784,0.8713685274124146,0.10638297872340426
412,A cowboy is herding cattle on a road.,There are black cows walking along the street. There is a man riding a brown horse down the street next to them. There is a white car on the street in front of them.,5.527885951329542e-233,0.18749999625000005,0.8802098035812378,0.06369426751592357
413,Man in bathroom with yellow trash can and couch.,A man stands in front of a group of white sinks which are mounted on a wall. The wall is maroon square tiles.  A mirror covers the wall.  The man is wearing black dress pants and a white shirt and he is adjusting his tie while looking into the mirror.  Next to the man is a partition all with a large yellow trash bin.  The floor is tan tile and the room is a bathroom with stalls on the far side.,3.1972643693973885e-158,0.19354838461498441,0.8513274192810059,0.07756761241081798
414,"A large orange Alliied delivery truck is parked in a snowy driveway. The truck is covered in snow and has a large red and white sign on the side that says ""Alliied"". The truck is parked in front of a brick house.",A large orange truck is parked next to the brick building. The word Allied is on the back of the truck behind the cab.  There is snow on the hood of the truck.  The ground is covered with snow and footprints.   A red and white stop sign is next to the driveway.  The trees have no leaves but do not have snow on them and the sky is clear and blue.,1.9371136281224976e-78,0.49315068009007335,0.8913918733596802,0.19733286425191712
415,A computer desk with a laptop and two monitors.,"On the white table, there is a monitor with black frame. Beside the monitor is a laptop that has a stand underneath it. In front of the monitor is a silver keyboard with white keypads. In front of the monitor is a cellphone, mp3 player and a hard drive. Beside the keyboard is a mouse on a mouse pad. Behind the laptop is a lamp and behind the lamp is a white curtains.",5.909323609209796e-158,0.1739130403308129,0.864094078540802,0.03753753753753753
416,A giraffe is standing in a zoo enclosure. The giraffe is standing in the middle of the image. There are two other giraffes standing behind the first giraffe. There is a small giraffe standing in front of the first giraffe. There are trees and bushes in the background. There is a fence in the foreground.,There are three giraffes in a pen. The pen is surrounded by a rope fence. The giraffe in front is eating food out of a net hanging from the tree.,5.62368408653904e-155,0.4615384565680473,0.888603687286377,0.24615384615384614
417,Three people are drinking wine and one of them has glasses in her mouth.,Three people are all together drinking wine. One lady has the glass up to her lips and is preparing to drink. A lady is talking and looking at someone and a man is smiling and looking at the same person.,5.395206393979386e-79,0.3636363592975207,0.915061354637146,0.184029840892586
418,Man in white tank top and jeans is jumping over skateboard in skate park.,"a young black man is jumping off of a skateboard, he is wearing a white tank top and blue jeans with green shoes. there is another white guy holding a skateboard watching dressed in a black shirt and pants. with one other black kid watching the both of them.",0.019205940962855265,0.2857142818159101,0.8903957605361938,0.13967032967032966
419,Two white plastic chairs face each other on a small patio outside of a brick house.,There is a brick building with a white glass door. There are two white chairs on the porch of the house. There is a gray cat sitting on the porch. There is grass in front of the porch.,1.611524785473412e-155,0.31578946890581727,0.8847622275352478,0.1775139664804469
420,A red motorcycle is parked on the sidewalk in front of a bench.,This photo is taken outside on a sunny day. A red and black motorcycle is sitting on a brick paved sidewalk in front of a bench. There are numerous cars lined up on the street across from the motorcycle.A brown brick building is surrounded by large green trees in the background. Two people can be seen walking past some of the vehicles.,0.011742962521358116,0.38709677087929245,0.9049665927886963,0.13813614648856462
421,A surfer rides a wave in the ocean.,"A person is surfing a large wave during the day. The spray from the wave is large and white, the wave is a light green. The person is wearing a pink and black long wetsuit. The hair on the person's head is very dark. Under the surfer is a white and blue surfboard. The sky above the surfer is blue. The bare hands of the surfer are a little tan and dark.",5.434035517213124e-235,0.20408162992086631,0.8585711121559143,0.038109756097560975
422,A man playing tennis in a tropical setting.,There is a person standing on top of a tennis court. The person is wearing a white shirt and blue shorts. The person is wearing a white hat and dark colored shoes. They are holding a blue tennis racket in their hand. There is a green fence behind them. There is a bush behind the fence. There are cars parked in a lot behind the bush.,5.096482400715363e-158,0.1333333304098766,0.8512064814567566,0.05242940199335549
423,An old stuffed animal sits on a window sill.,"A stuffed bunny rabbit sits on a windowsill. The stuffed critter has a black button nose, two deep set eyes, and two multicolored buttons going down its torso. It is ""wearing"" a black and white plaid jumper. This same black and white plaid fabric is used to represent the underside of the bunny's floppy ears and the underside of its feet and paws. The windowsill is of a rustic marble look, and the window panes behind the bunny are rectangular and feature dirty glass and dirty white window frames. The black box surrounding the tableau says 'left behind"" along with some writing underneath that.",1.1940126900790349e-82,0.12820512616370813,0.8605068922042847,0.03936507936507937
424,A train is on the tracks in front of a station.,There is a train on the train tracks. The train is blue with a yellow front and red doors on the side of it. There are black poles on the platform next to the train. There is a cement bridge over top of the train tracks. There is empty tracks on the other side of the platform. There is a white building in the distance.,7.000854918892018e-157,0.26666666297283953,0.8739279508590698,0.08389261744966445
425,Man wearing tie with tiger on it stands in front of a photo booth.,A man in a straw hat holding up his tiger neck tie. The man is wearing a black watch. There is a pink and brown stripe around the rim. There are people standing behind the man in the straw hat. There is a white umbrella above the man in the hat and tie. The man in the straw hat is wearing a white shirt. The man in the hat is wearing glasses.,2.114809808580322e-233,0.16666666253472232,0.8483185172080994,0.04531722054380665
426,A boat with a few seagulls sitting in it.,"There are four birds on a small boat. These birds are gray with black beaks. The boat is white with blue in the inside. It is tied to a narrow dock. On the dock, there are three birds resting. They are few inches apart for each other. The water is gray and calm. On the other side of the dock is a bigger boat with paddle inside of it.",1.0199534661352691e-157,0.22222221944444445,0.8630348443984985,0.07612568837058632
427,A skateboarder is jumping in the air while doing a trick.,"A man is suspended in the air with his skateboard doing tricks. He is bald, wearing a white shirt with red logo on it. He is also wearing jeans and black shoes. Underneath him is a big gray, cemented ramps. The skate park has few people skateboarding. Farther down the skate park are trees and beyond the trees is a mountain.",4.470884919608282e-80,0.2456140319729148,0.8762004375457764,0.07142857142857144
428,"A blonde woman in a blue sweater and black boots is standing next to a man wearing a colorful costume. The man is carrying a suitcase that says ""Dinner and a Show"" on the side. The woman is looking at the man. There are other people in the background.",A picture of a woman seducing a man. The woman is wearing a short skirt. The woman is wearing boos. The woman is wearing socks. The woman has white hair. The woman is wearing a blue sweater. The man is wearing a blue wig. The man is wearing a blue jacket. The man is holding a suite case. There are many other people standing around. There are escalators near the man.,1.9490989678333857e-78,0.4347826036967024,0.8828579187393188,0.22928994082840237
429,A woman walks down the fairway with a yellow flag behind her.,"A woman walking is holding a golf pole. She is wearing a white visor, gray windbreaker, pink pants, and white shoes. Behind him is a man carrying a big gray umbrella. He is wearing a white vest, blue windbreaker and white shorts. Beside him is a thin yellow pole with a small yellow flag. The woman is holding a white golf ball in her hand.",9.449194122891766e-157,0.2692307656804734,0.8746544122695923,0.07537688442211055
430,A man in a white shirt and grey shorts is skateboarding on a concrete path. He has a blue bandana on his head and is wearing knee pads and elbow pads. He is holding his arms out in front of him and has a determined look on his face. There are several skateboards on the ground near him. The background is a blur of green trees and the sky.,A picture of a man with blue hair riding a skateboard. The skateboard has four yellow wheels. The man is wearing black shoes. The man is wearing a white shirt. The man is wearing black knee pads. The man is wearing gray shorts. There is a tree to the left of the man. There is a park with a gray sidewalk behind the man. There are many trees and bushes behind the man.,5.74304291036713e-155,0.45238094742630386,0.8899245858192444,0.2555170120838697
431,Four men are posing for a picture on a tennis court.,Four men are standing together on a tennis court. Three of the men are holding rackets in their hands. One of them is holding a green ball in his hand. Another man can be seen sitting in the background of the photo. A tall fence and a green bush can be seen behind the men with a net on it. One of the men is wearing eyeglasses on his face. Another man is wearing a necklace around his neck.,0.0007250776050971754,0.24561403219452138,0.8747362494468689,0.08087958688143361
432,A blue and silver BMW motorcycle is parked in a parking lot.,"A motorcycle is parked at the curb. It has a sharp looking features. The motorcycle has two boxes attached to it. The first one placed behind the seat, it is medium and black. The second box is beside the wheel. It has silver color in front and the rest is black. The handles of the the motorcycle is black. It also have plastic shield in the front.",4.141963288853521e-80,0.25925925580246917,0.8639034628868103,0.08650914634146341
433,A train is on the tracks in front of a town.,"An antique steam locomotive is traveling along a set of tracks.  The locomotive is black and green.  It has a red sign in front with the number ""823"" on it, in yellow.  Smoke is coming out of the smokestack.  A man is behind the locomotive in the background, taking photos of something behind the train.  He is dressed in a red shirt and blue jeans.  Three buildings with gabled roofs are in the background.  Two are brick.  A switch throw is in front of one of the buildings, a single story structure.  It is sunny.",2.101487038834475e-81,0.2499999974112654,0.8479447364807129,0.0674307872152368
434,Toilet seat with ice cubes in it.,Inside of a white ceramic toilet bowl with no lid are many clear ice cubes. The light is reflecting off the rim of the toilet seat. The hinge that connects the seat and the toilet is long silver and shiny. Under the toilet are off white ceramic tiles with black grouting between them. The drain of the toilet is covered in ice cubes.,5.313650138188785e-235,0.17391304089792062,0.8575372695922852,0.04355400696864111
435,A woman in a white dress is standing in front of a boat.,There is a woman wearing a white shirt. She has many gold necklaces around her neck. The woman has dark hair and there are many gold headbands and decorations in her hair. The woman is wearing large gold earrings. There is a water behind the woman with many small waves in it. there is a large white boat in the water. There is a black engine on the black of the boat.,7.814890388515082e-157,0.28571428223240314,0.859427809715271,0.07564296520423601
436,A red fire hydrant is in the middle of a parking lot.,A red fire hydrant with a white top and a black knit cap on top of it sits on a sidewalk at the side of a parking lot.  The hydrant is casting a shadow on the sidewalk where leaves are scattered around it. There is a manhole cover a bit down from the hydrant.  Behind the manhole cover is a small area with small green shrubs and mostly covered by leaves.  At the end of the sidewalk are rows of cars with a store in the far back. A couple of people are near their cars in the parking lot.  At the end of one row of cars is a wooden fence with a brick building behind it.,7.193183363142757e-05,0.2894736815512466,0.878439724445343,0.07437247025870691
437,A group of people are sitting at a table outside having lunch.,There are four men sitting at a table eating and socializing. The man at the far left is wearing a brown long sleeve shirt. The man to his right has on a black and white jacket and a plaid shirt. He is also wearing eye glasses and has a beard on his face. The man next to the man wearing eye glasses is wearing a long sleeve black shirt and is facing the man wearing eye glasses. His face is not visible. The man to the far right is wearing a long sleeve gray shirt. His eyes are squinting in the direction of the other three men probably because of the brightness of the shining sun. It is a very sunny day. It appears the setting is an outdoor area of a restaurant.,9.800212420627105e-06,0.15584415321302078,0.8524797558784485,0.028949545078577336
438,"A white bus with a red sign on the side that says ""OP"" is stopped on the street. There are several bikes parked along the sidewalk in front of the bus.",A large white bus is positioned near the stop sign on the corner.  No one is in it.  On the sidewalk near the bus are several colorful bicycles parked on the sidewalk.  A blue sign referring to bike rental is near the bikes closest to the street by the stop sign.  Several buildings are hovering in the background.,1.267679390990039e-78,0.4516128983558793,0.8959134817123413,0.18083182640144665
439,A black and white photo shows a car with a camera loaded in the front.,"The image is black and white. There is a car with its hood open. On the front bumper, there is a sign that says ""is your camera loaded"". There is also a license plate that says A1400. At the top of the car, there is a sign that says D. Monosson & Son. On one side, there is a flash of a camera, and between the hood and the bumper, there appears to be a camera lens. This car is parked in front of a multilevel building.",3.4061012850004744e-80,0.2769230735431953,0.8799737095832825,0.06265664160401002
440,A blue laptop sits on a white pedestal in front of a glass aquarium.,"In the center of this room is a column going half way up and stopping and then begins again with an snit object encased in glass, finishing up almost to the ceiling. The object is fragile and is sitting upon a satin pillow with wire connectors coming out and down out the bottom. These are motion sensor wires, which will indicate if anyone tries to pick up the object. There is a commuter laptop open on one side, as if is keeping track of the monitoring of the security of this object.",5.608845049909315e-234,0.1282051254273505,0.8417820930480957,0.053444180522565325
441,Baseball player in catcher's stance with black squares in background.,"This is a picture of a catcher on a baseball field. The catcher is crouched down and holding the mitt in his left hand. His uniform is white and black and he is also wearing a helmet and knee pads. The field has green grass, brown dirt and white lines painted on it. The catcher is a man. He is wearing white shoes and has a bracelet on his right wrist. The helmet the man is wearing is black and his shoes are white. His last name is on the back of his uniform and so is his number.",1.661670590777685e-235,0.06779660758402768,0.8246409893035889,0.01664816870144284
442,A bathroom with a blue wall and a white sink.,There is a white sink sitting in front of a blue wall. There is a roll of toilet paper sitting on the top of the sink. There is a white bar on the wall next to the sink. There is a white shelf on the wall above the sink. there is a hole in the top of the sink where the faucet should go.  There is a pipe coming out of the wall above the sink.,1.2262056680626469e-157,0.19999999651250003,0.875722348690033,0.057636887608069155
443,A blue Author bicycle is on the floor with a bunch of shoes and a wall behind it.,"The bike is leaning on the white wall. The body of the bike is blue with red and linings and white text. The bike is surrounded by shoes and slippers. The seat of the bike is black, and so are the handles and break. There are reflectors on the bike's spokes. The wheels of the bike is black. On the wall there is an umbrella with black handle.",4.567582754153847e-156,0.2962962919821674,0.880275309085846,0.10087301587301588
444,A blue colander with bananas and peaches in it.,"The image is of a light blue strainer on a wooden table that is holding two bananas and three peaches. There is a white curtain to the right of the strainer and a yellow squared tiled wall directly behind the wooden table. The handle on the strainer is silver appearing chrome and there are holes in the shape of circles near the bottom of the strainer. The strainer is resting on a cylinder shaped bottom, allowing it to stand on the wooden table. There is one silver screw on to the left of the bananas and one silver screw directly in front of the silver handle on the strainer.",1.0823303730295797e-159,0.19354838461498441,0.8628862500190735,0.03757575757575758
445,A cat sits on a stool next to a dog who is looking out the window.,"A cat is sitting on a wooden stool near the window, its tail hanging down behind it. A dog is lying on the ground next to the cat, in front of the window. There are black bars on the window. Outside is bright, with green grass and trees visible. There are brown bamboo shades on the other half of the window.",5.861777695453388e-156,0.3389830470554438,0.9002026915550232,0.20263680693516342
446,Two people playing frisbee in snow.,There are two people in the photo. One person is wearing a red and black jacket. There is snow on the ground. The person wearing the red jacket is also wearing black gloves. She is throwing a white frisbee to a person wearing a black hoodie. The person in the black hoodie has his hands in his pockets. There is a small house in the background.,6.955142070410767e-236,0.19512194872099942,0.8620755076408386,0.05260416666666667
447,An elephant is walking through a forest.,There is a large grey elephant standing in a field. There is dirt and grass in the field. There is a large log on the ground next to the elephant. There is a large tree in front of the elephant. There are tall trees behind the elephant. There is tall grass and weeds in front of the elephant. There are white clouds in the sky.,3.7159865579147166e-235,0.16666666353395063,0.8649130463600159,0.02533783783783784
448,"A large outdoor area with a large open field in the foreground. In the background, there is a city with many tall buildings. There are a few people standing in the field. There are a few kites flying in the sky.",Many people are flying kites in a large open field. Huge billowy white clouds float above the kite flyers in a blue sky. Many of the kites are yellow and orange and have flags hanging from the strings. Beyond the dark green grass field is a city skyline. The sky line has many tall skyscrapers mostly all grey and white colors. There is also a large square like sculpture in front of all the kite flyers.,1.3257472754031767e-78,0.349999995528125,0.8874973654747009,0.20613972848966466
449,A large snow pile with a yellow sign on top of it. There are several people on the snow and a building in the background.,The sky is cloudy in the background of a snow speckled mountain top. There are snow dunes and there is a bright yellow sign on a metal pole stuck in one of the dunes. There are two people standing at the bottom of the snow dunes. There is also a ski lift in the background with a light blue sign in front.,8.02931158216301e-79,0.5084745716862972,0.900098443031311,0.1786999978823878
450,A man in white ski gear is holding a ski pole.,A Man is standing in ice and snow while holding skiis. The sun is shining behind the man. There is a red pole to the right in the picture and a man in front of the first man. The man is kneeling and crouching. They are both atop of a mountain. The mountain is covered in snow. The clothing they are wearing is white and grey.,5.0480790245846336e-157,0.31999999680000013,0.8761683702468872,0.05785123966942148
451,"A night scene of a crowded street with many people holding umbrellas. The street is lit by streetlights and the buildings are lit by the lights inside them. There are a few signs visible, including one that says ""Dance"" and another that says ""Stop"". The people are all dressed in different ways, and some of them are carrying umbrellas. The image is very colorful and busy.","The crowd is covering the whole street. The crowds have colorful umbrellas. At the center of the crowd is a bus parked with a sign ""DANCE"" on it. There are white placards with number on them. The scene is taken at night. There are buildings surrounding the crowd. There are some people standing and watching from a building porch.",4.036359609313951e-155,0.36363635864669425,0.890553891658783,0.24288107202680068
452,A living room with three people playing video games.,There are three woman in the living room of a home. In the living room there are hardwood floors. Two woman are standing up in front of the television. They have game controllers in their hands. They are playing a game together while the third woman sits down on the couch and watches them. They are all smiling and look like they are having a great time with one another.,8.720273459851716e-158,0.1403508745337027,0.8764265179634094,0.06672752564771343
453,Skier in red jacket stands on snowy mountain.,A person is standing on top of a hill. There is a lot of snow on the hill and on the trees in front of the person. There is a ski lift in the air next to the man. There are wires hanging from the ski lift. The person is wearing a red jacket and black ski pants. They are holding black ski poles and standing on top of black skis.,2.9313735293204065e-158,0.17777777485432103,0.8536499738693237,0.0689335394126739
454,A model train is on a track and there are other model trains around it.,A model train car is driving around on model train car tracks. The plastic train car has a red roof with blue sides. The front has red and white stripes with two small windows. The black tracks curve around where two train cars in the center. One car is yellow and green and the other car is black. Off in the distance are four lit lights on a model pole.,1.0351679821259245e-79,0.2807017506802093,0.874614417552948,0.12228796844181457
455,Two zebras are standing in a zoo enclosure.,There are two black and white striped zebras standing on the dirt ground. The zebra in the back has its head down. Both zebras are looking down. There are a few scattered rocks in the dirt. There are a lot of trees in the background behind the zebras. There appear to be tracks in the dirt that may have came from a vehicle.,8.425450801066367e-158,0.19999999731200002,0.8636142015457153,0.05217391304347826
456,A bus with the number 44 on the front.,This image is of a city bus. The front of the bus has a large windshield window. There is a marquee display above the window that reads 44 BEALINE. There is a blue and white license plate below the grill of the bus. The license plate reads CR-526-AX. Both front headlights are turned on. The driver is visible through the front windshield window. She has short hair and is wearing a black jacket. The passenger directly in front of her is a man that is wearing a black jacket with white sleeves and he has short hair. The door is open on the bus and there is an older man waiting on the bottom step to get on the bus. He is wearing a black jacket and jeans. He is also carrying a black and white Adidas messenger bag.,4.273014709212493e-161,0.15584415398212179,0.8439791798591614,0.04222470238095238
457,A green clock with black numbers hangs from a building.,There is a large blue clock on the side of a building. The clock has black handles. The numbers on the clock are black. The background of the clock is white. The building the clock is attached to is very tall. The building the clock is attached to has many windows. There is a tall black metal pole near the clock.,4.415218814602156e-157,0.21052631191135737,0.8942971229553223,0.05366726296958854
458,A zebra stands next to a tree in a zoo.,A zebra stands next to a narrow tree. The tree has some wire around it. The shadow of the zebra is on the ground. There is another zebra next to the wall. There is a fence in a background. There are some rocks on the ground. There is a black stripe on the zebras back. The zebra is looking off to the side. There are shadows on the ground.,0.0016403958961640993,0.3555555523555556,0.8854776620864868,0.07131537242472266
459,A fisheye image of a bus shows a group of people walking down the aisle.,The people are standing up on the bus. Some of the seats are occupied on the bus. There's a boy on the front of the bus and a yellow shirt sitting down. There's a woman in a green shirt looking out of the window on the bus. There's a man taking a picture of the top of the bus. The camera he is holding is black. He is wearing a watch on his right wrist.,2.7579227109786214e-233,0.21818181457190083,0.8504512906074524,0.05797101449275363
460,"A snowboarder is riding down a snowy slope. The snowboarder is wearing a red, yellow, and blue jacket. The snowboarder is surrounded by black squares.",There is a person snow boarding down a hill. There are tracks in the snow all around the snowboarder. There is a large rock in the snow next to them. There is a green pine tree in front of the snowboarder. The snowboarder is wearing blue ski pants and a blue and yellow jacket. They have a yellow snowboard on their feet.,0.03035544006389868,0.27586206456004764,0.9072617292404175,0.17354678864112827
461,A man and woman are feeding a giraffe through a fence. The giraffe is very tall and has a long neck. The man is wearing a blue shirt and the woman is wearing a black shirt. The giraffe is eating the food that the man is holding. The background is a park with trees and a blue sky.,"People surrounding a adult giraffe that is contained behind a fence.  A gentleman with dark hair and eyeglasses is stroking the cheek of the giraffe.  On the opposite side of him, a woman with dark hair and sunglasses is holding out her hand to feed the giraffe.  Behind that lady, is a man in a short sleeved black shirt with a video camera recording the giraffe.",4.510805752257083e-155,0.34666666181688893,0.8741428256034851,0.2523091342876619
462,A black and white cat is sitting on a white sink in a bathroom. The cat is looking down at the toilet. There is a red toilet seat on the toilet. There is a mirror above the sink. There are colorful polka dots on the wall.,There is a white sink hanging from the wall. There is a mirror hanging above the sink. There is a black and white cat sitting on the edge of the sink. There is a red and white toilet next to the sink. There is a roll of toilet paper hanging from a roll next to the sink. There is a red bottle on the back of the toilet.,0.16814173441825558,0.5925925875994514,0.9045090079307556,0.3131201487100907
463,A black Ford pickup truck is parked in a parking lot. The truck has a camper attached to the bed of the truck.,This photo is taken outside on a cloudy day. Part of a blue sky can be seen in between the white clouds. An old dark truck is sitting parked in a parking lot. The truck has a trailer attached to the top of it. Part of a white building can be seen behind the truck. Another old car can be seen parked in the parking lot. Green trees can be seen in front of a mountain in the background.,0.04059338313411659,0.40624999582519533,0.8916784524917603,0.1951700921599855
464,Clock on a building with a blue face.,A clock is attached to the stone exterior of a building.  The clock has diamond shaped metal objects as numbers and silver metal hands.  The clock has a black face with gold borders.  A square shaped border is bordering the gold border of the clock.  The square shaped border has red and green stripes on it.  The stone portion of the building has a ridged design on it.  The sky is stark white.,4.7955195124752614e-235,0.16666666417534726,0.850501537322998,0.045112781954887216
465,"A slice of pizza with spinach, red onions, and olives on a white plate.",There is a white plate sitting on a table. There is food on top of the table. There are small pizza slices sitting on top of the plate. There are black olives slices on top of the pizza. The crust of the pizza is dark brown. There is cheese and lettuce on top of the pizza. There are sliced up onions on the top of the pizza.,1.8431875999065487e-156,0.28571428126984133,0.8808481693267822,0.08103727714748783
466,A fruit display at a market with oranges and apples.,"A supermarket produce stand.  Closest to the camera is a bin of ripe oranges.  Most of the oranges have an oval, dark sticker on them.  Next to the apples are red apples with a tint of green.  The apples seem to take up two bins, then past the second bin of apples is another bin of oranges.  The setting of the store is dark and lights can be seen glowing to the left of the produce stand.",1.88572255596924e-234,0.13793103162901313,0.8622539043426514,0.03556187766714082
467,A man and a woman are posing for a picture. The man is wearing a tuxedo and the woman is wearing a black dress. The man has a smile on his face and the woman is smiling.,"A couple is posing at a formal black tie event. They are both enjoying themselves and smiling. The man is wearing a black tuxedo with a bow tie. He has short combed back brown hair and is wearing square black frame eyeglasses. The woman has on a black silk top with silver and crystal embellishments, she is also wearing a necklace and earrings that are also silver. Her hair is chin length and brown, she is wearing minimal make-up. The wall in the background is painted tan and has a framed painting hung on it.",0.04154439167632712,0.3373493936942953,0.8782931566238403,0.18254781105636445
468,A baseball player stands on the pitcher's mound while another player stands in the outfield.,"There are two grown men standing in the dirt on a baseball field.  Its a clear day.  There are a few trees in the back ground on the other side of the fence.  The fence is decorated with billboards and have a tall yellow pole standing next to it.  The grass is cut short and is very green.  The men are both wearing uniforms, cleats and a baseball cap.",1.9039575320184275e-156,0.13559321709853497,0.846811056137085,0.08365271226415094
469,Man holding tennis racket in front of green and red wall.,"A male tennis player is wiping his forehead with his wrist. He seems tired and is holding onto his tennis racket loosely. His shirt is blue and yellow, his hair short and brown. He has a white bracelet on. Near him are white and green advertisement banners that line a wall of a tennis court. Behind the banners are two fully visible red seats made of metal and cloth. Behind those are a white wall and behind the white wall are the basic seats of a sports stadium. Next to the seats is a long hallway leading down from the sports arena.",1.9133690715810537e-158,0.18666666416355557,0.8536338210105896,0.03767491926803015
470,A sheep is standing in front of a group of sheep.,A group of sheep are standing outside. Two faces are showing. The upper part of the face is black and the mouth and snout is white. The horns are gray and curled towards the face. The wool is very thick and white. All the sheep are standing on hay that seems to be in damp dirt. Behind the sheep is very short green and yellowish grass. In the background are dark figures of trees and buildings.,2.5007395645693884e-157,0.24137930772294885,0.859402596950531,0.099031885602629
471,Man is eating pizza with tongs.,"A man is sitting in a restaurant with others while eating pizza. The walls are painted a bright shade of green and a blue picture hangs behind the man. The man is in his late 40's or early 50's. He has silver hair with black eyebrows. He is wearing a short sleeved button up plaid shirt in white, blue and black plaid. On the table in front of him there is a pizza with one slice missing, on the pizza there is prosciutto and basil. An empty glass with a slice of lemon on its edge also sits on the table.",1.19833323139772e-161,0.11267605479071614,0.8327289819717407,0.027322404371584702
472,A red fire truck is parked on the street in front of a building.,"A large red truck is parked in the middle of the road. The truck appears to be a fire truck, and has a blue light on the top. There is a large brown and yellow brick building on the other side of the road. On the near side, there is a small fence, and small plants growing out of the dirt. Past this, there is a concrete wall and a concrete surface covering the ground.",5.487421677822094e-80,0.2903225771488034,0.8951320648193359,0.07982583454281567
473,A busy street at sunset with a broken glass effect.,A sunset is shown in the background. There are a bunch of cars heading towards the direction of the camera but they are at a traffic light because it is red. There is one car going through the light. It's starting to get dark outside and the streetlights are getting ready to come on. The sky looks beautiful.,1.1923666163964414e-233,0.1454545424793389,0.8624482154846191,0.046992481203007516
474,A street scene with a man riding a bike in the middle of the street.,There are people walking down a road while holding their bikes.  There are cars parked along the left side of the road.  The trash bins are on the sidewalk on the right side of road.  A blue and green bin is visible.  There is a 20 mph sign on the sidewalk.  A red light is on the traffic signals.   Green trees surround the road.  There is a house peeking out from behind the trees on the left side.,9.196411177616017e-157,0.13793103120095132,0.8607931137084961,0.04184100418410042
475,Two sheep stand on a grassy field.,Two sheep are in a green field.  One of the sheep is standing up and looking to the left.  The other sheep is sitting down in the grass and is also looking to the left.  The field is covered in grass with some brown leaves on it.  Behind the sitting sheep is a metal manhole with a paved cement border.  Both sheep have tan fur and white faces.,1.4389184948645081e-158,0.20408163020408163,0.8706083297729492,0.048465266558966075
476,Giraffe with smaller one in green field with trees in background.,Two giraffes are bending their necks to look at something in the bright green grass below. One giraffe is standing behind the other giraffe. Each has large brown spots and black hairy tails. Around them they are in a forest filled with large and small trees. The bottoms of the giraffes are off white colored.,2.591177849532399e-233,0.14545454271735542,0.8563064336776733,0.0691699604743083
477,A green train with black wheels and a black front is on a track.,The image is a black train with smoke coming out of the smoke spout at the top of the front of the train. There is a blue sign on the front of the train and a black number sign below the blue sign with the numbers 60009 on it. The conductor can be seen on the left side window of the train. He is wearing a blue shirt and there are two more train cars behind where he is located. The train car behind the conductor is green and the last visible car is maroon in color. The train is on the tracks and the gravel on the tracks is light brown. There are trees on the right side of the train and atop a grassy hill.,1.437173593171845e-81,0.24657533971852133,0.8656505942344666,0.05185825410544512
478,A street sign that says E. Main St. is in front of a building.,"The image is of a telephone poll between two streets. The pole has a green and sign on it with white lettering that says ""E Main st 1700"" There is also a no parking sign attached to the pole. There are vertically striped awnings on both sides of the street. One awning covers produce stands, on the opposite side the awning is attached to a multilevel brick building. Behind the produce stand is a brown multilevel building with a brown stone facade and red roof tiles. The road is paved with cobblestones. There are several vehicles parked on the street.",1.745321361238043e-157,0.23076922782380016,0.86113440990448,0.06388956425426155
479,A view of a crowded beach from above shows two docks with people on them.,There are people sunbathing outside on the pier. Some of the people have umbrellas over their chairs. Some people are in the Water swimming with their pets. There are a lot of people on the pier enjoying the Sun. It is a hot sunny day out. There is a flag on a flagpole on the pier to the right. The pier to the left has more people on it.,1.601031063469536e-156,0.18518518117283958,0.8621821403503418,0.07540752149916571
480,Bathroom with white fixtures and blue rug.,The small bathroom has an angled ceiling. There is a window in the angled ceiling. There is light coming into the room. There is a white sink below the window. The sink is round. The is a toilet next to the sink. There is a tub next to the toilet. There are some glass panels on the wall above the tub. There is a white shower curtain. There is a blue carpet on the groun. There are bottles on the corner of the tub.,2.2246004028686633e-236,0.08510638044363973,0.850002110004425,0.019659239842726082
481,A ginger cat is on the floor next to a pair of black shoes.,A black and brown bag is sitting on top of some carpet. The carpet is brown and there is a brown wall next to it. There is a cat inside of the bag looking out the top of the bag. There is an orange cat sitting in front of the bag looking down into the bag. The cat inside of the bag has its eye looking out of the bag.,1.3227459518836828e-156,0.3333333292013889,0.8791531324386597,0.09868012422360249
482,A man surfing on a surfboard in the ocean.,A male is surfing in the blue ocean.  There is a wave behind him with white foam surfacing on the water.  The male surfer is laying on the surfboard in preparation to ride a big wave.  He is wearing a black wet suit that covers his entire body.  The surfer has dark brown hair and the board is red.,3.959332415789481e-157,0.3018867896333215,0.8796395063400269,0.09852430555555555
483,A blue plate with a smiley face made of oranges and a banana.,A smile is represented on a blue plate utilizing food.  Two eyes are displayed using oranges.  A chili pepper represents a nose and a banana represents a smile.  The circular blue dish is sitting on top of a wooden plank table.  There is a light casted on the left of the plate.  The blue ceramic plate has swirls of white around it.,1.8835057524998682e-156,0.2962962928395062,0.8774442672729492,0.06129597197898424
484,A tin can with a bouquet of flowers in it.,"A lone soda can sits on a desk. Inside the grey and silver can with tiny writing are small bright red and pink flowers. The can is being used as a vase. Behind the can is a blue white and yellow calculator, a pink notepad and a black plastic corded phone. The point of a white elbow can be seen. The desk is very large.",2.959609679061537e-157,0.18181817884297521,0.8534148931503296,0.050420168067226885
485,A white airplane with red and blue stripes and the words Air Atlantis on the side is parked on a runway.,The plane is parked on the runway. The tail of the plane has a circle on it. The top of the plane is white. Underneath the plane is a grey color. The sun is shining outside. There are other planes parked out. All the planes are getting ready from passengers and for take off. There are baggage carts around the bottom of the Planes.,3.801077046015247e-79,0.24137930606420932,0.8779569268226624,0.08375209380234507
486,"A bedroom with a bed, nightstand, lamp, dresser, window, mirror, and picture.","A small bedroom is in view. The ceiling is high and angled into three white sections. The window is covered with a white set of curtains covered in little yellow flowers. The walls of the bedroom are painted yellow. There is a lamp and a black alarm clock on the bedside table beside a photo in a frame. The bedframe is brown wood, and the covers are white and yellow. There is a striped pillow on the bed, and a small picture above the headboard. There is a large dresser of brown wood to the right, with multiple small ceramic decorative objects adorning the surface. There is another small framed picture on the wall above the dresser.",1.0914147752741398e-158,0.18421052365650975,0.8574274182319641,0.028169014084507043
487,A black and white photograph of a line of elephants with a man standing in front of them.,"This is a black and white photo of elephants standing in a row. There are ten elephants shown in the picture. There are men standing in front of the elephants. The men are wearing denim, hoodies, and hats on their heads. They are holding hoses and they are spraying the elephants down. There are people in the background behind the elephants, too.",0.01977308334631764,0.29629629228395066,0.905379593372345,0.1480516975308642
488,Two boys are hugging on a beach.,"Two shoe less young boys are standing on a sandy beach. One of them are wearing turquoise shorts and the other is wearing black shorts. They both have short dark hair. The boy wearing the turquoise shorts is resting his foot on a dirty, white soccer ball while resting his arm on the shoulder of the boy wearing the black shorts. A shadow of the ball is shown in the sand, a small wave is rushing up the shore and there is a small, white boat traveling in water just behind the two young boys.",3.784017588728435e-160,0.18461538269349112,0.8571993708610535,0.034802784222737825
489,Two trains are displayed in a museum.,Two vintage trains cars are on display behind ropes.  The train cars have information signs on poles in front of them.  The car on the left is red and has DD1631 on the front.  The right car has a back door and blue chairs can be seen inside on it.  There are lights on inside left car.  The trains are indoors and there is a low ceiling above it.,1.2473666427398358e-158,0.19230768997781067,0.8587073683738708,0.06789631988676575
490,A woman in a wedding dress stands in front of a cake.,A bride is wearing her white gown and veil while holding a knife in her hand.  She has red hair and a bruise under her right eye.  A wedding cake is on a table  with white frosting and clusters of dark fruit o top.  The scene takes place outdoors at night. Several cars are either parked or driving down the street.,2.581556831325042e-233,0.1290322553590011,0.8627482056617737,0.07600514953456129
491,A green scissor is on the table next to some wheat.,"A white topped surface is topped with several dozen long sheaves of wheat in the upper left hand corner of the image. In front of the wheat stands a small sign that says, ""Please Do Not Touch""  A larger sign in front of the wheat says ""Wheat Weaving."" Next to this sign is a spool of silver thread. In front of the spool of thread lies a pair of green handled scissors. Next to the scissors and in the foreground lie a couple of woven articles which look to be the same size as a bracelet. The wheat has been already fully woven in these.",2.9084318967816985e-235,0.15584415339517627,0.8465011119842529,0.03661087866108786
492,A black bear is in the woods.,"A large black bear is sitting on the side of the road. The bear is sitting on its bottom, with its front paws in front of it. The area where the bear is sitting is full of rocks and dirt, with some green grass and weeds. The roadway in front of the bear is graveled. There are trees surrounding both sides of the road.",1.736515529867109e-81,0.2727272700516529,0.8854398727416992,0.0731370306842005
493,A young girl in a red dress is skateboarding.,"A woman is skating around a concrete skate park. It looks like an old swimming pool and her shadow is cast below her by the sun. Both of her feet are on the black skateboard. She is wearing a sleeveless short red dress and black sneakers. Her arms and legs are bare, only the back of her head can be seen. Her hair is bleached blond and she has dark roots showing.",6.98264912296603e-158,0.15384615146035505,0.8718701004981995,0.056621004566210054
494,A truck with a sign on the side that says Anggu.,A white truck is on a dirt road. There are a lot of people in the back and a man is sitting in the passenger side. Another white truck is parked beside that truck. It is going in the opposite direction. A man's arm is stretched out of the passenger window. There are bushes and small trees in the background. There appear to be power lines in the air above the trucks.,6.114172060120004e-234,0.21052631267466915,0.8536811470985413,0.04552352048558421
495,A group of zebras stand in a tall green field.,There are a group of zebras all standing outside together. There appears to be four of them and they are all pretty much looking in separate directions. One of the zebras is looking directly at the camera. They are all huddled pretty closely together. They are standing in a field of grass that has some small bushes and very small trees present as well.,2.0957312833486744e-80,0.22222221920438956,0.8836446404457092,0.10830953541826284
496,A reflection of a cathedral is seen in a window.,There is a reflection of a building in the window. The window is dark and has various panes and metal bars. The reflection is of a clock tower. The clock tower has a gold clock with roman numerals. The reflection in the glass made to reflection of the clock face. The tower is made of dark tan brick and has a fence like design at the top.,1.52600671898769e-80,0.2790697641319632,0.8691040873527527,0.06525285481239804
497,A snowboarder in bright green pants and a camouflage jacket is snowboarding down a snowy mountain.,"The man is snowboarding during the winter time. From the edge of a large cliff that leads to a range of mountains, he is trying to slide across the snow. His outfit consists of a bright green pants, that are long-sleeved, followed by a jacket with scribble patterns. His head is protected by a beanie.",6.405582286818208e-156,0.21428571036352043,0.883975088596344,0.10411570450097847
498,"A man is jumping in the air while skiing. He is wearing a black jacket, green pants, and a white helmet. He is holding a pair of skis in his hands. The background is blue with black squares.","A woman is up in the air with her ski boards. The woman's ski boards are yellow. She is also wearing green cargo pants, black hoodie jacket, brown helmet and goggles. Her ski poles are black and white. The sky is blue with white sheets of clouds. The pants have pockets on the side. The goggles are too big on the face.",1.52031576072979e-78,0.37837837355734116,0.9054690599441528,0.22186838941393114
499,A snowboarder jumps over a snowy hill.,"Three men are airborne on top of white ski boards. They are jumping in different directions, one ski angled to the left, the other two towards the front. They are wearing thick winter protective clothing and helmets to protect themselves in case of a fall. The sun is glowing against the pile of white snow they are above. There is an expanse of white glowing snow in front of the pile with people wearing dark winter clothing walking and skiing. A large hill in the background displays patches of dark, snow covered trees running down the slope. The sky is heavy and grey with clouds.",1.107563323487998e-237,0.07894736674861498,0.8448222875595093,0.015756302521008406
500,A man is standing on a snowy mountain next to a sign that says Superstar.,There's a man standing on a snowboard outside. The snow has lines in it. The sign says Superstar on it. The majority of the sign is black and the letters are white. The symbols on the sign are black. There is an arrow pointing to the left. The snowboard is blue and orange. The tree to the right of the man is filled with snow.,1.3740043704074867e-79,0.34615384221893497,0.8802798986434937,0.09732510288065845
501,A white wii console and a white wii remote on a round table.,A white game controller is sitting on top of a small table in a room. It is connected to a game system. Behind the table is a newspaper that is sitting beside a small decorative lamp. A wall is behind the lamp and paper. Near the lamp is a wooden cabinet with drawers and a door. The handles to the door and drawers are black.,1.4388265730604107e-156,0.2448979559350271,0.8594980239868164,0.05016722408026757
502,"A room with two laptops on a table, a microphone, a keyboard, a mouse, a laptop, a screen, a chair, a rug, a bottle, a piece of bread, a piece of paper, a speaker, a cord, a picture frame, a window, a door, a wall, a floor, a table, a chair, a rug, a piece of paper, a piece of bread, a bottle, a speaker, a cord, a picture frame, a window, a door, a wall, a floor, a table, a chair, a rug, a piece of paper, a piece of bread, a bottle, a speaker, a cord, a picture frame, a window, a door, a wall, a floor, a table, a chair, a rug, a piece of paper, a piece of bread, a bottle, a speaker, a cord, a picture frame, a window, a door, a wall, a floor, a table,","A chair is sitting in front of a long white table. The table has two laptops, papers, and numerous cords on top of it. A microphone is hanging on a microphone stand beside the table. A long black cord is running along the wooden floor into a white outlet that is on the wall. Part of a large picture frame can be seen hanging on the white wall.",2.2837235096578623e-155,0.16666666191358037,0.8180258870124817,0.08620689655172414
503,A man is riding a bull pulling a cart.,This is a black and white photo. A man is riding on a black bull with long horns. The bull is pulling a small wooden cart with bags on it. The man is dressed in a white tee shirt and shorts with no shoes. The road is dirt and grass and there is a tree behind the bull. There appear to be small mountains or hills in the distance.,0.00048540360872950417,0.30769230508875745,0.8843520879745483,0.0634920634920635
504,Two dogs sit in front of a blue barrel and a green wall.,Two dog figurines are standing by a large blue barrel and in front of a light green color wall. Next to the wall are wooden racks stacked one on top of another. Next to those are several red fire extinguishers. There are more blue barrels laying on top of the wooden racks as well as standing up across from the racks.,0.007801763999347208,0.2962962928395062,0.8959601521492004,0.16848309608540926
505,A living room with black dots covering the entire space. There are 4 people in the room. There is a window with blinds. There is a coffee table with a book on it. There is a couch with a blue blanket on it. There is a chair with a person sitting in it. There is a person sitting in a chair. There is a person sitting in a chair.,"Two women and a man are sitting in a living room of a home. The women are sitting in chairs and the man is sitting on a sofa. There are picture frames on the white walls in the room. Two windows are above the man, one of them is halfway covered up. There is a small black t.v. sitting on a large brown entertainment center.",2.6549856882372006e-78,0.31884057479521116,0.8781725168228149,0.2915137614678899
506,A bathroom with a shower and a bathtub. The shower has a curtain. The bathroom has a granite countertop and a sink. There are two mirrors above the sink. There are three lights on the ceiling.,A picture of a bathroom with a bath tub and toilet. There is a white sink  under a large mirror in the bathroom. There are lights mounted in teh ceiling. There is a black and white shower curtain on the bath tub. There are many white cabinets under the sink. There is a metal handle next to the shower.,1.8556439752340014e-78,0.4912280653616498,0.9129559397697449,0.2906807760141093
507,Two black bears are walking on a stone surface.,Two black cubs are roaming in an enclosed area.  There are stone walls behind the two cubs.  Green shrubs  are in the front of the enclosure.  The cubs appear to be grazing on the ground.  A tub like structure is in the back of the left side.  The two cubs are on the top level and beneath them is a step to a lower level.,1.590743392250048e-157,0.23076922790680476,0.8580594062805176,0.050505050505050504
508,Two people in a car with skis in the back.,There are two men sitting together. Both of the men are holding skis. The man on the left has a red turtleneck on. The man on the right has a black jacket on. There's a light coming off of the camera. Both of these Keys have black footholds to put your feet up. Both of the men are looking into the camera and smiling. The man on the right is wearing a watch on his left wrist.,1.4996599513381282e-234,0.1111111083333334,0.8499353528022766,0.02133712660028449
509,A baseball player sits on a bench with a brown baseball glove on it.,The picture is a baseball or softball game. There players are wearing green black and white. There is a pair of legs visible from someone sitting on a bench. The legs are wearing a pair of high green socks with low shoes. There is a baseball glove next to the legs on the bench. there is also another person with his or her leg propped on the bench. It has green socks with a white front and black pants. Someone in the background is standing next to a fence with a baseball bat in their hand.,2.5702913612260583e-157,0.1846153818035503,0.8662638664245605,0.0782205990323613
510,Giraffe is in the grass.,"A giraffe is standing in the grass with his head halfway down towards the grass. The giraffe is looking at something in the grass and his mouth is open. His left front leg is standing wide and far from his body. The giraffe is young and he has a long neck and long legs. The grass is both, green and dry and there are trees casting shadows on the ground.",2.6813835999680006e-160,0.1599999982,0.8777998089790344,0.03937007874015748
511,Skier in red jacket stands on top of ski lift.,There's a man standing at the top of the hill on skis. The man is wearing a black helmet. The man is also wearing goggles. The coat that the man is wearing is a bright red. The man is holding ski sticks. There are lines in the snow where the man is standing. A man is standing at the top of the hill looking over at the land. The land is covered with snow.,1.2032875001810325e-157,0.2127659540968765,0.8482820987701416,0.06307527942143326
512,A street sign that says Wall St. on one side and Broadway on the other.,"A black tall metal steel pole is in front of a very tall buildings with many windows. The black pole has two street signs on it being held on by silver metal rings. One of the signs is black and has the numbers, 1 and 21. It also has in white writing Wall st. On the other black sign are the numbers 92 and 113 and the white word broadway. Above the street sign pole is a street light and the lamp is round. The light is turned off.",4.74646676987307e-157,0.20289854749002315,0.8539141416549683,0.09117647058823528
513,A baseball game is underway behind a chain link fence. The batter is in the middle of swinging his bat. The catcher is standing behind the batter. The umpire is standing behind the catcher.,"There is hitter getting ready to swing at the ball that has just been thrown by the pitcher. The pitcher is wearing a black shirt with gray pants and red socks while the hitter is wearing gray pants, dark blue shirt, and black socks. The umpire and the catcher is squatting down anticipating the play. The field is a mixture of dirt sand green grass. The image was taken through a metal fence.",1.915547817514389e-155,0.216216212037984,0.8717198967933655,0.1992103053366922
514,A black and white photo of an old wooden train car with a metal bridge above it.,A worn wooden building is on the side of a set of train tracks.  The building has many windows with screens over the windows.  Many of the screens are torn or missing.  The paint on the building is severely thinned and peeling.  A small foliage bush is at the front of the building.  Tall mountains are in the far distance.  A large metal structure is suspended in the air above the building and the train tracks.,4.832806435351242e-233,0.15873015478961966,0.8520643711090088,0.06419400855920114
515,Two people are standing in a snowy field. There is a snowman in the middle of them. There are frisbees scattered around the snowman.,"A man and woman are standing outside on a snow covered field. the man is wearing a dark coat, scarf, pants, gloves and eyeglasses. The woman is wearing a dark coat, gray scarf, dark pants and black gloves on her hands. They are standing behind a homemade snowman. There are colorful frisbee rings on the ground surrounding the snowman.",1.7158124383122307e-155,0.2909090865057852,0.8962833881378174,0.17060810810810811
516,Large buffet table with food and Christmas decorations.,"A long food banquet table is covered in a white tablecloth with long red cloth fringes.  The table is covered in food on metal platters.  In the center of the table are several raised bowls of food.  Next to the table in the foreground is another identical table with different food items.  Two large windows are on the wall next to the tables.  The windows have white sheer panels and dark blue curtains.  The room the table is in has red walls and hardwood floors.  A tall, green, decorated Christmas Trees  is against the wall next to the windows.  Another plain red table is in front of the Christmas tree with two tall glass bowls filled with oranges on it.",6.780238384798971e-161,0.13157894548476456,0.855267345905304,0.02757352941176471
517,A woman sitting on a lifeguard chair with a purple umbrella.,"The woman is sitting on top of a large, white lifeguards chair. The woman has dark hair and a blue headband. The is wearing a colorful, flowered bathing suit. She is wearing sandals with a small kitten heel. The woman holds a large pink umbrella. There is a a stand of green trees in the background. The sky is blue with big white clouds.",7.20022846455691e-157,0.2641509403346387,0.8844321966171265,0.09948051401770881
518,A snowboarder is jumping off a snowy mountain.,"A person is in mid air in a jump pose with a snowboard attached to their feet.  The person is wearing a black hat, pants, gloves and red jacket.  The person is in the air above a snow covered steep ski slope.  The sky is white with clouds and a few sections of pastel blue.  The sun is in the background and glowing as a white round and bright circle in the sky with a white haze of clouds over it.  A ornate type graphic in green-yellow and pink lettering is at the bottom of the ski slope.  Trails of narrow white lines are in the sky with the clouds.  Another person can be see in the background at the bottom of the slope in the background.",4.9418063394930664e-238,0.0821917788703322,0.8322678804397583,0.021720243266724587
519,A woman in a helmet rides a motorcycle on a road.,"A woman is looking down at her hand while standing over a motorcycle.  The woman is wearing a sleeveless vest, black helmet and blue jeans with rips on the upper thigh.  The motorcycle is a pale color and is surrounded on both sides by two more motorcycles.  The woman is parked on a paved surface next to a field of grass.",9.778859655344601e-157,0.22222221944444445,0.8644629120826721,0.07142857142857144
520,A man is parasailing over the ocean.,A man is parasailing in the ocean. The man is standing on a flat board. He is holding on to the handles of the sail. The sail has several white cords attached to is. The sail is dark blue. There black stripes on the sail. On top of the black stripes are blue stripes. The water is dark blue. In the distance is a large land mass.,9.262246976845094e-05,0.26666666403950623,0.8891837000846863,0.04918032786885246
521,Man with beard and curly hair making a silly face in front of a black and white background.,A man is pointing at something pink. The pink item is a wristband. The wristband is on his right wrist. There is some some writing on the man's right hand. the man is wearing a green tie. The man is wearing a white button up shirt. the man is wearing a ring. The man has a beard on his face. The man is standing in a room.,8.693338866090001e-233,0.19607842706651296,0.8257958292961121,0.04830917874396135
522,A bunch of bananas hangs from a tree.,"A bunch of small green bananas is hanging from a large banana tree. Under the bananas are a slew of large, dead brown leaves. Hanging from the center of the bunch is a long stem with a pod at the end of it that is dripping some type of fluid. Behind the banana tree is a green wall of other trees. The bananas are facing upside down.",3.8272277609163776e-81,0.27450980127643215,0.8929228186607361,0.08707549099836333
523,A stop sign is in the middle of a street with palm trees and people walking.,A stop sign is locating at an intersection on 7th street. There is a street sign and a bunch of pedestrians as well. The pedestrians are all walking across the street and they all have on short sleeve shirts. There are a bunch of palm threes located in the background and the sky is very clear and monotone.,0.01622760765197026,0.3272727231471075,0.8914330005645752,0.10223048327137546
524,Two children are sitting on a bed with an open laptop.,A little boy lays back on the bed. A little girl lays next to the boy. The boy has a blanket covering him. There is a white laptop on the boys lap. The laptop is open. The laptop has an Apple logo on the screen. The two kids are watching something on the laptop. The laptop is plugged into the wall. There is a cord attached to the laptop. The kids are resting on pilllows. There is a window in the corner of the pic.,1.7917822484806772e-234,0.21428571112882658,0.8779712915420532,0.06180307174416158
525,A zebra stands in a sandy area with trees in the background.,A black and white zebra is standing outside by himself. No other animals appear around him. He is standing on the ground covered in dirt. You can see a tree branch next to him with green leafs. In the back of him you can see the shadow on the ground cast about by a tall tree near him. It appears to be sunny and warm outside.,1.7018671523809808e-233,0.16949152239011783,0.8834461569786072,0.07425742574257424
526,A baseball player with the name Arai and the number 25 is in the middle of a swing.,"The image is a pencil outlining of a baseball player on a baseball field at  home base. The sketch appears like a comic strip picture that has not been colored in. The baseball player has the baseball bat raised in the air and is looking towards the direction of where the pitcher would be standing. The uniform of the player has the letters ""ARAI"" on the back of the shirt with the number 25. Both the shirt and the pants are striped. The player is also wearing a baseball helmet on his head and gloves on his hands.",1.220049035244207e-156,0.29729729390796206,0.8629933595657349,0.07222222222222222
527,"A bedroom with a bed, chest, and potted plant.",A bedroom has a twin bed that is high up off the floor. The bedframe is metal with metal bars. In front of the bed is a chest. The windows have shutters on them that are closed and drapes that are open. A green plant in a pot is in front of one of the windows. There is a rug on the floor. The bed is made and there are two pillows on top.,5.5912683242031504e-158,0.18867924246351017,0.8746953010559082,0.044444444444444446
528,Two men are looking at two PDAs.,Two men are sitting in front of their laptops. Both of the laptops are black and gray. The man on the right has gray and black hair. The man on the right is wearing a watch on his right wrist. The watch is black. The man on the left is wearing a navy blue shirt. The american flag is stitched on the right shoulder of the dark blue shirt.,7.148432628874811e-82,0.14285714007936512,0.8277566432952881,0.03184713375796178
529,A plane flying in the sky.,A large plane is flying over a whole bunch of clouds high in the sky. But because it seems so far away it looks very small. It has a wing and a tail visible and is dark in color. The sky is white and blue. The clouds below the plane are fluffy and puffy and white. Far off is a patch of bright blue. The puffy clouds are a light blue color with a twinge of blue and grey to them.,2.55949970636333e-83,0.21428571237244898,0.8667730689048767,0.04081632653061224
530,A blue bus with a spare tire sticking out of the back.,This is an old bus painted blue. There are white curtains in the windows and bicycles attached to the front. there are six windows on the side and one big window in the back. On the back of the bus is a spare tire. The bus is parked or traveling along a road next to a patch of green grass. There are many trees in the background.,9.264681286609177e-157,0.28070175106186523,0.8806020021438599,0.05691056910569106
531,A photo of cows standing in front of a hut with a thatched roof.,Two light brown cows stand on a muddy path.  They have horns on their heads.  There are several cows on the ground behind them.  There is a thatched roofed building in the back ground. The building behind it had a blue tarp on part of the roof.  The roofs of several structures can be seen in the background.,2.9478226460068856e-156,0.22641509083659667,0.8804738521575928,0.09328358208955224
532,A dog is running in the dirt.,"Four white fire hydrants sit outside. A small brown dog with a long tail is walking toward them, with its rear facing the camera. There are wooden posts lining a parking lot, and greenish brown grass on a hill in the background. There is a wooden fence post in the foreground, and a wire fence. The sun is casting shadows on the ground.",2.9393177613663415e-158,0.18867924299038802,0.8616763949394226,0.04355400696864111
533,A cat is standing in front of a refrigerator.,"A cat stands on a tiled kitchen floor, looking into an open refrigerator. There are white cabinets to the right of the fridge, and the main source of light is coming from the fridge. The door of the fridge has eggs, bottles of drinks and condiments, and there are containers of food in the main part of the fridge where the cat is looking.",2.197097180005635e-157,0.19230768944526633,0.8809124827384949,0.09982061833913687
534,A bathroom with two sinks and a mirror.,"A man is taking a photo in a public restroom mirror with a camera. There is a long counter with four white sinks, soap dispensers, and one water knob for each. Above the sink is a long mirror reflecting the back wall. The wall is covered with beige subway tile. The man taking the picture is wearing a gray shirt, and tan pants.",1.5829830388312335e-234,0.19607842872741257,0.8746262788772583,0.043478260869565216
535,Skateboarder jumps over ramp in modern building with glass windows.,There is a guy skateboarding. He is skateboarding on a black skateboard with white wheels. He is wearing a white shirt with gray shorts. He has on a pair of red sneakers with black markings and laces. He is in mid jump and has his hands over his heads. There are wooden benches behind the guy on the skateboard. The benches have purple handles. A building with bars and window is behind the benches and is showing the reflection of trees.,5.65113607193644e-158,0.105263155001539,0.8411282300949097,0.05769809051270485
536,A man surfing on a wave.,A man in a black wetsuit is surfing. The sky above him is a dark shade of blue with a lighter area towards the water. The ocean that he is surfing in is a shade of green with white foam meeting the skyline. The man has his arm outwards for balance and his body bent. His surfboard is white and has a point on the end.,4.3270267901472543e-159,0.199999997888,0.8613952994346619,0.04166666666666667
537,A photo of an elephant standing in a river.,"A small elephants is bathing in a small man made pond. The water is shallow coming to his under belly and covering his legs. There is water splashing to the right of the elephant. The bottom of his tail is in the water, and his trunk is raised upward as he closes his eyes. The shadow of his turns is cast on the light colored rocks in front of the elephant as the sun shines above.",4.477137676933439e-158,0.17543859383194835,0.8568472862243652,0.03607503607503607
538,A yellow school bus with the license plate K-2429 is stopped in a parking lot. A group of people are getting off the bus. A man in a red jacket is in the foreground.,People are gathered to board a bus.  The bus is yellow with side doors opened for passengers to enter.  The bus has two front windshields that are high up on the front of the bus.  There are street light poles above the walkway.  People entering the bus are wearing jackets and some have hats on.  The sky is blue with white clouds in the distance.,2.338530065968792e-155,0.2535211221979767,0.8638639450073242,0.15199035743134087
539,A black and white cat is standing in front of a door.,A cat is looking outside of a window. The cat is peeking with it's head tilted to the side. It appears to be focused on something that is moving outside. The cat is white and has black spots all around its body. The tail is black and the cat has on a pink collar. The cat is looking out of a glass door that is behind an open door.,8.679023911767092e-157,0.2909090874975207,0.8758587837219238,0.1175355450236967
540,A giraffe stands in front of a rock wall.,A single giraffe stands just in front of a series of high boulders which form an enclosure behind it which is higher than it's head.  The giraffe is standing in a depression and a small grass hill rises in front of the animal.  Trees are behind the rocks and cast shadows onto the rocks.  The area in front of the giraffe is grass.,0.0009143967391114921,0.28571428271553523,0.8834648728370667,0.1095920138888889
541,"A bathroom with a toilet, sink, and a toilet paper holder.","A bathroom has brown tiles going halfway up the walls and on the floor. The tiles are rectangular. There is a small white toilet attached to the wall and a metal gray flusher. There is a small white sink on another wall. The wall above the tiles is a light yellow color, almost white. The walls outside the bathroom are white.",9.100254311741025e-157,0.17391304007561445,0.868634045124054,0.05357142857142856
542,Three elephants in a zoo enclosure with a river in front of them.,A bunch of elephants are gathered together outside. Two of the elephants are very close to eachother and the other one is a couple steps away. Two of the elephants look like parents and the smallest one looks like a child. They are in an enclosed area that appears to be a zoo. There is a small body of water in the very front.,2.970226977452718e-233,0.18867924199359207,0.870223879814148,0.059422750424448216
543,A busy train station with many people waiting for the train.,"The image is of a train-station. It is an aerial view. There is a train in the station and there are three platforms. All three platforms are crowded with passengers. There is a metal archway that goes above the train tracks. On the outside of the station there are trees. On the right side of the image there are large white buildings in the background. It is daytime. Some of the people at the train station are wearing backpacks, many of the people are wearing white shirts.",7.199159576300159e-158,0.21052631289627577,0.8647040128707886,0.06040199455096901
544,A small plane with the tail number TF-TLE flies through a grid pattern.,"The image is of a jet plane. It is gray in color and has two small black wheels below its body. These small black wheels extend to each side of the plane. On the front of the plane there is a propeller that is moving in full motion, as the plane is up in the air. The letters ""TF-FTE"" are on the bottom of the left wing. The tail has a small wing on each side. The sky appears gray and dark.",7.106626740316804e-234,0.16393442287557117,0.8472984433174133,0.03994673768308921
545,A large green head of broccoli sits next to a pile of diced tomatoes on a white cutting board.,"Chopped tomato pieces sit on a cutting mat next to a silver chef's knife. There is a glass measuring cup in the background, and two bunches of green broccoli next to the tomatoes. The flash from the camera gives a bright light on the food, and the kitchen counter that everything is sitting on is a creamy white color.",3.9874338582659837e-79,0.2622950779467885,0.8935096859931946,0.14341043571812798
546,"The interior of a bedroom is shown with a view of the living room. The living room has a couch, two chairs, a table, and a lamp. The couch is covered with a blanket and has pillows on it. The chairs are both white and have cushions on them. The table is made of wood and has a lamp on it. The lamp is made of metal and has a white shade. The living room has two windows with blue curtains. The windows are covered with white curtains. There is a painting on the wall in the living room. The painting is of a landscape. There is a rug on the floor in the living room. The rug is made of wool.",The room is a little dark. There are two windows in the room. The two windows are letting in the only light that is coming into the room. The two windows have drapes. There's a cream chair to the left of the room. There are two lamp shades on both sides of the windows. There is a silver kettle on a table closest to the camera.,1.468266625354051e-78,0.357142852244898,0.8750317096710205,0.27932960893854747
547,Student sits at computer in dorm room.,The room shows computer desktops on long table. A man with balding head is looking at the his computer. He is wearing a stripe shirt. He is also wearing eyeglasses. In front of him is a woman wearing a white blouse. She is also looking at her computer. The wall is white and there is a green poster. The room is dark except fro the lights coming from the desktops.,1.6437697174500278e-235,0.11538461305473378,0.8521592617034912,0.023547880690737835
548,An advertisement for Gold Seal vinyl shows a bedroom with a green door that is open.,"A vintage ad for Gold Seal floors and walls shows a woman in a red and black party dress entering a bedroom. There is a platform, and a bed on the platform with a ottoman, and a nightstand. A tall window behind the bed has closed curtains. A bookcase on the wall has white books on the shelves. The floors appear to be terrazzo.",1.899570154158809e-79,0.2333333295833334,0.8839735388755798,0.10663006756756756
549,A teddy bear sits in front of a wave painting.,A little brown teddy bear sits on the corner of a couch. The couch is black and made of leather. The bear has a pink bow around its neck. there is a painting on the wall behind the couch. The painting is of a tidal wave. There is a mountain in the background as well. The bear sits alone on the couch. The bear is cute.,1.866417117133157e-80,0.37499999670138895,0.8850011825561523,0.05794701986754966
550,"Two soccer players are shown in action. The player on the left is wearing a white jersey with the number 8 on the back. He is in a kneeling position, with his right leg extended to kick the ball. The player on the right is wearing a purple jersey with the number 73 on the back. He is in a standing position, with his left leg extended to block the player in white. The background is a blurred crowd of spectators.","This is photo inside a stadium at a soccer game. There are spectators in the background. The ground is covered with green astro-turf. There are two men play soccer. One of the men is wearing a black pair of shorts, white shirt, white socks and black shoes with yellow at the bottom. The other player is wearing a purple pair of shorts, a purple shirt with white writing and purple socks. They are both trying to kick the white ball that has multi-colored swirls.",0.0647112593200141,0.3695652124763706,0.8626261949539185,0.19115890083632017
551,A baseball game is underway at a stadium.,There is a baseball game going on. There are batters on the side warming up. They are wearing grey uniforms. They are wearing red helmets. The other team has red and white uniforms. There are many people watching the game. The ground is green. The sky is blue. There are many trees. Many people are playing.,1.911495655882207e-157,0.13953488069226613,0.8685327768325806,0.0616455078125
552,A cow and horse graze on a hillside.,A cow eats grass on the side of a hill. The cow is white. The grass is green. The grass is all over the hill. There are some weeds in the grass. There are  some trees by the grass. There is a rock by the trees. There are many mountains.  There is some snow on the mountains. there is some fog near the top. There is just one cow.,3.76395811745305e-158,0.19512194807852473,0.8612198233604431,0.03179650238473768
553,A woman is carrying a bunch of bananas on her head. She is standing in front of a house.,A woman has a bunch of bananas o her head. She is seen in the forefront of three village type cottages. There is three other people behind the woman. There appears to be two men and a child as the man is wearing a blue shirt and stands in the doorway of one of the cottages. The child sits on the dirt ground a few feet away from the man in the blue shirt. A man wearing a red shirt is seen a few yards behind the others. Trees protrude from the tops of each cottage.,0.005356554612120524,0.30555555209876545,0.8792771100997925,0.12050537938844845
554,A young girl in a red tank top and floral shorts is playing frisbee in a backyard.,A little girl is gesturing while standing in a grassy area. The girl has red paint on her cheeks. The girl has short black hair. She is wearing an orange shirt. She is also wearing a short that are a floral print. Behind the girl is a wooden fence. The fence is discolored and gray. On the ground behind the girl is a black bat and a small white plate.,2.8158771450488e-156,0.26666666291666674,0.8663787841796875,0.07727975270479134
555,A pair of scissors and three combs on a black mat.,"Multiple hair styling tools are sitting on a metal grate. A silver pair of shears is laying on top of a smaller pair of thinning shears. The thinning shears are different colors of blues, yellows, and pinks. Next to the shears is a gray comb. The comb has 2 varying ends. One side of the comb has small teeth the other has wider teeth. A golden comb is laying on top of the gray comb. The golden comb is large with large teeth. The metal grate is dark gray.",7.138002012552326e-158,0.21052631267466915,0.8486693501472473,0.04926108374384236
556,"A green tractor is parked in a large fenced pasture. The cows are standing in a line, drinking from a trough. The cows are black and white, and the pasture is green.","Black and white cows are lined up at a feeding station in a green field. The line up shows seven cow rumps and no heads, but the eighth cow is turned, looking at the camera. A farmer is in a green tractor in the distance, directly behind the feeding area. Bushes are to the left, behind the cows. The one cow with a visible face has yellow id tags in her ears.",2.2182440199266125e-155,0.3098591506526483,0.8815325498580933,0.1944611177804455
557,A group of men posing on the steps of a building.,"A group of 24 young men are posing on the stairs in front of a building. They are mostly dressed in jackets and ties, although one seems to be wearing a sweater under his jacket.  Two of the men are wearing glasses. The men appear to be Caucasian. Most of the men are standing on the stairs, but a few are sitting on the stones on the side of the stairs. They are in front of a porch.",1.8050832136889695e-80,0.32727272429752075,0.8888171315193176,0.09632214018290775
558,A black and white photo of a skier going down a hill.,"Two young men are seen on a ski slope skiing in a black and white photo. The boy in the foreground is wearing a winter hat with white specks, and white pine trees knitted into the design and a white pom pom on the top. The man is bending his right leg as he holds of his ski poles in the air. The boy on the left side of him is barely visible.",2.337891329073971e-80,0.20338982747486356,0.8721255660057068,0.07168786797230103
559,A boy with a black cat on his chest.,"A boy is sleeping on the couch with a black cat. The cat's ears are perked up. The boy has short brown hair and is wearing a white and gray shirt. The couch is light brown and there are some wooden bars at the top, where the boy's head is. The surface behind the wooden bars is white. The boy's ear is red.",1.3160721793294538e-80,0.24489795618492297,0.8741613030433655,0.052083333333333336
560,A sign for Tomasinio's Ristorante hangs from a metal bracket on a building.,The building is painted burgundy and orange. There is an old sign attach to the wall for a restaurant. The writing on the sign is yellow. There are lights attached to the wall as well. The windows on the building are very big. The windows are reflecting the trees. There is a aqua blue square small sign in the sign on the wall.,3.06479615858077e-233,0.2083333295833334,0.8555492162704468,0.043103448275862065
561,"A cluttered office with three computers, two laptops, and a desktop computer.",The desk has laptops on it. Two of the laptops are turned off. There are two desktops to the right of the laptops. The two desktops are on. The desk is made of wood. There is a glass on a coaster to the right of the desktop computer. There's a garbage can underneath the cabinet under the desk. There is a shelf over the desk that has books on it.,4.9539741360560546e-157,0.17021276215482128,0.8686259984970093,0.057943925233644854
562,"A man in a red jacket and blue jeans is standing next to a black and silver motorcycle. The motorcycle is parked on a dirt road next to a white line. The man is wearing a black helmet and has a backpack on his back. The motorcycle has a license plate that says ""110"". The background is a green hillside with trees.","A man in a red and black jacket, blue jeans, and a black motorcycle helmet is seen standing on the side of the road near his motorcycle. The man is holding his riding gloves in his right hand just below the license plate on his bike. The man has the face plate of the helmet down obscuring his face. Across the road there is dry grass and bushes on an incline. The road is empty otherwise.",0.0930818974447466,0.4470588185633218,0.9033740162849426,0.21447721179624663
563,A train is traveling through a green field.,A train is traveling on the railway track that is up on a small hill. The train is dark gray and light gray colors with yellow on its front. The hill has dry yellow as well as green grass. Next to the hill is a fence with wooden posts and green plants are growing on that side of the fence. There are also some green trees. There are some white clouds in the sky.,9.995829254906484e-05,0.21818181569586778,0.8840382695198059,0.044510385756676554
564,A man surfing on a blue surfboard.,"The surfer is wearing a blue and black wetsuit on a cloudy day.  His surfboard is baby blue and cutting through the wave.  The surfer is focused on riding the wave as the spray from the wave is hitting him.  The surfer is keeping his body bent and low to the surfboard to keep himself on the surfboard.  The spray from the wave is small, so the surfer is coming to the end of the wave.",5.160949858346208e-159,0.17391304089792062,0.8672715425491333,0.04341534008683068
565,A picture of a couple riding bicycles in front of a KFC restaurant.,A woman in a white hat with a light brown ribbon walks down a city sidewalk with her purse over her shoulder and carrying a large wooden basket.  There is a railing on the sidewalk and two bicycles are leaning against the railing.  There are a couple of signs and both signs are in the Asian language.  A statue of Colonel Sander from KY Fried Chicken stands in a glass showcase in front of one of the windows.,2.9145755577692732e-80,0.22222221933988415,0.8511640429496765,0.08167141500474835
566,"A group of cyclists are riding down a city street. In the background, there is a large building with a sign that says ""Hamilton Coach Station"".",A picture of people having a bike race. There are orange cones on and around the street. There are tall buildings behind the bike race. There is a large green tree to the right of the bike race. There is a tall street light to the left of the bike race. There are white lines and words painted on the street. The two men at the lead of the bike race are wearing helmets.,3.647858880494431e-79,0.25396824925170075,0.8806589245796204,0.10662532113037894
567,A red truck is driving down a road.,There's a truck and motioned down the street. The front of the truck is ready. This guy is blue with no clouds. The back and top of the truck is white. Their trees to the left side of the truck. The truck has big black wheels. The headlights on the truck on. There's a puff of black smoke behind the truck.,1.0231498953753543e-157,0.13636363338842983,0.8630043268203735,0.04488330341113105
568,A group of people are gathered outside of a building called Doe's.,There are a bunch of motorcycles sitting in front of a store. There is a large white sign on the store front. There is a large red sign on the store front. The sky above the store is blue. The road in front of the store is gray and paved. There are yellow lines on the road in front of the store. There are people standing around the motorcycles.,5.6934098050077695e-157,0.1951219472932779,0.8581172227859497,0.04739336492890995
569,A young boy is brushing his teeth with a blue toothbrush.,"A young child is brushing his teeth.  He appears to be about three or four years old.  He looks Asian, with epicanthic folds in his eyes.  He has brown hair and light eyebrows. He is wearing a white t-shirt. The toothbrush is blue and gray.  The sink is white.  A mirror in the background reflects a bathtub or another sink.  Nobody else is visible.",3.894667111528263e-80,0.2711864376443551,0.8792944550514221,0.06814310051107327
570,A giraffe stands in a fenced enclosure.,"A giraffe stands in an outdoor enclosure. The giraffe is standing in a side view, with its head turned toward the camera. There is a metal fence behind it, with wooden posts. There are tall palm trees with brown trunks, and green leaves and branches. It is a clear sunny day, and blue sky is visible in the background above a tan building. The giraffe is standing on beige dirt or sand and its hooves are dusty.",2.219707087780631e-05,0.19354838509365244,0.8832995891571045,0.05
571,Skier in motion on snowy mountain.,A person is in fast motion skiing on the snow. The skis are multicolored. The trees in the background are a blur because the person is moving. The person is wearing a hat and gloves. The hat and gloves are both black. The trees in the background have snow on them. The person is wearing black pants. The hood on the person's jacket is bright red.,6.955142070410767e-236,0.14999999745000003,0.8363746404647827,0.025
572,A man is riding a red boogie board on a wave.,There is a man surfing in the ocean. He is in the wave. He is on his stomach on his surfboard. He is holding on with his two hands. The wave is big. The surfboard is red. The man is soaking wet. The water is a greenish color. The man has short sleeves on. The Water behind the waves is calm. The man is wearing some sort of paddle on his feet.,2.815150051228614e-157,0.2448979559350271,0.8727598190307617,0.0647024110605294
573,A man rides a bike on a beach with the ocean behind him.,The man is sitting on a pink bicycle with a basket on the front.  He is wearing an orange short sleeve t-shirt and blue jean shorts. He also is wearing a pair of thong shoes.  He is sitting on a bicycle on the beach near the blue water.  The sky is clear blue. There is a  boat in the water.  The man is near a white pick up truck that has a license plate on the back of it.  There is a board in sand near the water.,2.1434851951064827e-157,0.19999999680000002,0.8575066328048706,0.055900621118012424
574,A zebra is eating grass.,"In the image only the head, neck, and a partial hoof of a Zebra is visible. The Zebra is white and black, and is leaning down to eat from the grass. The Zebra is striped. The grass that the Zebra is eating from is green with various twigs and clumps of dirt scattered across it. The picture was taken while the sun was shining.",6.966588266966115e-160,0.13043478067107753,0.8737776279449463,0.043029259896729774
575,A woman holding a tennis racket stands on a dirt path in front of a wooded area.,A woman is standing in the middle of a concrete path crouching and holding a tennis racket as she poses for the camera.  She has short blonde hair and is wearing a short-sleeved button-up light blue shirt and a dark blue denim skirt that falls to her knees.  She is wearing black thong sandals and has red painted toenails.  The path is long and winding as it stretches between two areas of dense green shrubbery lining each side.,0.005791623659510969,0.2133333301333334,0.8687491416931152,0.1316933240611961
576,A hand holding a bunch of bananas.,"The image is of a man's forearm outstretched holding some fruit. The man has light skin and blond hairs on his forearm. He is holding out his left hand, he is holding a bushel of miniature bananas in the open palm of his left hand. They are lying across his fingers, there are seven small bananas. The man is standing on sand that has many shoe and paw prints in it.",8.865076445414677e-159,0.14285714066964286,0.8701367974281311,0.06600447196422428
577,A man and woman are flying a kite on a beach.,Two people are standing on a beachy sand area flying a kite.  There is a woman and a man.  Both are wearing jeans.  The woman has a black long sleeved turtle neck on .  The man is also wearing a lightweight jacket.  In the distance are sandy hills with grass growing on top.  The sky is blue with white clouds in the distance.,8.153152773091216e-157,0.3018867893912424,0.8761866092681885,0.07785467128027682
578,A girl with a black hoodie on her head.,"A woman is posing in a very weird position to take a photograph. She has on a hat that looks like it may be corduroy. She has her hands up, one is an all the way opened palm and the other has her two fingers in the middle pointed downward while the outside fingers are pointed up. She is looking directly at the camera.",3.299444748362344e-234,0.10526315523545714,0.8526480197906494,0.03418803418803419
579,A woman in a red dress is standing at a train station.,"A woman is standing on a train platform. She is wearing a scarf on her head, a coat, and a red skirt. She is holding on to a black suitcase. A lot of people are standing across from her on another train platform. They are standing near their luggage. A large building with windows is over a platform.",2.264752321577878e-156,0.2916666631336806,0.8921538591384888,0.0749063670411985
580,Two zebras are standing next to each other in a grassy field.,"Two zebras with dark brown and white stripes are standing close to each other, and they are leaning their heads on each others backs. The horse on the right is taller than the one on the left, and he has a longer face as well. The one on the left appears more white, and brown, than black and white. There are mountains in the distance behind the dry grass , and the plains.",6.038345058950449e-157,0.24999999695312503,0.8818196058273315,0.10288065843621397
581,A microwave and a toaster oven are on a yellow counter. A poster is on the wall above the counter.,Two black microwaves are sitting on a yellow counter top in a kitchen. A brown shelf is hanging above the microwaves. Objects are sitting on the shelves. A phone outlet is hanging from a white painted wall above the counter top. Two wooden chairs are sitting in front of the counter top. Part of a room can be seen in the background of the photo.,4.7796416421112095e-79,0.37735848650765397,0.9000991582870483,0.13876707707876537
582,A field of green grass and brown cows with a mountain in the background.,Brown cows are lying on the green grass. Behind the meadow there is a small rocky mountain. Some parts of the mountain is covered with grass and shrubs. The cow on the front has two long horns and a long tail. On back a cow is stand facing to the right. On back the meadow is covered with dark green vegetation.,2.450340161533043e-156,0.264150939508722,0.8744062185287476,0.1219852325939844
583,A group of people are playing wii in a living room.,Three men and a woman are standing in a room of a home. They are holding white game controllers in their hands. A blue and brown futon is sitting in front of a window. A tall cabinet is leaning against a wall beside the window. A brown table is sitting near the cabinet with different items on it. A long picture frame can be seen hanging on a wall in the room.,2.815150051228614e-157,0.20689654865041618,0.857211172580719,0.05311077389984826
584,A park bench sits on a path in front of a colorful sculpture.,The sky is mostly cloudy and overcast. There is a bench to the right of the walkway. The bench is made of wood. There is a red sculpture made of metal to the left of the bench. Some of the grass is cut short and some is not. There are trees behind the bench the trees directly behind the bench is a reddish wine color. The trees in the distance are tall and bushy.,1.3149875722834174e-233,0.15999999635200007,0.8654618263244629,0.044182621502209134
585,"A beach scene with a dark, cloudy sky and a bright, setting sun.",The image is of a seagull flying in the air in the direction of the west. The seagull in the air is white and its wings are spread open. There is another seagull on the ground. The ground is made of sand and the seagull is located near the shoreline of the water. There are waves in the water in front of the seagull on the ground. The clouds are gray and the sun is orange. The sun can be seen in the distance.,4.845783065187366e-234,0.11764705522491362,0.8421845436096191,0.013003901170351105
586,"A yellow sign with black text that reads ""@bjazd"" is attached to a black pole. The sign is in front of a blue sky with white clouds.","The image is of a sign hanging on a black pole. The sign says ""Objazd"" in black lettering. To the left of the lettering is a solid black arrow which is pointing to the left. The sign's background is yellow. It has markings and scratches on it making it look worn. The sign is near the bottom of the picture. The pole does not have a top or bottom. In the background is blue sky with numerous clouds. The clouds are large and puffy. The picture was taken during the daytime since the clouds are out and the sky is blue.",0.015380627578876442,0.3544303757282487,0.8855146169662476,0.10683760683760683
587,A beach scene with a yellow kite flying in the sky.,"There is a single person in black on the ocean as they para-ski on a mostly cloudy day. The sail in the air is yellow, with white, and black stripes on it, and is high in the air and far from the skier. Beyond the sand, and near the camera there is a swatch of area where there are small pebbles and small rocks on the sand. There is a red, white, and black kite on the beach on the damp sand near the rock covered ground. rocks.",6.573557765749984e-158,0.16393442327331367,0.8661321997642517,0.043586550435865505
588,A baby elephant stands in front of a larger elephant in a zoo.,"Four elephants are seen in a muddy field on a sunny day. The Elephant nearest the elephant is small and his head, trunk, and front legs are wet. The taller elephants on the right are facing away from the camera, and are fully wet. The fourth elephant is far in the distance behind a wooden post fence. A person in a tan hat is standing near the two wet elephants.",8.850122784915128e-157,0.17857142563775513,0.8591939210891724,0.09081658122611985
589,A tall giraffe is standing in a tall green grassy field. The giraffe is looking to the right of the frame. The background is a forest of green trees.,There are two giraffes in the outside wooded area. One of the draft is sitting down. The other draft is standing with his face in the trees. The giraffe sitting down is looking to the right. The giraffe has two furry horns on its head. The top of the horns is a dark brown color. The giraffe is brown and tan. The giraffe's neck is very long. The giraffe ears are white. The eyes of the giraffe are very dark.,0.028179448816161145,0.3636363594123049,0.883508563041687,0.1390949249204701
590,A large propeller plane sits on a runway with a smaller plane parked next to it.,The picture was taken in black and white. There are planes parked on the grass. There's a big plane and a small plane parked next to each other. The big plane has two propellers under the weight. The windows are on the side of the plane. The windows are circle-shaped. The grass is high. Some of the grass is brown colored.,0.01093418509922471,0.23076922683431958,0.888043999671936,0.1466371681415929
591,A couple is reading a book about biology while lying in bed.,A Caucasian couple are sitting in bed reading a book together. They are both under a yellow bed sheet.The man does not have a shirt on. He also has blue eyes and short brown hair. The woman looks older with reddish-brown hair. The bed frame is made of metal and is black and gold. Above the bed a brown curtain with a funky print hangs.,4.732500540443693e-80,0.22580644849115508,0.8699758648872375,0.05862646566164155
592,"A bathroom with a toilet, sink, and shower. The walls are white and the floor is blue. There is a window with a green curtain.",This photo takes place inside of a bathroom. A long green curtain hangs inside of a white tub. Part of a window can seen above the tub. A window sits over a white toilet. Two small shelves are on a corner wall near the window. A roll of tissue hanging on a tissue holder near the toilet. The floor is blue in color. A small trash can is on the floor near the toilet.,1.0609217923726488e-155,0.4126984083648274,0.8854519128799438,0.1085383502170767
593,A man in a robe is talking on a cell phone.,"In this black-and-white image, a man is holding a cell phone to his right ear and looking straight ahead. He has very short, dark hair and has an East Asian appearance. He is standing next to a motorcycle outside a building. He appears to be wearing a robe. The appearance of him is reminiscent of a Buddhist monk.",9.603834519773463e-157,0.2264150912780349,0.8784118890762329,0.06566604127579738
594,A skateboarder is riding on a wall with graffiti on it.,"A man is riding a skateboard on a skateboard ramp. The ramp is covered in graffiti. Above the skateboard ramp, there is a metal chain link fence. The man is wearing a black shirt with green writing on it and black pants. He is wearing red and black checkered shoes. He is holding his arm out as he is doing the trick.",8.63592595415379e-157,0.3137254870434449,0.8818914890289307,0.07029876977152899
595,A man snowboarding down a snowy hill.,"There is a large amount of snow on the ground. There are trunks that are partially covered with snow. There is a guy snowboarding through the trees. He is wearing a kaki colored puffy jumpsuit. The jumpsuit has a hat attached, but he is not wearing it. He is wearing a black cap with goggles. He is also wearing tan gloves on his hands. His snow board is bright orange and stands out on the white snow.",6.047090850700559e-236,0.07017543644198222,0.858781635761261,0.02142857142857143
596,Train in a park with trees and flowers.,"A train with red and white cars is coming around a curving bend of a train track. The tops of the train is silvery white, and four cars are in view. There is a silver door at the front end of the train, and it is juxtaposed by a black metal fence. People are standing alongside the fence, watching the train. Numerous green trees and a giant cherry blossom tree flank the train tracks. There is a long wooden posted fence with wiring, and a wooden track near the cherry blossom tree.",2.2453065850029192e-159,0.1562499978125,0.8400468826293945,0.041866028708133975
597,A man with glasses and a tie has a black background.,The man in the picture is wearing a tie. That is black with pictures on it. The picture is of Santa Claus and a snowman. But I also have snow drawing on it. The man is wearing a white button down shirt. He is also wearing a dark-colored blazer. The man has gray hair. The man is wearing silver glasses. The wall behind the man is a green color.,3.84310451349266e-157,0.2692307661242604,0.871086597442627,0.07120253164556961
598,A clock tower with a black clock face that says 1:50.,"The image is a large clock tower. It is made of stone, red bricks, and grey bricks. There are two clocks that are visible on the tower. The clocks are white and black. The time on clock reads, 1:27. Based off of what the clouds in the image look like, it appears to be an overcast day. The trees in the image are bare. There is a lookout area at the top of the tower. Below the tower is a newer red brick building.",1.9623051614459496e-234,0.12698412431342912,0.8778602480888367,0.04563233376792698
599,Giraffe are standing in a grassy field.,"There are two giraffes standing together. They look to be lower than the foreground, so they are standing in some type of pit. The foreground is green and grassy with sticks scattered on it. The two giraffes are tall and have white ears. They also have brown and white bodies with patterns on them. Behind the two giraffes are tall, green-leafed trees.",2.0880456755601935e-81,0.1538461515162722,0.8614851832389832,0.07893805309734513
600,Bench sits in front of large rocks.,"This is a light colored bench on the shore. The bench has numerous slats in it.The bench is low to the ground and has rocks on it. There are also sticks and pieces of trash in the rocks. The rocks are light gray and brown in color. The bench is against a cement wall. In the background there is blue water, likely the ocean.",4.2866320147111845e-235,0.08510638044363973,0.8691705465316772,0.03430531732418525
601,A woman and two children are feeding a baby elephant through a fence at an elephant zoo.,"A woman and two children are standing in front of elephants. The woman is wearing a black coat. The children are wearing black and white coats and blue jeans. The woman is helping a little boy put food in an elephant's trunk. A blue bag is being held by the woman, as she helps the boy. The little girl is standing near them with her hand out.",0.016465111603470667,0.26666666291666674,0.878882884979248,0.09418558343289526
602,Man cooking in kitchen with wood cutting board on stove.,"In a small kitchen with white walls, sink, door, and appliances, a younger man with brown hair and dressed in a black t-shirt and sweatpants with a red, white and green design going up the side, is turning a nob on the old gas stove. There is a pot and a baking pan on the stove, and several dish rags are hanging from the door handle. A cluttered rack is above it, full of scissors and other kitchen items. Bottles of flavorings and sauces line the small kitchen window. A large wood cutting board is on the small cabinet next to the stove. More items, that appear to be kitchen related are shoved in between the stove and the cabinet.",8.715985382773409e-83,0.18390804394239665,0.8457469940185547,0.06314418393929097
603,A long freight train is traveling down a track.,"A train is on the tracks with gravel underneath on a gray, dark, stormy looking day. The train in the front has many cars on the back and they appear to be open on the top. In the distance there is another train. The first train looks like a commercial train, the other one looks like it is a passenger train. The sun is on the right side casting shadows to the left. There is a small town, or a large farm in the distance on the right.",1.1161270590517357e-158,0.12698412453514743,0.8555167317390442,0.024968789013732836
604,"A living room with a fireplace, rocking chairs, and a small table.",The room has a fireplace in it. There are two windows in this room. The sunlight is coming from one of the windows. There is a sheer shade over the window. There are two light fixtures on the walls. Both of the lights are on. There's a small rocking chair on a square rug on the floor. The rocking chair is made of wood. There's a footstool in front of the small rocking chair. There's a picture over a small table by the door on the wall.,1.2703714415820243e-157,0.17857142541454082,0.8739694356918335,0.05363382250174703
605,A long straight road with a sign showing the way to 216 and 209.,"A road runs through a wooded area.  The road has two lanes, each running in opposite directions, separated by a double yellow stripe.  A sign points the way to two separate routes coming up at an intersection.  A pole is over the sign.  It holds overhead wiring.A car is in the background, heading away from the sign.  A stop sign is in the distance in front of the car.  It is partly cloudy.",5.108741491195861e-80,0.2153846120047338,0.8467475771903992,0.07928930700447095
606,A mirror on the floor with a bunch of wooden puzzles in front of it.,A picture of odd wooden shapes on the ground. There is a large framed mirror behind the objects. The floor under the objects is made out of wood. There are brown nail marks in the wooden floor boards. The wall next to the mirror is white. The wall above the mirror is brown. The floor in the reflection is shiny.,3.46923681423589e-156,0.27999999596800007,0.8816403150558472,0.09009009009009009
607,Two women walking on a sidewalk are partially obscured by a black and white checkerboard pattern.,"A couple of women walk on a sidewalk. The women have a dark complexion. There is a cross walk signal to the left of the women. The sidewalk they are walking on is gray. There are green, leafy trees behind them. There is a tall building directly behind them. There is a fence around the building that is behind them.",4.68642411353997e-156,0.24489795493544364,0.853564441204071,0.09568907374100719
608,A bowl of food sits on a red table.,"A clear glass bowl is next the the computer keyboard. In the clear glass bowl is a variety of fresh nuts, dates, and a part of a peeled banana. Outside of the bowl next to it on the desk is a unpeeled small orange. The desk is painted red but the paint has started to chip. You can see part of the keyboard and part of the computer monitor.",2.095023808429367e-234,0.24489795618492297,0.8659094572067261,0.047619047619047616
609,A young baseball player is getting ready to swing the bat.,A boy is standing on a baseball field holding a bat in his hands. He is wearing a black helmet and a black and white uniform. A catcher is squatting behind the boy. He is wearing a black face mask and a brown baseball glove. The field is surrounded by a gray chain link fence. A silver vehicle is parked outside of the fence.,1.1433136107786836e-233,0.19607842798923494,0.8577824234962463,0.03407155025553663
610,A stuffed teddy bear sits on a blue table in front of a window.,A teddy bear sits on  a small table. The table is blue. The bear is wearing a hat. The bear is wearing overalls. The bear has a tag on its ear. The bear is wearing a tie. There is a bench sitting on the yard. There are trees behind the fence. There are people outside. The bear is inside a car. The bear is little.,0.007826925893480831,0.3478260829017013,0.8810862898826599,0.0667779632721202
611,Man cutting cake with knife while others watch.,"A picture of a man touching a cake. The cake has white frosting on it. The cake also has heart decorations on it. The man touching the cake is wearing a shirt, tie and pants. There are metal bars obscuring the view of the cake. There is another man behind the man touching the cake. There are candles behind the cake.",1.437258494844447e-234,0.04999999680000021,0.8531666994094849,0.017953321364452424
612,Woman looking at camel outside bus window.,A woman is sitting in the drivers seat of a vehicle.  The woman has long red hair and is wearing dark sunglasses.  The woman is parked in front of a large camel.  The camel is standing still on top of some grass.  A person in the back seat is holding a camera in their hands filming the camel .  The hands have a watch on the wrist.  The windshield of the vehicle has two black windshield wipers on it.,3.821244765638815e-236,0.03846153613165695,0.8337700366973877,0.020891364902506968
613,Two giraffes in a cage.,Two giraffes behind a cage.  The giraffes heads are hanging over the cage.  The picture is in black and white.  The giraffes are standing next to each other.  The cage is made of iron and very tall.  The giraffes has spot over their body.  The giraffes heads are to the top of the ceiling.  The ceiling is made of concrete.,2.094958459509827e-159,0.256410254174885,0.8769676089286804,0.04587155963302752
614,A child is holding a red and white Wii remote in front of a couch.,A person holds on to a Nintendo Wii mote. The Wii mote is red.  The Wii mote is in the right hand. The bottom half of the Wii mote is white. The Wii mote is in the left hand. The person is sitting down. The person is wearing jeans. The person is wearing a blue shirt. The person is sitting near a wall. The two parts of the Wiimote are connected.,3.600758155609082e-233,0.3333333292013889,0.8645811676979065,0.06116207951070337
615,"A bowl of cereal, an orange, a knife, a cup of coffee, a banana, and an apple.","A healthy breakfast sits on a dark gray table under a bright light. There is an orange on the left upper side next to a cup of tea and an apple near that. Below the apple there are three old brown bananas. A knife sits in between the apple and tea. There is a bowl of fiber cereal on a plate, and a silver spoon on the plate.",1.959524918014896e-79,0.2711864372421718,0.8749909400939941,0.08744038155802861
616,Four people are roller skating down a street.,"Four people roller blade down a street. Each person is wearing safety gear: helmet, knee pads and gloves.  Each person also holds two ski poles.  One man wears a red and white jacket.  Two of them wear black and one wears an open blue jacket.  A car and a white house are visible behind them.  A tree sits upon a landscaped median directly to their left.",4.336817216816807e-81,0.22950819444235426,0.873783528804779,0.0796664180622415
617,A model train is running through a garden.,"The photo was taken outside. There are two red train cars, a blue cargo car and a white cargo car on the train tracks. The train tracks are black in color. The train tracks are surrounded by a rocky ground. The rocks are gray. Surrounding the rocks are tall green bushes. The bushes are behind the train. In the front are green leaves with yellow and purple flowers.",7.124997420522185e-235,0.08163265032902967,0.8577969670295715,0.024193548387096774
618,Two men are playing tennis on a tennis court.,Two men play tennis on a grey court.  The court is surrounded by a grey netting.  One man has a blue tee shirt.  The other man has a grey tee shirt.  There are two benches in the area.  Both men are wearing shorts.  Both men are holding rackets.  Yellow tennis balls are in the air.  There is a green covered area near the fence.,1.359859797048984e-80,0.29787233760072435,0.8717502951622009,0.11765326580141396
619,A pair of elephants are walking through a zoo enclosure.,Three elephants are on an enclosure. The enclosure are circled with grey wires and poles. The big elephnat has a long trunk and small ears. Two stones are in the enclosure the are covered with green powder. Behind the elephants there is a grey building with windows that have red frames and metal roof.,8.408738869116583e-157,0.16326530287380264,0.8562527298927307,0.05040322580645161
620,A photo of a cityscape with a river in the foreground and a bridge in the middle. The sky is orange and the water is reflecting the orange sky. There are trees and buildings in the background.,The sky is a golden yellow color. There is a bird flying in the sky high up. To the left there is a clock tower. The clock on the clock tower has a face that is gold colored. The hands on the clock are black. The water is reflecting the gold light coming from the sky. There are weeping willow trees next to the Clock Tower. The weeping willow trees are also next to the water. The water is calm.,0.04377664596385764,0.3333333287052342,0.875938355922699,0.16789960369881107
621,A man sits in front of a window in a restaurant.,A man sits down in a chair. The man is sitting in a room. There are many wires outside. There are many windows in the room. There are blinds on the windows. There are boats outside. There are many buildings outside. There are clouds in the sky. There is a tv in the room. The man's foot is in a chair. The buildings have many windows.,3.1405790071616334e-80,0.270270266588751,0.8535695672035217,0.08793904958677687
622,A black bear is climbing a tree.,A bear sits on a tree. The bear is alone. the bear is black. The bear has a leg in the air. The tree has bark on it. The tree is brown. There are leaves on the tree. There are many branches on the tree. The bear is small. There is sunlight all over. The bear is laying down. There are many trees. The bear is in the woods. The trees are standing up.,7.261749786132638e-159,0.2499999971125,0.8762549757957458,0.05527488855869241
623,A bus drives through a busy intersection in front of a sign for Vacaville Premium Outlets.,The bus is making a right turn at the corner. There are stripes on the side of the bus. The bus is mostly white. The windows are black. There is a silver car by the bus. There is a pole above the bus. There is a traffic light on the pole. There is a colorful sign by the bus. There are many trees by the side of the road. There are many cars on the road. The sky is bright and blue.,2.201689600792663e-233,0.15384614974112437,0.8439360857009888,0.039787798408488055
624,A red fire hydrant is in the foreground of a busy street.,A red fire hydrant of the corner of a sidewalk.  A black car is riding along the road.  There is a white truck on the other side of the road.  White lines are painted in the road.  The hydrant has chain on each side.  The edge of the sidewalk is painted red.  There is a tree across the street covered in snow.  There is snow on top of the hill behind the trees.,0.0018289123849390707,0.3846153810650888,0.8754770755767822,0.08728708778534389
625,"A pizza with red sauce, cheese, onions, and pineapple on a wooden table.","A small round pizza is on a wooden table.  The pizza has red onions, red sauce, and melted cheese on it.  The pizza also has black olives and spices.  A dark shadow is on the table beneath the pizza.  The background is blurry beyond the pizza.  The pizza also has a red pepperoni curled at the top near a lone slice of red onion.",0.005168595154443199,0.3529411726720492,0.8893344402313232,0.10789473684210525
626,The zoo has many giraffes.,This is an enclosure with giraffes. The giraffes are tall and have dark brown and patterned skin. The ground is beige with dirt. There is a grouping of tall trees in the background with brown and green leaves. There is also a zebra laying on the ground. It is black and white. There is a little circle of water for drinking.,1.981185423763303e-236,0.08888888691358031,0.8718611001968384,0.018050541516245487
627,A boy is riding a bike and a dog is sniffing him.,The boy is sitting on the bicycle. There is a dog fighting at the boys like. The dog is being playful with the boy the bike is silver and red. The dog is a light tan color. The boy is wearing a yellow black and white T-shirt. The boy is wearing blue jeans. There are trees and trees with flowers in the background. The trees directly behind the boy have red flowers.,6.563101696979745e-157,0.20408162940441485,0.8798081278800964,0.07575757575757577
628,A tower with a clock on it has a blue sky in the background.,A small monument with a clock on both sides.  The clock is round and black and white.  The time is noon.  The monument is beige in color.  There is a oval door on the side of the monument.  There are two small windows with balconies on the building.  The sky is clear and blue.  There is a tree on the side of the monument on the right.,0.004941084554225907,0.3265306083465223,0.8791495561599731,0.07293354943273907
629,"A young man is wearing a red shirt with a brown, yellow, and black vest. He is wearing a blue tie and has a tie-die shirt on underneath. He is smiling.","A young man of normal weight, with short brown hair and a small goatee, stares at the camera. He has a slight grin on his face, and one eyebrow is upturned. He  is wearing an orange t-shirt and a very wrinkled orange, tan and black checked sleeveless vest, with a pale blue striped tie. Slightly out of focus in the background is another person in a white t-shirt, sitting on a metal chair, and bed with white and beige pillows on it.",7.523517038362426e-79,0.3132530081521266,0.8805798292160034,0.1652795838751625
630,A group of people are gathered on a grassy hill. Some are flying kites.,"Men, women and children are standing outside on a grassy field. They are flying kites. One kite is blue and red in color. Another kite is pink, green and yellow. A baby stroller is sitting on the grass beside two men. All of the people are dressed warmly. The sky is bright white above all of the people.",2.438357807210937e-79,0.3103448241082046,0.8916369676589966,0.1185634328358209
631,A man is flying a kite in front of a city skyline.,"This picture is taken outside on a sunny day. Three people are sitting on a grassy field. A man and woman are sitting beside each other. The woman is waving to a man that is standing on a field with a sail above his head. The sail is blue, yellow and white in color. A large body of blue water is in front of the people. Large buildings are seen in the background behind the water.",2.1652507547784888e-80,0.23333333033888887,0.8549631834030151,0.07644127155172414
632,A plate of fruit with a large slice of watermelon and a slice of orange.,"There is some food leftover that is sitting on a  plate. The plate is very small and white and looks almost like a Frisbee or short disk. There is a piece of red pepper on the plate, a small little grape, a celery stick, an orange, and I believe a cucumber. There looks like there was some sauce or something that spilled on the plate as well.",4.321890963781919e-233,0.14545454225454552,0.8704522252082825,0.04854368932038835
633,Giraffes and zebras in a zoo enclosure.,The giraffes and zebras are in a place together. All the animals at casting Shadows on the ground. The giraffe's a way taller than the zebras. The zebras are all facing towards the right. The giraffe's closest to the camera facing left. The sky is mostly cloudy with some blue showing. The zebras are black and white. The giraffes are brown and cream colored.,2.865724692404585e-158,0.1632653036734694,0.8573693633079529,0.04288164665523156
634,Snowboarder riding over a pipe in a snowy forest.,Someone is balancing themselves on a round metal food with a snowboard. The person is wearing a yellow jacket. The person is also wearing a black hat. The snowboard is multicolored. The person is wearing black pants. The trees in the background have snow on them. There is a ski lift in the background. Some people are riding on the ski lift.,4.12050784232585e-234,0.13953488069226613,0.8514696955680847,0.04409171075837742
635,A boy holds a phone in his hand and looks at it.,"A boy is standing outside in the sunlight. He is holding an older, flip-style cell phone and is looking at the screen. The phone is grey in color. He is standing in the shade under a small tree to block the light from hitting the screen of the phone. The leaves of the tree are green with some brown spots on the leaves. The boy does not have a shirt on and has short brown hair.",3.455938505434353e-157,0.23333333013333338,0.8879367113113403,0.08390095075918831
636,A daffodil bouquet sits in a clear glass vase.,A vase sits on top of a white surface. The vase is half filled up with a clear liquid. The vase has long green stems placed inside of the clear liquid. There are yellow flowers on top of the long green stems. The room the vase with flowers is in is white. There are red spots on the yellow flowers. The wall behind the flowers is white.,1.2170121990717512e-157,0.2325581362249865,0.8526157736778259,0.04084967320261437
637,A book is open on a bed with a blue and white striped comforter.,A book is open on a bed.  There are sheets on the bed with blue stripe.  It is a comforter and a pillow is under it.  The writing in the book is a black print font.  It is turned to chapter 6 on white pages.   A white wall is behind the bed.  The comforter is ruffled and messy.  Shadows are casted on the bed from the light.  Creases are visible in the comforter.,0.006567749824718069,0.43636363275371903,0.8889361619949341,0.09687034277198212
638,A baseball pitcher is throwing a pitch.,"The photo was taken at a baseball game. There are two players on the field. The field is green grass with brown dirt patches. The team players are wearing a black hat, white green and yellow jerseys saying SURF and white pants. Both players are wearing mitts. The player in the front is throwing the baseball. The baseball is in the air. It is a sunny day.",1.569823262249209e-158,0.15999999759200004,0.8498561382293701,0.040983606557377046
639,A man is standing in a snowy pen with two horses. The man is wearing a black jacket and holding a shovel. The horses are standing next to each other. There is a bucket and a sign in the pen.,A man stands in a snow covered field while holding a hose. There are two horses in front of the man with the hose. There is a fence in front of the man with the hose. The sky above the scene is gray and cloudy. There are large buckets near the horses. There is a forest off in the distance behind the horses. The hose is yellow.,1.419602491305038e-78,0.38095237605442184,0.9016488194465637,0.21680870917573877
640,A white truck has flipped over on its side on the side of the road. The truck is a Swift brand. There are several people standing around the truck. There are also several other vehicles on the road.,There is a semi stuck in the side of the road. The semi is white. The semi has a logo on the side of it. There is writing on the front of it as well. The semi is stuck in dirt and grass. There is a sign by the semi. There are some trees by the side of the semi as well. There are some people standing by the side of the road. there are cars parked on the road. The sky is grey. There are many trees in the distance.,0.06062312386192725,0.44444443959687585,0.8994933366775513,0.2441864077938039
641,A man and a woman are riding a motorcycle down the street. The man is wearing a helmet and the woman is not. The motorcycle is black and purple.,A man and woman are riding a motorcycle on a paved road. The man is wearing a short sleeve shirt and blue jeans. The woman is wearing a tank top and blue jeans. Both of them are wearing helmets on their heads. There are two long yellow painted lines on the road. Cars sit parked under a building near the road. Two of the cars are red.,0.08803263258095839,0.39344261879064774,0.907328188419342,0.2046792371563255
642,A box containing a single donut with a fork.,A paper box sits on the table. There is a donut sitting in the box. The donut sits in the corner of the box. The donut has chocolate on the top. There is a plastic fork in the box. There is chocolate on the box. There is frosting on the box. there is plastic on the top of the box. The table is white. There is one box.,2.2369104258697568e-234,0.3030302993572085,0.8768293261528015,0.04025764895330113
643,Polar bear in water with black squares covering the face.,A white polar beat is swimming inside of the water on his back with his belly facing up. He is white with gray markings on his fur. His mouth is open showing his teeth and it looks like he maybe smiling and enjoying himself swimming. The water is dark blue in color and the wave in the water appears to be white in color.,6.54384673568429e-234,0.11111110809327854,0.8598171472549438,0.05972696245733787
644,Air India airplane on tarmac with other planes in background.,There is a large passenger jet sitting on top of the airport tarmac. There is a red rear wing on the large jetliner. There are windows on the sides of the plane. There is a large towering light behind the jet. The tarmac under the jetliner is wet. There are buildings off in the distance behind the jetliner. There are vehicles pared off in the distance behind the jetliner.,3.69361133241267e-234,0.1395348801514333,0.8487374186515808,0.02377179080824089
645,A small dog is walking down a stone path next to a bicycle.,The two dogs stared at each others.  The only thing that separated them were the bike.   The bike was park on the side walk.  The bushes seemed to be high from the view.  It covered the view .  The blonde dog was the tallest of the two dogs.  The black dog was noticeable shorter of the two dogs.  He seems to be walking toward the taller dog.,1.9829434810071853e-233,0.07547169461018172,0.8556044101715088,0.05123782467532467
646,A woman is washing dishes in a kitchen.,A woman washes dishes as she wears yellow gloves. The woman has dark black hair. The woman is wearing a white mask. The woman is wearing a flower print dress. The woman is standing in a kitchen. There is a crock pot next to the woman on the counter. There are two knives on the side of a cabinet. There are bottles on top of a wooden shelf.,3.6293778304073687e-81,0.27450980127643215,0.8740658164024353,0.08581149193548387
647,"A stuffed carrot toy has a tag on it that says ""MASS SHEEP AND WOOLCRAFT FAIR SECOND PLACE"".","There are three pieces of fabric that looks like that are project of some kind. One fabric has white and brown sheep walking hand grazing in a grassy field. The fabric in the middle is littered with small blue, purple, pink, and white flowers. The last piece of fabric is multi-colored lines with frills on the edge. There are two fabric carrots with leaves on them in on the top of the display. There is also a second place red ribbon attached to the carrots.",3.0245768487831832e-233,0.10810810442658889,0.8182711005210876,0.05747126436781609
648,A busy street with a blue bus and a white bus in the middle of the road. There are people walking on the street and a car parked on the side of the road.,"On a crowded street, two buses, a motorcycle and a car are driving.  The car is small and black with gray hues.  The buses are blue and white with maroon trim.  Each bus has a large rear windshield and a ladder.  Several people are crossing the street between the vehicles.  A couple - the man in a black jacket, the woman in a red jacket and blue jeans, walk behind the blue bus.  Another man walks near the bumper of the blue bus.  All vehicles are oriented in the direction of a large, brown apartment building with several windows.",4.445545088393181e-79,0.3058823491044983,0.8713735342025757,0.1297297297297297
649,Broccoli is on a cutting board and is being cut into florets.,"This image is of a wooden cutting board with various chopped vegetables laid out across it. Toward the top of the cutting board is a row of bright green broccoli florets. Below the broccoli is a row of a lighter green and white vegetable that looks like chopped celery, or perhaps leeks. Some of the celery is completely white. To the right of the image, there is a small pile of minced fresh garlic.",4.082708939618209e-157,0.20338982747486356,0.864147424697876,0.0861284096289013
650,Brown and white cow standing in a barn doorway.,"A brown and white cow is standing behind a fence in an enclosure on a bright sunny day. The gate to the wooden fence is open and the cow is standing in the open doorway looking out. The fence is unfinished, unpainted wood. There is a pillar painted white on the left side of the fence. Behind the cow there is a wood panel on the wall, and the corridor behind the cow is dark.",3.4691286002497134e-81,0.279999997048,0.87259840965271,0.07011576560448742
651,A group of sheep are running through a field.,A group of sheep are running in some grass. There is one small black sheep and the rest of the sheep are white or off-white in color. The sheep are running through somewhat short green grass. Small flowers are visible in the grass. There is a dirt path as well as trees that are visible in the background. It is daylight outside.,0.002079267725925501,0.28571428271553523,0.8955984711647034,0.11133156966490299
652,A boat sits in the water with a small island with green plants in the foreground.,"A small boat with ""PZ4"" written on the rear back is seen anchored in a shallow turquoise body of water. The boat has a black bottom and a white deck with an orange roof on the cabin. An orange and white life preserver is on the top of the boat. A bunch of small white birds are swimming around in the water. There is a full lush bush near the camera at the bottom of the image. A tall rock cliff is visible on the other side of the water.",6.607047460223158e-157,0.20895522075295167,0.8753737807273865,0.060532687651331726
653,A man sitting on a suitcase in an airport terminal reading a newspaper.,"A man with short brown hair sitting on a black piece of luggage. He is wearing a long sleeve black shirt with collar and black jeans with white tennis shoes that have a black stripe. He is holding an opened newspaper that he is reading. He is sitting on the piece of luggage in a large terminal with grey, black and yellow tiles on a floor. The floor goes a long way back. There is a train coming in the background on a track that runs in front of the man. Past the tracks is rows of dark windows. To the far left alongside the floor is bright orange cones next to pillars on the wall.",1.567108768445514e-81,0.22222221969821673,0.8592640161514282,0.04257332071901609
654,A woman is sitting at a table with a wine glass and a wine bottle. She is writing on a clipboard.,"A woman in a black tank top is sitting at a small round table indoors and filling out an application with two large wine glasses on the table. The woman has brown hair, and is making an odd face at her companion. The table behind her is empty. The table next to that has a person in a black shirt sitting at it. On the other side of the room there are two green arm chairs and a short table between them.",0.009844233336381854,0.27777777432098766,0.8844077587127686,0.1239552453886693
655,A blue and white umbrella sits on the edge of a pool.,Outside of the older style building is a in ground pool. It is empty and has no water in it. You can see the inside of the pool appears dirty. There is still a metal ladder attached to the side of the pool for people to climb in and out of it. There is also a a few chairs and a table with a umbrella for people to sit at.,1.2194411011180272e-233,0.21818181477024795,0.8618330955505371,0.062305295950155756
656,A purple kite is flying in a park.,People are skating and playing in the park.  There is a purple kite flying in the sky.  The sky is blue and full of clouds.  The kite has different color strings hanging from it.  There are house and trees in the background.  People are skating on the pavement.  The grass is green.  There is pond or lake behind the grass in the background.,1.0898899672333675e-157,0.26086956234404535,0.8719481825828552,0.0608695652173913
657,A black and white photo shows a parade of horses and carriages with police officers standing in the way.,This is image is in black and white and shows a royal family traveling down a road in a carriage. The front of the photo shows the back of a man head taking photos. He is behind a gate with is aligned with officers. They all wear the same black uniform with black hats. Not far from them is one royal guard with a tall fuzzy hat. In the street the carriage is being pulled by four white horses. Two of them are being ridden by men in white with black hats. The carriage is black with UK flag waving on top. Behind the carriage a band of people in amour ride on horse. On the opposite a group of spectators watch the show.,1.4339435918606194e-80,0.26086956206994333,0.8615394830703735,0.06949404374006203
658,A bottle of water sits on a bench in front of a chain link fence.,The image is a close-up of a bottle of water sitting on a park bench. The bench is sitting outside of a fenced area. On the other side of the fence is a brown field with green grass and green trees in the distance. The bench is silver and has ridges on the seat. A plastic water bottle on the bench has a blue label and cap. The cap is on the bottle. Behind the fence is some dirt. The sky is blue with few clouds. It is a sunny day because there are shadows.,2.0515079633392782e-80,0.28124999676269535,0.871985673904419,0.06321839080459771
659,A train station with a train from East Coast.,"This picture is taken inside of a train station. People are standing on a platform. Tall blue and white poles stand on the platform near benches. There is a large blue and white sign standing on the platform near the people. The ceiling of the station is rounded with windows in a row across the top. Two trains are sitting near the platforms. The trains are purple, orange, blue and white.",7.379852105926587e-158,0.15999999731200001,0.8389886021614075,0.046296296296296294
660,A Ferris wheel is in the background with a clock tower in the foreground.,A tower has a green roof that is pointy. Arch windows are on the tower. There are two clocks on front the tower. The clocks have roman numerals color golden. The hands of the clocks are long and golden. People are in the Ferris wheel that has red flags on the top. People are in the round baskets of the Ferris wheel.,3.082655762529662e-156,0.2857142820158268,0.877364993095398,0.09615384615384616
661,"A traffic light is on the left side of the image and the sign on the right says ""Ortgappen"".",The snow is all over the ground. The pole with a traffic light on it is coming out of the ground. The pole is leaning to the left. There are footprints in the snow. There are cars driving on the street. The cars are driving slowly down the snowy Street. The car closest to the camera has their brake lights on. The brake lights are red. Most of the trees if not all are bare.,4.2601036076764893e-156,0.23728813180120661,0.8575047254562378,0.11509514849834467
662,A ski slope with a ski lift in the background.,"A ski life is filled with several people, and it is riding high above a snow filled mountain. The ground is covered in snow and batches of thin  leave less tress are scattered about on the mountain. The lift is riding on wires attached to sturdy large dark green poles. A few small evergreen trees are also scattered about on the mountain, under and opposite the lift. The poles are casting a shadow on the ground, and it is a bright sunny day with a deep blue sky.",3.838368251362833e-158,0.2121212097658402,0.8410271406173706,0.059799480889612705
663,A small dog sits on a wooden rocking chair in front of a sliding glass door.,"A small, skinny, scruffy dog wearing a red collar is sitting on a wooden rocking chair. The small dog is looking up towards the sky as he sits on the chair. Vertical blinds on a window behind the chair are pulled open and reveals a dimly lit living room. Behind the chair on the left there is a metal table frame with no table top, and a small green plant.",0.007484890757243693,0.28124999641113285,0.8852669596672058,0.10631220735358085
664,"The image is a photograph taken at a busy market. The market is located on a river, and there are several boats on the water. The boats are filled with various goods, including produce, and there are people on the boats selling the goods. The boats are painted in bright colors, and the people on the boats are wearing traditional clothing. The water is murky, and the boats are moving slowly. The people on the boats are engaged in conversation, and they are all wearing hats. The background of the image is a blur of other boats and people.",A woman is a tan lamp shade shaped hat is sitting in a canoe handling greens.  the woman is wearing a long sleeve brown shirt and the canoe is brown and wooden with water stains on the sides.  Inside the canoe are bushels of greens the woman is handling.  The canoe is in a small crowded section of water.  The water is crowded with other canoes .  A green tent with metal poles and yellow cords attached is over one of the canoes in the water.,1.5561117317004977e-78,0.2580645111296104,0.8596962690353394,0.19418251082003402
665,A snowboarder is jumping in the air.,"A snowboarder is snowboarding while wearing a yellow snow coat.  The sky is blue behind the snowboarder in the sky.  The snowboard the person is using is green, white and black.  The snowboarder is wearing yellow and green gloves.  The snowboarder is also wearing a pair of white and metallic goggles and a blue winter hat.  The person is wearing brown and black pants.",1.8361416197997127e-81,0.24390243619274243,0.8611761331558228,0.04288164665523156
666,Elephant stands in front of a wall of trees and bushes with a few birds around it.,Two elephants are standing together outside by a concrete wall. One elephant is considerably smaller then the other one. Right by the elephants there is a large amount of bushes and trees with green leafs. The ground is mostly dirt with patches of green grass throughout. On the grass eating there is about a dozen or so large black crows.,1.2027047275657006e-232,0.16666666291666676,0.878021776676178,0.09874326750448832
667,A bunch of bananas are on a tree.,A handle of yellow bananas are on a tree. The tree has dry leaves and green leaves. The tip of bananas are color black.  Some bananas have black and yellow peels. The bananas has small brown spots on the peel. Sunshine is on some bananas.  Behind the handle of bananas there are branches with green leaves.,0.0015837816104164078,0.3414634114931589,0.8786422610282898,0.1118064413265306
668,A vase of pink flowers sits on a table in front of a red chair. A bottle of soda sits on the table next to the vase. A fan is on the table behind the vase. A sombrero hangs on the wall behind the vase.,A soft drink bottle and a vase of flowers are on a tabletop. There is about one-fourth of the cola-colored drink left in the bottle. The vase has pink carnations and another the of pink flowers in it. There is another table against the wall behind the one in the foreground. That table has a salt shaker on it. There are two red chairs in front of it. Both tables are covered with turquoise plastic tablecloths. Hanging on the wall is a decorative Mexican sombrero.,0.05730574574841687,0.4054054010226443,0.8918018341064453,0.24171066661527982
669,A kitchen with a large island in the center. The island has a granite countertop and a sink. There are several cabinets on the left side of the island and on the right side of the kitchen. The cabinets are made of wood and have a dark finish. The walls are painted yellow and there is a window on the right side of the kitchen. There are several light fixtures hanging from the ceiling.,This photo was taken in the kitchen. The photo was taken in the daytime. There are three lights hanging from the ceiling. There is a long marble counter in the middle with wood cabinets a silver dishwasher and a double sink on the left. There is a bowl on apples on that long counter. On the left there is a silver stove in the middle with two woos cabinet units on each side. Above the stove is more cabinets. The walls are painted yellow and the door and trimming is white. On the right there are two windows.,0.12364112965951124,0.4893616972385696,0.8969283699989319,0.30000010806044464
670,A blurry photo of two people on skateboards in a tunnel.,"A young man is on one knee on his long skateboard. He is riding his skateboard down a empty city road. He is going at a fast speed because the photo is blurry. The sun is peaking out, but it is lower in the sky. Therefore my guess is it is sunset and its late on in the evening. You can also see blurry trees with green leafs on them.",7.333314136081604e-234,0.16129031966181065,0.8695029616355896,0.054602184087363496
671,A baby lies on the floor next to a purple flip phone.,An Asian baby is laying on the floor. There is a blue cellphone in front of the baby. The baby appears to be reaching for the cellphone. The floor is hardwood. There is a rug underneath the baby. Beside the baby is a stuffed animal and train toy. The stuffed animal is orange. The baby is wearing a plaid onesy. There is a reflection of the stuffed animal in the hardwood floor.,4.640813715551179e-157,0.2127659536441829,0.8862030506134033,0.05303030303030303
672,A soccer game with three players in red jerseys.,"Four men are on a grass field playing soccer in red uniforms. They are running towards the right side, the man in front closest to the ball, his foot resting right next to it. The three other man are racing towards the man with the ball. In teh distance is a group of trees, some pine trees, some bear trees with no leaves on them.",1.5198643083720065e-157,0.1403508745337027,0.8590685129165649,0.050505050505050504
673,A clock tower with a star on top.,"The top of a tower with the symbol of David is on the very top point.  An ornate tower has a clock on two sides.  The clocks read 11:58 and the numbers are gold, roman numerals.  The hands of the clock are golden.  An opening above the clock are on all sides.  A bell appears to be in the star of David.  The background is a beautiful, blue sky with no clouds to be seen.",2.0449534808945478e-158,0.2909090884231405,0.8579427599906921,0.05124450951683748
674,Two men are sitting on a bench.,"Two men are sitting on a bench. The bench is in front of a building with glass pane windows for walls. There is a drawing of a tree on the wall in the building. One of the men on the bench is sitting on the back of the of the bench with feet on the seat. He has on a tan shirt and tan pant and is talking on the phone. The other man is sitting on the bench seat and wearing a blue shirt with a design and a pair of short pants. There are two rolling suit cases sitting in front of the bench, one is lime green and the other is blue.",1.992767193642726e-07,0.2372881335018673,0.8758741617202759,0.03358925143953934
675,A close-up of a horse in a field with trees and other animals.,A large black dog stands on a field of lush green grass. There is another white dog standing to the left of the black dog. There are sheep behind the two dogs on the field. There is a forest of lush green leafy green trees behind the sheep. There are green plants in front of the two dogs. There is a brown tree trunk sticking out of the ground in front of the forest of green trees.,4.995746979212677e-157,0.24489795548521454,0.852052628993988,0.049575070821529746
676,A man is riding a motorcycle around a corner. The motorcycle is white and red. The man is wearing a helmet.,"A man on a motorcycle races down a race track. The motorcycle rider is wearing a red, white and blue helmet. There are black tires on the motorcycle. There is a white line around the race track. There is a field of green grass behind the motorcycle rider. There is an orange and white sign behind the motorcycle rider. There is metal scaffolding behind the motorcycle rider.",4.5247175180067355e-79,0.44897958775510205,0.9072819352149963,0.1362179487179487
677,A busy street scene with people walking and horses.,"There are several people outside working and shopping at a booth that looks to be at a flea market. Separating the booths are big colorful sheets,in the front there is a man with a brown table with an arrangement of fruits in front of a brown door.Next to him there is a man standing on top of a brown shelf fixing his merchandise.In the back there are some more stuff but there items aren't as visible.In the middle are a large assortment of shoppers and a man walking a white horse.",1.6426968126270566e-235,0.11267605412418175,0.8459939360618591,0.030193236714975848
678,A box of fish and chips sits on the floor next to a toilet.,A white toilet is in a bathroom. The sit of the bathroom is down. A roll of paper is on the tank of the toilet. A white used paper is on the floor. Behind the toilet there is a grey pipe that is connected to the wall. The wall of the bathroom is white. An empty bottle of soap is on a counter. On front of the counter there is a poster board.,9.765350773043119e-157,0.32653060816326535,0.860234797000885,0.05961251862891208
679,A bear is standing on a rock in front of a forest.,A large bear is standing up on all four of it's legs. The bear is a dark color that looks like a dark brown or black. The bear is standing on a large rock. Underneath the rock there is a little water that can be seen. Behind the bear there are a lot of trees that look like a forest. On the ground there is grass but the sunlight is shining on it.,0.002471226697658174,0.3272727240727274,0.8833543658256531,0.10265722862543082
680,A cat eating from a bowl.,The cat is eating cat food out of a round Bowl. The bowl is a light blue color with a brown trim around the edge. The bowl is on the floor. The floor is a light tan color. The floor is made of wood. The cat is a grayish color with black stripes. The pause on the couch all right. Under the cat's neck as white as well.,4.983577062938322e-236,0.18181817946280993,0.8651441931724548,0.04045307443365696
681,"A horse is standing on a grassy hill. In the background, there are mountains.","A horse is galloping in a meadow of hills.  The horse is chestnut brown with a long black mane and tail.  The meadow is full of long green grass and some shorter yellow, dried grass.  Deep green trees are in the back ground.  the sky is gray and cloudy.  A  black and white tall poll with a red and white top is nearby.",1.0041245242281659e-79,0.18518518134430736,0.879643440246582,0.06024096385542168
682,Two hot dogs are on a tray with a cup of curly fries next to them.,The two sandwiches are in the white trays. The white trays are on the left on the table. The white trays in the front are both open so that the sandwiches can be seen. On the left are fries in a red and white container. The fries in the container are curly fries. The curly fries are spilling on the tray. The food is on the black tray. The tray is on the wood table. There is sauce in a white container behind the black tray in the front. The floors are made of wood and the photo was taken at a restaurant.,3.297411555800237e-157,0.2068965478894174,0.8705369234085083,0.06192477383711037
683,Breakfast tray with pizza and salt and pepper shakers.,"A mean is on a wooden tray near a small dipping pool on a terrace over looking the sea. On the ray there is a plate of what looks like chicken Parmesan, and two baskets of bread. There is a pat of butter on a plate, sale and pepper shakers, and a sauce of some sort in a small bowl. Near the top there is a pot of tea, and coffee mug.",6.603781816658438e-158,0.07142856897959192,0.8573667407035828,0.030441400304414005
684,A photo of a bridge over a river with a train passing over it.,In this photo there is a bridge with three oval openings straight in the distance to the left. The photo is of a still and calm body of water. Surrounding the body of water is grass and tree filled land. The sun is setting in the sky and it is the evening. There are more trees on the right side of the photo.,2.2825431353890557e-156,0.23076922743343195,0.86025071144104,0.05163511187607573
685,Man holding up a skateboard with a lot of writing on it.,"A man is sitting indoors holding up a skateboard over his right shoulder. The man has blond hair, glasses, a pink shirt with a snake on it and a set of headphones around  his neck. On the desk next to the man is a monitor, a mouse, a marker, a pencil and a lighter.  There are large fluorescent lights overhead, and a set of windows the far wall.",0.0025476120894381443,0.2666666636722222,0.862040102481842,0.1327724358974359
686,"A yellow fire hydrant is in the foreground of this image. Behind the fire hydrant is a yellow sign that says ""Steve's Music Store"" in black letters.",A man and woman sit next to each other in front of a music store. There is a large green cement wall up against the front of the store. There is a yellow fire hydrant in front of the couple in front of the music store. The building the music store is in consist of multiple stories. The sidewalk in front of the music store is gray. There is a tree also in front of the music store. There are bars in the windows of the music store.,3.8386067370758655e-79,0.2950819626981994,0.8686221837997437,0.11064872011617573
687,A baseball game is underway. The batter is in the middle of the swing. The catcher and umpire are standing behind the batter. The pitcher is standing on the mound. The other players are standing in the outfield. The stadium is full of people.,"Three men are on a baseball field. The batters holds a black bat over the right shoulder. The batter wears red t-shirt and white pants. The catcher is crouched, and he wears blue top with white pants. Behind the catcher, the umpire is looking the game. People are sitting on the bleachers looking the game.",4.774927173451221e-155,0.33846153360473374,0.8812391757965088,0.19480519480519481
688,A man surfing in a green ocean with black squares in the background.,"A person is on a surfboard. The person wears a wet suit color white, red and black. The man has extended arms. The surfboard is on a white wave.  The wave is foamy and has drops splashing. The man is facing to the left. On the background the sky is blue and has white clouds, The body of water is blue and green.",2.8985052502830645e-233,0.24489795548521454,0.867451012134552,0.043103448275862065
689,Man with beard and helmet riding a skateboard in traffic.,"A man is giving a thumbs up sign as he  rides a skateboard down the side of a busy car filled street.  The man is wearing a large false mustache that covers his mouth and a long beard.  The man is wearing a black hard helmet with a strap, a green backpack, a red t-shirt and brown shorts.  The red t-shirt has write lettering on it and a pair of sea green sneakers with white soles and laces.  Tall buildings, traffic lights, street lights and many cars are in the background.  Another person is standing behind the man and is wearing pink sneakers, and green pants.  The man in the foreground has a black camera bag strapped across his chest and is also wearing a black watch.",6.286428243712406e-160,0.11235954856710015,0.8427953124046326,0.03469210754553339
690,A red pickup truck is parked in a parking lot with a Starbucks sign in the background.,There is a red truck in a parking lot. It is next to a white car. There is a lot of chrome on the truck. there are many cars in the parking lot. There are trees at the end of the parking lot. There are signs in the parking lot. The sun is shining on the car. There is a sidewalk by the truck. There is a big windshield in the truck. There is a building in the background.,1.220096588733303e-79,0.3673469345272803,0.889992356300354,0.1317559991029379
691,A bird is flying in front of a blue sky.,Grey and white birds are flying in the air. The sky is blue and have some white clouds. On the background there is brown hills covered with white snow. The bird on the foreground has the wings extended and flies to the right. The bird has a long black beck. The ground is wet and muddy and is covered with stones.,4.621123159467853e-157,0.23529411449442522,0.8680665493011475,0.07627708209103556
692,A giraffe stands in front of a stone wall with a painted picture of an antelope.,A giraffe with lots of spots on it's back. There is a rock wall behind giraffe. There are a bunch of trees off in the distance. There are animal carvings on the walls behind the giraffe. There is a lawn of grass underneath the giraffe. There is a deer on the side of a rock. The giraffe has two long horns. The giraffe has a long neck. The giraffe has long leg. The giraffe has a long and hairy tail.,1.429748349732542e-156,0.22222221838134434,0.8595251441001892,0.08634510869565218
693,Two women are on a wooden dock. One is holding a blue umbrella.,"There are two people standing on a dock. The dock is wooden and extends out over a lake. The lake is white toward the back, and dark colored in the front. You can see ripples on the water. One person is sitting on the deck. That person is holding a blue umbrella over his or her head, so it not possible to see if the person is male or female. The person is wearing a green shirt and blue jeans. The legs are draped over the edge of the dock. A girl with long hair is standing beside the sitting person. She has long black hair, and we cannot see her face. She is wearing a black jacket and a pink shirt. She is also wearing black pants and black shoes. One of the shoes is partially off her foot.",1.4942393197745448e-05,0.1999999976888889,0.8706083297729492,0.04320502749410841
694,A black and white image of a sink with a few items in it.,The picture was taken in black and white. The left side of the sink has dishes on it. The right side of the sink clear. There's a white Basin in the sink. The basement has dishes in it. There's a glass on the left side edge of the sink. The sink fixtures are silver and made of stainless steel. There are glasses and dishes in the basin. The basement in the sink with the dishes and it is white.,9.153083936320796e-157,0.3265306083465223,0.8744871616363525,0.08765517241379311
695,A green truck is driving down the street. The truck is in the middle of the street. The truck is driving down the street. The truck is driving down the street. The truck is driving down the street. The truck is driving down the street. The truck is driving down the street. The truck is driving down the street. The truck is driving down the street. The truck is driving down the street. The truck is driving down the street. The truck is driving down the street. The truck is driving down the street. The truck is driving down the street. The truck is driving down the street. The truck is driving down the street. The truck is driving down the street. The truck is driving down the street. The truck is driving down the street. The truck is driving down the street. The truck is driving down the street. The truck is driving down the street. The truck is driving down the street. The truck is driving down the street. The truck is driving down,"An exterior scene of a street, presumably in the commercial district of an English speaking part of the world, is seen. In the foreground is parked an SUV done up in camouflage colors of shades of green. It also has an orange sign on top. Behind it is parked a small blue car. Pedestrians can be seen on either side of the road on the wide sidewalks. Several shops line the street, including one with a large red sign with white lettering reading ""WAREHOUSE"" in the near distance. A blue paper and brown bag lie on the road in front of the SUV. There is a tree further back lining the road.",2.71896906124145e-155,0.13953488131963226,0.7964407801628113,0.08868243243243244
696,A group of people are sitting in a living room.,People are gathered around together in the living room. Most of the people are sitting down. Only two people are standing. The majority of the room has carpet on the floor. The floor closer to the door is made of hard wood. The hardwood floor is an amber color. The light above the table is turned on.,4.590645348017296e-80,0.2916666633680555,0.8804559707641602,0.10945487181488271
697,A couple of people are holding umbrellas in the rain.,"This picture is taken outside on a rainy day. Two women are walking while holding umbrellas above their heads. One woman is wearing a short sleeve blue shirt. She is holding a black umbrella above her head and carrying a white plastic bag in her hand. The other woman is wearing a gray shirt. She is holding a purple umbrella above her head and carrying a polka dot purse on her shoulder. Two other people can be seen in the background, a man and woman, walking under a white umbrella.",3.0237859491223792e-158,0.1846153820118343,0.8696922659873962,0.058486809357889497
698,Two men are playing a video game with wii remotes.,Two men are playing a video game together. They have both have two remote controllers in their hands and one of them is swinging one of the controllers. There are a bunch of people behind them that are watching the two young boys play the game. One boy has a light blue tee on and the other boy has a white hat on.,0.003189344506017993,0.2641509403346387,0.876762330532074,0.08311816927810986
699,A woman is pulling a horse in an indoor arena.,"A woman wearing a white shirt and blue jean pants is holding on to a brown horse that is in front of her. The horse is attached to a carriage that a man is riding in. The man is wearing a suit, shirt tie and black hat on his head. There are people sitting and watching the woman and man with the horse.",3.783455644417218e-157,0.2448979559350271,0.8686341643333435,0.05199306759098786
700,Tall white clock tower with palm trees in front of it.,There is a big building behind the trees. The building is wide and white. There is a clock tower in the center. THe clock says it is 4 in the afternoon. There are clocks on two sides of the tower. There are many palm trees in front of the building. There is a tile walkway in front of the trees. The ground is wet. There are steps by the walkway.,0.001890061138239119,0.34042552832956086,0.881284236907959,0.09901620554618103
701,A black and white photo of people standing on a pier with an umbrella.,A couple using an umbrella walk on a sidewalk near the ocean.  The couple are in front of a parked motorcycle.  To the left of the couple is a person wearing a clear plastic rain poncho over blue jeans and a jacket.  The person is standing in front of a metal fence.  The sidewalk is wet and the sky is overcast.  Two sea birds fly over the ocean above the heads of the people.,9.092154635534356e-157,0.19999999642222227,0.8590437173843384,0.051470588235294115
702,A silver Nokia phone sits on top of a brochure that is open to a page with a picture of a group of girls on it.,The instruction was on the table which help with the use of the phone.  It had colorful pages.  It show you have to use the Nokia phone.  The picture of a girl was shown using the phone.  The phone was a basic one.  It was not an android phone.  The color was silver buttons with a black monitor.  All of the pamphlets were shown on the table.,5.74802025935122e-79,0.2711864361964953,0.8656412959098816,0.14152976505917686
703,A large parking lot is filled with cars. The wing of a plane is visible on the left side of the image.,A plane is flying in the blue sky. The wing of the plane is white. The sky has white clouds. Below the plane are cars in a parking lot. Next to one of the parking lots is a brown building. The brown building has many windows and a white roof. There are trees in between parking lots. The trees are green.,5.569840412680127e-79,0.37735848596653615,0.8825229406356812,0.13813614648856462
704,A long freight train is on a track.,"A freight train of tanker railcars is sitting on or traveling on a set of tracks.  The tankers are cylindrical, some with a few markings.  Overhead wires used for electric trains are present.  A few signal poles are visible in the foreground.  A few tall buildings are in the distance behind the train. It is a sunny day.",1.959205577929744e-157,0.23999999731200003,0.8726575374603271,0.08045073375262053
705,A 3m derm blade and a pair of scissors on a blue cloth.,The scissor is made of metal. The roll of tape is to the left of the scissor. The tape is clear. The table is covered with a light blue paper. There is writing on the inside ring of the tape. The scissor is pointy at the tip. The paper that is covering the table is a little wrinkled. The letters inside the tape ring are dark colored.,2.2530587857307724e-233,0.12765957066545958,0.8370863795280457,0.048701298701298704
706,"An elephant stands in a grassy area near a body of water. The elephant is gray and has large ears and a long trunk. The body of water is blue and green, and there are some trees and plants in the background. The elephant is standing in the water, and its body is partially obscured by a black and white grid pattern.",The elephant stands in the grass. The elephant is small. The elephant has tusks. The tusks are little. The elephant is grey. The elephant is standing by the water. The water is like a river. The grass is mostly yellow. There is a hill on the other side of the water. The water is still. there is wood in the water. The grass is short. There are trees on the other side of the river.,0.07869754187127977,0.36619717814719305,0.8883927464485168,0.22093982016591193
707,A bird with a long tail is standing on the ground. The bird is gray and white. The background is green grass.,The image is of a bird. The bird is grey and white. It is standing on the ground and looking across the field area. There is nothing on the ground with the bird other than some grass.  The bird has a white chest and a grey throat and head.  It's wings are black and grey with white stripes.  It has black eyes and it's tail feathers are held upright.,0.023764615405465893,0.4482758577883472,0.8976441621780396,0.16986683784028297
708,A person holding an umbrella is walking in the rain.,There is a large empty area. The pavement is made up of concrete squares. The pavement is wet. There are shadows on the concrete. Lights are shining in the air and is reflecting on the wet pavement. In the background is a large crane. The sky is overcast and full of gray clouds. On the left in front of the crane is a partially built building.,2.3569089380355675e-157,0.12499999670138898,0.84290611743927,0.033112582781456956
709,Two identical pictures of a man playing tennis.,"A double image of the same athlete.  The athlete is wearing a purple polo shirt and a ball cap that is covering his eyes.  He has on white shorts and white socks on his feet with white sneakers with some black.  On his left knee, he is wearing a black brace.  He has a white cuff on his left wrist.  Both hands is holding a tennis racquet.",8.073679805169841e-235,0.11538461278106514,0.8566818237304688,0.01636661211129296
710,Baseball player wearing number 31 is sliding into home plate. Player in white with batting helmet on is standing behind him. Umpire in black is standing to the right of the plate.,A baseball player is wearing a red and white uniform and a blue and red helmet. He is holding a black bat in his hands. A catcher is kneeling on the ground in front of him. He is wearing a red and gray uniform and a red helmet with a mask. A white base is on the ground in front of him. The baseball field is brown with green grass on it.,4.3891732353810896e-232,0.3492063443587806,0.8568621873855591,0.13970588235294118
711,A young man is eating a sandwich in front of a dark background.,A young man is seated looking at someone out of view.  The young man has short dirty blonde hair.  He is eating bread which he is holding in his hand.  He is wearing a grey Hartford sweatshirt.  The writing on the sweatshirt is white and red and also says champions on it.  He is seated at a table that has a beer and a glass sitting on it.  The atmosphere is dark.  There is a dark structure behind the man.  The man is kind of smiling.,0.0010060976321647358,0.27692307391242604,0.8573094606399536,0.10149432408875633
712,Several sailboats are docked at a harbor.,"This is an image of a bay. The bay has a line of boats. The boats are parked. The boats are sail boats. The right boat is black and yellow. There are nets on the mast of the boat. The middle boat is white and black. The left boat is red, white and black. The masts have many different ropes going to the masts.",3.873409277231026e-235,0.09523809246031753,0.8473042249679565,0.017152658662092625
713,A man and a boy are reading a comic book together.,The man lay in the bed and read the black book. He leans his head on the brown head board. The man is wearing a blue tee shirt. The little boy lay next to the man read the blue children's book. He is wearing a green tee shirt.  The man and boy are underneath the whit blanket.  There is a white curtain hanging behind the bed.,5.77626283328036e-157,0.24999999670138892,0.8655614256858826,0.10433884297520661
714,"Two men and two women are herding goats and sheep in a dry, rocky field. The men are wearing white shirts and shorts. The women are wearing white shirts and green shorts. The animals are walking in a group. The men are holding the animals by leashes. The women are walking behind the animals. The background is a dry, rocky field with trees and a house in the distance.","Three people are outside with farm animals in a large open area.  Two of the three people is females.  They are all three dressed casually in white t-shirts and shorts. The animals they are caring for are goats.  The goats are mostly white with brown or black in their heads.  One goat, however, they are mostly brown with white spots.  The three people are holding a stick trying to herd the goats in the direction they want them to go in.",1.8558088888468505e-78,0.3333333285147393,0.8725647926330566,0.21676515903313576
715,A man is sitting on a red motorcycle.,"A man is riding a motorcycle through a parking lot. He is wearing pair of tan shorts, a short sleeve black shirt, and a black baseball cap. The motorcycle is red with black decals and slick black tires with white walls. He is driving past a parked Mitsubishi SUV with a man in a green jacket standing next to it.",7.6267086505594165e-81,0.23999999731200003,0.8842594027519226,0.07780819140308191
716,An ambulance is parked at the airport.,The truck is parked on the pavement. The pavement is faded in some areas. There is a large white sign with a blue banner across the top at the other end of the pavement. At the front of the photo there is a white and orange U-haul truck. It has large black framed window protruding from the side windows. The window are rolled up and no on sitting in the diver side seat.,7.922383220168181e-159,0.14545454323305787,0.8634445071220398,0.030120481927710847
717,A woman in a green shirt and denim skirt is opening a white kitchen cabinet.,"A woman is taking an item from the oven that was baking. The individual, whom appears to be a Caucasian female, is wearing a knee length denim skirt, with a long sleeved green shirt. In addition, a brown furry dog is watching intently, the individuals actions. The cabinets in the kitchen are a dull white color, and the floor is a medium toned hardwood.",2.7212613645788414e-156,0.24242423908172642,0.880452036857605,0.09306260575296109
718,A sandwich with sliced pineapple on top of it.,"There is a sandwich in a container. The container is a plastic tupperware container. The sandwich is made of untoasted slices of bread. There is a luncheon meat slice between the bread. There are slices of banana in the sandwich as well. On the counter, beside the container, is a banana that has been sliced into seven portions.",5.98047708450083e-234,0.13953488041103307,0.8573044538497925,0.04708097928436913
719,A giraffe is standing in a forest.,Two trees brown tree trunks look as if the bark is peeling. One of the trees have a greenish mold on it. There are leaves of another tree in the background as well as a white wall. A chain link fence is at the bottom of the photo. There is a brown and tan giraffe in the photo that has to small horns on the top of his head.,2.3843392408755394e-235,0.1851851829286694,0.8593345880508423,0.03980891719745223
720,A man flies a kite in the sky.,"A man is holding the string of a flying kite. The man is wearing a gray hat and a gray and light gray jacket. The kite is light green with two eyes, a nose, and mouth and two red spots drawn on it. The kite is a triangle shape and has three green strips hanging from the bottom of the kite. Four other kites can be seen in the sky. The sky is full of white and gray clouds, with a patch of blue. Several trees are seen in the lower portion of the image with a light pole with two lights on it close by.",2.9221244551632986e-83,0.20895522177767878,0.8652834296226501,0.041580041580041575
721,A woman with blue hair is taking a selfie in the bathroom.,"A middle aged woman with long, fine, blue hair and dark brown roots holds up her iPhone as if to take a selfie. She has blue eyes, and she is wearing a blue blouse with rolled up sleeves buttoned to the upper arm of the sleeve, breast pockets, and a blue silk tie in multiple shades of blue. She is standing in front of a plain wall. Her hand holding up the phone has a ring on the ring finger. The back of the phone is covered in an abstract melange of the colors white, red and purple, along with blue.",5.449158641699997e-158,0.2531645543855151,0.8623843193054199,0.05428881650380023
722,A man is flying a kite in a park.,"A man is standing on a grassy field flying a kite in the air. He is wearing a white shirt and gray pants. The kite is blue, green, yellow and orange in color. White strings attached to the kite are being held by the man. Two people are sitting on a blanket near the man. A dog is standing behind the people. Tall trees can be seen at the back of the field. Two tall buildings are standing behind the trees.",0.0001497248923753735,0.23728813324906645,0.8772801160812378,0.05420054200542006
723,A blue and white cat-decorated bus drives down a city street.,"A bus with a Japanese advertisement on the side, is driving down a city street.  The images on the bus are cartoon like dogs and paw prints on the windows.  There is a bus driver on the right hand side of the bus.  A large stone building is behind the road with windows all along the side.  Green leaves are on trees on the sidewalk.",0.001991314858095497,0.26923076589497047,0.8586576581001282,0.10591442953020135
724,A black cat is lying on a gray concrete floor next to a small brown mouse.,A black cat is lying on it's right side and a dead bird is in front of it.  The are laying on a side walk.  The cat has green eyes.  There is a crack the length of the sidewalk in the middle. The bird is brown and white.  It looks like the bird was in the cats mouth because it is wet.  The cat has long pointy ears.,0.013532125842055777,0.2758620651307967,0.8782586455345154,0.09298576708343165
725,Man in purple suit and pink tie standing on porch with trees in background.,An elderly man stands in the sun looking at the camera.  He is next to some kind of shelter in a park or on a golf course.  Purple columns supporting the top of the structure can be seen.  He wears a purple striped jacket and dark red tie with some white design on it.  He squints from the sun but does not smile.,4.626154554768562e-233,0.15873015545477456,0.8637574315071106,0.0774526678141136
726,A bathroom with a large sink and a shower.,It is am image of a very clean bathroom where the towels are neatly stacked and the shower fittings are golden. The tiles are gleaming and everything seems to be spick and span. The wall on the mirror has a black thick frame and the shower has a glass exterior to avoid the water to be spilled outside.,6.426440852964413e-234,0.1632653033902541,0.869597315788269,0.04708097928436913
727,"A pizza with mushrooms, ham, and cheese on a plate with a pizza cutter and a spatula.",There's a glass dish on the tablThe glass plate has Pizza on it. Half of the pizza is gone. The pizza has mushrooms on it. The pizza also have a meat on it. The crust of the pizza is golden brown. There's a spatula on the plate. The spatula is made of metal. The light is reflecting off of the back of the spatula.,9.505436855343846e-233,0.1860465076041104,0.8562982082366943,0.06745362563237774
728,A ski slope with a lot of people skiing down it.,A lot of people are skiing on a sunny day at a ski resort. The resort is brown and white and nestled into the valley. In the front there are blue and green umbrellas as if there are stands selling items. On the left of the resort there is a hill with lots of tall pine trees. Toward the camera there is a ski slope which slopes upward on the right. A few people are standing at the bottom of the slope.,7.808988371975101e-81,0.25806451321019774,0.8735454678535461,0.0993324432576769
729,Bears in water.,"Three large brown bears are swimming in a river. The bear on the left has his head tilted to the left and his fur is wet up to the bottom of his ears. The one on the right of him is dry above is shoulders. The final bear is all the way in the water and only a little of his back is showing above the water. There is something in the water behind the first bear that appears to be a rock. Behind there is a green, grassy shore.",4.187410460360416e-244,0.07017543759926131,0.831325113773346,0.01845018450184502
730,Skier in black jacket skiing down snowy hill.,"The trees are weighted down with heavy snow. The snow has turned the evergreen trees white. There is a person skiing down a slope. He is wearing a helmet, a black coat, a pair of black pants, snow boots and skis. He also holding ski poles. He is down the slope through his ski lime green ski goggles that match the lime green on both his ski poles and the tips of his skis.",1.8748910975152586e-158,0.11538461278106514,0.8525330424308777,0.022255192878338277
731,A view of a city street with cars driving on it.,Part of a woman can be seen walking on a sidewalk. A large electrical pole is on the sidewalk in front of her. The sidewalk is near a road. The road has different vehicles on it. Power lines are running through the air across the road. Buildings are sitting on both sides of the road. A row of vehicles are parked in front of a building on the side of the road. A large leafless tree is hovering over the vehicles.,1.411340768331144e-157,0.17857142541454082,0.8553234934806824,0.033783783783783786
732,A cat is sitting on a stack of electronics next to a television that is playing a game.,A cat is sitting on a DVD player. The cat is looking at the small TV. The TV is black. On the screen there are colorful lines. The cat is stripes of light and dark brown. The cat is wearing a collar with circle pendant. There are wires attached to the DVD player. The player is silver. The TV has a SONY logo on it.,0.02261578514701365,0.28571428179209185,0.8780624866485596,0.11389334320134863
733,A group of people are on a hilltop.,A group of people stand on the top of a hill. There is a lot of grass on the ground. There are some trees as well. There are some people sitting on the ground. There are others standing up. There are no clouds in the sky. There is a lot of sunlight. The sky is blue. The people are talking to each other. there are rocks on the hill.,0.00020855675544136085,0.31111110818765436,0.8906024098396301,0.055643879173290944
734,Photograph of a man paragliding over the ocean.,A man is standing on a surfboard and holding kite strings. The man is wearing a black and green wet suit. the man's hair is black.  The surfboard is black with white letters and multicolored images on it. The man's feet are on the surfboard and are above the water. The water is gray and white below the man and is moving and somewhat foamy. The water farther away from the man is green with white caps scattered around. There are dark clouds in the blue sky.,7.334290905173061e-236,0.10909090660495874,0.838890790939331,0.01896333754740834
735,Three dirt bike riders are racing on a beach.,"Three dirt bikers are riding along a rain covered beach.  They appear to be in a competition, as the bikes have numbers on them.  The bikers are dressed alike - crash helmets, gloves, jackets and pants.  Two bikes are red while the third is blue.  It is a cloudy day.  The edge of the beach is in the background, gentle waves coming ashore.",1.9865980862833722e-157,0.20689654910225921,0.8744091391563416,0.0832624716553288
736,A close up of celery and broccoli on a buffet table.,"This is an image of appetizers. The appetizers are arranged on a tray. There is celery on the tray. The celery stalks are cut and are light green. There is cauliflower on the tray. The cauliflower is white. There are silver tongs meant to serve the vegetables with. There are small red, round tomatoes behind the celery.",1.0517826071669268e-156,0.22222221852839513,0.8718013763427734,0.04770992366412214
737,A woman and a boy are sitting on a bed with two cats on it.,"A woman and a little boy are sitting in bed looking at two cats.  The woman has glasses on and a long sleeved striped shirt.  The boy has short dark hair and is wearing a blue tshirt with a pattern on it and a red collar.  The two cats are lying on the bed next to eachother.  The cat on the left has white, orange, and black fur.  The cat on the right is black and grey striped.  The bed spread is blue colored and has a celestial pattern of suns and moons.  The headboard is made of wood.  Next to the bed is a nightstand made of wood.  On top of the night stand is a lamp, book, and several small items.  There is also a small table to the right of the picture with items on it.  The wall appears to be white.",5.393319583349464e-05,0.295454542936467,0.8749585747718811,0.07664983164983165
738,A black steam locomotive with white smoke billowing from its funnel is crossing a railroad bridge. The locomotive is heading towards the viewer and is in the center of the image. The locomotive is black with red detailing and has the number 60143 on its side. The locomotive is crossing a railroad bridge and is surrounded by trees and houses. The bridge is made of wood and is painted red. The trees are bare and the houses are made of wood and are painted in various colors. The sky is cloudy and there is a small green house in the background.,A black train with a red bumper is either pulling into or out of the station. A large amount of smoke is coming from the engine and obscured the rest of the train. Beside the engine is a small green building with windows on the side beside the train. There is a set of stairs leading to the door on the green building. The railings beside the stairs have been painted white. To the right of the green building is a brick building. The background are bare trees. The sky is a white color.,0.05486654087107936,0.43809523309931975,0.871965765953064,0.2530825087671269
739,A round cake covered in a brown powder sits on a white plate.,This is a photo of a dessert. The dessert is a cake that is brow and white and is sliced into triangles. The brown slices are chocolate and are powdered. The white slices are sugar powdered. The cake is on a white plate. The table under the plate is white and plain as well. There are speckles of brown powder on the cake on the edge of the plate.,0.003327428052182382,0.3111111072,0.8707341551780701,0.09210577559683764
740,"A desk with two computers, a laptop, and a lamp.",A laptop and a desktop monitor are on a desk.  Both the laptop and monitor are powered on.  The room is dark except for a lone desk lamp emitting a small yellow light.  A black keyboard is on the white desk .  the desk lamp is behind a magazine which has a black mouse on top of it.  The walls in the room are plain and light colored.,2.1925327763547583e-157,0.1666666636197917,0.876934289932251,0.04019292604501608
741,A man in a suit and glasses is sitting in a chair.,"The image is a portrait of a man. The man is wearing a gray suit jacket. The shirt is blue. He is wearing a patterned necktie. The man has grey and brown hair. He is smiling at the camera. The man is wearing eyeglasses. On his finger, there are two rings. The man is standing behind a blue leather chair. The background is gray.",2.089511506891945e-233,0.24999999670138892,0.8737375736236572,0.06802721088435375
742,Man surfing in ocean with other surfer in background.,"The water is blue, but there a a lot of seaweed floating in the background. There is a dog, or what seems to be a dog, swimming in the water toward the wave. The wave has white suds spraying into the air. There is is surfer surfing the wave. The surfer is wearing a black wet suit. He standing with is knees slightly bent and his arms extended out.",2.095023808429367e-234,0.1818181793322314,0.8565633296966553,0.047619047619047616
743,"The image depicts a scene in a natural, outdoor setting. The primary focus is on two giraffes standing in a rocky, arid landscape. The giraffes are positioned in the center of the image, with one standing slightly behind the other. Both giraffes have long necks and slender bodies, typical of their species.

The background of the image is characterized by a sparse, rocky terrain with sparse vegetation. The ground is covered in small rocks and stones, suggesting a dry and arid environment. The trees in the background are relatively small and appear to be leafless, indicating a lack of foliage during the time of year the image was taken.

The giraffes are standing in a relaxed manner, with their necks extended upwards. Their legs are slightly bent, and their feet are planted firmly on the ground. The giraffes' coats are a light brown color, with patches of darker brown and black. Their heads are elongated and feature a distinctive pattern of vertical lines, which helps them blend into their surroundings.",Two giraffes are standing on a very dirt covered area. There are small white rocks scattered across the dirt terrain. There are many trees off in the distance and the sky is grey. One giraffe is looking at an animal that is next to a bare gray tree. Both giraffes have brown spots and long necks. The trees in the distance are brown and green.,0.03484285755567134,0.2837837794494157,0.8690372109413147,0.25165562913907286
744,"A plate of food includes a hot dog, fries, and salad.",A plate of food is on the table. The plate is white and round. The light is reflecting off of the plate. The plate has food on it. There is a sandwich and there are french fries to the right of the sandwich. The sandwich has cheese on it. The sandwich is also a hot dog. The french fries have salt on them. To the right of the plate that is a small container of catch-up. The ketchup is red.,0.000547211064720399,0.2745098005382546,0.8723942041397095,0.04787961696306429
745,A baseball player is swinging his bat.,"A baseball player is holding a brown bat in his hands. He is wearing a blue and white uniform and a blue helmet. A white base is sitting on the ground in front of him. The field has green grass, brown dirt, and white painted lines on it. Three people can be seen sitting in a dug out watching the man play baseball.",0.00014583260610673816,0.19230768997781067,0.8732817769050598,0.06480836236933797
746,Giraffe in zoo with black squares over some parts.,A small giraffe is looking to the right inside of a pen.  The pen appears to have an Egyptian theme.  There are two egyptian statues sitting on top of a stone seat.  The bottom of the stone seat has hand painted pictures of people and animals.  The seat is grey. To the right of the statues are egyptian style pictures on the wall.  To the left of the statues is an out crop of grey rocks.  The giraffe is brown and white with spots.  The ground is covered in dirt with small sections of green grass peeking through.  To the right of the giraffe is a tree.  The pen is surrounded by a black fence.  The fence has poles and three wires between each post.,3.496670322764858e-237,0.0779220758576489,0.8183297514915466,0.017636684303350973
747,"The storefront of a building with a green awning that says ""Fleet"" on the left side and ""Ti Java Stop"" on the right side.","This image is of a two store commercial building site.On the top,there are two stores that have green awning above them,the left one is Fleet and there it houses a green atm machine.The building on the left is The Java Stop,you can see that it has several beverages in the inside and the glass is covered with white letter.On the outside there are several railings The bottom is similar but both spaces are Bertucci's and on the outside of the rails is snow and bushes with snow on top of them.",2.2330993637816772e-79,0.25316455318058007,0.8564562797546387,0.12622330960854092
748,A man is walking through a bike shop.,"A man in a brown shirt, blue jeans and white sneakers is walking on the hardwood floor of a bicycle shop. Behind him on the walls are bicycle tires on a rack and three bicycles on their kickstands on the ground. In front of him are closed cardboard boxes and sporting shirts on hangers. A fitting room is directly ahead of him.",1.1883182516943989e-157,0.23529411500192232,0.8774024248123169,0.05300353356890459
749,"A group of people are sitting at a table in a restaurant. The table is set with plates, cups, and silverware. There is a bottle of water on the table. The people are all looking at each other and talking.","A group of people are sitting at a long table inside of a restaurant. The table is covered with a red tablecloth. There are white plates, coffee mugs, cutlery and other items on the table. Three long blue poles are standing near the table in the room. The door of the building is white. There are windows on the side of the building.",0.18819116029123922,0.5797101400546104,0.9146309494972229,0.29711822949937794
750,A beach with many people on it.,The beach is full of many people. A lot of the people are laying down enjoying the sun. Even more people are walking and swimming in the blue ocean water. The sky is crystal clear blue and free from any clouds. You can't see the sun but you can tell it is a sunny beautiful weather kind of day. Besides the sand you can see a green grassy area with trees.,1.7917767985063344e-235,0.20338982841712153,0.8742312788963318,0.03869969040247678
751,A man is walking in front of a horse-drawn wagon. The man is wearing a hat and the horse is wearing a harness. The man is holding a whip in his right hand. The horse is walking slowly. The wagon is made of wood and has a metal frame. The wagon is being pulled by the horse. The horse is walking slowly. The man is walking in front of the wagon. The man is wearing a hat. The horse is wearing a harness. The man is holding a whip in his right hand. The horse is walking slowly. The wagon is made of wood and has a metal frame. The wagon is being pulled by the horse. The horse is walking slowly. The man is walking in front of the wagon. The man is wearing a hat. The horse is wearing a harness. The man is holding a whip in his right hand. The horse is walking slowly. The wagon is made of wood and has a metal frame. The wagon is being pulled by the horse,The sky is overcast and grey. There is a horse standing out amongst the cars. There's a green car to the right of the horse. The horse is pulling a black cart. A man is leaning over the cart. The horses standing still. The horse is a white cream color. The horses standing in front of a short tan building. The building has a green roof.,0.05592964763715539,0.37142856649387757,0.8461263179779053,0.2833317165533125
752,A slice of carrot cake sits on a white square plate with a fork next to it.,On top of a dark brown wood table sits a small plate with a dessert.  The plate is square shaped and white.  The edges come up and the center is lower than the sides.  On top of the plate is a small piece of cake.  The cake has a small orange decoration on top of it and a white frosting.  The cake is brown colored with darker brown at the top and the bottom of the cake.  A silver fork is resting upwards on the left bottom side of the white plate.  There is light focused on the back of the table and is shining onto the plate.  There are crumbs of the cake stuck to the white frosting.,9.466083420916982e-81,0.24999999654320995,0.8643521666526794,0.05974264705882353
753,A Delta airplane is taking off from the runway.,An airplane starts to fly away. The plane is mostly white. The tail is blue and red. There is writing on the side. There are wheels on the bottom. There is fencing on the side. There are buildings in the distance. There are many trees around the buildings. There are poles in the distance. The sky is blue. there are no clouds.,3.834564620036683e-234,0.13636363310950422,0.8526928424835205,0.026455026455026457
754,Two giraffes stand in a grassy field.,"While one giraffe is seen making it's way through the trees and bushes, the two giraffes in the forefront prefer to stay in the grass covered clearing.  The temperatures look to be quite high from the look of the haze that hangs in the sky and forms a veil over the distant hills. These giraffes have spots of chestnut brown with ragged edges, while their unsides are predominately white.",2.0984849503916765e-235,0.09677419154526538,0.8693864941596985,0.03184713375796178
755,A tennis player is standing on a Gerflor tennis court.,"This was captured at tennis match.Only one side of the court is visible and on it is a male player with a blue head and wristband, a blue shirt,black shorts,a white bandage on his knee,white socks,and black and white shoes.In his hand,he is holding a black and yellow tennis racket.He is also standing on top of green court with the word Gerfor painted on it in white.Behind him is a man sitting on top of something sponsored by Adidas  with a wall next to him from other companies.The wall separates the crowd of people who range from young women,young males, and adult males who are waiting for the other person to serve.",2.9280762563710864e-159,0.1395348818469443,0.8296858072280884,0.03929273084479371
756,A small white poodle sits on a fuzzy tan dog bed. The dog is looking at the camera with a sad expression. The dog's fur is fluffy and white. The dog is sitting on a tan dog bed. The dog bed is covered in a fuzzy tan fabric. The dog bed is on a brown surface.,In the picture there is a small dog. The small dog is off white in color. The dog is looking straight at the camera. The dog has a fluffy coat of hair. The dog looks happy in the picture. The dog is laying on a dog bed. The dog bed is tan and brown in color. The background in the picture is black. The dog has a small fuzzy tail.,0.15075314051958452,0.5624999950195313,0.9241350889205933,0.30779328538137946
757,A white and red train is on a track.,A train in on a set of tracks. The train is white with a red nose. There is 2 reds stripes on the side of the truck. There are 3 letters in capital cursive near the front of the train. There are several utility lines above the train. The trains front is in the shape of a bullet.  There is multicolored gravel om the train tracks. The day is cloudy and overcast.,9.339157808071473e-158,0.23529411474048442,0.8664901852607727,0.06088280060882801
758,Black and white cat sitting on a bed with a book in front of it.,A black and white cat reclines on a bed.  The cat's eyes are gold.  The left ear of the cat is turned back.  The cat's right back leg is up.  The cat's whiskers are white.  The cat is resting on a light grey comforter.  Behind the cat is a person reading a book in bed.  Only one hand of the person can be seen.  The headboard of the bed is a light red colored wood.,9.786277320017863e-80,0.31034482392390017,0.870080292224884,0.12875793508204572
759,A plate of food with a fork and a lemon wedge next to it.,A round plate with food is sitting on a wooden surface. A square piece of flat bread is on the plate. On top of the bread is an orange sauce. A pile of greens are on top of the bread. A fork is sitting face down on the plate. Next to the plate is 2 pieces of sliced lemon. There are several seeds in the lemons pieces. There is a coffee cup of next to the plate and the lemons. The cup is filled with a brown beverage.,4.453520868702076e-157,0.2999999966055556,0.8704157471656799,0.09154432037496554
760,A street sign that says C F R Y S O L I T E A V E.,A blue sky is filled with white clouds. There is a street pole taking up most of the image. On the top of it is a green rectangular street sign with Naples written on it in white writing. Below that street sign is another green street sign with Chrysolite Ave written on it in white. Below that sign is the top of a red Stop sign outlined in white.,2.9665783631529013e-156,0.11320754295478834,0.7715015411376953,0.03912363067292646
761,A man is parasailing over the ocean.,A boy is holding on the the handle of a kite while strapped to a wake board. The boy is in mid air. His legs are bent. The wake board is teal blue. The boy is in the air over a large body of water. The water is dark blue. There is water spray coming from the boy and the board.The handle the boy is holding is brown with 3 lines connected to it.,1.1039011833240644e-235,0.16666666417534726,0.8725077509880066,0.029717682020802383
762,A close up of a boat with a seagull on it.,A large boat is docked next to a pier. The boat is white. There is a blue cover over part of the boat. There is a blue line attached to the pole. There are several birds sitting on different parts of the pier. The birds are gray and white. Th posts on the pier are discolored. There are other boats at the dock.,1.3857009188950883e-233,0.2127659540968765,0.851223886013031,0.05190311418685121
763,A sailboat with a white sail is sailing on the water.,The boat is on the ocean. The boat is a sailboat. The sale is being pushed by the wind. The water and slightly calm and moving along slowly. The sky is partly cloudy but mostly bluish. There are people on the sailboat. The sailboat is the only boat on the water. There's a lighthouse in the far distance. The lighthouse is very tall. There is no lighthouse on at the Lighthouse.,1.7331798390034657e-80,0.23529411426374472,0.8598523139953613,0.05384615384615384
764,A train is traveling through a rural area. The train is red and white. The train is surrounded by a field of wheat. The field is tan and green. The field is surrounded by trees. The trees are green. The trees are tall. The trees are in a forest. The forest is in the background. The forest is green. The sky is blue. The sky is in the background.,"A one car silver, white, and red train is on a track bordered with telephone poles strung with cables. To the left of the track is a dry, plowed field edged with green and yellow grass, and to the right of the tracks are small green bushes and a trees, then a large dry field that is not plowed, and then another field which long strips of green plats growing. Behind the field with the plants sits an expanse of more trees, some dry areas, and a forested mountain range can be seen in the distance. The day is sunny and bright.",2.8440614838672965e-155,0.2499999958680556,0.8466442227363586,0.14690982776089156
765,Two young boys are playing with tennis rackets in a yard with a bouncy house in the background.,"Two small toddler boys are standing outside on a dirt and grass field. Several blow up amusement structures can be seen. One is a boucy one with a yellow front and another looks like a huge yellow and red blow up slide. One of the toddlers, who is dressed in an orange shirt and jeans, is holding a tennis racket in one hand, and a red and yellow ball in the other. Another racket lies on the ground next to him. An adult wearing white shorts and shirt stands near the toddlers, and another child and adult can be seen behind him.",7.849004725485941e-157,0.19999999695312504,0.8619817495346069,0.07337359610086884
766,Two elderly women are sitting on a bench overlooking a lake.,"Two older women are sitting side by side on a park bench overlooking a body of water.  The woman on the right has grey hair and is wearing a white shirt, blue pants and sunglasses. The woman on the left has a sleeveless top and is wearing a straw hat. Flowers are planted in a stone structure to the left of the women  There are two boats docked in the water nearby. Across the water is a very large building and some smaller ones, as well as other boats.",5.583997905346692e-81,0.24242423985307623,0.8864694237709045,0.07191510065073285
767,A woman in a black habit is holding a green umbrella in front of a blue wall with graffiti on it.,The man is walking at the sidewalk. He is carrying a big umbrella. The umbrella is green. The handle of the umbrella is brown. The man is wearing a suit. The suit jacket is black. The fence is blue. There is graffiti on the fence. The sidewalk is paved and gray. The shirt is white. The sky is white.,8.775425786560742e-156,0.32653060759683467,0.8779416084289551,0.08688257911860398
768,A tennis player is warming up on a tennis court.,A man in blue shorts and a white shirt is running on a tennis court getting ready to hit a tennis ball coming at him. The sunny sky is casting shadows on the court of his body. Around him is a tall brown post fence enclosing the court. Opposite the fence is a small white house with a black car parked in front of it.,1.863868815542516e-80,0.2181818154446281,0.861447274684906,0.058823529411764705
769,A dog looking up at the camera with a black and white tile floor in the background.,A dog is seen very closely to the camera and through a clear object. The dog is a golden brown color and is standing in what appears to be the kitchen. The floor of the room is tiled with a beige and darker beige design going diagonally across the tiles. There is a wooden cabinet located directly behind the tail of the dog.,5.743287128217274e-156,0.271186436725079,0.8706323504447937,0.10273972602739724
770,A photo of a sheep show in a public square with a building in the background.,A herd of sheep stand in a field. There is a white fence around the herd of sheep. There is green grass and dirt under the sheep. There is a large crowd of people standing around the fence near the sheep. There is a large white building off in the distance in front of the sheep. There are trees in front of the large white building.,3.521329363825682e-156,0.3255813911303408,0.8599430322647095,0.0819672131147541
771,A skier is jumping over a snowy hill.,The clear blue sky in the background reflects off the vibrant white snow. There is a man skiing on the snow. He is wearing a yellow backpack on his back. He has a grey vest over a black long sleeve shirt with black long pants. He snow shoes are yellow and match his yellow skis. He is also wearing a helmet and goggles. The skiers shadow is cast under him on the snow.,2.1245299468181797e-158,0.10909090660495874,0.8495463132858276,0.03759398496240601
772,A bathroom with a window and a toilet.,This photo is taken inside of a bathroom. A large window is sitting above a tub. There is a gray shower rod hanging on a wall above the tub. A white toilet is sitting beside a sink in the bathroom. A silver faucet is hanging over the sink. There is a mirror hanging on a wall above the sink. Part of a light can be seen hanging over the mirror.,6.598855066840107e-235,0.18604650890210925,0.8673960566520691,0.03918495297805642
773,A house with a statue of a bear in front of it.,The brown bear stands in the yard covered in snow. The bear has a camera on its neck.  The house behind the bear has snow on its roof.  The house has two large windows in the front of it.  There is a large shrub covered in snow in front of the window.  The house has glass windows around the front door.,9.255969834549723e-80,0.3414634109458656,0.870606541633606,0.0802139037433155
774,A baseball batter stands at the plate with his eyes on the pitcher. He is wearing a white uniform with the letter F on the front. The batter is holding a wooden bat in his right hand. The catcher is standing behind the batter. The umpire is standing behind the catcher. The pitcher is standing on the mound. The background is a green field with a fence around it. The fence has advertisements on it.,A baseball player is holding a bat in his hand while standing on a baseball field. He is wearing a black helmet and a gray and black uniform. A catcher dressed in red and white is squatting behind the player. People are sitting in stands watching the baseball game. A wall separates the field from the people.,0.0772718393063023,0.48101265323505854,0.8935802578926086,0.24563005675643038
775,White polar bear laying in green grass with black squares covering the lower right portion of the image.,"A white polar bear is sleeping on the grass. A grass stain blemished the center of his forehead. His black eyes are closed. His black snout is still. His fur has flecks of beige, brown and black in it. Beneath his is green grass with bare patches of dirt in the bald spots. A huge front paw tramps down on weeds.",3.134547150162875e-79,0.29508196319269014,0.8597602844238281,0.18028610621203214
776,A white refrigerator with black square pixels covering it.,"A white refrigerator is against a wall in a kitchen. Someone has positioned two magnets to appear as eyes on the refrigerator so the appliance appears to have a face. There are two white handles in between the magnets to appear as if they are the nose on the  refrigerator. The refrigerator has a bottom drawer for the freezer and the handle is curved upwards. The refrigerator appears to have eyes, a nose, and a smiling mouth.",2.110717937144327e-81,0.1111111083333334,0.8558610677719116,0.021367521367521368
777,A large clock hangs from the ceiling of a grocery store.,This picture is taken inside of a building. People are shopping at different booths and tables that are set up in the building. A man is wearing a black leather jacket and blue jean pants. A clock is hanging from a ceiling above his head. There is a tall brown and white pole standing near the clock in the room.,8.709917554482622e-157,0.24999999684311228,0.8773632645606995,0.09655739564428313
778,A kitchen with a large island in the center.,This picture is taken inside of a kitchen. A white door is leading into the kitchen. A rug is on the floor in front of the door. The kitchen has white cabinets with black counter tops. A white sink drops inside of the kitchen. White tiles are on a wall behind the sink. A window is hanging above the sink with brown curtains on top of it.,2.6163681136886124e-234,0.24489795618492297,0.8590675592422485,0.049019607843137254
779,A street scene in a city with cars and buildings.,"This image is taken outside of a busy downtown city streets.On the left,there are a bunch of buildings,street lights,birds,peoples,and red and black banners swinging from the pole.On the other side,the exact same thing is visible but there stores are different.The middle of the road has three cards and a big silver charter bus on the side of the road waiting at a red light.",6.08973556944781e-234,0.0999999972222223,0.856706976890564,0.034129692832764506
780,A view of a street with a bench and a bike in front of it.,"A bench is sitting on a walkway near a tall pole. A motorcycle is sitting on the other side of the pole. A body of water is seen in front of the bench, pole and motorcycle. Boats are sitting on the water. Different color flags are standing near the boats. Homes can be seen sitting on the other side of the water. Green trees surround the homes.",1.0865741491056969e-79,0.2083333295833334,0.8653698563575745,0.10283171521035597
781,A flood can happen anywhere.,"A tall, rusty metal fence with bobbed wire is enclosing a lot.The lot has many small weeds growing and there is a cage inside this lot that encloses two trucks and there are some tall buildings behind this small cage. Trash is lying on the sidewalk in front of the fence. There are two manholes on the sidewalk and the sidewalk appears to be cracked. There is also a sign posted on the bobbed fence.",1.0130784467342193e-237,0.03703703535665302,0.8285340666770935,0.014705882352941178
782,"A view of an airport terminal window with a pattern of black squares in the background. In the foreground, there are several airplanes parked on the tarmac. The tail of a United Airlines plane is visible on the left side of the image, and the tail of a Delta Airlines plane is visible on the right side. There are also several other planes parked in the background.","The sky is filled with fluffy white clouds. There are airplanes parked on the tarmac. The closest airplane is white and has a blue tail with gold world. The next plane is also white, however it has a blue and red tail and a blue engine. There are also dark brown or black trucks on the tarmac. The truck have yellow stairs placed at the back of the truck.",0.11711812748421582,0.3953488322201191,0.8654887080192566,0.2941214470284238
783,"A plane with the word ""American"" on the side.","Two men can be seen standing on a tarmac under an airplane. Both of the men are wearing green reflective vests. The plane has over ten small windows on the side of it. The airplane is blue, black and white in color. There is a large propeller on one of the wings of the plane. The sky above the tarmac is blue with numerous white clouds in them.",1.08903036477212e-157,0.17857142612244903,0.8540934920310974,0.04830917874396136
784,A man surfing on a yellow surfboard in a wavy sea.,"A man with dark hair and wearing a black wet suit is standing on a yellow surfboard edged with lime green. He is riding on a large wave with a with lots of white foamy water filling the back of the wave. He is standing very close to the edge of the surfboard, and is tilting. The ocean water is a pale green color with lots of small white cresting waves surrounding the surfer.",0.0009441538524661855,0.21428571135204083,0.8771718740463257,0.07084074397853676
785,A room with a tiled floor and a window.,The room is dimly lit. The door is closed. There are two windows by the door. The windows are on the left side of the door. The door is white. The door has a chain on it. The chain is black. There are two lights on in the room. There is light coming through the windows. The floor by the door is made of square tiles. The square tiles are two different colors.,1.129566214591319e-234,0.1428571397732427,0.8687461018562317,0.030030030030030033
786,Two giraffes stand in front of a forest.,The are two giraffes in the forest. One giraffe is smaller than the other. The giraffes have horns. Their ears are pointy and white. They have brown spots. Their necks are long. Their legs are long. The end of their tail is black. Behind them are trees and bushes. On the ground is grass. The grass are dry. The face of the giraffes are brown.,1.2328284302305167e-234,0.16666666388888893,0.8636619448661804,0.07190369121229154
787,Giraffes are walking through a river in a sandy area.,There is a dirt road. Across the dirt road there is green trees that are tall and some have fallen onto the ground. In the fore forefront of the photo there are two giraffes. They are tan and brown have they both have two small horns on top of their head. They are playing in the sand. There is no vegetation on this side of the road.,4.511387068980495e-234,0.11320754435030267,0.8650607466697693,0.02446982055464926
788,A flock of sheep are standing in a pen with a house in the background.,The photo was taken outdoors in a dirt field. On the field are a group of goat. The housing structures are behind the animals. The sky is clear in the picture. There are also a few chicken on the field. The buildings are made of clay. The buildings on the right are dome shaped. The picture was taken in the day time.,3.302630781311579e-156,0.2040816287546856,0.8749902844429016,0.10191110249283607
789,A family of elephants walking through tall grass.,In the field are three elephants. The elephant in the middle is large and there are two smaller ones on the sides. The field is grassy as well being filled with small bushes. There are two small white birds in the picture. The grass is dark green. The elephants are looking to the side. The sky is clear and is gray in color. The picture was taken in the day.,4.666095165829976e-235,0.07692307431952672,0.8513135313987732,0.007836990595611285
790,A bird is on a rock.,"This is an outdoor image of a bird sitting on a cobblestone balcony.The bird is small,he has a long sharp pointy black beak,grey feathers,and a blue tail with white lines.Next to he bird is beige crumpled up rocks that are going down a hill.On the side of the rocks,there is a small patch of grass that appears to be about eight inches long.",8.023554754703881e-159,0.14285714094387758,0.8587351441383362,0.04363001745200698
791,A clock sits on a grassy hill in front of a church.,"The sky is blue and clear. There is a building that looks like a castle. The building has three peaks at the top. There is a brown fence surrounding the building which is mounted in in a rock wall. The building on top of a hill. The hill is mostly dirt, but has some patches of grass. There is a black clock with a white face black numbers and black clock hands.",4.823150718517632e-157,0.22222221897805214,0.8634709119796753,0.06818181818181818
792,Tennis player in white uniform is about to hit the ball.,"A crowd is sitting in red chairs at a tennis match. There is a green wall separating the crowd and the tennis player. The tennis player is wearing a white shirt with black stripe and black design as well as white shorts with a black line.He has white, black and red sneakers as well as white socks with a black logo. He is wearing white wrist bands on his wrist as he about to serve the ball. His tennis racket red and black with a white handle. He is playing on a brown, sandy ground with white lines outlining the court.",2.5765320658620644e-158,0.24242423964646465,0.8533395528793335,0.06347289318303811
793,Three men sit on a bench and use laptops.,Three men are sitting in a room working on laptops that are on their laps. all of the men are wearing short sleeve shirts. The wall in the room is painted white. There is a black rack with shelves standing in front of the wall. Different objects are sitting on top of two of the shelves. The floor in front of the rack is brown in color.,1.1509790753265992e-157,0.20833333028645837,0.8758870363235474,0.06078431372549019
794,A blue cement mixer truck is parked in a parking lot.,This is an image of a truck. The truck is for industrial work. The truck is for carrying concrete. The truck has a large white drum on the back. The truck cab is light blue. The truck has large rubber wheels. The wheels are black. The drum on the truck has concrete in it. The truck is on a cracked and damaged gray road.,5.264162241928813e-157,0.17777777408395068,0.8536150455474854,0.06337308347529812
795,"A bathroom with a toilet, bucket, and window.",A white porcelain toilet sits with the lid open on a concrete platform over warped linoleum. The pipes running to the toilet are exposed against the yellow walls. Above the toilet are small square cutouts showing a view of the outside. On the opposite side of the room is a black trash can filled with water with a red plastic pot floating on top of it. A smaller blue waste can is on the floor behind it.,1.2885925502228765e-158,0.09677419130072845,0.85263592004776,0.028530670470756064
796,A man is surfing on a wave.,"A white male in blue swimming trunks is on a small surf board. His left arm is stretched out to his side. He is wearing a white band on his wrist. The background is blue and contains text. The word ""Flow"" can be made out. The surfboard appears to be resting on a column of water, jetting up from below .",3.69916048644692e-158,0.1538461515162722,0.8612550497055054,0.06690647482014388
797,"Beer glass, cigarette, lighter, phone and hand with ring on it.",A woman's hand is reaching for a smart phone turned on on a white counter. She is wearing a ring on her middle finger and two silver bangle bracelets on her wrist. Next to the phone is a pack of cigarettes with the top open and two cigarettes halfway pulled out. A keyfob and two keys are laying on the pack. Beside that is a tall pilsner glass on a square coaster. The glass is half filled with foamy beer. Lastly is a floral pocketbook with a black strap on its side.,4.569568768840402e-158,0.11267605371950017,0.845781683921814,0.035756853396901066
798,A woman is holding a banana in front of her face.,The woman is holding a banana. The banana is yellow. The woman is wearing a hoodie. The hoodie is dark blue. The woman has blue eyes. The woman is wearing a cap. The cap is green. The woman is wearing a necklace. The woman's mouth is open. The bottom part of the banana is brown. The ceiling is white.,0.003305910836262768,0.270270266092038,0.873544454574585,0.06457564575645756
799,A black steam engine train is pulling a number of passenger cars through a station. The train is in the foreground and the station is in the background. The train is black and the station is white. The train is moving slowly and the station is empty. The train is a large engine and the station is a small building. The train is a long engine and the station is a short building. The train is a large engine and the station is a small building. The train is a large engine and the station is a small building.,"This picture is taken outside on a cloudy day. Men, women and children are standing on a platform of a train station. A little boy is wearing a green shirt and blue jean pants. A long black train is sitting on a track near the platform. White smoke is coming out of the front of the train. Electrical lines can be seen running across the air above the train.",3.2914620880637703e-155,0.2337662290706697,0.853999137878418,0.20757125438195395
800,"A bathroom with a toilet, sink, and a mirror.","This image is of a bathroom. There is a white toilet and sink which are situated next to each other on one wall. There is a window above the toilet which has a board over it. There is a mirror over the sink with an arched shaped to it. An empty toilet roll holder is hanging on the wall to the left of the toilet. There is a dirty rag laid flat under the sink which looks as though it has been placed to catch drips from under the sink. The bathroom door is visible and ajar, it has a brass colored door knob. The flooring is tile, mostly beige but with some accent colors included, and the walls are papered with an orange floral patterned paper.",3.1813173214893815e-237,0.1219512177513385,0.8587983846664429,0.026041666666666668
801,A group of female cyclists are racing down the street.,A cycling race with seven riders leaning to their right as they cross a street. They are a mixture of men and women and all are wearing cycling shorts and shirts which are covered in advertisements. One shirt clearly shows the word Mexico on the shoulders. They are all wearing cycling helmets and protective glasses. Six of the seven helmets are predominantly white but there is one bright yellow one visible. Behind the racers on the street is a white car with it's headlights on. The leaders of the race are wearing the same style of shirt.,2.5520479621776657e-235,0.1408450680023805,0.8612586259841919,0.03397508493771234
802,"A plate of food with rice, broccoli, and a piece of fish.","This is an image of a lunch. The lunch is rice, meat and vegetables. The vegetables are various. The vegetables are green. There is broccoli on the plate. The rice is in a clump. The rice is white. The meat is cooked well done. The meat is pink and dark brown. There are carrot slices on the plate. The slices are orange.",2.1461875372029916e-233,0.22727272352272732,0.8739789128303528,0.043859649122807015
803,A large ship is being pushed by a small red boat. The large ship is docked in a large body of water. There are buildings and a large white building with a green roof behind the large ship.,Cruise ships are at a port.  The boats are docked by a pier and anchored down.  A small red boat with an umbrella is in the ocean in the foreground.  The cruise ships are large and a pier is surrounded by a metal fence.  Buildings can be seen in the background and have pointed roofs.  The sky is blue and no clouds can be seen.,3.2448652559506735e-155,0.42253520649077564,0.8933064341545105,0.20763608006869622
804,A round table has a red and blue patterned tablecloth with black squares all over it. In the middle of the table is a vase of yellow tulips. The tulips are bright yellow and have long green stems. The vase is black and brown. There is a window in the background with a white frame.,There is a vase on the table. The vase is tan and black. There's a rock to the left side of the face. There are flowers in the vase. The flowers are bright yellow. The flowers have leaves on them. The leaves are thick and green and healthy. The table that the flowers are on has a tablecloth on it. The tablecloth is red white and blue. The tablecloth is red with white lines and a big blue line on it. There are chairs at the table. There are two chairs all together. To the right of the table are two windows. The wall under the windows is green.,1.4051148331356225e-78,0.5454545405475207,0.8941392302513123,0.17374517374517376
805,A man is sitting at a restaurant table with his hand up in the air. He is smiling and holding a phone. The restaurant is decorated with Christmas lights and pictures of famous people.,"A man is sitting at a table in a restaurant. He is wearing a long sleeve brown shirt. The man is looking a gray cellphone that he is holding in his hand. There are clear glasses and white plates on the table, along with a red and white checkered tablecloth. Different picture frames are on walls across from the man. Christmas lights surround some of the frames.",0.07647654239085264,0.5128205082182776,0.8954597115516663,0.22365293361782695
806,A woman holds a large pizza with a variety of toppings including red peppers and broccoli.,A woman is holding a tray. The tray is made of wood. On the tray is pizza. There are chopped tomatoes on top of the pizza. The woman is looking on the pizza. The woman is wearing a knitted blue jacket. The pizza has mushroom on it. The cheese is melted on the pizza. Behind the woman is a stove. The stove is white.,2.953070207372537e-156,0.21276595310095073,0.873311460018158,0.06756756756756756
807,An old bathroom with a toilet and sink.,"An old, dirty and rusted white toilet is attached to a wall.  The toilet has red, orange and grey stains inside the bowl.  The seat is covered in grey dirt and the exterior of the toilet has white lumpy drippings on it.  Above the toilet is a white sink bowl with a blue backdrop , two water handles and a faucet.  The wall the toilet and sink are attached to is white with dark marks on it including dirt smudges at the base of the wall.  The floor is a dirt floor.",2.670134566247896e-159,0.2105263133764235,0.8600814938545227,0.05100345560871876
808,A skateboarder is jumping over a ramp in a graffiti-covered building.,"A man is in an indoor skateboard and is performing a trick in the air at the top of a ramp. He is doing some variable flip with his board and he is wearing a light blue slate colored shirt, a hat, and some khaki pants with black and white shoes. There are a lot of painted murals and design displays on the wall of the park.",9.203413339495435e-234,0.13793103162901313,0.873259961605072,0.04885993485342019
809,A building with a clock tower and a sign that says Central Plaza.,Building has multiple floors. There is a clock tower at the very top. The building is tan and off white with red letter in the front. On the top level there is metal fence that lines the roof. The window is just below the top level and is next to a large half circle display window above the bottom floor. There is glass awning covering the ground floor although the whole ground floor is not visible in the photo.,2.3678659112044637e-80,0.21538461237396456,0.8599002361297607,0.087189226519337
810,A man is crouching next to a motorcycle. The man is wearing a brown jacket and a white hat. The motorcycle is covered with a tan tarp.,The man standing is looking down. There is someone squatting down next to a motorcycle. The man standing has gray hair. The man is standing by a parked car. The car is white. The mirror on the car is black. There are a bunch of trees in the background. The motorcycle has a big beige bag on yhe back of it.,0.07019540778523715,0.2909090863867769,0.8947608470916748,0.22914864475201846
811,A giraffe stands on an asphalt road in front of a large elephant. The giraffe is tall and slender with a long neck and a spotted coat. The elephant is gray and has large ears. There are also two other elephants in the background. The background is a grassy plain with trees.,"This is an outdoor image taken in a wild area that is full of wild life.In the middle there is paved road and on the side there are trees and dead grass on the side.In the middle of the road,there is a large giraffe walking west and behind him,there are three elephants walking across the road.The first on is on the side in the grass,the second is in the road and the third one is on the right in the grass also walking west.",3.1265005229517983e-155,0.34146340968173716,0.8681436777114868,0.1485148514851485
812,A woman riding a bike in front of a blue truck.,"This is an outdoor image taken of a city street.In the middle of the street,there is a large truck on the side that has a picture of a island on the back with water and a palm tree.To the left of the truck,there is female dressed in all black riding a bicycle and she has a long blond braid going down her back.On the side of the street,there are benches,trees,and people sitting down and walking down the sidewalk.There are also large antique like buildings with several stories.",8.179824532881948e-158,0.0869565192606596,0.8477850556373596,0.06040199455096901
813,A skier with the number 16 on his arm and leg is skiing down a snowy slope. The skier is wearing a red and white outfit. The background is a crowd of people.,"A crowd of people is sitting in a stand watch a man in red and white ski with two ski poles in his hand.  The man has on a hat and the number sixteen in the middle of his shirt, there is also some writing on his shirt.  There is some writing on the wall by the people in the stands.  There is a pole in the middle of the people.",9.501197378023655e-79,0.4615384567384616,0.8879485130310059,0.21200434332523185
814,A broken cell phone is laying on the ground.,There is a broken phone on the ground. There are three pieces that are big and the phone has many buttons on it. The color of the phone is white and silver. The ground next to the phone is very dark. There are many tiny things on the street. It looks like an older kind of phone. The phone at the bottom of the frame is on its front. The buttons on the phone are dark and light.,2.485739262485945e-81,0.23529411474048442,0.8854835033416748,0.080513217945406
815,A man is cutting a laptop with a knife and scissors.,This is an image of a laptop. The laptop is being cut by knives. The knives have black handles. The knives have silver blades. The laptop is black at the bottom. There are inputs on the back of the laptop. The inputs are different various types. There are two hands holding knives. The one wrist has a silver watch one it.,1.5017903980573115e-233,0.13043477920604923,0.869252622127533,0.044642857142857144
816,A storefront window with a sign that says The Bear Shop.,This is a toy shop. The shop has lots of stuffed animals. The stuffed animals are bears. There are many teddy bears in the window display. The bears are various different colors. The window is framed white. The letters on the window are red with a white and blue border on them. The bear in the front of the window has a red scarf on it.,4.389010630429333e-157,0.16666666313368064,0.8604954481124878,0.05785123966942148
817,A man is playing guitar in front of a brick fireplace.,A man is sitting with his guitar. His left hand is holding the guitar neck. The man is wearing a straw hat. The man's head is down. You cannot see the man's face. There's a bottle on the table in front of the man. The guitar is made of wood. The guitar is a light brown color. There is a television behind the man. The television is not on. The television is gray color. The man is sitting on the side of a fireplace. The fireplace is made of thin brick.,4.655674548108502e-81,0.35087718986765165,0.8719629645347595,0.0703554960583073
818,"A bedroom with a bed, chairs, and a few paintings.",This is a picture of a bedroom. The bedroom is very tidy. The bedroom is decorated fancy. There are many different pictures that are framed on the wall. The pictures have black and gold frames. The bed has a white comforter on it. The bed has a white pillow on it. The headboards and bed frame are dark brown.,1.078897930532429e-233,0.13333333013333343,0.8730606436729431,0.04621072088724584
819,A man and a woman kiss.,There are two people kissing in the photograph. One of the men is dressed as a groom the other as a bride. The one dressed like a bride has a veil on his head and is wearing a pink dress. He has whit pearls around his neck and has a blue ring on. The woman has a grey hat on and white sunglasses. They are standing against a white wall with the sun shining down on them.,1.1119863481654692e-236,0.07017543671283476,0.8436577320098877,0.02861230329041488
820,"A hotel room with a full bed, two nightstands, a lamp, a desk, a chair, a window, a mirror, and a dresser.",This is a hotel room. There is a patterned comforter on the bed. The comforter is tan and gray. The headboard on the bed is wooden. The headboard is brown. The wall in the room is a dark tan color. There is a small lamp by the bed. The lamp has a white lampshade on it. There is a rolling office chair by a desk with a yellow lamp on it.,6.317825668034376e-156,0.15686274079200319,0.8618423938751221,0.11162590351319548
821,Giraffe eating with a QR code in the background.,This picture is of a giraffe. The giraffe is eating some grass. The giraffe has it's mouth full. The giraffe is spotted brown and tan. The giraffes eye is closed. The eye is lined in black. There are brown and tan horns on the giraffe. There is a piece of wood in front of the giraffe. The wood piece is light brown.,4.12050784232585e-234,0.1904761871088436,0.858210027217865,0.04409171075837742
822,A bathroom with urinals and a row of stalls.,The picture was taken inside. The picture was taken in a bathroom. There are lights lined along the ceiling. The floor in the bathroom is tiled. There are urinals on the wall on the right side. The urinals are white in color. The stalls are on the left of the bathroom. There are windows in the bathroom.,7.181670197329462e-234,0.1052631542797785,0.8839300870895386,0.038314176245210725
823,A black cat is lying on a desk with a red notebook.,"Two black cats lay on a desk; on is reading its grass on the other cat's hind quarters. One the desk area several items: a red notebook, a vup filled with pens, done papers, a basket with Witeout in it, a teddy bear, and a box of envelopes. There is also an LCD computer monitor, as well as a keyboard drawer. The keyboard drawer is slightly open, showing the bottom of a purple mousepad.",5.0200021760508775e-157,0.1492537285987971,0.875004231929779,0.09373156342182892
824,An elephant is standing in a grassy field. The elephant is gray and has large ears. The elephant is standing next to a tree. The elephant is eating grass. The background is a grassy field with trees.,The elephant is in the wild. He has a long trunks. The trunks are brown with touch of white. The elephant's ears are wide and has spots. The elephants body is wrinkled and brown. Behind him are long brown trees. The ground is covered with green and brown grass. The sky is blue with touch of white/gray puffy clouds.,1.297205802539563e-78,0.3389830461706407,0.8901938199996948,0.20561641453660237
825,Two men are sitting at a table outside. The man on the left is wearing a white shirt and the man on the right is wearing a plaid shirt. The man in the white shirt is smiling and the man in the plaid shirt is also smiling. There is a small brick house behind them.,"Two men are sitting at a table outdoors. The man on the right is wearing a plaid shirt and a visor. He has his arms out and palms turned up. The man on the left is wearing a t-shirt that says ""BRONX."" Empty glasses and three bottles are on the table. There is also a cruet of oil. A brick structure, perhaps an oven, is to the left rear of the man on the left.",0.2953561344231062,0.48101265358115686,0.9059034585952759,0.3724163086649915
826,A street scene with a street sign and a person.,This is an image of a street. The street signs are on a white pole. The pole is metal. The top sign is blue and white with a red slash in the middle of it. The bottom sign is white and black with a red circle and red slash in the middle. The top sign has a white border. The street is concrete with rail road tracks embedded in it.,1.9526266254543493e-157,0.2325581365062196,0.8603389263153076,0.06249999999999999
827,A tennis player wearing a yellow shirt with a Nike logo on it.,This picture was taken at a tennis match. The man is wearing a yellow head band and a yellow shirt. The man is holding a black tennis racket. The crowd is behind the man on the court. The man is looking towards to the left. The man is wearing two sleeves on their arms with yellow checks. There is a white logo on the left of the picture.,6.107449241472596e-80,0.27450980032295275,0.8811280727386475,0.0934320987654321
828,A dining room with a table and chairs.,"This is an image taken in a kitchen.Directly in the middle is a wooden table with a white top.On the ends,there are two wooden chairs and on the sides,there are two computer cars.Behind the table,there is a side by side microwave with several magnets on the front,and an air freshener and bottles on the top.To the left there is a counter with average kitchen supplies including a toaster.The floor is hard wood,the walls are yellow and the drapes over the windows are black.",6.540778450521302e-159,0.09523809302091212,0.8464465141296387,0.03311258278145695
829,A red and white do not enter sign is on a grey pole.,This is a traffic or warning sign. The sign says do not enter. It is red and white. The text of the sign is very bold in white lettering and is centered in the middle of a filled red circle. The circle is inside of a white square. The sign is attached to a metal pole with bolts. Behind the sign a grey sky can be seen along with trees that have orange dying leaves.,8.774372856946481e-157,0.3606557343509809,0.8836736679077148,0.1160988852585047
830,A group of people are sitting in a living room playing a video game on a television.,Four people are sitting around a television set. The two men on the right are playing guitars. The woman on the left has her hand to her mouth. Another woman has blonde hair and is facing away from the camera. A  small coffee table is in the middle. There are two glasses and a paper cup on the table. A floor lamp in the corner is casting bright light into the room.,1.2385650210912403e-79,0.3076923041420118,0.8723111748695374,0.07518796992481204
831,Two men are playing a video game together.,Two men are standing in a living room holding white game controllers in their hands. A white covered sofa is sitting in front of a window in the living room. There are three pillow sitting on the couch. The walls in the room are painted white. Part of a chandelier is hanging in the room. A brown cabinet can be seen sitting against a wall near the sofa.,2.805709316345204e-81,0.19999999731200002,0.8600602149963379,0.06000000000000001
832,A zebra standing in a grassy field.,"Ann adult Zebra stands on a field facing to the left. The legs on the outside have strips and on the inside are white. The zebra is in an open field. The field is covered with grass that is tall. The zebra has stripes white and black, and the tail of the zebra is long and have a turf on the end. On back the field there are green with green leaves.",1.4689747694258942e-235,0.15999999759200004,0.8721230626106262,0.04580152671755726
833,"A home office with a desk, computer, lamp, books, and chairs.","This picture is taken inside of a home. A black chair is sitting in front of a desk. There is a laptop sitting on the desk, along with other papers. Part of a wooden table can be seen behind the desk. Two chairs are sitting near the table. There is a white lamp sitting on top of the table near bottles and a book. The walls of the room are painted yellow with white trim. The floor of the room is hardwood.",2.3535811616421923e-234,0.23333333033888887,0.8627907633781433,0.03337783711615487
834,A bird is perched on a desk in front of a computer monitor.,A desktop computer is on a desk with the monitor turned on. On the keyboard is a grey bird with a green head and orange cheeks. To the right of the desk is a tray with a blue mouse pad and a white mouse on it. Next to the desk is a grey upholstered chair. To the left of the desk is a blue drapery. In front of the bird are a yellow and blue stuffed bear.,3.2316324394834876e-80,0.3018867889498042,0.8651208281517029,0.11313885702245216
835,A man sits in a chair with a laptop on a table in front of him.,"A Man sitting in a chair working on his laptop. The chair he is sitting in has a red towel drapped over the back and wooden arms. The man has short dark hair, and glasses. He is casually dressed in a sweatshirt, with a yellowish t-shirt underneath and shorts. He is using a plug in keyboard with his lap top, the key board is on a make shift lap table, made from two grey boxes. This allows him to put his keyboard and mouse on his lap. The laptop is on the table in front of him, propped up on a few books so that he can see it. Also on the table are a few other items.",0.0004879652026151493,0.24999999748192153,0.8809472322463989,0.09385693671407956
836,The inside of a bus is full of people. There are a few people sitting in the bus. There is a TV on the wall. There are a few bags on the bus.,"Passengers are seated in a mass transit bus traveling down the street.  The driver is seated on the left hand side in an enclosure.  He is visible through the reflection from a rear view mirror.  The farebox is next to the enclosure.  A television monitor is behind the driver, and is turned on.  A woman sits on a seat mounted atop the wheel well.  She has placed a white plastic bag on the floor. A passenger seated behind her is resting his or her foot on the well.  The bus has blue vertical poles for standing passengers to use.  Some bus straps are also suspended from the ceiling for passenger use. It is daytime.",5.346236717087587e-156,0.1758241726506461,0.8693877458572388,0.08498583569405098
837,A pizza is missing a slice and is on a metal pan.,A metal pan has pizza slices on it. The pan is round. There are other pizza pans next to it. The pans are on the table. There are napkins on the table. There is hot sauce on the one pizza. There is a lot of cheese on the pizza. There is a knife on the table. There are other slices of pizza on the other pans. The pizza slices are triangular. The table is made of wood.,7.312351595466327e-234,0.2439024353361095,0.880308210849762,0.06382978723404255
838,A man surfing in the ocean with black squares all over it.,"A guy with short, dark hair is wearing a blue wet suit and black shoes is surfing on a white surf board in a large body of water. The waves behind his surfboard are large, white and foamy. The body of water appears to be dirty and a reflection of the guy and the surfboard is in the water just near the surfboard. The sun is shining brightly into the body of water.",4.2697547383280204e-157,0.14035087386888281,0.8571224212646484,0.04484304932735426
839,A cow is in front of a fence with a blue collar and a white and brown coat.,There is a white and brown cow in a cage. The bars next to the cow are blue in color. The girl next to the cow is wearing the color purple. The girl appears to be smiling. The bottom half of the cow is not visible. Only the top half of the animal is visible to the people. The roof of the structure is blue and there are bars above the ground to support the structure.,0.007417271402648331,0.30188678839444644,0.8760221600532532,0.07834757834757836
840,A young man with a blue shirt and red shoes is standing next to a skateboard. He has his arms in the air and is looking at the other three men who are skateboarding. The other three men are wearing helmets and are doing different tricks.,"A boy is skating down a ramp. The picture has a progression of him starting from the top, then in the middle, then on the bottom. The boy is wearing a white helmet, gray t-shirt and blue jeans. He is slightly heavyset. His shoes are white. Next to the boy on the ramp is a boy on roller blades and he is wearing a blue graphic shirt with blue jeans. his hair is orange.",3.062942112684892e-155,0.3373493926781827,0.8753666877746582,0.1746186971863683
841,Three elephants are standing in a river. The elephants are gray and have long trunks. The elephants are standing in a river. The river is brown and murky. The elephants are standing in a river. The river is brown and murky.,This is an image of some animals. The animals are elephants. The elephants are very large. The elephants are dark brown. The elephants are in water. The water is shallow and murky brown. There is a long bamboo pole by the elephants. The shore by the elephants is sand. The sand is tan color. The elephants are drinking water.,2.212770372538496e-78,0.34042552742417387,0.8897311687469482,0.19095170757220623
842,A man is sitting in a beach chair and reading a book.,"A man is sitting in a white chair on the beach. The chair is in the sand.  He is wearing a black shirt and dark colored shorts. He is reading. His arm is resting around the top of his head. He has a wedding ring on. Beside the man is a black and white umbrella. To the right of the umbrella is a boy wearing green. He looks like he is playing in the sand. Behind him is another umbrella which is red and white. In front of the boy is the water. In the distance is a building, and beyond that are hills. Also on the beach are gray stones and other white chairs. Behind the chairs are two poles.",5.382600637303195e-05,0.2399999974968889,0.8831078410148621,0.04541326067211626
843,A skier with a Fanta shirt on is skiing down a snowy hill.,There are people in the snow in the picture. The trees in the background have a little snow on them. Some people are sitting in the snow. The snow is covering the entire ground. Most of the people have goggles on. Two people are walking together on the snow. The person on the right is carrying ski sticks.,3.9625590435696596e-233,0.13636363239669433,0.8684654235839844,0.037383177570093455
844,A woman sits on a bench with her luggage.,The woman is sitting on a bench. She is carrying a bag. The suitcase is black. The bags are black. The woman is wearing a scarf. The scarf is pink. The jacket is black. An old man is looking at the camera. The man's jacket is yellow. The woman's shoes are black. The woman is wearing eyeglasses. Her pants are gray. Her hair is curly.,1.3376504161316172e-157,0.1818181785640496,0.8724995255470276,0.07178264122708566
845,A street scene with a view of a building with a yellow exterior and a sign for a cable car.,There is a big brown and beige building near the street.  It has many windows  all around it.  It has a traffic sign  on the corner near the building. There is street sign on the front of the building.  There is a small car near the building. There is a gray car behind the    maroon car.  The person walks  across the street  near the building. There is a large black sign near the  building.,1.0543963522731113e-232,0.19999999580000008,0.8494183421134949,0.08017492711370262
846,A cell with a toilet and a sink behind bars.,"A small cell with iron gates is painted a light green on the bottom of its cement walls, and white on top. A lidless white toilet sits against the back wall, and a rusted small white sink is next to the toilet. On the back wall are two empty white shelves, and two metal shelves that fold up are attached to the left wall. The floor is tiled, and the walls and floor are dirty.",1.4562215430831953e-157,0.24137930772294885,0.8631941676139832,0.0852482652969271
847,Man decorating cake at birthday party.,Three men are standing in a room. One man is leaning over a table in front of a small cake. He is wearing a short sleeve shirt and green pants. The table is white and has brown and gray chairs sitting around it. There is are white coffee mugs and bottles that are also on the table near the man. A gray door can be seen near a wall with a gray door handle on it.,0.0,0.0350877174145892,0.8211296200752258,0.007246376811594203
848,A group of people are riding horses down a dirt road in a forest.,"This is a beautiful autumn photo of a family riding a trail on horse back. Both the horses and the human riders are uniformed in matching colors and coats, which made for a beautiful photograph. The trees are evergreens and tall, and grass is brown in preparation for winter. The air is most likely brisk but still mild.",6.611885285827992e-233,0.17543859297014472,0.8696233630180359,0.0746268656716418
849,"A bathroom with a toilet, sink, and shower curtain.",A blue shower curtain is hanging inside of a white tub. A white toilet can be seen sitting near the tub against a white painted wall. A box of tissues is sitting on top of the toilet's tank. There is a vanity cabinet near the toilet with a white sink in it. A mirror can be seen hanging on a wall above the sink.,1.606320698539901e-157,0.22222221902222228,0.869284987449646,0.042735042735042736
850,"A close up of a fruit salad with raspberries, blueberries, and orange slices.",The photo is of various fruits. The orange slices are peeled and sectioned. The raspberries are deep red and have small red portions that have fibers protruding from them. There are also small round blueberries in the photo. The fruit is mixed together as a fruit salad. The photo is a close up and does not show what the fruit is in.,1.8835057524998682e-156,0.3333333296776406,0.8913412094116211,0.09317535026269701
851,A person is lying on a lounge chair under three umbrellas by a blue swimming pool.,"A man is relaxing on a lounge chair in front of a swimming pool on a warm sunny day.  He is white.  He is wearing a baseball cap and swim trunks.  There are no other people sitting on the chairs, which are white.  Four large white umbrellas provide shade.  The water in the pool is calm and is blue, reflecting the sky.  The side of the pool is made up of blue tiles.",0.005461262646355239,0.3124999964111328,0.8876932263374329,0.09442793462109955
852,A woman is talking on the phone in front of a North Pacific Cellular store.,"A young woman wearing a black bra mostly covered by a white tank top, and also wearing blue jeans and holding a pink cell phone to her ear is walking along a sidewalk. She is in front of a North Pacific Cellular store and another store in which numerous red shopping carts are lined up along its wall. Both stores have the same exterior of large windows and brown siding, and a white and red trim above the siding. The woman is being photographed at through the interior of a car, as the grey interior of a car window can be seen around the outside edges of the photograph.",0.0009034676235427751,0.25806451342351716,0.8663491010665894,0.10081747106770277
853,A large building with a lot of windows and a few people walking around.,"The image is a transit center. There are many buses parked at the station. The roadway is brown with white lines. The cross walk has white painted stripes. There are shelters over the bus stop. There are blue poles holding the shelter roof up. The roof is dark gray. The bus is orange, white, red, and blue.",5.745821739965162e-233,0.11320754346742624,0.8549527525901794,0.03795066413662239
854,A clock tower with a green roof and two clocks on it.,There is a tall building with a clock on each side of the top of the building.  The very top of the building is green in color and it looks like a palace on top.  The building tan and it has a couple of barrier gates at the top of the building.  The design of the building holds a arch in front and a light pole on the top of the building.,4.640813715551179e-157,0.2553191451335446,0.8778766393661499,0.05303030303030303
855,A train is on a track in a complex area with a lot of tracks.,"There is a train in the picture. There are many train tracks. The train is blue, yellow, and white. There are many poles in this picture. The tracks are brown. There are green bushes near the tracks. In the background there is graffiti on the walls in different colors. The poles are grey and tall. The bushes are short.",3.2638089151428995e-156,0.26666666255802474,0.8674591779708862,0.0641025641025641
856,A woman is sitting on a sidewalk talking on the phone. She has a purse on her right side and a bottle of water on her left.,"A woman is sitting on a stone structure with her legs stretched out in front of her. She is holding a blue cellphone to her ear. The woman is wearing sunglasses, a necklace, red sweater, a long black skirt and red boots. She has a large black purse and a plastic bottle of water at her side. Two people are sitting on the ground having a picnic. The trees are bare.",0.0602550500434798,0.3943661930172585,0.9004813432693481,0.21509736883698097
857,A man wearing a purple suit with a floral pattern and a white cowboy hat is taking a picture of a park.,"This is a picture of a man. the man is taking a picture. The man has a hat on. The hat is light brown with a brown designed band. The man has a mustache. The mustache is gray. The man has glasses on. The man is wearing an unusual jacket. The jacket is purple with flower designs on it. The flowers on the shirt are orange, white and red.",0.02469832423656163,0.41509433513705946,0.8764395713806152,0.16202503696023654
858,"A woman and a child are playing with a toy car in a living room. The woman is kneeling on the floor and the child is standing on a skateboard. The child is wearing an orange shirt that says ""BEARS"" on the front. The woman is wearing a blue shirt and jeans. The living room is decorated with a lamp, a rocking chair, and a few other pieces of furniture.","A young girl in a bright orange t-shirt is standing on a tiny child's skateboard while a woman in a pair of blue jeans and a patterned top kneels with one knee on the floor anf holds the girl steady, her right hand under the girls right arm and her left hand on the girls left hip. They are in a living room on a beige mat with a black border. Behind them is a small table with a telephone, calendar and writing pads. In the far distance is a wooden rocking chair. Both the people in the shot are looking up at something.",0.057095817160440224,0.2752293531520916,0.8764501214027405,0.20836846115940783
859,A beach with a cliff and a kite flying in the sky.,"A large flock of birds is flying over the beach, and the ocean on a cloudy day. A single person holding a yellow surfboard is walking out of the water and onto the sand. A large, curved blue, white, and green kite is flying over ruins on the beach. There is a tall mountain covered in grass jutting out into the sea.",2.5522614893720753e-233,0.2592592560150892,0.8714567422866821,0.07017543859649122
860,Black and white photo of a surfer jumping over a wave.,"In a black and white photograph, a surfer in the middle of riding in on a wave is shown perpendicular to the wave. The surfer is a man and his surfboard and he are fairly high above the wave with his board upright above the water. The wave is large and cresting with a lot of white foam to the right and left side of him. The surfer is wearing a wet suit with a cap.",2.4186358086754595e-157,0.2264150912780349,0.8843778371810913,0.05755395683453237
861,A woman is parasailing over the ocean.,"Two people are enjoying their time out in the water. A woman is wakeboarding and her board is white, a peach color, yellow, and blue and is in a tie-dye like pattern. She is wearing a pink shirt that is a very bright color, and some short polka dot shorts. A man is wakeboarding far in the background more out into the water.",1.8100806498120708e-81,0.15999999759200004,0.8646029233932495,0.03484320557491289
862,A baby boy is sitting on a couch and playing with a cell phone.,A young  child is sitting on a blue sofa. He is holding his left hand up to his mouth. He is holding a silver clamshell cellphone in his right hand. He is wearing a blue and white striped polo shirt and blue denim overall shorts. There is a stain on the left knee area of the shorts. The child is barefoot.,0.007122990661739688,0.2307692270192308,0.8731885552406311,0.06216696269982238
863,A man in red is lying on the sidewalk in front of a red fire hydrant.,"Outside, an old man lies down against a bare, tan wall. The man has a beard, but little hair on his head, and is dressed almost entirely in red. His shoes are black. His is resting his head with one arm. Next to him is a red metal object attached to the brick ground. There is a white bag next to the man. It is around noon, as the man cast a very short shadow.",1.5432383717716898e-156,0.16901408134100382,0.8554200530052185,0.06512301013024603
864,A traffic light is green.,There is a traffic light in the picture. The green light is bright. THe traffic light is made of metal. The traffic light is black. There are three different lights in the traffic light. There is red on the top. There is yellow in the middle. There is green on the bottom. Green means to go. There is nothing else in the picture. There is just a traffic light.,1.89612401830346e-83,0.21052631350415515,0.8677678108215332,0.05041932907348243
865,A field of green grass and trees with a white sheep in the middle.,Image of an outdoor farm. The farm has multiple rolling hills on it. There are white sheep and livestock walking around the field. There is a small stone wall down the middle of the farm. There are large green trees with lots of leaves on the hillside. In the distance the sky is covered with a light patch of puffy white clouds that can be seen on the horizon.,1.8211193820338154e-156,0.2857142822574956,0.884419858455658,0.10815383614238301
866,A man in a white and black outfit is doing a wheelie on a BMW motorcycle. He is wearing a helmet and gloves. The motorcycle is black and white. The man is in front of a crowd of people who are watching him. The crowd is standing behind a white fence. There are also some BMW logos on the fence.,"This is a man on a motorcycle. The man is int he middle of a track. The man is doing a trick. The man is doing a wheelie. The man has a helmet on. The helmet is blue, red, and orange. There are banners on the fence. The banners are white with blue letters. The motorcycle is white and black. The wheels on the bike are black and rubber.",3.2621269462663515e-78,0.492753618189456,0.8991162776947021,0.29855854235967516
867,A bench with a brick wall behind it has two round windows that look like eyes.,A wooden slatted bench sits in front of a brick and stone wall. The frame and arms of the bench are metal. The wall is mostly stone with a brick inlay that has two large openings in the center of it. There is also a brick border along the bottom of the wall. Many stones on the wall are chipped showing a dull gray underneath.,1.710272760271996e-79,0.271186436725079,0.8792799115180969,0.1142723559907042
868,A long freight train is traveling down a track through a rural area.,This is an image of a train track. The train track has one train on it. There is one empty track. The track is made up of wooden planks and metal rails. The rails are light gray. The plants are dark brown. The train cars are light gray and brown. The cars are filled with coal. The coal is black. There are lots of bright green and yellow plants by the tracks.,1.4504697665113447e-233,0.15384615029585808,0.8467558026313782,0.030257186081694407
869,Room with brown couch and cat in front of it.,This is a picture of a living room. The room has a couch in it. The couch is a dark gray color. There are pillows on the couch. The pillows are white. There is a dog on the couch. The dog is blonde colored. The dogs eyes are black. There is a large flat screen TV in the corner. The TV is black and silver.,6.26081936965949e-234,0.2272727237603306,0.8558112382888794,0.050420168067226885
870,Man and girl surfing in ocean.,"The man is holding a little child that are stand on a surfboard. The surfboard is color white, The child is wearing a wet suit color black. There is a wave formed behind the surfboard. There are ripples in the big ocean. On back there is a man that is in the water. Behind the man there is a big wave color white.",1.0361686107000301e-235,0.10256409996055234,0.8506519198417664,0.034904013961605584
871,A man in a police uniform is standing in front of a train.,"A orange,blue and red train is sitting on some tracks and next to the tracks is a pile of trash on the ground.Some flowerpots is sitting near the trash. People are sitting on chairs Just behind the pile of trash. A man standing near the tracks is wearing a brown uniform hat, shirt and pants and he is holding a red flag in one hand and a green flag in his other hand. There are some children standing near the tracks behind him.",3.442566334630125e-157,0.28070175127116037,0.8607392311096191,0.06578947368421052
872,"A bathroom with a shower curtain, toilet, and sink.",This picture is taken inside of a bathroom. A small window is hanging above a white tile wall. There is a shower near the window. Two white curtains hang on a rod that is surrounding the shower. A white toilet sits near the shower. Part of a white sink can be seen near the toilet. The floor of the bathroom has large white tiles on it.,1.2862410644003531e-157,0.20408162965431073,0.8685395121574402,0.03316749585406302
873,"Three little girls are walking down a road in the rain. They are wearing raincoats and holding hands. One of the girls is holding a purple umbrella. In the background, there is a red house and some trees.",This is a picture of a group of kids. The kids are standing under an umbrella. The umbrella is purple with a cartoon on it. The girl in the middle has a blue jacket on. The girl has dark blue jeans on. The girl has long brown hair. The girl to the right has a long purple and white jacket on. There is a large red house with green trim in the background.,2.552572696091554e-155,0.3142857094326531,0.8880510330200195,0.2220101469844533
874,A traffic worker is directing traffic in a busy city street.,A traffic in the middle of a city road is directing traffic while in a reflector jacket.  There are people on the corners ready to cross a street.  The car is turning right on a city street.  The traffic light is red signifying to stop.  A store sits on the corner and buildings line up the street.  Cars and buses are driving to the left of the store.,3.3158181662408122e-80,0.3076923045857988,0.8639508485794067,0.07223113964686999
875,"A yellow bus with the words ""Paris, Transport, and Dépanneur"" on the side is parked in front of a red truck.",The bus is a pastel yellow with a green stripe under the window on the side and over the wheel wells. The front of the bus is unique. The driver side is sunken into the bus while the passenger sides is of normal length. There is small black display with white letter at the top of the front of the bus that says SPECIAL. Next the bus there is a red truck with red grill on the bumper. On the opposite side of the bus there is small vehicle that looks like a toy tractor. it is yellow and gray.,8.526862201859233e-80,0.3466666627555556,0.8485462069511414,0.08143322475570032
876,Two boys throw a frisbee in the woods.,This picture is taken outside at nighttime. A boy can be seen in this photo. He is wearing a short sleeve shirt and pants. A green frisbee is soaring in the air towards the boy. The ground has brown dirt on it. There are gray stones scattered throughout different parts of the ground. Part of a tree trunk is leaning near the boy.,7.968299397177518e-158,0.1379310321046374,0.8709251284599304,0.043478260869565216
877,A night view of a small house with a cat and a bicycle.,"A painting has a cat walking on a brick sidewalk in front of an apartment building that looks french. There is a brown dark shiny wood door to the left of the cat, and tall bushes, and plants growing on the sides. There is a bike next to the plants, and in between the two apartment doors. There is a black metal pole on a fence in between two cement pole.",7.925817015167418e-157,0.17543859337642356,0.8634350299835205,0.06134969325153375
878,A wooden board with a serving of fried potato wedges and a small bowl of mustard.,"On a wooden board there are pieces of brown bread. On the corner of the board there is a bowl color white with yellow sauce. Somebody is holding a fork with the index finger that push on one bread. The fork is metal color silver. Back the board, there is a black phone on a white table next to a glass.",3.827706870382773e-156,0.22641509045211827,0.8552480936050415,0.07964601769911504
879,A group of people are standing in front of a fire. Some of them are holding umbrellas.,"This is a photo of a group of people watching a fire. The photo conveys a sense of urgency, hopefully this is not a house burning down. In the distance you can see a painting that looks as though it may be a religous building. The people are all holding umbrellas to protect them from the rain, which is ironic.",3.2389481539880974e-79,0.2666666630888889,0.8879848718643188,0.12567324955116696
880,A girl paddleboarding in the water.,"A woman is on a surfboard holding a row. The surfboard is long and color white and black. The is bend forward holding a black row. The right hand is on the top of the tow, and the left hand is on the middle of the row. The woman has long hair black on the back. The reflection of the woman can be seen in the water.",2.3849872430583655e-82,0.20512820252465486,0.860202431678772,0.06157635467980296
881,A man playing tennis at Penn State.,"A man is standing on a tennis court on a sunny day. He is wearing a yellow shirt, black shorts and a hat. The man is holding a racket in his hands. A tennis ball is soaring in the air in front of him. The court is green with white painted lines on it. Part of a building can be seen behind the court.",2.2425507634088357e-158,0.11999999759200004,0.8465442657470703,0.025728987993138937
882,A woman carrying a large basket of vegetables on her back with a long pole.,This is an image of a person. The person is crossing the road. The person is carrying some vegetables over her back. The vegetables are bright green. The vegetables are carried on a wooden bar with wires attached to a basket. The pole on her back is dark brown. The crosswalk is light gray with white stripes.,2.1163574583431856e-79,0.31372548621299506,0.8850898742675781,0.14090909090909093
883,Teddy bear sitting on bed with tree painted on wall behind it.,"There is a very large light brown stuffed teddy bear sitting in the corner of a room and on a bed. There's a big brown bow wrapped around the teddy bear, and it matches the bears big, brown nose. The teddy bear has small black eyes, and long and fat arms that hang to his side and legs that are in front of him. The bed sheet the bear is sitting on is green, and there's a nearby pillow with a yellow pillowcase that has white polkadots. The walls are painted blue with a painted treed on the right side of the corner and it has 3 large branches with 13 green leaves and 2 red flowers scattered on it. To the left corner of the wall is a green lamp that has 2 white clouds on it and it hangs above and to the left of the sitting teddy bear. At the lower half of the wall there is white bead boarding and a white chair rail.",2.0488897718587648e-160,0.14432989489637582,0.8393478989601135,0.03608923884514436
884,A little girl is standing in front of a large suitcase that has the letters TV on it.,"A little girl stand on front a gigantic suitcase. The little girl wears a white top with blue jeans, and she is smiling. The gigantic suitcase has several stickers. A red sticker on the suitcase has yellow stars. On the suitcase, there are three oval stickers color white and blue letters. The brown suitcase is outdoors.",3.739291723291495e-79,0.35714285278061225,0.86728835105896,0.13156644818086824
885,A bedroom with a bed that has black squares all over it.,This is a picture of a bedroom. A large bed is sitting against a painted white wall. There are two large white blankets and four white pillows on the bed. Two slim lamps sit on nightstands that are standing near the bed. Part of a picture frame can be seen hanging over the bed. A long green curtain is hanging on the floor in the room.,1.6260367040318438e-233,0.14285713948979603,0.8641123175621033,0.04125412541254126
886,"A still life of a flower arrangement sits on a table. The flowers are pink, white, and yellow. The table is covered with a white tablecloth. The background is a pale blue.","A table with a white lace table cloth is sitting in a room with a white wall. There is a blue glazed vase with etched flowers on it with a flower with green leaves on it sitting on the table. There is a clear glass bowl on a black metal base to the left of the vase, and there is a bear statue on the right of the vase and a clear glass cup. There is another flower on the ground near the table.",5.476105920385146e-79,0.3529411718209342,0.874552845954895,0.133248730964467
887,A busy airport parking lot with many buses and people.,This is a picture of a street. The street looks to be at a bus station. There are many large buses parked. The buses are public transportation. The buses are painted white. There is black text on the bus. There are people walking by the station. There is a large walkway above the station. The walkway is metal with blue windows.,8.220283194227999e-234,0.17391304007561445,0.8622840642929077,0.03577817531305904
888,A baseball game is underway at night. The player with the number 2 is swinging the bat. The catcher and umpire are in the background.,A boy in a white baseball uniform and a blue helmet is has swung a baseball bat and is holding the bat behind him. There is a player in the sane uniform on the left leaning down and walking towards the home base. In the distance there is a fence covered with a blue tarp. There are people standing on the other side of the fence on the left watching the game.,8.55965161019691e-156,0.27692307254911247,0.8679682016372681,0.1040118870728083
889,"The image depicts a railway yard with multiple tracks and various structures. The foreground is dominated by a series of tracks, each with a distinct pattern of gravel and stones. The tracks are laid out in a somewhat haphazard manner, suggesting that they are not part of a well-organized layout. The tracks are supported by concrete blocks and metal poles, which are connected by electrical wires and cables.

In the background, there are several buildings and structures, including a large, gray building with a sign that reads ""KORAIL,"" indicating it is a railway company. The building is situated on the right side of the image and appears to be a commercial or industrial building.

To the left of the KORAIL building, there is a smaller, white building with a sign that is partially visible. The building is also supported by concrete blocks and metal poles, and it appears to be a smaller office or commercial space.

The sky is clear, and there are no",A trailer with gray siding on it and  two windows is sitting on the gravel in between two train tracks. There is a white and blue train on the tracks on the right side of the screen near the trailer. There are traffic lights on the gravel in between the tracks for the trains. There are metal support columns in between the tracks and over the tracks. There is an apartment building in the distance and cars parked near the tracks.,0.04360206414007158,0.2575757532369147,0.8562643527984619,0.2728177877694247
890,A skateboarder is jumping over a ramp in a skate park.,A boy is skating on a skating ramp. He has a skate board under his feet but his body is parallel to the ground. His knees are bent and his arms are in the air. His has brownish-red curly hair. He is wearing gray shorts and a black shirt. The skate board is green. The skating ramp is gray. There are trees surrounding the skating ramp.,5.0480790245846336e-157,0.23529411449442522,0.8619682788848877,0.05785123966942148
891,A group of people are peeling bananas.,"Two boys and two girls are standing in a line bending down. They are opening bananas that are in their hands. One of the boys is wearing a baseball cap, a short sleeve shirt and blue jean shorts. Part of a black door can be seen behind them. A white painted wall is above the door. Cords and other objects are on the ground in front of the children.",2.0984849503916765e-235,0.1379310323602854,0.8556768894195557,0.02388535031847134
892,"A kitchen with a stove, a pot on the stove, a box of cereal, a dish rack, and a box of Charmin toilet paper.",Two skillets and a pot is sitting on top of a stove in this kitchen. The burner under the pot is on. The door of a dishwasher is down with a rack sitting on top of it. The cabinets in the kitchen are white with green counter tops. There are numerous items sitting on top of the counter tops. The floor of the kitchen is hardwood.,1.3099289131763808e-155,0.2692307648298817,0.8660614490509033,0.10517799352750808
893,Several KLM airplanes are parked on the tarmac at an airport.,The airplanes are at the runway and airport. The planes are blue and white. The tail of the planes are white with blue logo on them. The sky is blue with white and gray clouds on them. There are two cones on the ground. The cones are stripe of orange and white. The grass is green. The ground is paved.,9.966320417306425e-157,0.24390243509815587,0.8467740416526794,0.0544464609800363
894,A red brick building has a large arched window and a gray door.,A building has a large arch above the doorway. There are windows under the arch and above the doors. The doors themselves are gray and have panels in them. There are two doors. In front of the doors is a bench that has wooden slats. There are gray pipes on each side of the doorway. The building and doorway are made of red brick.,0.004684879871559626,0.35999999635200003,0.8991445302963257,0.11660048548457254
895,A cat sleeping in a sink.,"A cute grey white tan and brown kitten is laying sideways in a white ceramic bathroom sink. He looks very happy. The faucet above him is silver and shiny. On the sides next to the faucet are two small jars, a tube of toothpaste and a wooden square brush with black plastic bristles. The floor of the bathroom is dingy and white. There is a soap dish filled with a dark brown soap.",1.2743396184536243e-159,0.13793103262782402,0.858610212802887,0.030165912518853696
896,A man is taking a picture of himself in a mirror. The mirror is made of glass and has black dots all over it. The man is wearing a suit and tie. The man is standing in front of a red carpet. There is a couch in the background.,"A man is standing in a room of a building. He is wearing a suit and tie, and holding an electronic device in his hand. The carpet in the room is red. A long picture frame is hanging on a wall at the back of the room. A sofa, chair, plant and a table can be seen near the picture frame. A small green lamp sits on top of the table.",0.11274276685148205,0.36842104780124657,0.8954330682754517,0.2391069121447028
897,A woman is sitting on a train with her luggage.,This is an image of a plane. The people are sitting in cushioned chairs. The chairs are blue and gray. The man has long black hair. The hair is parted down the middle. The man is Asian. The man has a black suit jacket on. The man has a light blue dress shirt on. The man has black pants on. The man has black shoes on.,4.985853788819782e-234,0.17777777432098768,0.8431729078292847,0.033112582781456956
898,A birthday cake with five lit candles sits on a blue plate.,Five lit candles are decorating a square cake. There is a pink candle in each corner and a white one in the center of the cake. The frosting is white. Some chocolate crumbs are visible along the bottom edges of the cake and on the plate. The cake is on a round blue plate. It is on a wood-looking table.,1.7254629127904292e-156,0.2857142820158268,0.8805632591247559,0.1490651279298622
899,A red fire hydrant sits on sidewalk in front of a horse drawn carriage.,A fire hydrant is standing on the sidewalk. The hydrant has an orange base and red top. The hydrant is casting a shadow onto the sidewalk. The sidewalk is made of concrete squares. There is a manhole next to the hydrant that is dark gray and metal. On the road there is a white carriage with large wheels.,2.9478226460068856e-156,0.3333333294924555,0.890023946762085,0.08395522388059702
900,A clock tower is lit up in the dark.,"In a dark sepia color photograph the top half of a large, very tall clock tower is shown. The tower appears to be at least a few centuries old and could be the Big Ben clock tower in London. The time shown on the clock is eight o'clock, and  the clock face is on two sides of the tower. The tower tapers off high into the sky. Above the clock face are poles and a gable decorated, and in a deep ivory color.",1.2312967513958381e-81,0.1666666641166667,0.8554854393005371,0.03968253968253968
901,A yellow double-decker bus with the word love on the side is in the middle of a busy street with other vehicles.,A bus is in the street that is red and yellow. The bus has the words LOVE written on it in red letters. There are street lights that are visible. The cars are black beneath the bus. There is also a double decker bus to the left of the bus that is red. There are windows on both buses. There is a red building with letters on it in white.,3.111138380849003e-79,0.2807017499415205,0.876801609992981,0.1287639288844372
902,Group of men posing on ski lift.,"A group of seven people dressed in ski clothes are standing together with their arms draped around each other. They are on top of a snow covered mountain, and another mountain with snow on it can be seen in the background. All but one of the group is wearing ski shoes, and five are holding their ski poles. Part of a building with a white roof is in the background, as well as part of the poles and cables of a ski lift. Three of the group are wearing red jackets, one is wearing a green jacket, one  is wearing a blue jacket, and two are wearing black jackets.",3.891202828281711e-161,0.11428571248571429,0.8459550738334656,0.037651821862348174
903,A black and white photo of a bicycle parked on a cobblestone street with a wooden basket on the front.,A bike is sitting on a stone paved walkway. The bike has an orange wooden crate sitting on the front of it. A small pile of snow is in front of the bike on the walkway. A snow covered road can be seen below the walkway. Part of a vehicle is sitting near the walkway. There are tall buildings standing on the other side of the road. Vehicles are parked in front of the buildings.,4.92331283451094e-156,0.24137930620095127,0.8671703338623047,0.07194244604316546
904,A purple cityscape with a black fence in the background.,There are three umbrellas. The umbrellas are blue. The gate is purple. The umbrellas have points on them. There is a shadow on the gate. There is a white umbrella also. There is a grey umbrella. The ceiling is black. There is a shadow on the blue umbrella. There are objects on the floor that are made of wood.,9.072414022094348e-234,0.21052631191135737,0.8521689176559448,0.027726432532347505
905,A man is holding a frisbee on the beach.,"On a beach with grey sand several people are walking about, and some are standing in the waves by the shore. One man is getting ready to throw a white Frisbee. He is wearing grey long swim trunks. Behind him a woman sits in a beach chair set low to the sand. The water is mild, with only a few small waves rolling into the shore. The day is sunny and the sky is a medium blue.",3.788942407111438e-158,0.12903225558272635,0.8762659430503845,0.04985754985754985
906,A young girl with a helmet is skateboarding in a skate park.,"A young boy, dressed in knee-high shorts and a red-striped white short-sleeved shirt, zooms around the skateboard apparatus.  He is smart, as he has on both a helmet and white knee protectors.  He wears gloves, to protect his hands, and simple shoes.  He seems to be alone, though in the distance he can see an open concrete lot and beyond that a parking lot and some cars.",8.700503106805803e-157,0.15624999715332036,0.8653209805488586,0.08650914634146341
907,A collage of cows and horses eating hay with a white horse in the bottom right corner.,"A horse and cattle eat from the same hay bale.  The animals have torn the bale apart exposing the yellow fibers, which they eat in small amounts at one time.  The horse is rust colored.  The cattle are black with a couple rust colored as well.  Some of the cattle have small flecks of snow and dirt on their backs.  Snow covers the ground in the background.  A fence stretches across the snow covered ground.",2.495384830414655e-156,0.2608695615038858,0.8531380295753479,0.07947976878612716
908,A brown cow with large horns is grazing in a green field. In the background are tall green mountains.,An animal is laying down. The animal is brown. There are trees on the mountains that are green. The trees are tall. The mountains are tall with grass on them. The animal has horns on its head. The clouds in the sky are white. There are clouds near the mountains. The animal has a large bone in his back.,7.513832626578064e-156,0.43137254445213385,0.8840028047561646,0.09999999999999999
909,Zebra standing in a zoo with water in front.,There is a bamboo fence next to a concrete are brick tan wall. There are plant growing out of the fence. The ground is made of compacted dirt. There is black and white zebra munching on leaves of the plants that are on the fence. Directly behind the zebra there is small pond. there is small amount of water in the pond and there is greenery growing in the pond. The zebras reflection can be seen in the pond.,3.033947902871769e-158,0.07547169555001788,0.8476631045341492,0.034722222222222224
910,A baseball player is swinging his bat.,"This photo is taken on a baseball field. The field has a white marking painted on it.  A baseball player is swinging a bat towards a white ball that is soaring towards him. He is wearing a black helmet and a black, yellow and white uniform.  People can be seen sitting in the stands behind the player.",0.00048598408567677255,0.2553191464010865,0.8740249276161194,0.07153846153846152
911,"A large, red brick building with a green clock tower is in the background. The building has many windows and statues on the front. The sky is blue with some clouds.",The clouds in the sky are white. The sky is blue. The building is brown. Part of the building is really tall. There are windows on the brown building. There is a tall light pole in the image. There are vans parked that are white near the building. There is a clock on the building. The windows are clear on the building.,1.0141352987100519e-78,0.40740740241426615,0.8882240653038025,0.1358234295415959
912,"A bus is driving under a red archway that says ""UC DAVIS TOWNE CENT"".","The street runs directly beneath the red-and-yellow arch with the ""towne center"" sign at its apex.  A shopping center is far in the distance behind the sign, and between the sign and the buildings is a vast, mostly empty parking lot.  More cars are visible toward the buildings, whereas there are very few in the proximity of the arch/sign.  Just before the red arch is a street sign that says ""end of city street"".  A sidewalk follows the road on its right, and just a few plants hint at a larger bit of decoration that's mostly unseen.  The road is appropriately painted with direction paint - yellow lane lines and brake-here marks on the road that goes off to the left from the arch.",2.459678782803014e-158,0.10416666417534728,0.8236848711967468,0.042441755463247244
913,A bag of equipment is on a table.,This is an image of a table. The table has many items on top. The items are strewn throughout the table. The table is covered in a white cloth. There is a tiny pair of scissors on the table. The scissors are metal and silver. The equipment looks to be medical equipment. There is a shoulder bag that is black on the table.,9.164845664674875e-158,0.31111110818765436,0.8725830316543579,0.06956521739130435
914,A man and woman are sitting on a couch in a living room. The man is wearing a green shirt with a mushroom on it. The woman is wearing a pink shirt. They are both holding controllers.,"Three people are sitting in a room. A man wearing a green t-shirt is looking to his right. He is wearing glasses. On the dresser behind him is a flower arrangement. To the right of that is a guitar case leaning against the wall.  A woman with long brown hair, a pink shirt and blue jeans is sitting next to the man. She is holding a toy wheel, perhaps from a video game, in her hands. The man sitting next to her on her left is holding a finger to his ear. A photo collage is on the wall.",5.908431092336699e-79,0.39080459360549613,0.8752192258834839,0.16104666288255048
915,A young boy is reading a newspaper while eating a waffle.,A man with black hair is wearing a white shirt and a red tie is eating a waffle with his hand and reading the weekday funny paper of a newspaper. The man is sitting on a wooden chair that has checkered wooden slats on the back. There is a round white and blue plate on the white tablecloth on the table. Their is a window at the end of the table showing a deck outside.,2.1431748226100682e-157,0.17543859359803018,0.8654746413230896,0.043731778425655975
916,A black cat is sitting on a wooden desk in front of a laptop. The laptop is open and displaying a blue screen with a white letter X in the top left corner. There is a speaker next to the laptop. There is a small white cup on the desk. There is a small white bottle on the desk. There is a small white box on the desk. There are black squares all over the image.,A black cat is on the brown desk. The cat is on the border of the desk. A glass with black drink is on back the cat. Behind the cat there is a  laptop open with a blue screen. on the screen of the laptop there is icons color white on the right. Next to the wall there is a black box and a tan horizontal box.,0.07328175854474664,0.4657534197035091,0.8901479244232178,0.35139043344387344
917,Two zebras grazing in a dry grassy field with trees in the background.,Some of the trees in the distance are have green leaves while most of the them do not have leaves and are brown. There is fence in the distance as well. The grass in the photo is brown and is low. There are two large black and white zebras standing in the brown grass field. The zebra closest tot the camera is grazing on the brown grass.,5.546380179422313e-80,0.23529411404844294,0.8722904920578003,0.056818181818181816
918,A man is flying a kite in a park.,"There is a large man wearing a gray tee shirt and khaki colored shorts standing barefoot on grass and holding a kite handle. The kite is blue and white and is off the ground about a foot and a half. There is a lamppost along side a path behind the man, and lush trees growing behind that. In the distance, there is a building behind the trees and two cars parked along side the street in front of the building.",3.004526171710958e-158,0.172413790725327,0.861158549785614,0.048010973936899855
919,Cows grazing in a marsh with trees in the background.,Cattle are wading in a body of water. The cows are brown and white. One solid brown cow has large horns. There is a white cow on the bank drinking water alone. There is a small patch of land in the water near the cows that is covered in tall green grass. The water is calm except for a few ripples. There are trees past the cows with only a few brown leaves.,1.6552045209339804e-157,0.1481481453703704,0.8675731420516968,0.05247376311844077
920,A red double decker bus from the 1970's is parked on a field. The bus is from Henly's Tower.,Busses are parked on a grassy field. The bus in the foreground is a red double-decker with the number 229 on it. The back door is open but a white strip of material is across the opening blocking the entrance. To the right is white and red bus that has the name Chalkwell advertised on the back. Next to that is a mostly yellow double-decker.,3.805294038591399e-79,0.30508474180982476,0.8643172979354858,0.09933774834437087
921,A black fork and chopsticks on a white plate with a brown napkin and crumbs.,"A small, round, white plate is sitting on a light wood surface. Brown crumbs left over from a meal are scattered on the plate, and one chopstick sits on the edge of the plate. A black plastic fork is next to the chopstick, as well as some small torn pieces of paper. A used tea bag sits next to the fork.",4.160273877710227e-156,0.2807017508648815,0.8800613880157471,0.12176894672059084
922,"Three young baseball players in blue C.C. uniforms stand in front of a red sign with the word ""C"" on it.","This is a photo of three young boys wearing cubs uniforms, how unfortunate. They are ready to play a baseball game, as two of the boys are wearing baseball mitts and one of the boys is even wearing war paint. The boy in front looks very happy, which is to be expected when playing team sports. Go team.",9.203412493428806e-156,0.1874999957031251,0.858221709728241,0.1162523020257827
923,A woman is kissing a bear in a cage.,"There is a woman, in a brown jacket, with a fur collar on it. The woman has black hair with silver streaks in it. There is a big brown bear, in a cage. The woman is kissing the bear on his nose. The bear has fluffy brown hair and a black nose. The bear and the woman are in a building and there is snow on the ground outside. There are trees in the background.",4.763731405855182e-81,0.31111110818765436,0.8760389089584351,0.06578947368421052
924,A man is walking through a narrow river with a herd of cows.,This is a picture of a stream. The stream is murky green and brown dirty water. There are animals walking in the stream. The animals are cows. The cows are large. The cows are black. The cow in the front has long horns. The horns are sharp. The horns are gray. There are bright green lush and leafy plants along the side of the stream.,2.750314575854625e-233,0.2127659536441829,0.8707709312438965,0.05016722408026757
925,A black and white photo of a small plane with the word America on the side.,"This is a black and white photograph of a very old biplane taking off from a flat field. There is some sort of crop growing in the field, but it is indiscernable. The plane itself says ""America"" on its side. There is a star emblem on its tail as well as underneath the visible wing. The plane is only about 20 feet off the ground.",1.7559201045672432e-79,0.2857142820861678,0.8961538076400757,0.15754991680532449
926,A cityscape is seen through a window.,There are three trains in the image. The buildings are short and some are tall. The clouds in the sky are white. There are tall poles near the train. The trains are on the train tracks. The train is red and white. There are windows on the trains. There is a bridge above the trains. There is a fence along the bridge.,5.154392970917045e-235,0.11111110797839514,0.8395652770996094,0.02654867256637168
927,"A large flock of sheep is being herded through a rural area. The sheep are walking on a dirt road, and the herder is standing in the middle of the road. The herder is wearing a long-sleeved shirt and a hat. The sheep are white and fluffy, and they are walking close together. The road is bordered by a wooden fence, and there is a field of tall grass behind the fence. The field is mostly brown, but there are some green patches of grass. There is a small hill in the background, and there are some trees on the hill. The sky is blue, and there are some clouds in the sky.","A flock of white sheep are grazing on both green and brown grass, in a pasture. A rooster is behind the flock, standing in a narrow dirt road. Some of the sheep are also in the road. The dirt road curves around and then straightens out to the left, going all the through to into the background. A few sheep are lying on the green grass, next to a wire mesh fence, and a planted field of green vegetables are behind the grazing sheep.",1.7249805342525332e-78,0.3738317707363089,0.8817911148071289,0.27617951668584584
928,"A beach scene with a hot air balloon in the foreground. The balloon is multicolored, with red, green, yellow, and blue sections. The balloon is being held by two people, one of whom is wearing a black jacket and the other is wearing a blue jacket. The people are standing on the beach, which is covered in sand. In the background, there is a body of water, which is likely the ocean. There are also some hills in the background, which are covered in green vegetation. The sky is blue and there are some clouds in the sky.","Two people stand on the sand holding a big C-kite. The C-kite is color red, orange and green. The men wears black clothes. Shadows are cast on the ground. There are foot prints are on the sand. On front the men there is a body of water. Next to the body there are three people. Behind the body of water there are small hills.",0.06068811780096327,0.35789473196675897,0.8764069080352783,0.2791751669139466
