filename,caption
test_1.jpg,"A large modern building with a flat roof and a lot of glass windows is in the background. There is a street in front of the building with a white car, a black car, and a motorcycle parked. There are several people walking on the sidewalk in front of the building. There is a street light in front of the building."
test_2.jpg,A skier in a yellow jacket is jumping over a snowy hill.
test_3.jpg,Bedroom with sliding glass door.
test_4.jpg,A steam locomotive is pulling a passenger car through a train yard.
test_5.jpg,"A yellow and white bus with the number 1224 on the front. The bus is parked in front of a strip mall with a sign that says ""Preferred One"" on the back."
test_6.jpg,A sheep house with sheep grazing in front of it.
test_7.jpg,Man holding white wii remote in his hands.
test_8.jpg,"Two cyclists are riding on a bike lane next to a green fire hydrant. In the background, there are several cars driving on the street."
test_9.jpg,Three cell phones and a knife are on a table.
test_10.jpg,Black top hat on mannequin head next to a clock.
test_11.jpg,A yellow and white train is at a train station.
test_12.jpg,A man is sitting on an elephant in a river.
test_13.jpg,"A plate of food with a fork and a glass of water. The plate has a tomato, broccoli, green beans, and mashed potatoes."
test_14.jpg,A white cow with black horns is standing in a green field.
test_15.jpg,A person is skateboarding down a sidewalk with a dog on a leash.
test_16.jpg,Blue portable toilets are lined up in front of a railroad track. In the background are two trains and some trees.
test_17.jpg,A small bathroom with a frosted glass door.
test_18.jpg,Surfer riding a wave in the ocean.
test_19.jpg,A pizza sits on a pizza stone on top of a stove.
test_20.jpg,A red fire hydrant in front of three closed storage units.
test_21.jpg,A group of six red planes fly across the sky.
test_22.jpg,A large white and blue airplane is landing at an airport. The plane is in the foreground and the airport is in the background. The plane is landing on the runway and the airport is surrounded by a fence.
test_23.jpg,A blonde girl in blue jean shorts and green shirt is surfing on a blue inflatable wave.
test_24.jpg,A man is jumping in the air to catch a frisbee.
test_25.jpg,Tennis player in blue shirt and shorts is hitting a tennis ball with racquet.
test_26.jpg,"A vase of flowers sits on a table outside. The flowers are orange, yellow, and red. There are also some berries and leaves. The background is a wooden fence and a house."
test_27.jpg,"Long, thin kite with red and yellow colors flying in blue sky over sandy beach. Person in wetsuit is walking on beach."
test_28.jpg,"A bowl of food that includes rice, broccoli, and ground beef."
test_29.jpg,"A stop sign is mounted on a post. The top of the sign is a standard stop sign. Below the standard stop sign is a sign that says ""STOP"" in Russian."
test_30.jpg,A tennis player is holding his racket and looks upset.
test_31.jpg,Sailboats are docked in a harbor near a rocky shore.
test_32.jpg,A man is flying a kite in a park.
test_33.jpg,Four sheep are standing on a grassy hilltop overlooking a lake.
test_34.jpg,"A Chevrolet pickup truck is parked in a parking lot. The truck is silver and has a black tonneau cover on the bed. The license plate is from Texas and says ""238N414""."
test_35.jpg,A yellow diamond shaped sign with the word bumps in black letters is in front of a street light. The street light is lit by four large round lights.
test_36.jpg,A close up of a banana peel with the stem of the banana in the foreground. In the background is a red double decker bus and a man walking.
test_37.jpg,People waiting to get on a lift at a ski resort.
test_38.jpg,A white cow is grazing in a field of dry grass.
test_39.jpg,A woman in a blue dress walks along a road in the mountains.
test_40.jpg,A double decker bus is driving down a street.
test_41.jpg,"A sign on a wall that says ""Fish gives you brains, with brains you can make money, money can buy you more fish"" is on the wall."
test_42.jpg,Three men are bathing an elephant in a river.
test_43.jpg,A young man is playing frisbee in the rain.
test_44.jpg,A plane flies above a forest.
test_45.jpg,Skateboarder in mid air.
test_46.jpg,A seagull is flying over a body of water with several boats in the water.
test_47.jpg,A red and white tram is on the street in front of a building.
test_48.jpg,A bus is on the street in front of a building.
test_49.jpg,A boy with a foal walking in a dirt field. The boy is wearing a brown sweater and a blue jacket. The foal is brown and white. The boy is walking in front of the foal. The foal is walking next to the boy. The boy is smiling. The foal is looking at the boy. The boy is happy. The foal is happy. The boy is walking in a dirt field. The boy is walking in front of the foal. The foal is walking next to the boy. The boy is smiling. The foal is looking at the boy. The boy is happy. The foal is happy.
test_50.jpg,"A green sign with the number 710 on it is above a street sign that says ""downtown"" in white letters."
test_51.jpg,A vintage beige pickup truck is parked at a parking meter.
test_52.jpg,Man and dog are running on beach.
test_53.jpg,A round wooden table with several plates of food on it. There are two forks and two knives on the table. One plate has a piece of pie on it. Another plate has a salad on it. There are several bowls of food on the table.
test_54.jpg,A skateboarder is doing a trick in front of a crowd.
test_55.jpg,A variety of donuts and pastries are displayed on a long shelf in a bakery.
test_56.jpg,A sandwich and a bag of potato chips on a plate.
test_57.jpg,A three wheeled motorcycle is parked in a parking lot.
test_58.jpg,A man is riding a wave on a surfboard.
test_59.jpg,A parking meter is in front of a car.
test_60.jpg,Four bears are on a grassy hill.
test_61.jpg,Four blue jets are flying in formation. The jets are leaving white smoke trails behind them.
test_62.jpg,A black and white clock with the word Geneva on it.
test_63.jpg,"A plate of food that includes a grilled chicken breast on a bun, sweet potato fries, and a side of cranberry sauce."
test_64.jpg,"Three large teddy bears sit on benches around a table set with a pink tablecloth, a teapot, and a cake."
test_65.jpg,A knife is on a cutting board with some spices and a bunch of cinnamon sticks.
test_66.jpg,Two clocks on a steeple with a red roof.
test_67.jpg,A snowboarder is jumping over a rail in a ski resort.
test_68.jpg,A tennis player is hitting a ball on a grass court.
test_69.jpg,"Large, empty kitchen with stainless steel countertops and cabinets. There is a large window with white curtains. There is a large stove and oven. There is a trash can in the foreground. There is a chair in the background."
test_70.jpg,A stuffed animal is leaning against a window sill. The stuffed animal is tan and black and is holding a book in its paws. The book is green and has a woman's face on the cover.
test_71.jpg,Tennis player in white shirt and red shorts is about to hit the ball.
test_72.jpg,Three men are posing for a picture. The man on the left is holding a white Nintendo Wii remote. The man in the middle is holding a white Nintendo Wii remote. The man on the right is holding a white Wii remote.
test_73.jpg,A man in a wetsuit is holding a surfboard on a rocky pier.
test_74.jpg,A bathroom with a curved shower and a large vanity with a marble top.
test_75.jpg,A woman is walking down a city street with an umbrella.
test_76.jpg,A red and white bus is parked in front of a large green crane.
test_77.jpg,A toilet in a bathroom with a white seat and a white toilet bowl.
test_78.jpg,A person is feeding a pigeon on a sidewalk.
test_79.jpg,A toddler is sleeping on a mattress on the floor in a room with green walls.
test_80.jpg,A topiary of a bear sits in front of a house.
test_81.jpg,A young girl is standing on a snowy slope wearing a yellow life vest and a helmet.
test_82.jpg,A field of green grass and a pond with a few cows standing in it.
test_83.jpg,A hand is resting on a mouse pad in front of a laptop.
test_84.jpg,A yellow fire hydrant sits on a sidewalk in front of a brick building.
test_85.jpg,"Two giraffes stand next to each other in a zoo enclosure. The giraffe on the left has its head turned to the right, and the giraffe on the right has its head turned to the left. The giraffes are both tall and slender, with long necks and spotted coats. The background of the image is a green fence, and there are trees in the background."
test_86.jpg,Large pile of oranges sits in front of a yellow truck.
test_87.jpg,A black and white photo of a train with the number 32670 on the front.
test_88.jpg,Kitchen with red and white checkered tiles behind sink. There are lemons on the counter.
test_89.jpg,Man surfing on a wave.
test_90.jpg,Surfer riding a wave with a surfboard.
test_91.jpg,A man is flying a large orange balloon.
test_92.jpg,Microwave on sidewalk next to chain link fence.
test_93.jpg,"A blue car with a surfboard on the roof rack is parked in a parking lot. The car is parked in front of a building with a sign that says ""Quiznos Sub""."
test_94.jpg,A close up of a vintage typewriter with the letters WERTZUO on the front.
test_95.jpg,An empty boat ramp is surrounded by trees.
test_96.jpg,A yellow and gray train engine is sitting on a track.
test_97.jpg,A man sits on the beach with a surfboard and beer.
test_98.jpg,A man is driving a tan car with a dog in the front seat.
test_99.jpg,A green plate with a slice of quiche on it. The quiche has black olives and red and orange peppers on it. The quiche is on top of a pile of purple cabbage.
test_100.jpg,A pug dog wearing a red heart-patterned tie.
test_101.jpg,A small white and red airplane sits on the edge of a lake.
test_102.jpg,"A young woman is sitting on a stone bench with a small dog. The woman is wearing a black jacket and blue jeans. The dog is white and brown and is wearing a red collar. The woman is holding the dog's leash in her right hand and is petting the dog with her left hand. The dog is leaning against the woman's lap. The bench is made of stone and is located on a cobblestone street. In the background, there is a street light."
test_103.jpg,A tennis player is standing on a red court with a Wilson racquet in front of a large building.
test_104.jpg,A person is flying a kite in the sky.
test_105.jpg,A man is riding a small train on a track next to a large yellow train.
test_106.jpg,Two blue plastic containers with food. One container has a clear plastic container with shredded coconut next to it. The other container has sushi with broccoli and corn.
test_107.jpg,A woman in a white tennis outfit is getting ready to hit the ball.
test_108.jpg,"A plate of pickled vegetables, including carrots and peppers."
test_109.jpg,Rusty bridge with a train going over it.
test_110.jpg,A man is sitting on a bench in front of a railroad track. He is wearing a hat and a vest. He is holding a small object in his hand. There is a suitcase on the bench next to him. There are trees in the background.
test_111.jpg,A man with his face painted white and red is holding an umbrella over his head and talking on a cell phone.
test_112.jpg,"A freight train is traveling through a rural area. The train is made up of a series of cars, each of which is loaded with a different type of cargo. The train is traveling on a track that is surrounded by trees and fields. The train is moving slowly, and the driver is looking out the window. The train is carrying a large amount of cargo, and it is moving slowly. The train is traveling through a rural area, and the countryside is visible in the background. The train is moving slowly, and the driver is looking out the window. The train is carrying a large amount of cargo, and it is moving slowly. The train is traveling through a rural area, and the countryside is visible in the background."
test_113.jpg,A blue bench sits in a park at night.
test_114.jpg,A baseball player is swinging his bat at a baseball.
test_115.jpg,"A blue-jacketed snowboarder is jumping over a rail in the snow. In the background, there are snow-covered mountains and a blue sky."
test_116.jpg,Two women playing tennis on a blue court with a blue wall in the background.
test_117.jpg,Tennis court with people playing tennis.
test_118.jpg,"A messy bedroom with a bed, desk, and bookshelves."
test_119.jpg,Elephants are on a riverbank.
test_120.jpg,Skateboarder jumps over ramp in front of palm trees.
test_121.jpg,A woman is on the phone in a black jacket and blue shirt. She is walking on a cobblestone street.
test_122.jpg,A large orange lifeboat is being lifted out of the water by a large ship.
test_123.jpg,A man is holding a knife and fork in front of him. He is sitting at a table with plates of food on it.
test_124.jpg,A black and white photo of a parking meter on the sidewalk in front of a street.
test_125.jpg,A plane flies over a park with cherry blossoms.
test_126.jpg,An aerial view of a city from the window of an airplane.
test_127.jpg,"A plate of food with a hot dog, baked beans, and a carton of juice."
test_128.jpg,A group of people are standing on a beach with a camel.
test_129.jpg,A tall giraffe stands in a grassy field. The giraffe is looking at the camera. The background is a blur of green trees and bushes. The giraffe is tan and brown with a long neck. The giraffe is standing in a tall green field. The grass is dry and yellow. The giraffe is standing in a tall green field. The giraffe is standing in a tall green field. The giraffe is standing in a tall green field. The giraffe is standing in a tall green field. The giraffe is standing in a tall green field. The giraffe is standing in a tall green field. The giraffe is standing in a tall green field. The giraffe is standing in a tall green field. The giraffe is standing in a tall green field. The giraffe is standing in a tall green field. The giraffe is standing in a tall green field. The giraffe is standing in a tall green field. The giraffe is standing in a tall green field. The giraffe is standing in a tall green field. The giraffe is standing
test_130.jpg,"A small building with a sign that says ""No Parking"" is covered in umbrellas, signs, and other items."
test_131.jpg,A skier is jumping off a snowy hill.
test_132.jpg,A man is waiting at a train station with a bicycle. A train is stopped at the station.
test_133.jpg,A person is using a computer mouse on a wooden desk.
test_134.jpg,A ginger cat wearing a red and white Santa hat is sleeping on a blue pillow.
test_135.jpg,A chicken standing on straw.
test_136.jpg,A blue car with a surfboard on top of it is parked in a garden.
test_137.jpg,A couple cutting a three tiered white cake decorated with purple roses.
test_138.jpg,"A plate of food that includes macaroni and cheese, broccoli, carrots, and peas."
test_139.jpg,Man playing tennis in stadium with ferris wheel in background.
test_140.jpg,The kitchen has wood cabinets and a wood countertop. There are several pots and pans on the stove. There is a bowl of vegetables on the countertop.
test_141.jpg,A young girl with blonde hair is holding a tennis racket and smiling.
test_142.jpg,Five people on beach holding surfboards.
test_143.jpg,Empty room with large window and refrigerator.
test_144.jpg,A group of chocolate and vanilla donuts are displayed on a pink surface.
test_145.jpg,A set of three containers with food and fruit.
test_146.jpg,Hughes 38 stands on the edge of the plate in a baseball uniform.
test_147.jpg,A man is snowboarding on a brick wall.
test_148.jpg,A stop sign is mounted on a yellow pole. The stop sign is red with white letters and a white circle with a red light in the middle. The sign is mounted on a yellow pole. There is a caution sign below the stop sign. The caution sign has a black border and a white background. There is a bicycle parked next to the pole. There are palm trees in the background.
test_149.jpg,"Three elephants, one of which is a baby elephant, are standing in a pen. The baby elephant is standing in front of the other two elephants and has its trunk raised in the air. The other two elephants are standing behind the baby elephant. The background of the image is a forest."
test_150.jpg,A black cat is laying on top of a laptop.
test_151.jpg,Two women are sitting on a bench in a busy airport. One woman is wearing a white shirt with polka dots and the other is wearing a striped shirt with denim shorts. The woman in the polka dot shirt is holding a red suitcase and the woman in the striped shirt is holding a black suitcase. A little boy is standing in front of the red suitcase.
test_152.jpg,A man stands in front of a large building with a North Korean flag on top.
test_153.jpg,In the front of the picture there is a green grassy hill with a blue and white house on top of it. There is a fire hydrant on the side of the hill. In the background there are some trees and bushes.
test_154.jpg,A large stone building with two clocks on the top of it.
test_155.jpg,"A table full of food with a blue tablecloth. There are 3 trays of food on the table. One tray has carrots and celery, another tray has cheese and crackers, and the third tray has soup. There are also bowls of fruit and vegetables on the table."
test_156.jpg,A man and a child blow out the candles on a birthday cake.
test_157.jpg,Zebra standing in tall grass in front of a forest.
test_158.jpg,"A baseball game is underway. The batter is Ross, number 12. The pitcher is wearing a white uniform with a blue cap. The catcher is wearing a black uniform. The umpire is standing behind the batter. The pitcher is in mid-windup. The batter is in the batter's box. The catcher is standing behind the batter. The umpire is standing behind the catcher. The pitcher is looking at the batter. The batter is looking at the pitcher. The catcher is looking at the pitcher. The umpire is looking at the pitcher."
test_159.jpg,A line of fire trucks with the one in the front having a ladder on top.
test_160.jpg,A laptop computer is open to a website called Standards Next.
test_161.jpg,A ceramic duck toothbrush holder holds four toothbrushes.
test_162.jpg,Man feeding giraffe at zoo.
test_163.jpg,A clock that says 'Orioles' on top of it.
test_164.jpg,A man is skateboarding in mid air.
test_165.jpg,A girl sits on a brick wall in front of a tree.
test_166.jpg,A man in an orange jacket is walking down the sidewalk next to a man in a blue shirt.
test_167.jpg,A United Express plane is on the runway.
test_168.jpg,A tall clock tower stands in a town square.
test_169.jpg,Two signs hang outside a pub. One sign points to Sandridge JMI School and the other to HOSDB.
test_170.jpg,"A bus station with a sign in the middle of the building that says ""Bus Stand Mukenian"" in both English and another language."
test_171.jpg,A close up of a black bear.
test_172.jpg,A woman in a pink Ford shirt and shorts is running in the water carrying a surfboard.
test_173.jpg,A little girl in a red hoodie walks down a narrow alleyway between two rows of school buses.
test_174.jpg,A cake decorated to look like a field with the year 2013 on top. The cake is surrounded by other cakes and cookies.
test_175.jpg,A market with a man in a blue and white striped shirt walking in front of it.
test_176.jpg,A group of people are sitting at a table having breakfast.
test_177.jpg,A sign on a brick building that says Playhouse Yard EC4.
test_178.jpg,Six men posing for a picture at an amusement park.
test_179.jpg,A woman is lying on her stomach on a red surface. She has a small brown bear sitting in front of her. The bear is holding a wooden sign with the apple logo on it. The woman is smiling and has her chin resting on her crossed arms.
test_180.jpg,Crowds of people are gathered on beach with surfboards and other equipment.
test_181.jpg,A handsome young man stands on a blue and red oriental rug in front of a green couch. He is wearing a black suit with a blue vest and tie. The couch is covered in red pillows. There is a coffee table in front of the couch with a book and some other objects on it. There is a painting on the wall behind the couch depicting cherry blossoms.
test_182.jpg,A red fire hydrant sits in a grassy field next to a wooden fence.
test_183.jpg,The inside of a train car with two sinks and two toilet stalls.
test_184.jpg,"Office cubicle with a computer, keyboard, mouse, and other office supplies."
test_185.jpg,A double decker bus with First on the front and a sign on the side that says Sorry Not In Service.
test_186.jpg,Large rocks with painted words and symbols on them. The word stop is painted in red and white on one of the rocks. The word kchemon is painted in red on another rock.
test_187.jpg,A large building with a brick and checkered facade has a tall black clock with two faces on it.
test_188.jpg,Tennis player in white outfit playing tennis on blue court with IBM sign in the background.
test_189.jpg,Two dogs are running on the beach. One dog is brown and the other is black. The brown dog is running away from the black dog. The black dog is running towards the water. The water is blue and white. The sand is tan.
test_190.jpg,Two traffic lights hang on a wire between two houses.
test_191.jpg,A sandwich is on a table. The sandwich is wrapped in paper. There is a bottle of beer on the table. There is a man in the background.
test_192.jpg,"Bathroom with black and white checkered floor, shower curtain, and window with curtain."
test_193.jpg,A man and a child are skiing down a snowy slope.
test_194.jpg,"A kitchen with white cabinets and a white countertop. There is a toaster, a microwave, and a sink. There is a window above the sink."
test_195.jpg,A crowd of people are holding umbrellas in the rain.
test_196.jpg,A large black ship is docked in a harbor. The ship is named BRUNEL and is from Great Britain.
test_197.jpg,Several pieces of pottery sit on a white shelf in front of a white brick wall.
test_198.jpg,A long line of people on horseback ride along the beach. The horses are all saddled and the riders are wearing casual clothes. The sun is setting and the sky is clear. The beach is sandy and there are footprints in the sand.
test_199.jpg,A copy of the Embroidery Stitches book is on top of a copy of the Complete Guide to Embroidery Stitches book.
test_200.jpg,A cat is sitting in a white sink.
test_201.jpg,The interior of a cathedral is very tall and narrow. The walls are made of stone and the ceiling is made of wood. There are many windows and chandeliers. There are pews for people to sit in.
test_202.jpg,A group of cows are standing in a green field. The cows are mostly black and white. There are a few cows that are brown. The cows are standing in a group. The cows are looking at the camera. The cows are standing in a field. The field is green. The cows are standing in a field. The cows are standing in a field. The cows are standing in a field. The cows are standing in a field. The cows are standing in a field. The cows are standing in a field. The cows are standing in a field. The cows are standing in a field. The cows are standing in a field. The cows are standing in a field. The cows are standing in a field. The cows are standing in a field. The cows are standing in a field. The cows are standing in a field. The cows are standing in a field. The cows are standing in a field. The cows are standing in a field. The cows are standing in a field
test_203.jpg,A red stop sign with the word PARE on it.
test_204.jpg,Man in white shirt and black shorts catching a frisbee.
test_205.jpg,Man holding umbrella with floral pattern.
test_206.jpg,A woman is sitting at a table in a restaurant. She is wearing glasses and a black jacket. She is holding a cell phone in her right hand. There is a cup of coffee on the table in front of her.
test_207.jpg,"A bathroom with a window, a mirror, a toilet, and a bathtub."
test_208.jpg,A gold and black circular clock with Roman numerals sits on a dark surface.
test_209.jpg,Three cows are grazing in a green field.
test_210.jpg,A long gray train with red advertising for Ringling Bros. and Barnum & Bailey is parked on a track in front of a sign that says Moline.
test_211.jpg,A dog is next to a laptop.
test_212.jpg,A yellow double decker bus with the word Trotters on the side.
test_213.jpg,A black and white picture of a man holding a red umbrella.
test_214.jpg,A tree with a bench under it.
test_215.jpg,A baseball player is standing on the field with his batting stance. He is wearing a blue and white uniform with the number 11 on the front.
test_216.jpg,Bathroom with two sinks and a mirror.
test_217.jpg,"A narrow street with a red triangle sign on the left. The sign has a picture of two people walking with a child in front of them. The sign is on a metal post. The street is lined with tall buildings. The buildings are made of red brick and have many windows. The street is made of red bricks. There is a car parked on the street. The car is black. There is a bicycle parked on the street. The bicycle is black. There is a sign on the building on the right. The sign is white with black letters. The sign says ""US 58 729""."
test_218.jpg,A market with a variety of produce and meat.
test_219.jpg,Surfer sits on surfboard in ocean.
test_220.jpg,"A red truck is parked on a city street. The truck is parked on the side of the street. The truck is white and red. The truck has graffiti on the side. The graffiti is colorful. The graffiti says ""AIR""."
test_221.jpg,A group of people are sitting at a table playing video games.
test_222.jpg,A man in a yellow raincoat is walking down the street. He has a blue umbrella and is holding it on his head. He is wearing a yellow raincoat and has his hands in his pockets. He is walking in the rain. There are other people walking in the background.
test_223.jpg,Man holding up surfboard on beach.
test_224.jpg,Breakfast is served on a table with a red wall in the background.
test_225.jpg,A black cat is sprawled out on a desk in front of a computer.
test_226.jpg,"A living room with a couch, fireplace, and sliding glass door."
test_227.jpg,A silhouette of a military cargo plane is flying in the sky.
test_228.jpg,A blue train is crossing a bridge over a river.
test_229.jpg,A baseball player wearing a white uniform with the word SPARTANS on the front is throwing the ball.
test_230.jpg,a book is on a bed.
test_231.jpg,Three elephants are walking through a river.
test_232.jpg,A bottle of BREWERS Special Reserve sits on a table next to a glass of the same beverage.
test_233.jpg,Three zebras with striped patterns are standing in a tall grass field.
test_234.jpg,Three zebras grazing in a grassy field with a mountain in the background.
test_235.jpg,A pink bottle of hand soap sits on a white sink.
test_236.jpg,A group of people are playing frisbee in a park.
test_237.jpg,Four people are playing frisbee in a field.
test_238.jpg,A tennis court with a man in a blue shirt holding a tennis racket. There are people sitting in the stands watching.
test_239.jpg,"The image depicts a scene of an elephant-back safari tour, likely in a jungle or forest area. The primary focus of the image is on the elephants and the people riding them. The elephants are arranged in a line, with each one being ridden by a person. The riders are dressed in casual attire, suggesting a leisurely or adventurous outing.

The elephants are large, with thick, gray skin and long trunks. They are walking on a dirt path, surrounded by tall grass and shrubs. The background of the image shows a mountainous landscape with a few houses or buildings visible. The sky is clear, with a few clouds dotting the horizon.

The riders are positioned on the elephants' backs, holding onto the elephants' necks and reins. They appear to be enjoying the ride, as they are smiling and appear relaxed. The elephants are also moving at a leisurely pace, suggesting that the tour is not overly strenuous.

The image captures a moment of"
test_240.jpg,Two men are sitting in a boat full of bananas and other fruits.
test_241.jpg,"A sign on a street pole that says ""Have you paid?"" is in front of a row of parked cars."
test_242.jpg,A small bird with a red breast and a yellow belly stands on a stone wall.
test_243.jpg,"A messy table with a coffee pot, cups, plates, and food."
test_244.jpg,An elephant is walking down a dirt road in a forest.
test_245.jpg,A man is eating a hot dog with chili and gravy on a plate.
test_246.jpg,A cat is sitting in a bathtub looking at a small round mirror.
test_247.jpg,A cat is sniffing a cup that says Tim Tam on it.
test_248.jpg,Skier in red hat and sunglasses is skiing down a snowy slope.
test_249.jpg,A man in ski gear is walking down a snowy hill.
test_250.jpg,A giraffe sticking its head out of a hole in the ground.
test_251.jpg,Big Ben is a famous clock tower in London.
test_252.jpg,Laptop on bed with curtain above it.
test_253.jpg,A skateboarder is jumping over a ramp.
test_254.jpg,A group of snowboarders are riding down a snowy hill.
test_255.jpg,A man is cutting a cake that says Happy Birthday on it.
test_256.jpg,A black steam locomotive with the number 99 7237-3 on the front.
test_257.jpg,A kitchen with unfinished cabinets and a dishwasher.
test_258.jpg,A little boy is sitting on a parking meter in a parking lot.
test_259.jpg,"A black BMW motorcycle is parked in a parking lot. The motorcycle is parked in the foreground of the image. The motorcycle is black and has two wheels. The motorcycle is parked in a parking lot. The parking lot is paved and has a few other cars parked in it. The parking lot is surrounded by trees. In the background of the image, there is a building. The building is made of brick and has a few cars parked in front of it."
test_260.jpg,A large white and gold wedding cake is on a table covered with a gold tablecloth. The cake is decorated with red and yellow flowers and has several bows on it. There are red rose petals scattered on the table.
test_261.jpg,"A woman is walking on the sidewalk next to a red fire hydrant. She is wearing a gray skirt, green shoes, and a black purse. She is looking at her phone. There is a gray car parked behind her."
test_262.jpg,A yellow taxi cab is parked in front of a Sav-On Flooring store.
test_263.jpg,Surfer riding a wave in a rough sea.
test_264.jpg,A baseball batter swings and misses at a pitch. The catcher and umpire are standing behind the batter. The pitcher is standing on the mound. The umpire is wearing a blue shirt. The catcher is wearing a red helmet and chest protector. The batter is wearing a white helmet and white jersey. The pitcher is wearing a red and white uniform. The pitcher is standing on the mound. The catcher is standing behind the batter. The umpire is standing behind the batter. The batter is swinging his bat. The pitcher is throwing the ball. The catcher is catching the ball. The umpire is watching the play.
test_265.jpg,"A plate of vegetables and dip includes carrots, broccoli, and celery sticks."
test_266.jpg,A group of people are skiing down a snowy hill.
test_267.jpg,A tabby cat is sitting on top of a toilet seat. A tabby cat is sitting on the toilet seat. A tabby cat is sitting on top of the toilet seat.
test_268.jpg,An Airbus A380 flies over a runway.
test_269.jpg,Two people are skiing down a snowy hill.
test_270.jpg,A boat with a wooden bench seat is on a lake. The boat is red and green. There is a flag on the front of the boat. There is a bridge in the background. There are people on the bridge. There are trees and grass in the background.
test_271.jpg,A man is throwing a yellow frisbee in a field.
test_272.jpg,Graffiti on a train car.
test_273.jpg,Two women playing tennis on a grass court.
test_274.jpg,A man is watching a video of a woman on his laptop.
test_275.jpg,A group of people posing for a picture on a tennis court.
test_276.jpg,Three seagulls are perched on a wooden railing. A green plastic chair is sitting on the ground next to them.
test_277.jpg,A red bike is locked to a bike rack in front of a bus.
test_278.jpg,A blue bird sits on the side mirror of a black car.
test_279.jpg,A long driveway leads to a large red barn. The barn has a large white door and a smaller white door. The barn is surrounded by a wooden fence. There are trees and a green field in the background.
test_280.jpg,A bench sits in front of a large body of water. The bench is dark red and is made of wood. The water is blue and is very calm. The sky is blue and is clear.
test_281.jpg,Two trains sit at a station.
test_282.jpg,Man throws frisbee in front of brick wall.
test_283.jpg,Bicycles are parked outside a brick building with a sign that says Copper Alley Kite Club.
test_284.jpg,A person skiing down a snowy hill.
test_285.jpg,The street sign is for 13th street.
test_286.jpg,A man and woman are petting a bear.
test_287.jpg,A black and white photo of a baseball team.
test_288.jpg,Air canada jet landing with wheels down.
test_289.jpg,"A group of people dressed in period clothing pose for a photo in a large indoor train station. The group consists of four people, two men and two women. The men are dressed in black suits and top hats, while the women are dressed in long dresses and bonnets. The dresses are elaborately designed with lace and ribbon details. The background of the image shows a large black steam locomotive with a Welsh flag on the side. The locomotive is positioned in the center of the image, with the group standing in front of it. The floor of the train station is made of stone tiles, and the ceiling is made of metal beams. The image is well-lit, and the colors are vibrant."
test_290.jpg,A group of birds walking on the beach.
test_291.jpg,A red chili pepper hangs from a wire rack in a kitchen. The pepper is about 2 feet long and is hanging from a metal hook. The pepper is red and has a long stem. The pepper is hanging from a wire rack that is attached to the ceiling. The wire rack is white and is made of metal. The pepper is hanging from a metal hook that is attached to the wire rack. The wire rack is attached to the ceiling. The ceiling is white and is made of metal. The ceiling is attached to the wall. The wall is made of wood. The wall is painted white. The floor is made of wood. The floor is painted brown. There is a window in the kitchen. The window is made of glass. The window is open. There is a car parked outside the window. The car is black. There is a chair in the kitchen. The chair is made of wood. The chair is painted red. There is a pink plastic bucket in the kitchen. The
test_292.jpg,Two men are playing frisbee and one of them is wearing a blue jersey with the number 1 on it.
test_293.jpg,A gray and white cat is lying on top of a Samsung television.
test_294.jpg,A cowboy is riding a horse and roping a cow.
test_295.jpg,Four people on tricycles are posing for a photo on a beach.
test_296.jpg,A wooden table has several fruits and a bottle of water on it.
test_297.jpg,A girl is eating a macaroni and cheese pizza.
test_298.jpg,A bench sits in a field of red flowers in front of a double decker bus.
test_299.jpg,"A black and white photograph of a skateboarder in mid-air. The skateboarder is wearing a light-colored shirt and dark-colored pants. The skateboarder is in the air, with his arms outstretched. The skateboarder is on a skateboard. The skateboarder is in front of a sign that says ""ROSGIRARD."""
test_300.jpg,A red airplane is flying through the sky.
test_301.jpg,A man wearing a blue shirt and overalls is looking into a white refrigerator.
test_302.jpg,Two women are playing with a dog in the grass.
test_303.jpg,A small child is eating a slice of pizza.
test_304.jpg,Skateboarder in mid air.
test_305.jpg,A man is flying a kite on a beach.
test_306.jpg,A little girl is eating a piece of cake. She is wearing a hat.
test_307.jpg,A silver and red airplane sits on a grassy field.
test_308.jpg,A black truck parked in a parking lot.
test_309.jpg,Surfers riding waves in the ocean with a wooden post in the foreground.
test_310.jpg,"A man in a red and gold costume is standing in front of a brown bear. The man has his arms outstretched towards the bear, and the bear is rubbing its head against the man's arm. There are also two other bears in the background."
test_311.jpg,A red fire hydrant is surrounded by green bushes.
test_312.jpg,A wooden table is covered with a variety of food. There are two people sitting at the table. One person is holding a fork. There is a wine glass on the table. There is a pizza on a wooden cutting board. There is a bowl of fries. There is a salad. There is a jar of pickles.
test_313.jpg,Motorcycle riders are riding down the street.
test_314.jpg,A man is riding a motorcycle through a parade. He is wearing a helmet and an American flag is attached to the side of his motorcycle.
test_315.jpg,"A long, low, olive green and brown airplane with the letters DR on the side and a star and a circle with a line through it on the tail."
test_316.jpg,A man is working outside on a table.
test_317.jpg,Black and white photo of a small train with a large smokestack.
test_318.jpg,A dark office with a computer and a lamp on the desk.
test_319.jpg,A cow standing in a field behind a wooden fence.
test_320.jpg,A street sign that says Parson Street is in front of a building.
test_321.jpg,Two birds are standing on a sidewalk next to each other.
test_322.jpg,Two zebras are standing in a dry grassy field looking up at something.
test_323.jpg,A full size bed with a floral comforter and a blue scarf on it. There is a full length mirror standing next to it.
test_324.jpg,A red train is on the tracks at a station.
test_325.jpg,"A husky dog is sitting in the back seat of a vehicle, looking out the rear window. The dog is white and gray, with blue eyes. The vehicle is parked in a wooded area, with trees and shrubs visible in the background."
test_326.jpg,A man is sitting at a table outside of a restaurant eating a salad and pizza.
test_327.jpg,Man is giving birthday cake to woman.
test_328.jpg,A clear plastic bag of food sits on a white surface.
test_329.jpg,An unfinished bathroom with a bathtub.
test_330.jpg,Skateboarder in black pants and green socks rides on cement.
test_331.jpg,A polar bear in a pool of water with one paw raised.
test_332.jpg,A cyclist is riding down a country road and there is a flock of sheep following him.
test_333.jpg,Three children are standing in a grassy area in front of a house. The child on the left is holding a large red baseball bat. The child in the middle is holding a white and red striped volleyball. The child on the right is holding a baseball. The child in the middle is wearing a shirt that says “The John Edward”.
test_334.jpg,Woman sitting on wooden deck with brown top and white shorts looking at her phone.
test_335.jpg,An outdoor swimming pool is surrounded by a fence.
test_336.jpg,Stop sign in the middle of a construction site.
test_337.jpg,A room full of LMS brand refrigerators.
test_338.jpg,"Two children are standing on a snow-covered mountain. The girl is wearing a blue jacket and skis. The boy is standing next to her wearing a gray jacket and skis. In the background, there is a snow-covered mountain and a blue sky."
test_339.jpg,"The plane is flying in the sky. The plane is painted in camouflage colors. The plane has a large propeller on the front. The plane has a roundel on the side. The roundel is red, white, and blue."
test_340.jpg,Black and white cat looking up at the sky.
test_341.jpg,Many colorful kayaks floating in a lake on a rainy day.
test_342.jpg,A group of elephants drinking muddy water in a grassy field.
test_343.jpg,A man is holding a camera in front of his mirror reflection.
test_344.jpg,A woman is eating a hot dog while walking down the street.
test_345.jpg,A hot dog with a pickle on top.
test_346.jpg,A bathroom with a toilet and a blue bowl.
test_347.jpg,A man is riding a motorcycle down a street. He is wearing a red helmet. There are people standing on the side of the street watching him.
test_348.jpg,Skateboarder in mid air above ramp.
test_349.jpg,Man driving covered wagon with two horses.
test_350.jpg,A white cat is sitting on the roof of a white car.
test_351.jpg,A woman wearing a black hat with a bow on it and a beige coat talking on a cell phone.
test_352.jpg,"A woman standing on a subway platform is leaning against a blue column. She is wearing a brown jacket, black pants, and a black beanie. She has a scarf around her neck and is holding a phone. The subway car is in motion and is closing the shutter."
test_353.jpg,Elephant walking in zoo with giraffes and zebras in background.
test_354.jpg,A tall clock tower with four clocks on it.
test_355.jpg,A person skiing down a snowy hill.
test_356.jpg,A colorful quilt with a pattern of stars is on a bed.
test_357.jpg,A man in black ski gear is sitting on a snowy mountain.
test_358.jpg,A plate of waffles with butter and syrup next to a bottle of syrup.
test_359.jpg,A pedestrian crossing sign is next to a stop sign.
test_360.jpg,A snowy street with a red traffic light.
test_361.jpg,"A knife is on a cutting board with broccoli, red onions, and carrots."
test_362.jpg,A sheep is lying in a pen of hay and a person is petting it.
test_363.jpg,Two red and cream colored trams are on a track going up a mountain.
test_364.jpg,Man carrying a large red suitcase on his shoulder.
test_365.jpg,"Blender, refrigerator, microwave, toaster, coffee maker, water pitcher, and spices."
test_366.jpg,A couple of people are walking down a snowy path in snowshoes.
test_367.jpg,A woman wearing a blue dress and a tie around her neck is dancing at a party. A man is holding a bottle of beer above her head.
test_368.jpg,A church with a large tower and a red roof.
test_369.jpg,A row of benches made of wood and concrete sit on a brick sidewalk. The benches are painted in different colors. The one closest to the camera is painted red and white. The one behind it is painted white and red. The one behind that one is painted black and white. The one behind that one is painted white and red. The one behind that one is painted black and white. The one behind that one is painted white and red. The one behind that one is painted black and white. The one behind that one is painted white and red. The one behind that one is painted black and white. The one behind that one is painted white and red. The one behind that one is painted black and white. The one behind that one is painted white and red. The one behind that one is painted black and white. The one behind that one is painted white and red. The one behind that one is painted black and white. The one behind that one is painted white and red. The
test_370.jpg,"A bathroom with a toilet, sink, and shower."
test_371.jpg,A cup of tea on a saucer with a spoon and a small pitcher of cream next to it.
test_372.jpg,A black steam train is traveling through a forest.
test_373.jpg,A white bowl of yogurt with blueberries and milk.
test_374.jpg,A skier is going down a hill in the snow.
test_375.jpg,"A curved bench sits on a dirt area near a body of water. The bench is painted blue and has a unique design. The bench is curved and has a long, narrow shape. The bench is made of metal and has a light blue color. The bench is located on a dirt area near a body of water. The body of water is large and is surrounded by trees. There are several boats docked near the body of water. There are people walking on the shore near the body of water."
test_376.jpg,A keyboard with multiple cords and a mouse on a desk.
test_377.jpg,A kite flying in the sky above a building.
test_378.jpg,A blue bird is eating corn on a wooden post.
test_379.jpg,A pizza with cherry tomatoes and mozzarella cheese on a plate.
test_380.jpg,A couple is walking in the rain. The man is wearing an orange vest and the woman is wearing a gray sweater. The man is holding a clear umbrella and the woman is hugging him.
test_381.jpg,A girl is holding a teddy bear.
test_382.jpg,A steam locomotive is pulling a train of cars through a rural area.
test_383.jpg,A man is getting ready to shave in front of a mirror.
test_384.jpg,A dog is lying on the floor with a stuffed elephant on its head.
test_385.jpg,A man and a child are running out of the water carrying a blue surfboard.
test_386.jpg,"A traffic light with a sign above it that says ""Do Not Stop On Tracks"" is in the middle of a street."
test_387.jpg,Woman in white outfit playing tennis with man.
test_388.jpg,A black and white photo of a woman cooking in a kitchen.
test_389.jpg,A busy street in Vietnam with many people and many motorbikes parked along the side of the road.
test_390.jpg,A chicken sandwich on a white plate.
test_391.jpg,A man is playing tennis on a court. He is wearing a white shirt and white shorts. He is holding a tennis racket in his right hand and is about to hit the ball. The ball is in the air and is coming towards him. The man is looking at the ball. There are people watching him play. There are trees in the background.
test_392.jpg,A red and yellow train is traveling down a track through a green field.
test_393.jpg,A half-eaten salad sits on a white paper plate.
test_394.jpg,A hawk is perched on a black fence in front of a green field.
test_395.jpg,A grey fighter jet flies through the sky.
test_396.jpg,A man stands in front of a motorcycle with a plaque in his hand.
test_397.jpg,A man is riding a skateboard and doing a trick.
test_398.jpg,"A tall, gray concrete tower has two clocks on it."
test_399.jpg,A Stella Artois bottle and a pizza on a table.
test_400.jpg,A large osprey is perched on a tree branch eating a fish.
test_401.jpg,A row of boats with colorful seats and oars in a murky brown river.
test_402.jpg,A dog is jumping into a pool.
test_403.jpg,Small bathroom with shower curtain and various toiletries.
test_404.jpg,"Four men are sitting at a table in a restaurant. Three of the men have long beards. One man has a bald head. The man in the green shirt is talking to the man in the orange shirt. The man in the blue shirt is looking at the man in the green shirt. The man in the orange shirt is holding a phone. The man in the green shirt is holding a napkin. The man in the blue shirt is holding a glass. There are two glasses of beer on the table. There is a pizza on the table. There is a pitcher of water on the table. There is a bottle of wine on the table. There is a sign on the wall that says ""RESTROOM""."
test_405.jpg,A plate of spaghetti with meatballs and a bowl of carrots.
test_406.jpg,Red toilets with plants growing out of them.
test_407.jpg,A train is at a station.
test_408.jpg,A group of people are watching a kite flying in the sky.
test_409.jpg,"A bathroom with a toilet, sink, and paper towel dispenser. The floor is checkered tile, and the walls are tiled in white square tiles."
test_410.jpg,A red and yellow train is on the tracks. The train has the number 92015 on the front.
test_411.jpg,A man is standing on a skateboard in front of a sign that says army mom.
test_412.jpg,A cowboy is riding a horse on a road.
test_413.jpg,A man is standing in a bathroom next to a trash can.
test_414.jpg,A large orange truck is parked in a snowy driveway. The truck is covered in snow. There is a stop sign in front of the truck.
test_415.jpg,A computer monitor and laptop on a desk with a green leaf on the screen.
test_416.jpg,Three giraffes in a zoo enclosure. The giraffe on the left is eating hay from a hay net. The giraffe in the middle is eating hay from a hay net. The giraffe on the right is eating hay from a hay net.
test_417.jpg,Three people are drinking wine and one of them is holding a wine glass up to her face.
test_418.jpg,Skateboarder in mid air.
test_419.jpg,Two white plastic chairs sit in front of a door. A cat sits in front of the chairs. A blue ball sits in front of the cat. A green plant sits in front of the ball. A brown plant sits in front of the green plant. A white pot sits in front of the brown plant. A blue pot sits in front of the white pot. A green pot sits in front of the blue pot. A red pot sits in front of the green pot. A white chair sits in front of the red pot. A white chair sits in front of the blue pot. A white chair sits in front of the green pot. A white chair sits in front of the brown plant. A white chair sits in front of the green plant. A white chair sits in front of the red pot. A white chair sits in front of the blue pot. A white chair sits in front of the green pot. A white chair sits in front of the brown plant. A white chair sits in front
test_420.jpg,A red motorcycle is parked on the sidewalk next to a sign that says bus.
test_421.jpg,Surfer riding a wave.
test_422.jpg,A man is playing tennis on a court.
test_423.jpg,A window with a toy dog sitting on the ledge.
test_424.jpg,A blue and purple train is at a station.
test_425.jpg,A man wearing a straw hat and an orange and black tie with a tiger's face on it.
test_426.jpg,A small white boat with a blue interior is floating in the water. A seagull is perched on the edge of the boat. There are other boats in the background.
test_427.jpg,A skateboarder is jumping in the air while doing a trick.
test_428.jpg,"A man with a blue wig is walking through a busy airport terminal. He is wearing a colorful jacket and carrying a large suitcase that says ""QUATTRO"" on the side. The woman next to him is wearing a blue sweater and black skirt. She is also wearing a wig and carrying a purse. The background of the image is a busy airport terminal with people walking around and shopping."
test_429.jpg,A woman is walking on a golf course with a yellow flag in the background.
test_430.jpg,"A man wearing a blue bandana and a white t-shirt with the words ""World Skateboarding Championship"" on it stands on a skateboard in a park."
test_431.jpg,Four men are posing for a picture on a tennis court. The man on the left is wearing a red shirt that says Wilson on it. The man in the middle is wearing a blue shirt with a flag on it. The man on the right is wearing a white shirt. The man on the right is holding a tennis racket.
test_432.jpg,A blue and silver BMW motorcycle is parked on a stone driveway.
test_433.jpg,A small green and black train is on a track. There is a person standing near the tracks. There are buildings and trees in the background.
test_434.jpg,A toilet bowl with ice cubes in it.
test_435.jpg,"A young woman in a white dress is standing on the beach and smiling. In the background, there is a boat on the water."
test_436.jpg,A red fire hydrant is in the center of the image. The fire hydrant is on a sidewalk. There are leaves on the sidewalk. There is a shadow on the sidewalk. There is a tree behind the fire hydrant. There is a gas station in the background. There are cars parked in the background.
test_437.jpg,Four men are sitting around a table eating.
test_438.jpg,A bus is stopped at a stop sign. There are bikes parked on the sidewalk.
test_439.jpg,"A black and white photo shows a car with a sign on the front that says ""A1400 IS YOUR CAMERA LOADED""."
test_440.jpg,Laptop computer sits next to a display case with blue light shining from it.
test_441.jpg,A baseball catcher in a squatting position on the field.
test_442.jpg,A bathroom with a blue wall and a white sink.
test_443.jpg,A blue and red bicycle is sitting on the floor in front of a wall.
test_444.jpg,A blue colander with bananas and peaches sits on a table. The bananas are yellow and the peaches are orange.
test_445.jpg,A cat and dog are sitting in front of a window. The cat is sitting on a rocking chair and the dog is lying on the floor. The window has a metal grate in front of it.
test_446.jpg,Two people are playing frisbee in the snow.
test_447.jpg,A large elephant walking through a sandy area. The elephant is gray and has a large trunk. There are trees and bushes in the background.
test_448.jpg,Many people are gathered in a field to watch a large kite fly in the sky.
test_449.jpg,A snowy mountain with a ski lift.
test_450.jpg,Two men in white ski suits are standing on a snowy mountain.
test_451.jpg,A crowded street with a bus in the middle.
test_452.jpg,Three people are playing wii in a living room.
test_453.jpg,A skier stands on a snowy slope looking down at the ski lift.
test_454.jpg,A model train is on a curved track. There are other model trains and a small building on the track.
test_455.jpg,Two zebras in a pen.
test_456.jpg,A bus with the number 44 on the front.
test_457.jpg,A green clock with a white face is attached to the side of a building.
test_458.jpg,A zebra stands in a zoo enclosure.
test_459.jpg,A fisheye lens shot shows a bus with people standing and sitting.
test_460.jpg,A person snowboarding down a steep slope.
test_461.jpg,A man and woman are feeding a giraffe. The giraffe is sticking its head through a fence. The man is holding the giraffe's nose. The woman is watching. There are other people in the background.
test_462.jpg,A cat is sitting on a sink in a bathroom.
test_463.jpg,A black Ford pickup truck with a camper on the back.
test_464.jpg,Clock on a building with a blue face and gold hands.
test_465.jpg,"A pizza cut into 8 slices on a white plate. The pizza has spinach, red onions, olives, and cheese."
test_466.jpg,Large piles of oranges and apples sit in wooden crates at a market.
test_467.jpg,A man and a woman are posing for a picture. The man is wearing a tuxedo and the woman is wearing a black dress. The man has a smile on his face and the woman is smiling.
test_468.jpg,A baseball player stands on the field with a player from the opposing team in the background.
test_469.jpg,A tennis player is holding his head down and looks tired.
test_470.jpg,Three sheep are standing in a field.
test_471.jpg,A man is sitting at a table with a pizza on it. He is holding a glass of water and a shaker of salt. He is sprinkling salt on the pizza.
test_472.jpg,A red fire truck is parked on the street in front of a building.
test_473.jpg,The sky is orange and blue. The sun is setting. There are cars on the street.
test_474.jpg,A couple is riding their bicycles down a street with a 20 zone sign on the right.
test_475.jpg,Two sheep are standing on grass.
test_476.jpg,Two giraffes are standing in a grassy area. The giraffe on the left is taller than the one on the right. The taller giraffe has its head around the neck of the smaller one.
test_477.jpg,A green train with the number 60009 on the front.
test_478.jpg,A street sign for E. Main St. is in the foreground.
test_479.jpg,People on a dock with umbrellas.
test_480.jpg,"Bathroom with a toilet, sink, bathtub, and blue rug."
test_481.jpg,Orange cat looking into black bag with green light coming out of it.
test_482.jpg,Man surfing on a surfboard on a wave.
test_483.jpg,A blue plate with a smiley face made of oranges and a banana.
test_484.jpg,A tin can filled with pink and white flowers sits on a desk next to a phone and a calculator.
test_485.jpg,A BAJA AIR LONDON airplane is parked on the tarmac at an airport. The airplane is white with red and blue stripes and has the words BAJA AIR LONDON on the side.
test_486.jpg,"Bedroom with window, nightstand, dresser and cat."
test_487.jpg,A black and white photograph of a line of elephants with a man standing in front of them.
test_488.jpg,Two boys are standing on beach with ball in front of them. One boy has his arm around the other boy.
test_489.jpg,Two trains are in a museum.
test_490.jpg,A woman in a wedding dress and veil is holding a knife and pointing at a cake.
test_491.jpg,"A green scissor is on the left of the image. There are two pieces of wheat weaving on the table. One is a long piece and the other is a small piece. There is a sign that says ""Wheat Weaving"" on the table. There is another sign that says ""Please Do Not Touch!"""
test_492.jpg,A black bear is sitting on the ground in a forest.
test_493.jpg,A young woman in a red dress is skateboarding in a skate park.
test_494.jpg,A white truck is carrying a large number of people in the back.
test_495.jpg,Four zebras in tall green grass.
test_496.jpg,A gold clock is reflected in a glass window.
test_497.jpg,A snowboarder in bright green pants is riding down a snowy slope.
test_498.jpg,A skier is jumping in mid-air.
test_499.jpg,Three snowboarders jumping off a snowy hill.
test_500.jpg,A person is standing on skis in front of a sign that says Superstar.
test_501.jpg,White wii console on table with two white wii controllers.
test_502.jpg,Two laptops are on a table in front of a projector screen.
test_503.jpg,A man is riding a bull. The man is wearing a white shirt and shorts. The bull is walking. There is a tree behind the man.
test_504.jpg,Two fake dog statues sit next to each other in front of a green wall. Behind them is a stack of blue barrels and red fire extinguishers.
test_505.jpg,"A living room with a couch, chairs, and a table. There are people sitting on the couch and chairs."
test_506.jpg,A bathroom with a single sink and a toilet. The walls are tiled and the floor is carpeted.
test_507.jpg,Two black bears are walking on a stone platform in a zoo enclosure.
test_508.jpg,Two men in a car with skis in the back.
test_509.jpg,Baseball player's legs and feet rest on bench with brown leather baseball glove on it.
test_510.jpg,A giraffe is walking through the grass.
test_511.jpg,Skier stands on edge of ski slope looking out at vast snow-covered landscape.
test_512.jpg,"A street sign in front of a skyscraper that says ""Wall St"" on one side and ""Broadway"" on the other."
test_513.jpg,A baseball game is underway. The catcher is in a crouched position behind the batter. The pitcher is in the middle of his pitching motion. The batter is standing at the plate. The umpire is standing behind the catcher. The outfielder is standing in the outfield. The field is surrounded by a chain link fence.
test_514.jpg,Old wooden train car with a tower above it.
test_515.jpg,Two people in a snowy field with a snowman and frisbees.
test_516.jpg,Several platters of food are displayed on a buffet table.
test_517.jpg,A vintage photo of a woman sitting on a lifeguard chair with a purple umbrella.
test_518.jpg,A snowboarder is riding down a steep snow slope.
test_519.jpg,A woman is sitting on a white motorcycle wearing a helmet.
test_520.jpg,Kite in the air.
test_521.jpg,A man with a beard is making a hand gesture with his hands.
test_522.jpg,A bunch of bananas hanging from a tree.
test_523.jpg,A stop sign is on the corner of 7th and 2100 W.
test_524.jpg,Two children are sitting on a bed with an open laptop.
test_525.jpg,Zebra standing in a dirt area.
test_526.jpg,A baseball player is standing on the base.
test_527.jpg,Bedroom with plant on table and bed made.
test_528.jpg,"A man wearing a lanyard with the word ""MOTORS"" on it is looking at a Panasonic laptop while another man wearing a military uniform is looking at a Panasonic laptop."
test_529.jpg,A plane flies above the clouds.
test_530.jpg,A blue bus is parked in a field.
test_531.jpg,A cow with horns is standing in front of a group of other cows.
test_532.jpg,A dog is running in a dog park.
test_533.jpg,A calico cat is standing in front of an open refrigerator at night.
test_534.jpg,A bathroom with two sinks and a mirror in the middle.
test_535.jpg,Skateboarder in mid air jumping over a ramp.
test_536.jpg,A man surfing on a big wave.
test_537.jpg,Elephant standing in water with its trunk raised.
test_538.jpg,A yellow bus is pulling out of a bus stop. A group of people are getting on the bus. A man is standing in front of the bus. A car is parked next to the bus.
test_539.jpg,A black and white cat is sitting on a red rug in front of a door.
test_540.jpg,A giraffe stands in front of a rock wall.
test_541.jpg,"A bathroom with a toilet, sink, and a mirror."
test_542.jpg,Two elephants in a zoo enclosure.
test_543.jpg,"A large crowd of people are waiting on a platform at a train station. There are two sets of tracks, one on each side of the platform. The tracks are made of metal and are surrounded by concrete. The platform is made of concrete and has a yellow line painted on it. There are several people standing on the platform, some of whom are carrying bags or suitcases. There are also several people standing on the tracks, some of whom are walking or standing still. There are several trees and buildings in the background. The sky is hazy and there is a yellow tint to the image."
test_544.jpg,A small plane with the letters tfte on the side.
test_545.jpg,A knife is cutting up tomatoes next to a large broccoli.
test_546.jpg,"Bedroom with two windows, two chaise lounges, two chairs, table with teapot and cups, and several paintings on the walls."
test_547.jpg,A group of people are working in a dark room.
test_548.jpg,An open bedroom with a gold seal floor.
test_549.jpg,A teddy bear sits in front of a mural of a large wave crashing over a mountain.
test_550.jpg,"Two soccer players are shown in action. The player on the left is wearing a white jersey with the number 8 on the back. He is on the ground, and the player on the right is wearing a purple jersey. The player on the right is trying to kick the ball. The background is blurred, but it looks like there are people in the stands watching the game."
test_551.jpg,A baseball game is underway. The batter is swinging his bat. The catcher and umpire are standing behind the batter. The pitcher is standing on the mound. The batter is wearing a red and white uniform. The catcher is wearing a red and white uniform. The umpire is wearing a black and white uniform. The pitcher is wearing a red and white uniform. The stadium is empty.
test_552.jpg,Two cows grazing on a hillside.
test_553.jpg,A woman carrying a bunch of bananas on her head is walking down a dirt path.
test_554.jpg,A little girl is playing in the backyard.
test_555.jpg,"A comb, scissors, and a straight razor are on a black mesh mat."
test_556.jpg,A row of black and white cows are eating from a trough. In front of them is a cow with a yellow ear tag. Behind them is a green field and a large green tractor.
test_557.jpg,A group of men posing on the stairs of a building.
test_558.jpg,Man skiing down a snowy hill.
test_559.jpg,A boy is sleeping on a bed with a black cat.
test_560.jpg,A sign for Tomasino's Ristorante hangs from a building.
test_561.jpg,A messy office with a computer on the left and a computer on the right.
test_562.jpg,"A man in a red jacket and blue jeans is standing next to a black motorcycle on a dirt road. The motorcycle is parked on the side of the road, and the man is holding the handlebars. The man is wearing a helmet and gloves. The motorcycle has a license plate that says ""1109"". The background of the image is a hill covered with trees."
test_563.jpg,A train is traveling through a rural area.
test_564.jpg,A surfer rides a wave.
test_565.jpg,A woman riding a bicycle past a sign for Colonel Sanders' recipe.
test_566.jpg,"Three cyclists are riding down a city street. In the background is a large building with a sign that says ""Bramham Coach Station""."
test_567.jpg,Red truck with white trailer is driving down the road.
test_568.jpg,"A group of people are gathered outside of a building. The building is a tan brick building with a sign that says ""Meet me at Doe's Eat Place Fayetteville"". The people are standing around the motorcycles."
test_569.jpg,A small child is brushing his teeth with a blue toothbrush.
test_570.jpg,A giraffe is standing in a fenced-in area eating from a tree.
test_571.jpg,Skier in red and white jacket skiing down snowy slope.
test_572.jpg,Surfer riding a wave on a red boogie board.
test_573.jpg,Man rides bicycle on beach with ocean in background.
test_574.jpg,A zebra is grazing in a grassy field.
test_575.jpg,A woman holding a tennis racket is standing on a dirt road.
test_576.jpg,A man holds a bunch of bananas in his hand.
test_577.jpg,A man and a woman are flying a kite on the beach.
test_578.jpg,A young woman with a black beanie on her head is holding her hands up in front of her face.
test_579.jpg,A woman standing on a train platform with a red skirt and black suitcase.
test_580.jpg,Two zebras are standing next to each other.
test_581.jpg,"Black microwave ovens sit on a yellow countertop in front of wooden chairs. Above the countertop are two shelves. On the top shelf is a poster for Project Logic featuring a man and woman. On the bottom shelf is a picture frame, a box of coffee, and a coffee pot."
test_582.jpg,A hillside with a few cows lying in the grass.
test_583.jpg,People are playing wii in a living room.
test_584.jpg,A park bench sits on a paved path in front of a colorful sculpture.
test_585.jpg,A seagull is on the beach as the sun sets.
test_586.jpg,A yellow sign with the word Objazd on it.
test_587.jpg,Kite flying on beach with blue ocean in the background.
test_588.jpg,A baby elephant is standing in a field with its trunk in its mouth. There are other elephants in the background.
test_589.jpg,A tall giraffe is standing in a tall green grassy field. The giraffe is looking to the left of the frame. There is another giraffe standing behind it. The background is filled with tall green trees.
test_590.jpg,Old propeller plane sits on grass.
test_591.jpg,A couple is reading a book together in bed.
test_592.jpg,A triptych of a bathroom. The first image shows a toilet and a sink with a window above it. The second image shows a bathtub and a shower curtain. The third image shows a window and a shower.
test_593.jpg,Asian man talking on cell phone while standing next to motorcycle.
test_594.jpg,A skateboarder is jumping off of a ledge.
test_595.jpg,A person snowboarding down a snowy hill.
test_596.jpg,A red train is on a track going around a curve. There are people standing on the right side of the tracks. There are trees and bushes on the left side of the tracks.
test_597.jpg,A man with glasses is wearing a tie with Santa Claus on it.
test_598.jpg,A clock tower made of red bricks is in the middle of a building.
test_599.jpg,Two giraffes in a zoo enclosure.
test_600.jpg,A bench sits in front of a pile of rocks.
test_601.jpg,A woman and two children are feeding a baby elephant through a fence.
test_602.jpg,A man is cooking in a kitchen. He is wearing a black shirt and an apron. The kitchen has white cabinets and a wood counter. There is a pot on the stove.
test_603.jpg,A freight train is traveling down a track. The train is yellow and black. There are trees and houses in the background.
test_604.jpg,"An old fashioned living room with a fireplace, rocking chair, table, and rug."
test_605.jpg,A road sign with two arrows pointing in opposite directions.
test_606.jpg,A mirror on the wall shows a bunch of wooden puzzles and a banana on the floor.
test_607.jpg,Two women are walking down a sidewalk.
test_608.jpg,A bowl of food sits on a desk. The bowl is filled with nuts and a banana.
test_609.jpg,A young baseball player is standing at the plate waiting for the pitcher to throw the ball. He is wearing a black jersey with the letter H on the front. He is also wearing a black helmet and a black and white baseball glove. The catcher is standing behind him and is wearing a gray and black uniform.
test_610.jpg,A stuffed bear sits on a blue table in front of a window. The bear is wearing a blue hat and a red scarf. The bear is sitting on a blue table. The table is shiny. The bear is sitting in front of a window. The window is made of glass. The window is reflecting the outside view. The outside view is a park. There are trees and grass in the park. There is a bench in the park. The bench is made of wood. The bench is painted white. There is a sign on the wall. The sign is made of wood. The sign is painted white.
test_611.jpg,Man cutting cake with knife while others watch.
test_612.jpg,Woman in bus looking at camel through window while man takes picture.
test_613.jpg,Two giraffes in a cage.
test_614.jpg,A person is holding a red and white Wii remote controller.
test_615.jpg,"In this image there are several food items on a table. There is a bowl of cereal, a knife, an orange, a banana, a spoon, a glass of juice, and an apple."
test_616.jpg,Four people are rollerblading down a street. One of them is wearing a blue shirt and black pants. The other three are wearing black shirts and pants.
test_617.jpg,A model train is on a track in a garden.
test_618.jpg,Two men are playing tennis on a court. One man is wearing a blue shirt and the other man is wearing a gray shirt.
test_619.jpg,Three elephants in an outdoor enclosure. The elephants are all gray and have long trunks. The one on the left is smaller than the other two and is standing with its head turned to the left. The middle elephant is the largest and is standing with its head facing forward. The elephant on the right is standing with its head turned to the right. There is a tree trunk on the left side of the image and a rock on the right side. There is a wire fence in front of the elephants.
test_620.jpg,A clock tower sits on the edge of a river.
test_621.jpg,A man is sitting in front of a window looking out at a marina.
test_622.jpg,A black bear is in a tree.
test_623.jpg,"A bus is driving down the street. There is a car parked in the parking lot. There is a sign on the side of the street that says ""Vacaville Premium Outlets""."
test_624.jpg,Red fire hydrant sits on sidewalk in front of street with cars driving by.
test_625.jpg,A pizza sits on a wooden table.
test_626.jpg,Giraffe in zoo with people watching.
test_627.jpg,A boy is sitting on a bike with a dog sniffing his leg.
test_628.jpg,"A tall, beige, stone tower has two clocks on it."
test_629.jpg,A man is wearing a red shirt and a vest with a tie. He has a beard and is smiling.
test_630.jpg,A group of people are gathered on a hill. Some are flying kites.
test_631.jpg,"A man is flying a blue, yellow, and white kite over a body of water. There are two people sitting on the grassy hill watching him. In the background is a city skyline."
test_632.jpg,"A plate of fruit includes a grapefruit, celery, grapes, orange, and a bell pepper."
test_633.jpg,Giraffe and zebra in zoo.
test_634.jpg,Skier is riding down a metal pipe.
test_635.jpg,A boy is holding a flip phone in his hand and looking at it.
test_636.jpg,Bright yellow daffodils in a clear glass vase with water.
test_637.jpg,A book is open on a bed.
test_638.jpg,Baseball pitcher in mid-windup on the mound with a player in the outfield watching.
test_639.jpg,"A man is standing outside of a chain link fence with a hose in his hand. He is wearing a black jacket and black pants. There are two horses standing in the pen behind him. The horses are both dark brown. There is a bucket on the ground in front of the man. There is a sign on the fence behind the horses. The sign says ""Warning""."
test_640.jpg,"A white truck that has flipped over on its side is on the side of the road. The truck is labeled ""SWIFT"". There are several people standing around the truck. There is a sign on the side of the road. There are trees in the background. There is a snow plow truck in the background."
test_641.jpg,A man and a woman are riding a motorcycle down the street. The man is wearing a helmet and the woman is not. The man is looking at the woman.
test_642.jpg,Empty box with a donut and a fork on the side.
test_643.jpg,A polar bear is swimming in the water with its head above the surface.
test_644.jpg,An Air India airplane is parked on a runway.
test_645.jpg,A small dog is walking next to a bicycle while a larger dog is sniffing the ground.
test_646.jpg,A woman wearing a face mask and gloves is washing a bottle in the sink.
test_647.jpg,"A fake carrot made of orange fabric with green leaves sits on a table with a red ribbon that says ""MASS SHEEP AND WOOLCRAFT FAIR SECOND PLACE"" on it."
test_648.jpg,"A busy street scene in a city. There are several buses and cars on the road, and people are crossing the street. In the background, there are some buildings and trees. The buildings are mostly made of wood and have a traditional Nepalese style. The trees are green and lush. The sky is blue and clear. The people are wearing casual clothes and seem to be in a hurry. The buses are blue and white, and the cars are black and silver. The road is made of asphalt and is in good condition. The image is taken from a slightly elevated angle, and the lighting is bright and sunny."
test_649.jpg,Broccoli and celery on a cutting board.
test_650.jpg,A brown and white cow is standing in a barn doorway.
test_651.jpg,A group of sheep are running through a field.
test_652.jpg,Boat with the name PZA on it sits in the water.
test_653.jpg,A man sitting on a suitcase at an airport with a train track in front of him.
test_654.jpg,Woman sitting at table with wine glasses and stuffed animal on table.
test_655.jpg,An empty swimming pool has a ladder at the end.
test_656.jpg,A purple kite is flying in a park.
test_657.jpg,A black and white photo of a parade with police officers standing in front of a fence.
test_658.jpg,A bottle of water is sitting on a bench in front of a chain link fence.
test_659.jpg,"A train station with a train on the left side of the image. The train is white and purple with the words ""East Coast"" on the side. There are people standing on the platform waiting for the train. There is a bench on the right side of the image."
test_660.jpg,A Ferris wheel is in front of a tall clock tower.
test_661.jpg,A traffic light is on the side of a street and the light is red.
test_662.jpg,A ski slope with a chair lift at the top.
test_663.jpg,A small dog sits on a wooden rocking chair.
test_664.jpg,A boat with a man in it is selling produce.
test_665.jpg,A man is jumping in the air while snowboarding.
test_666.jpg,Elephant in zoo surrounded by birds.
test_667.jpg,A bunch of ripe yellow bananas hang from a tree.
test_668.jpg,A vase of pink flowers sits on a table next to a bottle of soda.
test_669.jpg,The kitchen has a large island with a granite countertop and stainless steel sink. The cabinets are dark wood and the walls are yellow. There is a window with a tree outside.
test_670.jpg,A man is riding a skateboard in a park.
test_671.jpg,A baby is lying on the floor with his hands out in front of him and a purple phone is on the floor in front of him.
test_672.jpg,Four young men are playing soccer on a field. The man in the foreground is kicking the ball. The man in the background is running. The man in the middle is kicking the ball. The man in the background is running.
test_673.jpg,A tall steeple with three clocks on it.
test_674.jpg,Two men are sitting on a bench with luggage.
test_675.jpg,A dog and a goat are grazing in a lush green field surrounded by trees and sheep.
test_676.jpg,A man in a white and red racing suit is riding a black and white motorcycle around a corner. The motorcycle has the number 67 on the front and the rider is wearing a helmet. The background is a green field with a fence.
test_677.jpg,A man is walking a donkey down a street while another man is looking at his phone.
test_678.jpg,A bathroom with a box of fish and chips sitting next to the toilet.
test_679.jpg,"A large, dark brown grizzly bear is standing on a large rock in a forest setting. The bear is looking to the right of the frame, which is mostly out of the frame. The bear is standing on its hind legs, with its front paws on the rock. The bear's fur is dark brown, and its claws are visible. The background of the image is a forest, with green trees and a blue sky. The image is taken from a low angle, making the bear look imposing."
test_680.jpg,A gray and white cat eating from a bowl.
test_681.jpg,A brown horse is running on a grassy hill.
test_682.jpg,Two hot dogs sit on a tray with a cup of fries and a container of curly fries.
test_683.jpg,A breakfast tray with a pizza on it sits on a balcony overlooking the ocean.
test_684.jpg,A train crosses a bridge over a river.
test_685.jpg,Man holding up a skateboard with the word race on it.
test_686.jpg,"A yellow fire hydrant sits in front of a storefront with a sign that says ""Steve's Music Store"" above it."
test_687.jpg,Baseball game with a player at home plate and a catcher and umpire behind him.
test_688.jpg,A surfer rides a wave.
test_689.jpg,Man on a skateboard in the middle of a busy city street with the Empire State Building in the background.
test_690.jpg,A red Ford pickup truck is parked in a parking lot with a Starbucks in the background.
test_691.jpg,A flock of seagulls is flying over a body of water.
test_692.jpg,Giraffe standing in front of a painted rock wall.
test_693.jpg,Two women are on a wooden dock. One is holding a blue umbrella. The other is kneeling and looking at the water.
test_694.jpg,A black and white photo of a sink with dishes in it.
test_695.jpg,"A green and camouflage Jeep is parked on the side of the road. The Jeep has a sign on the roof that says ""AT&T"" and ""80""."
test_696.jpg,A group of people are sitting in a circle in a living room.
test_697.jpg,Two women holding umbrellas in the rain.
test_698.jpg,"Two men are playing a video game with white controllers in their hands. The man on the right is wearing a gray shirt with the word ""TRAVELER"" on it. The man on the left is wearing a white and blue striped shirt. There are other people in the background watching them play."
test_699.jpg,A woman in a white shirt and black pants is walking next to a horse in an indoor arena. The horse is wearing a harness and is being driven by a man in a black suit and hat. The horse is walking slowly and the woman is holding the reins. There are people standing around the arena watching.
test_700.jpg,A clock tower with palm trees in front of it.
test_701.jpg,A man is fishing in the rain.
test_702.jpg,A Nokia phone is on top of a pamphlet that has a picture of a girl on it.
test_703.jpg,Airplane wing is visible in the upper left corner of the image. The wing is white with a blue tail fin. The wing is attached to a large white airplane. The airplane is parked in a parking lot. The parking lot is full of cars. The cars are parked in rows. The rows of cars are separated by white lines. The parking lot is surrounded by trees. The trees are green. The sky is blue. The sun is shining. The image is a photograph.
test_704.jpg,Long train of cars is on tracks.
test_705.jpg,A pair of scissors and a roll of 3M tape.
test_706.jpg,An elephant is drinking water from a river.
test_707.jpg,A gray bird with a white belly and a long tail is standing on a patch of grass.
test_708.jpg,Black and white photo of a person walking in the rain with an umbrella.
test_709.jpg,"A man playing tennis on a court. He is wearing a purple shirt, white shorts, and a knee brace. He is holding a tennis racket in his right hand and is hitting a tennis ball with it."
test_710.jpg,Baseball player number 31 is on the ground after sliding into home plate. He is wearing a red and gray uniform. The catcher is standing behind him. The umpire is standing to the right of the catcher.
test_711.jpg,A young man is holding a burger in his right hand and looking to the right with his tongue out.
test_712.jpg,Three sailboats are docked at a pier.
test_713.jpg,"A man and a boy are lying in bed reading books. The man is reading a book called ""Man vs. Banks"". The boy is reading a book called ""Killy Squid""."
test_714.jpg,"Three people are herding goats and sheep in a dry, rocky field. The people are wearing white shirts and green shorts. The goats and sheep are brown and white. The people are holding leashes. The people are walking in a line. The people are smiling. The people are happy. The people are walking in a field. The field is dry and rocky. The field is in the middle of a forest. The forest is green. The forest is in the background."
test_715.jpg,"A man is riding a red and black motorcycle in a parking lot. He is wearing a black shirt, gray shorts, and black sneakers. He is also wearing a helmet. The motorcycle is parked in a parking space. There is a man standing next to the motorcycle wearing a yellow safety vest and a white hard hat. He is holding a broom. There is a car parked behind the motorcycle."
test_716.jpg,The white ambulance is parked in front of a building.
test_717.jpg,A woman is opening the oven door with oven mitts.
test_718.jpg,A sandwich with a slice of banana on it.
test_719.jpg,A giraffe standing in a forest.
test_720.jpg,Man flies kite with face on it in cloudy sky.
test_721.jpg,A woman with blue hair is taking a selfie in the bathroom.
test_722.jpg,A man is flying a kite in a park.
test_723.jpg,A blue and white bus with a cat on the side.
test_724.jpg,A black cat is lying on the ground next to a small brown bird.
test_725.jpg,An elderly man in a purple suit and tie stands on a porch.
test_726.jpg,"A bathroom with a sink, shower, and mirror."
test_727.jpg,Pizza on a plate with a pizza cutter.
test_728.jpg,A large crowd of people are skiing down a hill.
test_729.jpg,Three bears are swimming in a river.
test_730.jpg,Skier in black jacket skiing through snow.
test_731.jpg,A street scene with a bus and cars driving on it.
test_732.jpg,A cat is sitting on a disc drive next to a Sony television playing a video game.
test_733.jpg,"A group of people are on a grassy hill. Some are standing, some are sitting. A few are holding kites."
test_734.jpg,A man is paragliding over the ocean.
test_735.jpg,Three dirt bike riders are racing on a beach.
test_736.jpg,A bunch of celery sticks are on a buffet table.
test_737.jpg,A woman and a boy are sitting in a bed with two cats on it.
test_738.jpg,A green building with a sign on it.
test_739.jpg,A round cake is on a white plate. The cake is covered in brown powder.
test_740.jpg,"A desk with a laptop, a monitor, a keyboard, a mouse, a lamp, a potted plant, a magazine, and a book."
test_741.jpg,A man in a gray suit and blue shirt is sitting in a chair with his hands resting on the back of the chair. He is wearing glasses and has a ring on his finger.
test_742.jpg,A man surfing in the ocean.
test_743.jpg,Giraffe and lion in the desert.
test_744.jpg,"A plate of food that includes a hot dog, fries, and a salad."
test_745.jpg,A baseball player is swinging his bat. He is wearing a blue uniform with the number 5 on the back. He is standing on the base.
test_746.jpg,Giraffe standing in a zoo enclosure looking at a mural of people and animals.
test_747.jpg,Two storefronts with green awnings and a sign that says bertucci's.
test_748.jpg,A man is walking through a bike shop.
test_749.jpg,A group of people are sitting at a long table in a restaurant.
test_750.jpg,Beach scene with many people on it.
test_751.jpg,A man is pulling a horse in a wagon in front of a gas station. The man is wearing a hat and the horse is wearing a harness. The gas station has a blue sign with a white cross on it. There is a black car parked next to the gas station. There are trees and houses in the background.
test_752.jpg,A slice of carrot cake sits on a square white plate with a fork next to it.
test_753.jpg,A Delta Air Lines 757-200 jetliner just taking off from the runway.
test_754.jpg,Two giraffes are walking in a grassy field.
test_755.jpg,A tennis player is about to hit a ball on a Gerflor court.
test_756.jpg,A small white poodle dog is lying in a tan dog bed. The dog is looking at the camera with a sad expression.
test_757.jpg,A white and red train is on a track.
test_758.jpg,A black and white cat is sitting on a bed with a book in front of it.
test_759.jpg,"A plate of food that includes arugula, a lemon wedge, and a slice of lemon. The food is on a white plate and there is a fork on the plate. There is a cup of coffee next to the plate. There is a pizza in the background."
test_760.jpg,A street sign that says Chrysolite Ave.
test_761.jpg,Man paragliding over the ocean.
test_762.jpg,A few seagulls are perched on a dock near a marina.
test_763.jpg,Sailboat with white sails is sailing in calm sea with lighthouse in the distance.
test_764.jpg,A train is traveling through a rural area.
test_765.jpg,Two young boys are playing with tennis rackets in a park.
test_766.jpg,Two elderly women are sitting on a bench overlooking a body of water.
test_767.jpg,A person holding a green umbrella in front of a blue wall with graffiti on it.
test_768.jpg,"Tennis player with white shirt and blue shorts is running on the court. He is holding a tennis racket in his right hand. In the background, there is a house with an orange roof and a car parked in front of it."
test_769.jpg,A dog is standing on a tile floor in front of a glass bowl.
test_770.jpg,A large white building with many windows is in the background. There are a few trees in front of the building. There is a large white fence in the foreground. There are many sheep standing in the fenced area. There are many people standing around the fenced area.
test_771.jpg,A skier is jumping off a snowy hill.
test_772.jpg,"White bathroom with a window, toilet, sink, and bathtub."
test_773.jpg,A large brown bear statue stands in front of a brick house covered in snow. The bear is holding a camera in its paws. The house has a white roof and black shutters.
test_774.jpg,A baseball batter stands at the plate with his bat in his hands. He is wearing a white jersey with the word florida on it.
test_775.jpg,A polar bear is lying in the grass.
test_776.jpg,"A white, two-door refrigerator with black square handles."
test_777.jpg,A large clock hangs from the ceiling of a large indoor market.
test_778.jpg,A kitchen with a large island in the center. The island has a black countertop and white cabinets with silver handles. There is a sink on the right side of the island and a stove on the left side. There is a window above the sink and a door on the left side of the image. The window has a valance with a pattern of small circles.
test_779.jpg,A busy street in Japan with cars and people.
test_780.jpg,"A bench sits on a sidewalk next to a body of water. In the background, there are several boats docked and a clothesline with colorful flags hangs over the water."
test_781.jpg,A flood can happen anywhere.
test_782.jpg,A United Airlines plane is parked next to a Delta plane.
test_783.jpg,A large white airplane is parked at an airport.
test_784.jpg,Man surfing on a surfboard in a river.
test_785.jpg,"The interior of a kitchen with a large window, a table with pots on it, and a chair."
test_786.jpg,Two giraffes stand in a tall grass field.
test_787.jpg,Two giraffes are drinking water in the middle of a river.
test_788.jpg,A group of sheep and chickens in a courtyard.
test_789.jpg,A group of elephants are standing in a grassy field. The largest elephant is standing in the middle with two smaller elephants standing on either side of it. There is a bird standing on the back of the largest elephant. There is a bird standing on the back of the elephant on the left. There is a bird standing on the back of the elephant on the right.
test_790.jpg,Gray bird on a rock.
test_791.jpg,Clock on a hill with a church in the background.
test_792.jpg,Man is about to serve tennis ball in front of crowd.
test_793.jpg,Three men are sitting on a bench using laptops.
test_794.jpg,A blue and white cement mixer truck is parked in a parking lot.
test_795.jpg,"A bathroom with a toilet, a bucket, and a window."
test_796.jpg,Man surfing on a surfboard in front of a blue wave backdrop.
test_797.jpg,"A glass of beer, a pack of cigarettes, a car key, a cell phone, and a purse are on a table."
test_798.jpg,A woman is holding a banana in front of her face.
test_799.jpg,"A black steam locomotive is pulling a train of cars through a city. The train is in the foreground and is moving from left to right. The locomotive is black and has a red stripe along the side. The train is pulling a number of cars, including a passenger car and a baggage car. The train is moving through a city, and there are people standing on the platform. The people are watching the train pass by. The train is moving through a city, and there are buildings in the background. The buildings are made of brick and are of different heights. The sky is cloudy."
test_800.jpg,Small bathroom with pink walls and white fixtures.
test_801.jpg,A group of cyclists are racing down the street.
test_802.jpg,"A plate of food with rice, broccoli, and carrots."
test_803.jpg,A large white and black yacht is being towed by a small red speed boat. In the background is a large white cruise ship and a large brown building with a green roof.
test_804.jpg,A vase of yellow tulips sits on a red and blue striped tablecloth.
test_805.jpg,A man is sitting at a restaurant table and waving at someone.
test_806.jpg,A woman holds a large pizza with red peppers and mushrooms on top.
test_807.jpg,A bathroom sink and toilet are in a state of disrepair. The sink is mounted on a blue panel and has two faucets. The toilet is old and dirty. The walls are white and the floor is covered in debris.
test_808.jpg,Skateboarder in mid air above a ramp.
test_809.jpg,"The front of a building with a clock tower and the words ""Central Park"" on it."
test_810.jpg,A man is working on a motorcycle while another man looks on.
test_811.jpg,"A giraffe stands in the middle of an asphalt road. The giraffe is tall and slender, with a long neck and a spotted coat. It is standing with its front legs slightly bent and its back legs straight. The giraffe is looking to the left, as if it is watching something. Behind the giraffe, there is an elephant walking on the right side of the road. The elephant is large and gray, with a long trunk and large ears. It is walking slowly and deliberately. In the background, there are several other animals, including a few elephants and a few other large animals. The animals are all grazing on the grass and bushes. The road is wide and straight, and it is surrounded by trees and bushes. The sky is clear and blue, and the sun is shining brightly."
test_812.jpg,A woman riding a bike in front of a blue tank truck.
test_813.jpg,A skier with the number 16 on their body is in a race.
test_814.jpg,A broken phone is on the ground.
test_815.jpg,A person is using a knife to stab a laptop.
test_816.jpg,A storefront window is full of stuffed animals and the sign on the window says The Bear Shop.
test_817.jpg,Man wearing a straw hat is playing guitar in front of a brick fireplace.
test_818.jpg,"A bedroom with a bed, chairs, and a mirror."
test_819.jpg,A man kisses another man on the lips. The man on the right is wearing a veil and a pearl necklace.
test_820.jpg,"A hotel room with a bed, desk, and lamp."
test_821.jpg,Giraffe eating grass in a zoo.
test_822.jpg,"A row of urinals and toilets in a public restroom. The urinals are all the same, with a long, vertical design. The toilets are all the same, with a white porcelain bowl and a white seat. The restroom is tiled with a black and white tile pattern. There is a window in the background of the image, which is covered with a curtain."
test_823.jpg,Two black cats are lying on a desk. The cat on the left is smaller and has white paws. The cat on the right is larger and has yellow eyes. There is a red notebook on the desk.
test_824.jpg,An elephant standing next to a tree with its trunk wrapped around the tree.
test_825.jpg,Two men are sitting at a table outside.
test_826.jpg,A street with a no parking sign and a no left turn sign.
test_827.jpg,A tennis player wearing a yellow shirt and a yellow headband is standing on a tennis court. He is holding a tennis racket in his right hand. He is looking down at the ground. The background is a tennis court with many people sitting in the stands.
test_828.jpg,Kitchen with white refrigerator and black chairs.
test_829.jpg,A do not enter sign with a white background and a red circle.
test_830.jpg,A group of people are sitting in a living room playing a video game on a television.
test_831.jpg,Two men are playing wii in a living room.
test_832.jpg,Zebra standing in tall green grass.
test_833.jpg,Large room with wood floors and a dining table in the center. There are two black chairs and a green chair. There is a lamp on the table. There is a desk with a computer on it. There is a mirror and a book case.
test_834.jpg,A bird is perched on the keyboard of a computer.
test_835.jpg,A man is sitting in a chair with a laptop on his lap. He is using a stand to prop up the laptop.
test_836.jpg,The interior of a bus is shown with a yellow sign on the seat of a passenger.
test_837.jpg,A pizza on a metal pan.
test_838.jpg,Man surfing on surfboard in ocean.
test_839.jpg,A cow is standing in a pen with a blue collar. The cow is white and brown. There are people standing behind the fence.
test_840.jpg,Four skateboarders are on a ramp while a man in a blue shirt and jeans looks on.
test_841.jpg,Elephants in water.
test_842.jpg,A man is reading a book while sitting in a beach chair.
test_843.jpg,Skier with number 41 on back leaves snowy scene with other skiers.
test_844.jpg,A woman is sitting on a bench with her luggage.
test_845.jpg,A street sign for the cable car lines is in the foreground on the left. In the background is a large yellow building with many windows and a grey building with many windows. There is a silver car parked on the street and a person walking on the sidewalk.
test_846.jpg,A cell with a toilet and a sink behind bars.
test_847.jpg,A man is blowing out the frosting on a cake.
test_848.jpg,"Three people are riding horses down a dirt road. The horses are walking next to each other. The people are wearing blue jackets. There is a dog walking in front of the horses. There are trees on both sides of the road. The trees are green, yellow, and orange. The ground is covered with dirt and grass. The people are riding in a forest."
test_849.jpg,Bathroom with blue curtain and white toilet.
test_850.jpg,"A close up of a fruit salad with raspberries, blueberries and orange slices."
test_851.jpg,Three white umbrellas over a blue swimming pool with a person lying on a lounge chair under one of the umbrellas.
test_852.jpg,A woman is talking on the phone in front of a store.
test_853.jpg,A large building with two large buildings behind it.
test_854.jpg,A tall clock tower with two clocks on it.
test_855.jpg,A train is on a track in a complex area.
test_856.jpg,"A woman is sitting on a stone bench in a park talking on the phone. She is wearing a red sweater, black pants, and red boots. She has a black purse sitting on the bench next to her. There is a bottle of water sitting on the bench in front of her. In the background, there are two people sitting on the grass."
test_857.jpg,A man wearing a purple patterned jacket and a straw hat is taking a picture.
test_858.jpg,"A young girl in an orange shirt with the word ""Bears"" on it is standing on a skateboard in front of a woman who is smiling and has her hand on the girl's shoulder. The girl is wearing a pair of socks and sneakers. The woman is wearing glasses and a light-colored shirt with blue and white stripes. In the background, there is a coffee table with a lamp on it, a rocking chair, and a couch."
test_859.jpg,A beach with a kite surfer and a person walking on the beach.
test_860.jpg,A surfer is jumping over a wave.
test_861.jpg,A woman is parasailing in the ocean.
test_862.jpg,"A blonde toddler is sitting on a blue couch, wearing a light blue shirt and gray overalls. He is holding a silver flip phone in his mouth and has a red stain on his left leg."
test_863.jpg,Man in red jumpsuit sleeping on sidewalk next to red fire hydrant.
test_864.jpg,A traffic light is on the left side of the image.
test_865.jpg,"The rolling green hills of the countryside are dotted with lush green fields and a few trees. The rolling hills are covered in a variety of trees and shrubs, and the fields are filled with lush green grass. There are a few sheep grazing in the fields, and there are some stone walls running through the fields. The sky is blue and there are a few clouds in the sky."
test_866.jpg,A man is doing a stunt on a motorcycle. He is wearing a helmet and a white jacket. The motorcycle is black and white. There are people watching him. There are also some BMW logos on the side of the building.
test_867.jpg,A bench with two circles in the brick wall behind it.
test_868.jpg,"A long freight train is traveling down a curved track. The train is carrying a load of coal. The train is surrounded by trees and bushes. In the distance, there is a blue sky."
test_869.jpg,Room with brown couch and television.
test_870.jpg,A man and a little girl are surfing together.
test_871.jpg,A flower vendor watches as a train with SRT on the side passes by.
test_872.jpg,This bathroom has a toilet and a sink. The shower has a curtain.
test_873.jpg,Three little girls are walking down a road in the rain.
test_874.jpg,A traffic officer is directing traffic at night. He is wearing a yellow reflective vest. The car behind him is turning right.
test_875.jpg,A yellow bus with the word special on the front.
test_876.jpg,Two boys are playing with a green frisbee in a wooded area at night.
test_877.jpg,A cat walks in front of a dark brown door. A bicycle is parked next to the door.
test_878.jpg,"A wooden cutting board with a serving of breaded meat on it. The meat is cut into strips and is topped with a red sauce and a yellow mustard sauce. There is a small white bowl of mustard sauce next to the meat. There is a fork in the foreground. In the background, there is a cell phone and a grater."
test_879.jpg,A group of people are standing in front of a fire. Some of them are holding umbrellas.
test_880.jpg,A woman paddle boarding in a lake.
test_881.jpg,A woman playing tennis on a court with a Penn State Nittany Lions banner in the background.
test_882.jpg,A person carrying two baskets of greens on his back.
test_883.jpg,A stuffed teddy bear sits on a bed in a child's bedroom. The teddy bear is brown and has a red bow around its neck. The bed has a green bedspread and a yellow pillow with white polka dots. The wall behind the bed is painted blue and has a tree painted on it. The tree has a brown trunk and green leaves. There is a green lamp on the wall above the bed.
test_884.jpg,"A little girl is standing in front of a large suitcase that says Shanghai China, Dhaka Bangladesh, and Ind India."
test_885.jpg,A bedroom with a large bed that has two pillows and two comforters on it.
test_886.jpg,A still life of a potted orchid sits on a table with a bowl and teacups next to it. The table is covered with a white tablecloth with a lace overlay. There are flowers on the table as well.
test_887.jpg,A bus station with a pedestrian bridge over the parking lot.
test_888.jpg,"A baseball player is swinging his bat at a pitch. The batter is wearing a blue helmet and a white jersey with the number 2 on it. The catcher is crouched behind the batter, wearing a red and black uniform. The umpire is standing behind the catcher, wearing a black and white uniform. The pitcher is standing on the mound, wearing a white shirt and black pants. The other players are standing in the outfield, wearing white uniforms. The background is a dark sky with a few trees."
test_889.jpg,Train tracks with a building in the distance.
test_890.jpg,A skateboarder is jumping over a curb in a skate park.
test_891.jpg,A group of people are holding bananas.
test_892.jpg,"Old kitchen with stove, dishes, and boxes."
test_893.jpg,Several KLM airplanes are parked on the tarmac at an airport.
test_894.jpg,A large arched doorway with a gray door and a bench in front of it.
test_895.jpg,A tabby cat sleeping in a white sink.
test_896.jpg,A man taking a selfie in front of a glass window. The man is wearing a suit and tie. The room in the background is decorated with red carpet and green furniture.
test_897.jpg,Three women are sitting on a train. One is lying on a suitcase.
test_898.jpg,A cake with five lit candles sits on a blue plate.
test_899.jpg,A red fire hydrant sits on a sidewalk in front of a white horse-drawn carriage.
test_900.jpg,A clock tower is lit up at night.
test_901.jpg,A busy street scene at night with a double-decker bus that has the word love on the side.
test_902.jpg,Eight men are posing for a picture on a ski slope.
test_903.jpg,A bicycle with a basket on the front sits on a cobblestone street.
test_904.jpg,Several purple umbrellas are set up against a backdrop of purple and pink metal and wood.
test_905.jpg,Man holding a frisbee on beach with many people in background.
test_906.jpg,A young boy is skateboarding down a ramp at a skate park.
test_907.jpg,"A group of animals are gathered around a pile of hay. The animals include a horse, a cow, and a few other types of animals. The animals are all eating hay. The background of the image is a field with a fence. The image is taken from a ground-level perspective."
test_908.jpg,"Two cows lie down in a lush green field. In the background, there is a mountain range."
test_909.jpg,A zebra standing next to a pond.
test_910.jpg,A baseball player is swinging his bat.
test_911.jpg,A large brick building with a tall clock tower has a flag flying above it.
test_912.jpg,A bus is entering a large red archway that says LACELOOD TOWNE CENTER.
test_913.jpg,A microscope kit is on a table.
test_914.jpg,A man and a woman are sitting on a couch in a living room. The man is wearing a green shirt with a mushroom on it. The woman is wearing a pink shirt. They are both holding a controller. There is a picture on the wall behind them.
test_915.jpg,A young man is sitting at a table eating a waffle. He is wearing a tie and reading a newspaper.
test_916.jpg,"A black cat is sitting on a wooden desk next to a laptop. The cat is looking at the camera. The laptop is open to a blue screen with a white letter ""x"" in the upper left corner."
test_917.jpg,Zebra grazing in a grassy field.
test_918.jpg,Man flying blue kite in park.
test_919.jpg,Cows grazing on a small island in a river.
test_920.jpg,A double decker bus with the word Henly's on the back.
test_921.jpg,A mostly empty white plate with a black fork and chopsticks on top of it.
test_922.jpg,Three young baseball players stand on a field wearing blue uniforms with the letter C on the front. The boy in the middle is smiling.
test_923.jpg,A woman is leaning in to kiss a bear in a cage.
test_924.jpg,"A man is herding a herd of black cows through a narrow river. The cows are walking in a line, one behind the other, and the man is walking in front of them. The river is narrow and is surrounded by dense vegetation. The vegetation consists of a variety of trees and shrubs. The trees are tall and have a lot of leaves. The shrubs are shorter and have fewer leaves. The water in the river is murky and brown. The man is wearing a hat and is carrying a stick. The cows are black and have long horns. The man is walking in the middle of the river. The cows are walking close to each other. The man is walking close to the cows. The man is looking at the cows. The cows are looking at the man. The man is smiling. The cows are not smiling. The image is a photograph."
test_925.jpg,A small airplane with the word America on the side is flying in the air.
test_926.jpg,A city skyline with a train station in the foreground.
test_927.jpg,A large flock of sheep is being herded by a dog and a man through a dirt road and a field.
test_928.jpg,A man is holding a multicolored hot air balloon on a beach.
